{
    "search_metadata": {
        "refresh_url": "?since_id=803771721828352000&q=from%3Abaltimoresun%20filter%3Alinks%20since%3A2016-11-27%20until%3A2016-11-28%20Cuba%20OR%20Cubans%20OR%20Castro%20or%20Fidel%20-%40baltimoresun&include_entities=1",
        "since_id": 0,
        "completed_in": 0.02,
        "max_id_str": "803771721828352000",
        "max_id": 803771721828352000,
        "since_id_str": "0",
        "count": 100,
        "query": "from%3Abaltimoresun+filter%3Alinks+since%3A2016-11-27+until%3A2016-11-28+Cuba+OR+Cubans+OR+Castro+or+Fidel+-%40baltimoresun"
    },
    "statuses": []
}