{
    "search_metadata": {
        "count": 100,
        "query": "from%3Abfp_news+filter%3Alinks+since%3A2016-11-27+until%3A2016-11-28+Cuba+OR+Cubans+OR+Castro+or+Fidel+-%40bfp_news",
        "max_id": 803770017263165440,
        "max_id_str": "803770017263165440",
        "since_id_str": "0",
        "completed_in": 0.069,
        "refresh_url": "?since_id=803770017263165440&q=from%3Abfp_news%20filter%3Alinks%20since%3A2016-11-27%20until%3A2016-11-28%20Cuba%20OR%20Cubans%20OR%20Castro%20or%20Fidel%20-%40bfp_news&include_entities=1",
        "since_id": 0
    },
    "statuses": []
}