{
    "statuses": [
        {
            "retweet_count": 3,
            "coordinates": null,
            "is_quote_status": false,
            "in_reply_to_user_id_str": null,
            "in_reply_to_screen_name": null,
            "user": {
                "profile_banner_url": "https://pbs.twimg.com/profile_banners/95431448/1466441870",
                "profile_background_image_url_https": "https://pbs.twimg.com/profile_background_images/378800000003877254/c79663e95d0e284ce165db703dffd474.jpeg",
                "follow_request_sent": false,
                "time_zone": "Eastern Time (US & Canada)",
                "profile_sidebar_fill_color": "FFFFFF",
                "followers_count": 562213,
                "profile_use_background_image": true,
                "statuses_count": 206497,
                "protected": false,
                "url": "http://t.co/g2XphqdJIo",
                "friends_count": 1240,
                "profile_sidebar_border_color": "FFFFFF",
                "is_translation_enabled": false,
                "name": "The Boston Globe",
                "default_profile_image": false,
                "profile_text_color": "000000",
                "geo_enabled": true,
                "verified": true,
                "profile_background_image_url": "http://pbs.twimg.com/profile_background_images/378800000003877254/c79663e95d0e284ce165db703dffd474.jpeg",
                "contributors_enabled": false,
                "entities": {
                    "description": {
                        "urls": [
                            {
                                "display_url": "twitter.com/BostonGlobe/li\u2026",
                                "expanded_url": "https://twitter.com/BostonGlobe/lists/globe-journalists",
                                "url": "https://t.co/KPOiZTQG87",
                                "indices": [
                                    133,
                                    156
                                ]
                            }
                        ]
                    },
                    "url": {
                        "urls": [
                            {
                                "display_url": "bostonglobe.com",
                                "expanded_url": "http://bostonglobe.com",
                                "url": "http://t.co/g2XphqdJIo",
                                "indices": [
                                    0,
                                    22
                                ]
                            }
                        ]
                    }
                },
                "has_extended_profile": false,
                "default_profile": false,
                "profile_image_url_https": "https://pbs.twimg.com/profile_images/586570157734019072/Qxz1LIIM_normal.png",
                "profile_link_color": "050505",
                "id": 95431448,
                "description": "Boston and New England's leading source for breaking news and analysis, with coverage from across the world. Follow our journalists: https://t.co/KPOiZTQG87",
                "is_translator": false,
                "profile_image_url": "http://pbs.twimg.com/profile_images/586570157734019072/Qxz1LIIM_normal.png",
                "listed_count": 9210,
                "profile_background_tile": false,
                "notifications": false,
                "lang": "en",
                "screen_name": "BostonGlobe",
                "favourites_count": 228,
                "location": "Boston, MA",
                "translator_type": "regular",
                "profile_background_color": "EDECE9",
                "id_str": "95431448",
                "following": false,
                "created_at": "Tue Dec 08 14:33:38 +0000 2009",
                "utc_offset": -18000
            },
            "in_reply_to_status_id": null,
            "lang": "en",
            "favorite_count": 7,
            "possibly_sensitive": false,
            "entities": {
                "urls": [
                    {
                        "display_url": "bos.gl/OCWjc3s",
                        "expanded_url": "http://bos.gl/OCWjc3s",
                        "url": "https://t.co/IN24oUUOUL",
                        "indices": [
                            114,
                            137
                        ]
                    }
                ],
                "symbols": [],
                "user_mentions": [],
                "hashtags": []
            },
            "metadata": {
                "iso_language_code": "en",
                "result_type": "recent"
            },
            "id": 802258980475125760,
            "in_reply_to_status_id_str": null,
            "text": "Police arrested 3 men and a teenage boy Wednesday night in Roxbury after allegedly finding guns, marijuana in car https://t.co/IN24oUUOUL",
            "place": null,
            "favorited": false,
            "contributors": null,
            "truncated": false,
            "retweeted": false,
            "geo": null,
            "source": "<a href=\"http://www.socialflow.com\" rel=\"nofollow\">SocialFlow</a>",
            "in_reply_to_user_id": null,
            "id_str": "802258980475125760",
            "created_at": "Fri Nov 25 21:13:40 +0000 2016"
        },
        {
            "retweet_count": 8,
            "coordinates": null,
            "is_quote_status": false,
            "in_reply_to_user_id_str": null,
            "in_reply_to_screen_name": null,
            "user": {
                "profile_banner_url": "https://pbs.twimg.com/profile_banners/95431448/1466441870",
                "profile_background_image_url_https": "https://pbs.twimg.com/profile_background_images/378800000003877254/c79663e95d0e284ce165db703dffd474.jpeg",
                "follow_request_sent": false,
                "time_zone": "Eastern Time (US & Canada)",
                "profile_sidebar_fill_color": "FFFFFF",
                "followers_count": 562213,
                "profile_use_background_image": true,
                "statuses_count": 206497,
                "protected": false,
                "url": "http://t.co/g2XphqdJIo",
                "friends_count": 1240,
                "profile_sidebar_border_color": "FFFFFF",
                "is_translation_enabled": false,
                "name": "The Boston Globe",
                "default_profile_image": false,
                "profile_text_color": "000000",
                "geo_enabled": true,
                "verified": true,
                "profile_background_image_url": "http://pbs.twimg.com/profile_background_images/378800000003877254/c79663e95d0e284ce165db703dffd474.jpeg",
                "contributors_enabled": false,
                "entities": {
                    "description": {
                        "urls": [
                            {
                                "display_url": "twitter.com/BostonGlobe/li\u2026",
                                "expanded_url": "https://twitter.com/BostonGlobe/lists/globe-journalists",
                                "url": "https://t.co/KPOiZTQG87",
                                "indices": [
                                    133,
                                    156
                                ]
                            }
                        ]
                    },
                    "url": {
                        "urls": [
                            {
                                "display_url": "bostonglobe.com",
                                "expanded_url": "http://bostonglobe.com",
                                "url": "http://t.co/g2XphqdJIo",
                                "indices": [
                                    0,
                                    22
                                ]
                            }
                        ]
                    }
                },
                "has_extended_profile": false,
                "default_profile": false,
                "profile_image_url_https": "https://pbs.twimg.com/profile_images/586570157734019072/Qxz1LIIM_normal.png",
                "profile_link_color": "050505",
                "id": 95431448,
                "description": "Boston and New England's leading source for breaking news and analysis, with coverage from across the world. Follow our journalists: https://t.co/KPOiZTQG87",
                "is_translator": false,
                "profile_image_url": "http://pbs.twimg.com/profile_images/586570157734019072/Qxz1LIIM_normal.png",
                "listed_count": 9210,
                "profile_background_tile": false,
                "notifications": false,
                "lang": "en",
                "screen_name": "BostonGlobe",
                "favourites_count": 228,
                "location": "Boston, MA",
                "translator_type": "regular",
                "profile_background_color": "EDECE9",
                "id_str": "95431448",
                "following": false,
                "created_at": "Tue Dec 08 14:33:38 +0000 2009",
                "utc_offset": -18000
            },
            "in_reply_to_status_id": null,
            "lang": "en",
            "favorite_count": 8,
            "possibly_sensitive": false,
            "entities": {
                "urls": [
                    {
                        "display_url": "bos.gl/BXS8NSi",
                        "expanded_url": "http://bos.gl/BXS8NSi",
                        "url": "https://t.co/PXs5jvGqsm",
                        "indices": [
                            83,
                            106
                        ]
                    }
                ],
                "symbols": [],
                "media": [
                    {
                        "display_url": "pic.twitter.com/6Q02XhretC",
                        "expanded_url": "https://twitter.com/BostonGlobe/status/802229145057001472/photo/1",
                        "indices": [
                            107,
                            130
                        ],
                        "sizes": {
                            "large": {
                                "w": 960,
                                "resize": "fit",
                                "h": 634
                            },
                            "thumb": {
                                "w": 150,
                                "resize": "crop",
                                "h": 150
                            },
                            "small": {
                                "w": 680,
                                "resize": "fit",
                                "h": 449
                            },
                            "medium": {
                                "w": 960,
                                "resize": "fit",
                                "h": 634
                            }
                        },
                        "id": 802229142045528064,
                        "media_url_https": "https://pbs.twimg.com/media/CyIXJ4AXEAA7BhE.jpg",
                        "id_str": "802229142045528064",
                        "url": "https://t.co/6Q02XhretC",
                        "media_url": "http://pbs.twimg.com/media/CyIXJ4AXEAA7BhE.jpg",
                        "type": "photo"
                    }
                ],
                "user_mentions": [],
                "hashtags": []
            },
            "extended_entities": {
                "media": [
                    {
                        "display_url": "pic.twitter.com/6Q02XhretC",
                        "expanded_url": "https://twitter.com/BostonGlobe/status/802229145057001472/photo/1",
                        "indices": [
                            107,
                            130
                        ],
                        "sizes": {
                            "large": {
                                "w": 960,
                                "resize": "fit",
                                "h": 634
                            },
                            "thumb": {
                                "w": 150,
                                "resize": "crop",
                                "h": 150
                            },
                            "small": {
                                "w": 680,
                                "resize": "fit",
                                "h": 449
                            },
                            "medium": {
                                "w": 960,
                                "resize": "fit",
                                "h": 634
                            }
                        },
                        "id": 802229142045528064,
                        "media_url_https": "https://pbs.twimg.com/media/CyIXJ4AXEAA7BhE.jpg",
                        "id_str": "802229142045528064",
                        "url": "https://t.co/6Q02XhretC",
                        "media_url": "http://pbs.twimg.com/media/CyIXJ4AXEAA7BhE.jpg",
                        "type": "photo"
                    }
                ]
            },
            "metadata": {
                "iso_language_code": "en",
                "result_type": "recent"
            },
            "id": 802229145057001472,
            "in_reply_to_status_id_str": null,
            "text": "Retail marijuana shops may be delayed to mid-2018 if some lawmakers have their way https://t.co/PXs5jvGqsm https://t.co/6Q02XhretC",
            "place": null,
            "favorited": false,
            "contributors": null,
            "truncated": false,
            "retweeted": false,
            "geo": null,
            "source": "<a href=\"http://www.socialflow.com\" rel=\"nofollow\">SocialFlow</a>",
            "in_reply_to_user_id": null,
            "id_str": "802229145057001472",
            "created_at": "Fri Nov 25 19:15:07 +0000 2016"
        },
        {
            "retweet_count": 5,
            "coordinates": null,
            "is_quote_status": false,
            "in_reply_to_user_id_str": null,
            "in_reply_to_screen_name": null,
            "user": {
                "profile_banner_url": "https://pbs.twimg.com/profile_banners/95431448/1466441870",
                "profile_background_image_url_https": "https://pbs.twimg.com/profile_background_images/378800000003877254/c79663e95d0e284ce165db703dffd474.jpeg",
                "follow_request_sent": false,
                "time_zone": "Eastern Time (US & Canada)",
                "profile_sidebar_fill_color": "FFFFFF",
                "followers_count": 562213,
                "profile_use_background_image": true,
                "statuses_count": 206497,
                "protected": false,
                "url": "http://t.co/g2XphqdJIo",
                "friends_count": 1240,
                "profile_sidebar_border_color": "FFFFFF",
                "is_translation_enabled": false,
                "name": "The Boston Globe",
                "default_profile_image": false,
                "profile_text_color": "000000",
                "geo_enabled": true,
                "verified": true,
                "profile_background_image_url": "http://pbs.twimg.com/profile_background_images/378800000003877254/c79663e95d0e284ce165db703dffd474.jpeg",
                "contributors_enabled": false,
                "entities": {
                    "description": {
                        "urls": [
                            {
                                "display_url": "twitter.com/BostonGlobe/li\u2026",
                                "expanded_url": "https://twitter.com/BostonGlobe/lists/globe-journalists",
                                "url": "https://t.co/KPOiZTQG87",
                                "indices": [
                                    133,
                                    156
                                ]
                            }
                        ]
                    },
                    "url": {
                        "urls": [
                            {
                                "display_url": "bostonglobe.com",
                                "expanded_url": "http://bostonglobe.com",
                                "url": "http://t.co/g2XphqdJIo",
                                "indices": [
                                    0,
                                    22
                                ]
                            }
                        ]
                    }
                },
                "has_extended_profile": false,
                "default_profile": false,
                "profile_image_url_https": "https://pbs.twimg.com/profile_images/586570157734019072/Qxz1LIIM_normal.png",
                "profile_link_color": "050505",
                "id": 95431448,
                "description": "Boston and New England's leading source for breaking news and analysis, with coverage from across the world. Follow our journalists: https://t.co/KPOiZTQG87",
                "is_translator": false,
                "profile_image_url": "http://pbs.twimg.com/profile_images/586570157734019072/Qxz1LIIM_normal.png",
                "listed_count": 9210,
                "profile_background_tile": false,
                "notifications": false,
                "lang": "en",
                "screen_name": "BostonGlobe",
                "favourites_count": 228,
                "location": "Boston, MA",
                "translator_type": "regular",
                "profile_background_color": "EDECE9",
                "id_str": "95431448",
                "following": false,
                "created_at": "Tue Dec 08 14:33:38 +0000 2009",
                "utc_offset": -18000
            },
            "in_reply_to_status_id": null,
            "lang": "en",
            "favorite_count": 3,
            "possibly_sensitive": false,
            "entities": {
                "urls": [
                    {
                        "display_url": "twitter.com/i/web/status/8\u2026",
                        "expanded_url": "https://twitter.com/i/web/status/802180061726121984",
                        "url": "https://t.co/lSwZkMhYNe",
                        "indices": [
                            106,
                            129
                        ]
                    }
                ],
                "symbols": [],
                "user_mentions": [],
                "hashtags": []
            },
            "metadata": {
                "iso_language_code": "en",
                "result_type": "recent"
            },
            "id": 802180061726121984,
            "in_reply_to_status_id_str": null,
            "text": "Marijuana ballot question is a law in Mass. like any other law, and that means legislators can change it\u2026 https://t.co/lSwZkMhYNe",
            "place": null,
            "favorited": false,
            "contributors": null,
            "truncated": true,
            "retweeted": false,
            "geo": null,
            "source": "<a href=\"http://www.socialflow.com\" rel=\"nofollow\">SocialFlow</a>",
            "in_reply_to_user_id": null,
            "id_str": "802180061726121984",
            "created_at": "Fri Nov 25 16:00:05 +0000 2016"
        },
        {
            "retweet_count": 6,
            "coordinates": null,
            "is_quote_status": false,
            "in_reply_to_user_id_str": null,
            "in_reply_to_screen_name": null,
            "user": {
                "profile_banner_url": "https://pbs.twimg.com/profile_banners/95431448/1466441870",
                "profile_background_image_url_https": "https://pbs.twimg.com/profile_background_images/378800000003877254/c79663e95d0e284ce165db703dffd474.jpeg",
                "follow_request_sent": false,
                "time_zone": "Eastern Time (US & Canada)",
                "profile_sidebar_fill_color": "FFFFFF",
                "followers_count": 562213,
                "profile_use_background_image": true,
                "statuses_count": 206497,
                "protected": false,
                "url": "http://t.co/g2XphqdJIo",
                "friends_count": 1240,
                "profile_sidebar_border_color": "FFFFFF",
                "is_translation_enabled": false,
                "name": "The Boston Globe",
                "default_profile_image": false,
                "profile_text_color": "000000",
                "geo_enabled": true,
                "verified": true,
                "profile_background_image_url": "http://pbs.twimg.com/profile_background_images/378800000003877254/c79663e95d0e284ce165db703dffd474.jpeg",
                "contributors_enabled": false,
                "entities": {
                    "description": {
                        "urls": [
                            {
                                "display_url": "twitter.com/BostonGlobe/li\u2026",
                                "expanded_url": "https://twitter.com/BostonGlobe/lists/globe-journalists",
                                "url": "https://t.co/KPOiZTQG87",
                                "indices": [
                                    133,
                                    156
                                ]
                            }
                        ]
                    },
                    "url": {
                        "urls": [
                            {
                                "display_url": "bostonglobe.com",
                                "expanded_url": "http://bostonglobe.com",
                                "url": "http://t.co/g2XphqdJIo",
                                "indices": [
                                    0,
                                    22
                                ]
                            }
                        ]
                    }
                },
                "has_extended_profile": false,
                "default_profile": false,
                "profile_image_url_https": "https://pbs.twimg.com/profile_images/586570157734019072/Qxz1LIIM_normal.png",
                "profile_link_color": "050505",
                "id": 95431448,
                "description": "Boston and New England's leading source for breaking news and analysis, with coverage from across the world. Follow our journalists: https://t.co/KPOiZTQG87",
                "is_translator": false,
                "profile_image_url": "http://pbs.twimg.com/profile_images/586570157734019072/Qxz1LIIM_normal.png",
                "listed_count": 9210,
                "profile_background_tile": false,
                "notifications": false,
                "lang": "en",
                "screen_name": "BostonGlobe",
                "favourites_count": 228,
                "location": "Boston, MA",
                "translator_type": "regular",
                "profile_background_color": "EDECE9",
                "id_str": "95431448",
                "following": false,
                "created_at": "Tue Dec 08 14:33:38 +0000 2009",
                "utc_offset": -18000
            },
            "in_reply_to_status_id": null,
            "lang": "en",
            "favorite_count": 2,
            "possibly_sensitive": false,
            "entities": {
                "urls": [
                    {
                        "display_url": "bos.gl/hGOyB4x",
                        "expanded_url": "http://bos.gl/hGOyB4x",
                        "url": "https://t.co/qgW60gWz6j",
                        "indices": [
                            55,
                            78
                        ]
                    }
                ],
                "symbols": [],
                "media": [
                    {
                        "display_url": "pic.twitter.com/9TJwnQm2Kk",
                        "expanded_url": "https://twitter.com/BostonGlobe/status/802149614090678272/photo/1",
                        "indices": [
                            79,
                            102
                        ],
                        "sizes": {
                            "large": {
                                "w": 599,
                                "resize": "fit",
                                "h": 378
                            },
                            "thumb": {
                                "w": 150,
                                "resize": "crop",
                                "h": 150
                            },
                            "small": {
                                "w": 599,
                                "resize": "fit",
                                "h": 378
                            },
                            "medium": {
                                "w": 599,
                                "resize": "fit",
                                "h": 378
                            }
                        },
                        "id": 802149611519561729,
                        "media_url_https": "https://pbs.twimg.com/media/CyHO0ltXUAEiAQ0.jpg",
                        "id_str": "802149611519561729",
                        "url": "https://t.co/9TJwnQm2Kk",
                        "media_url": "http://pbs.twimg.com/media/CyHO0ltXUAEiAQ0.jpg",
                        "type": "photo"
                    }
                ],
                "user_mentions": [],
                "hashtags": []
            },
            "extended_entities": {
                "media": [
                    {
                        "display_url": "pic.twitter.com/9TJwnQm2Kk",
                        "expanded_url": "https://twitter.com/BostonGlobe/status/802149614090678272/photo/1",
                        "indices": [
                            79,
                            102
                        ],
                        "sizes": {
                            "large": {
                                "w": 599,
                                "resize": "fit",
                                "h": 378
                            },
                            "thumb": {
                                "w": 150,
                                "resize": "crop",
                                "h": 150
                            },
                            "small": {
                                "w": 599,
                                "resize": "fit",
                                "h": 378
                            },
                            "medium": {
                                "w": 599,
                                "resize": "fit",
                                "h": 378
                            }
                        },
                        "id": 802149611519561729,
                        "media_url_https": "https://pbs.twimg.com/media/CyHO0ltXUAEiAQ0.jpg",
                        "id_str": "802149611519561729",
                        "url": "https://t.co/9TJwnQm2Kk",
                        "media_url": "http://pbs.twimg.com/media/CyHO0ltXUAEiAQ0.jpg",
                        "type": "photo"
                    }
                ]
            },
            "metadata": {
                "iso_language_code": "en",
                "result_type": "recent"
            },
            "id": 802149614090678272,
            "in_reply_to_status_id_str": null,
            "text": "Legislature might delay marijuana shops until mid-2018 https://t.co/qgW60gWz6j https://t.co/9TJwnQm2Kk",
            "place": null,
            "favorited": false,
            "contributors": null,
            "truncated": false,
            "retweeted": false,
            "geo": null,
            "source": "<a href=\"http://www.socialflow.com\" rel=\"nofollow\">SocialFlow</a>",
            "in_reply_to_user_id": null,
            "id_str": "802149614090678272",
            "created_at": "Fri Nov 25 13:59:05 +0000 2016"
        },
        {
            "retweet_count": 9,
            "coordinates": null,
            "is_quote_status": false,
            "in_reply_to_user_id_str": null,
            "in_reply_to_screen_name": null,
            "user": {
                "profile_banner_url": "https://pbs.twimg.com/profile_banners/95431448/1466441870",
                "profile_background_image_url_https": "https://pbs.twimg.com/profile_background_images/378800000003877254/c79663e95d0e284ce165db703dffd474.jpeg",
                "follow_request_sent": false,
                "time_zone": "Eastern Time (US & Canada)",
                "profile_sidebar_fill_color": "FFFFFF",
                "followers_count": 562213,
                "profile_use_background_image": true,
                "statuses_count": 206497,
                "protected": false,
                "url": "http://t.co/g2XphqdJIo",
                "friends_count": 1240,
                "profile_sidebar_border_color": "FFFFFF",
                "is_translation_enabled": false,
                "name": "The Boston Globe",
                "default_profile_image": false,
                "profile_text_color": "000000",
                "geo_enabled": true,
                "verified": true,
                "profile_background_image_url": "http://pbs.twimg.com/profile_background_images/378800000003877254/c79663e95d0e284ce165db703dffd474.jpeg",
                "contributors_enabled": false,
                "entities": {
                    "description": {
                        "urls": [
                            {
                                "display_url": "twitter.com/BostonGlobe/li\u2026",
                                "expanded_url": "https://twitter.com/BostonGlobe/lists/globe-journalists",
                                "url": "https://t.co/KPOiZTQG87",
                                "indices": [
                                    133,
                                    156
                                ]
                            }
                        ]
                    },
                    "url": {
                        "urls": [
                            {
                                "display_url": "bostonglobe.com",
                                "expanded_url": "http://bostonglobe.com",
                                "url": "http://t.co/g2XphqdJIo",
                                "indices": [
                                    0,
                                    22
                                ]
                            }
                        ]
                    }
                },
                "has_extended_profile": false,
                "default_profile": false,
                "profile_image_url_https": "https://pbs.twimg.com/profile_images/586570157734019072/Qxz1LIIM_normal.png",
                "profile_link_color": "050505",
                "id": 95431448,
                "description": "Boston and New England's leading source for breaking news and analysis, with coverage from across the world. Follow our journalists: https://t.co/KPOiZTQG87",
                "is_translator": false,
                "profile_image_url": "http://pbs.twimg.com/profile_images/586570157734019072/Qxz1LIIM_normal.png",
                "listed_count": 9210,
                "profile_background_tile": false,
                "notifications": false,
                "lang": "en",
                "screen_name": "BostonGlobe",
                "favourites_count": 228,
                "location": "Boston, MA",
                "translator_type": "regular",
                "profile_background_color": "EDECE9",
                "id_str": "95431448",
                "following": false,
                "created_at": "Tue Dec 08 14:33:38 +0000 2009",
                "utc_offset": -18000
            },
            "in_reply_to_status_id": null,
            "lang": "en",
            "favorite_count": 1,
            "possibly_sensitive": false,
            "entities": {
                "urls": [
                    {
                        "display_url": "bos.gl/GbKs2n5",
                        "expanded_url": "http://bos.gl/GbKs2n5",
                        "url": "https://t.co/9rPAh76nqI",
                        "indices": [
                            86,
                            109
                        ]
                    }
                ],
                "symbols": [],
                "media": [
                    {
                        "display_url": "pic.twitter.com/1RV37wPybA",
                        "expanded_url": "https://twitter.com/BostonGlobe/status/802119086884917248/photo/1",
                        "indices": [
                            110,
                            133
                        ],
                        "sizes": {
                            "large": {
                                "w": 960,
                                "resize": "fit",
                                "h": 602
                            },
                            "thumb": {
                                "w": 150,
                                "resize": "crop",
                                "h": 150
                            },
                            "small": {
                                "w": 680,
                                "resize": "fit",
                                "h": 426
                            },
                            "medium": {
                                "w": 960,
                                "resize": "fit",
                                "h": 602
                            }
                        },
                        "id": 802119084422889472,
                        "media_url_https": "https://pbs.twimg.com/media/CyGzDraWgAApxFv.jpg",
                        "id_str": "802119084422889472",
                        "url": "https://t.co/1RV37wPybA",
                        "media_url": "http://pbs.twimg.com/media/CyGzDraWgAApxFv.jpg",
                        "type": "photo"
                    }
                ],
                "user_mentions": [],
                "hashtags": []
            },
            "extended_entities": {
                "media": [
                    {
                        "display_url": "pic.twitter.com/1RV37wPybA",
                        "expanded_url": "https://twitter.com/BostonGlobe/status/802119086884917248/photo/1",
                        "indices": [
                            110,
                            133
                        ],
                        "sizes": {
                            "large": {
                                "w": 960,
                                "resize": "fit",
                                "h": 602
                            },
                            "thumb": {
                                "w": 150,
                                "resize": "crop",
                                "h": 150
                            },
                            "small": {
                                "w": 680,
                                "resize": "fit",
                                "h": 426
                            },
                            "medium": {
                                "w": 960,
                                "resize": "fit",
                                "h": 602
                            }
                        },
                        "id": 802119084422889472,
                        "media_url_https": "https://pbs.twimg.com/media/CyGzDraWgAApxFv.jpg",
                        "id_str": "802119084422889472",
                        "url": "https://t.co/1RV37wPybA",
                        "media_url": "http://pbs.twimg.com/media/CyGzDraWgAApxFv.jpg",
                        "type": "photo"
                    }
                ]
            },
            "metadata": {
                "iso_language_code": "en",
                "result_type": "recent"
            },
            "id": 802119086884917248,
            "in_reply_to_status_id_str": null,
            "text": "Retail shops selling marijuana may not open in Massachusetts until the middle of 2018 https://t.co/9rPAh76nqI https://t.co/1RV37wPybA",
            "place": null,
            "favorited": false,
            "contributors": null,
            "truncated": false,
            "retweeted": false,
            "geo": null,
            "source": "<a href=\"http://www.socialflow.com\" rel=\"nofollow\">SocialFlow</a>",
            "in_reply_to_user_id": null,
            "id_str": "802119086884917248",
            "created_at": "Fri Nov 25 11:57:47 +0000 2016"
        },
        {
            "retweet_count": 7,
            "coordinates": null,
            "is_quote_status": false,
            "in_reply_to_user_id_str": null,
            "in_reply_to_screen_name": null,
            "user": {
                "profile_banner_url": "https://pbs.twimg.com/profile_banners/95431448/1466441870",
                "profile_background_image_url_https": "https://pbs.twimg.com/profile_background_images/378800000003877254/c79663e95d0e284ce165db703dffd474.jpeg",
                "follow_request_sent": false,
                "time_zone": "Eastern Time (US & Canada)",
                "profile_sidebar_fill_color": "FFFFFF",
                "followers_count": 562213,
                "profile_use_background_image": true,
                "statuses_count": 206497,
                "protected": false,
                "url": "http://t.co/g2XphqdJIo",
                "friends_count": 1240,
                "profile_sidebar_border_color": "FFFFFF",
                "is_translation_enabled": false,
                "name": "The Boston Globe",
                "default_profile_image": false,
                "profile_text_color": "000000",
                "geo_enabled": true,
                "verified": true,
                "profile_background_image_url": "http://pbs.twimg.com/profile_background_images/378800000003877254/c79663e95d0e284ce165db703dffd474.jpeg",
                "contributors_enabled": false,
                "entities": {
                    "description": {
                        "urls": [
                            {
                                "display_url": "twitter.com/BostonGlobe/li\u2026",
                                "expanded_url": "https://twitter.com/BostonGlobe/lists/globe-journalists",
                                "url": "https://t.co/KPOiZTQG87",
                                "indices": [
                                    133,
                                    156
                                ]
                            }
                        ]
                    },
                    "url": {
                        "urls": [
                            {
                                "display_url": "bostonglobe.com",
                                "expanded_url": "http://bostonglobe.com",
                                "url": "http://t.co/g2XphqdJIo",
                                "indices": [
                                    0,
                                    22
                                ]
                            }
                        ]
                    }
                },
                "has_extended_profile": false,
                "default_profile": false,
                "profile_image_url_https": "https://pbs.twimg.com/profile_images/586570157734019072/Qxz1LIIM_normal.png",
                "profile_link_color": "050505",
                "id": 95431448,
                "description": "Boston and New England's leading source for breaking news and analysis, with coverage from across the world. Follow our journalists: https://t.co/KPOiZTQG87",
                "is_translator": false,
                "profile_image_url": "http://pbs.twimg.com/profile_images/586570157734019072/Qxz1LIIM_normal.png",
                "listed_count": 9210,
                "profile_background_tile": false,
                "notifications": false,
                "lang": "en",
                "screen_name": "BostonGlobe",
                "favourites_count": 228,
                "location": "Boston, MA",
                "translator_type": "regular",
                "profile_background_color": "EDECE9",
                "id_str": "95431448",
                "following": false,
                "created_at": "Tue Dec 08 14:33:38 +0000 2009",
                "utc_offset": -18000
            },
            "in_reply_to_status_id": null,
            "lang": "en",
            "favorite_count": 4,
            "possibly_sensitive": false,
            "entities": {
                "urls": [
                    {
                        "display_url": "twitter.com/i/web/status/8\u2026",
                        "expanded_url": "https://twitter.com/i/web/status/802072853009104896",
                        "url": "https://t.co/VZ2h3KrBOq",
                        "indices": [
                            111,
                            134
                        ]
                    }
                ],
                "symbols": [],
                "user_mentions": [],
                "hashtags": []
            },
            "metadata": {
                "iso_language_code": "en",
                "result_type": "recent"
            },
            "id": 802072853009104896,
            "in_reply_to_status_id_str": null,
            "text": "Lawmakers may delay marijuana retail sales in Massachusetts because they say they need more time to get ready\u2026 https://t.co/VZ2h3KrBOq",
            "place": null,
            "favorited": false,
            "contributors": null,
            "truncated": true,
            "retweeted": false,
            "geo": null,
            "source": "<a href=\"http://www.socialflow.com\" rel=\"nofollow\">SocialFlow</a>",
            "in_reply_to_user_id": null,
            "id_str": "802072853009104896",
            "created_at": "Fri Nov 25 08:54:04 +0000 2016"
        },
        {
            "retweet_count": 2,
            "coordinates": null,
            "is_quote_status": false,
            "in_reply_to_user_id_str": null,
            "in_reply_to_screen_name": null,
            "user": {
                "profile_banner_url": "https://pbs.twimg.com/profile_banners/95431448/1466441870",
                "profile_background_image_url_https": "https://pbs.twimg.com/profile_background_images/378800000003877254/c79663e95d0e284ce165db703dffd474.jpeg",
                "follow_request_sent": false,
                "time_zone": "Eastern Time (US & Canada)",
                "profile_sidebar_fill_color": "FFFFFF",
                "followers_count": 562213,
                "profile_use_background_image": true,
                "statuses_count": 206497,
                "protected": false,
                "url": "http://t.co/g2XphqdJIo",
                "friends_count": 1240,
                "profile_sidebar_border_color": "FFFFFF",
                "is_translation_enabled": false,
                "name": "The Boston Globe",
                "default_profile_image": false,
                "profile_text_color": "000000",
                "geo_enabled": true,
                "verified": true,
                "profile_background_image_url": "http://pbs.twimg.com/profile_background_images/378800000003877254/c79663e95d0e284ce165db703dffd474.jpeg",
                "contributors_enabled": false,
                "entities": {
                    "description": {
                        "urls": [
                            {
                                "display_url": "twitter.com/BostonGlobe/li\u2026",
                                "expanded_url": "https://twitter.com/BostonGlobe/lists/globe-journalists",
                                "url": "https://t.co/KPOiZTQG87",
                                "indices": [
                                    133,
                                    156
                                ]
                            }
                        ]
                    },
                    "url": {
                        "urls": [
                            {
                                "display_url": "bostonglobe.com",
                                "expanded_url": "http://bostonglobe.com",
                                "url": "http://t.co/g2XphqdJIo",
                                "indices": [
                                    0,
                                    22
                                ]
                            }
                        ]
                    }
                },
                "has_extended_profile": false,
                "default_profile": false,
                "profile_image_url_https": "https://pbs.twimg.com/profile_images/586570157734019072/Qxz1LIIM_normal.png",
                "profile_link_color": "050505",
                "id": 95431448,
                "description": "Boston and New England's leading source for breaking news and analysis, with coverage from across the world. Follow our journalists: https://t.co/KPOiZTQG87",
                "is_translator": false,
                "profile_image_url": "http://pbs.twimg.com/profile_images/586570157734019072/Qxz1LIIM_normal.png",
                "listed_count": 9210,
                "profile_background_tile": false,
                "notifications": false,
                "lang": "en",
                "screen_name": "BostonGlobe",
                "favourites_count": 228,
                "location": "Boston, MA",
                "translator_type": "regular",
                "profile_background_color": "EDECE9",
                "id_str": "95431448",
                "following": false,
                "created_at": "Tue Dec 08 14:33:38 +0000 2009",
                "utc_offset": -18000
            },
            "in_reply_to_status_id": null,
            "lang": "en",
            "favorite_count": 8,
            "possibly_sensitive": false,
            "entities": {
                "urls": [
                    {
                        "display_url": "twitter.com/i/web/status/8\u2026",
                        "expanded_url": "https://twitter.com/i/web/status/802053448590131200",
                        "url": "https://t.co/qpI1jK9wB7",
                        "indices": [
                            104,
                            127
                        ]
                    }
                ],
                "symbols": [],
                "user_mentions": [],
                "hashtags": []
            },
            "metadata": {
                "iso_language_code": "en",
                "result_type": "recent"
            },
            "id": 802053448590131200,
            "in_reply_to_status_id_str": null,
            "text": "Legislators are talking about delay in marijuana retail sales in Massachusetts until mid-2018 or later\u2026 https://t.co/qpI1jK9wB7",
            "place": null,
            "favorited": false,
            "contributors": null,
            "truncated": true,
            "retweeted": false,
            "geo": null,
            "source": "<a href=\"http://www.socialflow.com\" rel=\"nofollow\">SocialFlow</a>",
            "in_reply_to_user_id": null,
            "id_str": "802053448590131200",
            "created_at": "Fri Nov 25 07:36:58 +0000 2016"
        },
        {
            "retweet_count": 10,
            "coordinates": null,
            "is_quote_status": false,
            "in_reply_to_user_id_str": null,
            "in_reply_to_screen_name": null,
            "user": {
                "profile_banner_url": "https://pbs.twimg.com/profile_banners/95431448/1466441870",
                "profile_background_image_url_https": "https://pbs.twimg.com/profile_background_images/378800000003877254/c79663e95d0e284ce165db703dffd474.jpeg",
                "follow_request_sent": false,
                "time_zone": "Eastern Time (US & Canada)",
                "profile_sidebar_fill_color": "FFFFFF",
                "followers_count": 562213,
                "profile_use_background_image": true,
                "statuses_count": 206497,
                "protected": false,
                "url": "http://t.co/g2XphqdJIo",
                "friends_count": 1240,
                "profile_sidebar_border_color": "FFFFFF",
                "is_translation_enabled": false,
                "name": "The Boston Globe",
                "default_profile_image": false,
                "profile_text_color": "000000",
                "geo_enabled": true,
                "verified": true,
                "profile_background_image_url": "http://pbs.twimg.com/profile_background_images/378800000003877254/c79663e95d0e284ce165db703dffd474.jpeg",
                "contributors_enabled": false,
                "entities": {
                    "description": {
                        "urls": [
                            {
                                "display_url": "twitter.com/BostonGlobe/li\u2026",
                                "expanded_url": "https://twitter.com/BostonGlobe/lists/globe-journalists",
                                "url": "https://t.co/KPOiZTQG87",
                                "indices": [
                                    133,
                                    156
                                ]
                            }
                        ]
                    },
                    "url": {
                        "urls": [
                            {
                                "display_url": "bostonglobe.com",
                                "expanded_url": "http://bostonglobe.com",
                                "url": "http://t.co/g2XphqdJIo",
                                "indices": [
                                    0,
                                    22
                                ]
                            }
                        ]
                    }
                },
                "has_extended_profile": false,
                "default_profile": false,
                "profile_image_url_https": "https://pbs.twimg.com/profile_images/586570157734019072/Qxz1LIIM_normal.png",
                "profile_link_color": "050505",
                "id": 95431448,
                "description": "Boston and New England's leading source for breaking news and analysis, with coverage from across the world. Follow our journalists: https://t.co/KPOiZTQG87",
                "is_translator": false,
                "profile_image_url": "http://pbs.twimg.com/profile_images/586570157734019072/Qxz1LIIM_normal.png",
                "listed_count": 9210,
                "profile_background_tile": false,
                "notifications": false,
                "lang": "en",
                "screen_name": "BostonGlobe",
                "favourites_count": 228,
                "location": "Boston, MA",
                "translator_type": "regular",
                "profile_background_color": "EDECE9",
                "id_str": "95431448",
                "following": false,
                "created_at": "Tue Dec 08 14:33:38 +0000 2009",
                "utc_offset": -18000
            },
            "in_reply_to_status_id": null,
            "lang": "en",
            "favorite_count": 15,
            "possibly_sensitive": false,
            "entities": {
                "urls": [
                    {
                        "display_url": "bos.gl/1IFXHTA",
                        "expanded_url": "http://bos.gl/1IFXHTA",
                        "url": "https://t.co/qD7o2YUJ6U",
                        "indices": [
                            86,
                            109
                        ]
                    }
                ],
                "symbols": [],
                "media": [
                    {
                        "display_url": "pic.twitter.com/YvZlJJopug",
                        "expanded_url": "https://twitter.com/BostonGlobe/status/801957156979429376/photo/1",
                        "indices": [
                            110,
                            133
                        ],
                        "sizes": {
                            "large": {
                                "w": 960,
                                "resize": "fit",
                                "h": 605
                            },
                            "thumb": {
                                "w": 150,
                                "resize": "crop",
                                "h": 150
                            },
                            "small": {
                                "w": 680,
                                "resize": "fit",
                                "h": 429
                            },
                            "medium": {
                                "w": 960,
                                "resize": "fit",
                                "h": 605
                            }
                        },
                        "id": 801957153925922816,
                        "media_url_https": "https://pbs.twimg.com/media/CyEfyFTWgAAtgsn.jpg",
                        "id_str": "801957153925922816",
                        "url": "https://t.co/YvZlJJopug",
                        "media_url": "http://pbs.twimg.com/media/CyEfyFTWgAAtgsn.jpg",
                        "type": "photo"
                    }
                ],
                "user_mentions": [],
                "hashtags": []
            },
            "extended_entities": {
                "media": [
                    {
                        "display_url": "pic.twitter.com/YvZlJJopug",
                        "expanded_url": "https://twitter.com/BostonGlobe/status/801957156979429376/photo/1",
                        "indices": [
                            110,
                            133
                        ],
                        "sizes": {
                            "large": {
                                "w": 960,
                                "resize": "fit",
                                "h": 605
                            },
                            "thumb": {
                                "w": 150,
                                "resize": "crop",
                                "h": 150
                            },
                            "small": {
                                "w": 680,
                                "resize": "fit",
                                "h": 429
                            },
                            "medium": {
                                "w": 960,
                                "resize": "fit",
                                "h": 605
                            }
                        },
                        "id": 801957153925922816,
                        "media_url_https": "https://pbs.twimg.com/media/CyEfyFTWgAAtgsn.jpg",
                        "id_str": "801957153925922816",
                        "url": "https://t.co/YvZlJJopug",
                        "media_url": "http://pbs.twimg.com/media/CyEfyFTWgAAtgsn.jpg",
                        "type": "photo"
                    }
                ]
            },
            "metadata": {
                "iso_language_code": "en",
                "result_type": "recent"
            },
            "id": 801957156979429376,
            "in_reply_to_status_id_str": null,
            "text": "Lawmakers in Massachusetts may delay opening of marijuana stores to mid-2018 or later https://t.co/qD7o2YUJ6U https://t.co/YvZlJJopug",
            "place": null,
            "favorited": false,
            "contributors": null,
            "truncated": false,
            "retweeted": false,
            "geo": null,
            "source": "<a href=\"http://www.socialflow.com\" rel=\"nofollow\">SocialFlow</a>",
            "in_reply_to_user_id": null,
            "id_str": "801957156979429376",
            "created_at": "Fri Nov 25 01:14:20 +0000 2016"
        }
    ],
    "search_metadata": {
        "refresh_url": "?since_id=802258980475125760&q=from%3ABostonGlobe%20filter%3Alinks%20since%3A2016-11-25%20until%3A2016-11-26%20marihuana%20OR%20marijuana%20OR%20cannabis%20-%40BostonGlobe&include_entities=1",
        "count": 100,
        "completed_in": 0.038,
        "since_id": 0,
        "query": "from%3ABostonGlobe+filter%3Alinks+since%3A2016-11-25+until%3A2016-11-26+marihuana+OR+marijuana+OR+cannabis+-%40BostonGlobe",
        "max_id_str": "802258980475125760",
        "max_id": 802258980475125760,
        "since_id_str": "0"
    }
}