{
    "statuses": [
        {
            "retweet_count": 3,
            "coordinates": null,
            "is_quote_status": false,
            "in_reply_to_user_id_str": null,
            "in_reply_to_screen_name": null,
            "user": {
                "profile_banner_url": "https://pbs.twimg.com/profile_banners/16543775/1480021089",
                "profile_background_image_url_https": "https://pbs.twimg.com/profile_background_images/377647659/twitter-detnews4.jpg",
                "follow_request_sent": false,
                "time_zone": "Eastern Time (US & Canada)",
                "profile_sidebar_fill_color": "252429",
                "followers_count": 196761,
                "profile_use_background_image": false,
                "statuses_count": 143358,
                "protected": false,
                "url": "https://t.co/gma4B8adFW",
                "friends_count": 2311,
                "profile_sidebar_border_color": "181A1E",
                "is_translation_enabled": false,
                "name": "The Detroit News",
                "default_profile_image": false,
                "profile_text_color": "666666",
                "geo_enabled": true,
                "verified": true,
                "profile_background_image_url": "http://pbs.twimg.com/profile_background_images/377647659/twitter-detnews4.jpg",
                "contributors_enabled": false,
                "entities": {
                    "description": {
                        "urls": [
                            {
                                "display_url": "detroitnews.com",
                                "expanded_url": "http://www.detroitnews.com",
                                "url": "https://t.co/gma4B8adFW",
                                "indices": [
                                    113,
                                    136
                                ]
                            }
                        ]
                    },
                    "url": {
                        "urls": [
                            {
                                "display_url": "detroitnews.com",
                                "expanded_url": "http://www.detroitnews.com",
                                "url": "https://t.co/gma4B8adFW",
                                "indices": [
                                    0,
                                    23
                                ]
                            }
                        ]
                    }
                },
                "has_extended_profile": false,
                "default_profile": false,
                "profile_image_url_https": "https://pbs.twimg.com/profile_images/512551439021768704/yKZZwFHJ_normal.jpeg",
                "profile_link_color": "2FC2EF",
                "id": 16543775,
                "description": "Detroit's best source for news and information. You can reach The Detroit News at online(at)detroitnews(dot)com. https://t.co/gma4B8adFW",
                "is_translator": false,
                "profile_image_url": "http://pbs.twimg.com/profile_images/512551439021768704/yKZZwFHJ_normal.jpeg",
                "listed_count": 2942,
                "profile_background_tile": false,
                "notifications": false,
                "lang": "en",
                "screen_name": "detroitnews",
                "favourites_count": 914,
                "location": "Detroit,MI USA",
                "translator_type": "none",
                "profile_background_color": "1A1B1F",
                "id_str": "16543775",
                "following": false,
                "created_at": "Wed Oct 01 13:36:49 +0000 2008",
                "utc_offset": -18000
            },
            "in_reply_to_status_id": null,
            "lang": "en",
            "favorite_count": 1,
            "possibly_sensitive": false,
            "entities": {
                "urls": [
                    {
                        "display_url": "detne.ws/2gm3qtu",
                        "expanded_url": "http://detne.ws/2gm3qtu",
                        "url": "https://t.co/UaUOx1Iiim",
                        "indices": [
                            69,
                            92
                        ]
                    }
                ],
                "symbols": [],
                "media": [
                    {
                        "display_url": "pic.twitter.com/5jhokMOu1r",
                        "expanded_url": "https://twitter.com/detroitnews/status/802159156736196608/photo/1",
                        "indices": [
                            93,
                            116
                        ],
                        "sizes": {
                            "large": {
                                "w": 1000,
                                "resize": "fit",
                                "h": 664
                            },
                            "thumb": {
                                "w": 150,
                                "resize": "crop",
                                "h": 150
                            },
                            "small": {
                                "w": 680,
                                "resize": "fit",
                                "h": 452
                            },
                            "medium": {
                                "w": 1000,
                                "resize": "fit",
                                "h": 664
                            }
                        },
                        "id": 802153186459058177,
                        "media_url_https": "https://pbs.twimg.com/media/CyHSErZXAAEqKhC.jpg",
                        "id_str": "802153186459058177",
                        "url": "https://t.co/5jhokMOu1r",
                        "media_url": "http://pbs.twimg.com/media/CyHSErZXAAEqKhC.jpg",
                        "type": "photo"
                    }
                ],
                "user_mentions": [],
                "hashtags": []
            },
            "extended_entities": {
                "media": [
                    {
                        "display_url": "pic.twitter.com/5jhokMOu1r",
                        "expanded_url": "https://twitter.com/detroitnews/status/802159156736196608/photo/1",
                        "indices": [
                            93,
                            116
                        ],
                        "sizes": {
                            "large": {
                                "w": 1000,
                                "resize": "fit",
                                "h": 664
                            },
                            "thumb": {
                                "w": 150,
                                "resize": "crop",
                                "h": 150
                            },
                            "small": {
                                "w": 680,
                                "resize": "fit",
                                "h": 452
                            },
                            "medium": {
                                "w": 1000,
                                "resize": "fit",
                                "h": 664
                            }
                        },
                        "id": 802153186459058177,
                        "media_url_https": "https://pbs.twimg.com/media/CyHSErZXAAEqKhC.jpg",
                        "id_str": "802153186459058177",
                        "url": "https://t.co/5jhokMOu1r",
                        "media_url": "http://pbs.twimg.com/media/CyHSErZXAAEqKhC.jpg",
                        "type": "photo"
                    }
                ]
            },
            "metadata": {
                "iso_language_code": "en",
                "result_type": "recent"
            },
            "id": 802159156736196608,
            "in_reply_to_status_id_str": null,
            "text": "Police: Man found dead outside Detroit medical marijuana dispensary. https://t.co/UaUOx1Iiim https://t.co/5jhokMOu1r",
            "place": null,
            "favorited": false,
            "contributors": null,
            "truncated": false,
            "retweeted": false,
            "geo": null,
            "source": "<a href=\"https://about.twitter.com/products/tweetdeck\" rel=\"nofollow\">TweetDeck</a>",
            "in_reply_to_user_id": null,
            "id_str": "802159156736196608",
            "created_at": "Fri Nov 25 14:37:01 +0000 2016"
        }
    ],
    "search_metadata": {
        "refresh_url": "?since_id=802159156736196608&q=from%3Adetroitnews%20filter%3Alinks%20since%3A2016-11-25%20until%3A2016-11-26%20marihuana%20OR%20marijuana%20OR%20cannabis%20-%40detroitnews&include_entities=1",
        "count": 100,
        "completed_in": 0.019,
        "since_id": 0,
        "query": "from%3Adetroitnews+filter%3Alinks+since%3A2016-11-25+until%3A2016-11-26+marihuana+OR+marijuana+OR+cannabis+-%40detroitnews",
        "max_id_str": "802159156736196608",
        "max_id": 802159156736196608,
        "since_id_str": "0"
    }
}