{
    "statuses": [],
    "search_metadata": {
        "refresh_url": "?since_id=803438939583508480&q=from%3Adothaneagle%20filter%3Alinks%20since%3A2016-11-25%20until%3A2016-11-26%20marihuana%20OR%20marijuana%20OR%20cannabis%20-%40dothaneagle&include_entities=1",
        "count": 100,
        "completed_in": 0.036,
        "since_id": 0,
        "query": "from%3Adothaneagle+filter%3Alinks+since%3A2016-11-25+until%3A2016-11-26+marihuana+OR+marijuana+OR+cannabis+-%40dothaneagle",
        "max_id_str": "803438939583508480",
        "max_id": 803438939583508480,
        "since_id_str": "0"
    }
}