{
    "statuses": [
        {
            "retweet_count": 4,
            "coordinates": null,
            "is_quote_status": false,
            "in_reply_to_user_id_str": null,
            "in_reply_to_screen_name": null,
            "user": {
                "profile_banner_url": "https://pbs.twimg.com/profile_banners/8795772/1406564135",
                "profile_background_image_url_https": "https://pbs.twimg.com/profile_background_images/662745333/ua0fr1vxqje8dgtrwv5x.jpeg",
                "follow_request_sent": false,
                "time_zone": "Eastern Time (US & Canada)",
                "profile_sidebar_fill_color": "FFFFFF",
                "followers_count": 312271,
                "profile_use_background_image": true,
                "statuses_count": 153009,
                "protected": false,
                "url": "http://t.co/QaxDeaxx0H",
                "friends_count": 3551,
                "profile_sidebar_border_color": "FFFFFF",
                "is_translation_enabled": false,
                "name": "Detroit Free Press",
                "default_profile_image": false,
                "profile_text_color": "000000",
                "geo_enabled": true,
                "verified": true,
                "profile_background_image_url": "http://pbs.twimg.com/profile_background_images/662745333/ua0fr1vxqje8dgtrwv5x.jpeg",
                "contributors_enabled": false,
                "entities": {
                    "description": {
                        "urls": []
                    },
                    "url": {
                        "urls": [
                            {
                                "display_url": "freep.com",
                                "expanded_url": "http://www.freep.com",
                                "url": "http://t.co/QaxDeaxx0H",
                                "indices": [
                                    0,
                                    22
                                ]
                            }
                        ]
                    }
                },
                "has_extended_profile": false,
                "default_profile": false,
                "profile_image_url_https": "https://pbs.twimg.com/profile_images/765605644254707712/MxgZ4fRN_normal.jpg",
                "profile_link_color": "5678A3",
                "id": 8795772,
                "description": "News from Detroit. w/@aetmanshuschka, @Ash_Detroit @BrianManzullo, @lissa218 and the @Freep web team",
                "is_translator": false,
                "profile_image_url": "http://pbs.twimg.com/profile_images/765605644254707712/MxgZ4fRN_normal.jpg",
                "listed_count": 4178,
                "profile_background_tile": true,
                "notifications": false,
                "lang": "en",
                "screen_name": "freep",
                "favourites_count": 3974,
                "location": "Detroit",
                "translator_type": "none",
                "profile_background_color": "496595",
                "id_str": "8795772",
                "following": false,
                "created_at": "Mon Sep 10 21:42:21 +0000 2007",
                "utc_offset": -18000
            },
            "in_reply_to_status_id": null,
            "lang": "en",
            "favorite_count": 4,
            "possibly_sensitive": false,
            "entities": {
                "urls": [
                    {
                        "display_url": "on.freep.com/2goVcok",
                        "expanded_url": "http://on.freep.com/2goVcok",
                        "url": "https://t.co/PgEsbw2vpp",
                        "indices": [
                            70,
                            93
                        ]
                    }
                ],
                "symbols": [],
                "user_mentions": [],
                "hashtags": []
            },
            "metadata": {
                "iso_language_code": "en",
                "result_type": "recent"
            },
            "id": 802176308021170176,
            "in_reply_to_status_id_str": null,
            "text": "Man wearing latex gloves, mask found dead at Detroit marijuana store. https://t.co/PgEsbw2vpp",
            "place": null,
            "favorited": false,
            "contributors": null,
            "truncated": false,
            "retweeted": false,
            "geo": null,
            "source": "<a href=\"http://www.hootsuite.com\" rel=\"nofollow\">Hootsuite</a>",
            "in_reply_to_user_id": null,
            "id_str": "802176308021170176",
            "created_at": "Fri Nov 25 15:45:10 +0000 2016"
        }
    ],
    "search_metadata": {
        "refresh_url": "?since_id=802176308021170176&q=from%3Afreep%20filter%3Alinks%20since%3A2016-11-25%20until%3A2016-11-26%20marihuana%20OR%20marijuana%20OR%20cannabis%20-%40freep&include_entities=1",
        "count": 100,
        "completed_in": 0.049,
        "since_id": 0,
        "query": "from%3Afreep+filter%3Alinks+since%3A2016-11-25+until%3A2016-11-26+marihuana+OR+marijuana+OR+cannabis+-%40freep",
        "max_id_str": "802176308021170176",
        "max_id": 802176308021170176,
        "since_id_str": "0"
    }
}