{
    "statuses": [
        {
            "retweet_count": 0,
            "coordinates": null,
            "is_quote_status": false,
            "in_reply_to_user_id_str": null,
            "in_reply_to_screen_name": null,
            "user": {
                "profile_banner_url": "https://pbs.twimg.com/profile_banners/8980312/1360787921",
                "profile_background_image_url_https": "https://pbs.twimg.com/profile_background_images/378800000085631847/7f0fc665468aa18cb5f8a9e188dc3234.jpeg",
                "follow_request_sent": false,
                "time_zone": "Mountain Time (US & Canada)",
                "profile_sidebar_fill_color": "D2D9DF",
                "followers_count": 57562,
                "profile_use_background_image": true,
                "statuses_count": 70585,
                "protected": false,
                "url": "http://t.co/706zMrpryW",
                "friends_count": 3302,
                "profile_sidebar_border_color": "FFFFFF",
                "is_translation_enabled": false,
                "name": "Idaho Statesman",
                "default_profile_image": false,
                "profile_text_color": "000000",
                "geo_enabled": false,
                "verified": true,
                "profile_background_image_url": "http://pbs.twimg.com/profile_background_images/378800000085631847/7f0fc665468aa18cb5f8a9e188dc3234.jpeg",
                "contributors_enabled": false,
                "entities": {
                    "description": {
                        "urls": []
                    },
                    "url": {
                        "urls": [
                            {
                                "display_url": "idahostatesman.com",
                                "expanded_url": "http://www.idahostatesman.com",
                                "url": "http://t.co/706zMrpryW",
                                "indices": [
                                    0,
                                    22
                                ]
                            }
                        ]
                    }
                },
                "has_extended_profile": false,
                "default_profile": false,
                "profile_image_url_https": "https://pbs.twimg.com/profile_images/716333844366884864/ZO_uXpzm_normal.jpg",
                "profile_link_color": "537687",
                "id": 8980312,
                "description": "The Idaho Statesman newspaper is your #1 source for news, sports, outdoors, business, traffic, & more for Boise, Meridian, Eagle, Nampa, Idaho.",
                "is_translator": false,
                "profile_image_url": "http://pbs.twimg.com/profile_images/716333844366884864/ZO_uXpzm_normal.jpg",
                "listed_count": 963,
                "profile_background_tile": false,
                "notifications": false,
                "lang": "en",
                "screen_name": "IdahoStatesman",
                "favourites_count": 836,
                "location": "Boise, Idaho, USA",
                "translator_type": "none",
                "profile_background_color": "344A7D",
                "id_str": "8980312",
                "following": false,
                "created_at": "Wed Sep 19 18:56:13 +0000 2007",
                "utc_offset": -25200
            },
            "in_reply_to_status_id": null,
            "lang": "en",
            "favorite_count": 0,
            "possibly_sensitive": false,
            "entities": {
                "urls": [
                    {
                        "display_url": "idahostatesman.com/latest-news/ar\u2026",
                        "expanded_url": "http://www.idahostatesman.com/latest-news/article117044368.html",
                        "url": "https://t.co/Ht517h277T",
                        "indices": [
                            102,
                            125
                        ]
                    }
                ],
                "symbols": [],
                "user_mentions": [],
                "hashtags": []
            },
            "metadata": {
                "iso_language_code": "en",
                "result_type": "recent"
            },
            "id": 802278046753431553,
            "in_reply_to_status_id_str": null,
            "text": "Ketchum man's alleged marijuana business nets him money laundering charge after arrest in New Jersey: https://t.co/Ht517h277T",
            "place": null,
            "favorited": false,
            "contributors": null,
            "truncated": false,
            "retweeted": false,
            "geo": null,
            "source": "<a href=\"https://about.twitter.com/products/tweetdeck\" rel=\"nofollow\">TweetDeck</a>",
            "in_reply_to_user_id": null,
            "id_str": "802278046753431553",
            "created_at": "Fri Nov 25 22:29:26 +0000 2016"
        }
    ],
    "search_metadata": {
        "refresh_url": "?since_id=802278046753431553&q=from%3AIdahoStatesman%20filter%3Alinks%20since%3A2016-11-25%20until%3A2016-11-26%20marihuana%20OR%20marijuana%20OR%20cannabis%20-%40IdahoStatesman&include_entities=1",
        "count": 100,
        "completed_in": 0.025,
        "since_id": 0,
        "query": "from%3AIdahoStatesman+filter%3Alinks+since%3A2016-11-25+until%3A2016-11-26+marihuana+OR+marijuana+OR+cannabis+-%40IdahoStatesman",
        "max_id_str": "802278046753431553",
        "max_id": 802278046753431553,
        "since_id_str": "0"
    }
}