{
    "statuses": [],
    "search_metadata": {
        "refresh_url": "?since_id=803442709960671232&q=from%3Ajournalsentinel%20filter%3Alinks%20since%3A2016-11-25%20until%3A2016-11-26%20marihuana%20OR%20marijuana%20OR%20cannabis%20-%40journalsentinel&include_entities=1",
        "count": 100,
        "since_id": 0,
        "since_id_str": "0",
        "completed_in": 0.018,
        "max_id": 803442709960671232,
        "max_id_str": "803442709960671232",
        "query": "from%3Ajournalsentinel+filter%3Alinks+since%3A2016-11-25+until%3A2016-11-26+marihuana+OR+marijuana+OR+cannabis+-%40journalsentinel"
    }
}