{
    "statuses": [],
    "search_metadata": {
        "refresh_url": "?since_id=803438994470174720&q=from%3ALasVegasSun%20filter%3Alinks%20since%3A2016-11-25%20until%3A2016-11-26%20marihuana%20OR%20marijuana%20OR%20cannabis%20-%40LasVegasSun&include_entities=1",
        "count": 100,
        "completed_in": 0.031,
        "since_id": 0,
        "query": "from%3ALasVegasSun+filter%3Alinks+since%3A2016-11-25+until%3A2016-11-26+marihuana+OR+marijuana+OR+cannabis+-%40LasVegasSun",
        "max_id_str": "803438994470174720",
        "max_id": 803438994470174720,
        "since_id_str": "0"
    }
}