{
    "statuses": [],
    "search_metadata": {
        "refresh_url": "?since_id=803438942389497857&q=from%3Anwademgaz%20filter%3Alinks%20since%3A2016-11-25%20until%3A2016-11-26%20marihuana%20OR%20marijuana%20OR%20cannabis%20-%40nwademgaz&include_entities=1",
        "count": 100,
        "completed_in": 0.054,
        "since_id": 0,
        "query": "from%3Anwademgaz+filter%3Alinks+since%3A2016-11-25+until%3A2016-11-26+marihuana+OR+marijuana+OR+cannabis+-%40nwademgaz",
        "max_id_str": "803438942389497857",
        "max_id": 803438942389497857,
        "since_id_str": "0"
    }
}