{
    "statuses": [],
    "search_metadata": {
        "refresh_url": "?since_id=803439011532402688&q=from%3Aregisterguard%20filter%3Alinks%20since%3A2016-11-25%20until%3A2016-11-26%20marihuana%20OR%20marijuana%20OR%20cannabis%20-%40registerguard&include_entities=1",
        "count": 100,
        "completed_in": 0.036,
        "since_id": 0,
        "query": "from%3Aregisterguard+filter%3Alinks+since%3A2016-11-25+until%3A2016-11-26+marihuana+OR+marijuana+OR+cannabis+-%40registerguard",
        "max_id_str": "803439011532402688",
        "max_id": 803439011532402688,
        "since_id_str": "0"
    }
}