{
    "statuses": [],
    "search_metadata": {
        "refresh_url": "?since_id=803438994046513152&q=from%3Areviewjournal%20filter%3Alinks%20since%3A2016-11-25%20until%3A2016-11-26%20marihuana%20OR%20marijuana%20OR%20cannabis%20-%40reviewjournal&include_entities=1",
        "count": 100,
        "completed_in": 0.051,
        "since_id": 0,
        "query": "from%3Areviewjournal+filter%3Alinks+since%3A2016-11-25+until%3A2016-11-26+marihuana+OR+marijuana+OR+cannabis+-%40reviewjournal",
        "max_id_str": "803438994046513152",
        "max_id": 803438994046513152,
        "since_id_str": "0"
    }
}