{
    "statuses": [],
    "search_metadata": {
        "refresh_url": "?since_id=803438997209051136&q=from%3Astarledger%20filter%3Alinks%20since%3A2016-11-25%20until%3A2016-11-26%20marihuana%20OR%20marijuana%20OR%20cannabis%20-%40starledger&include_entities=1",
        "count": 100,
        "completed_in": 0.042,
        "since_id": 0,
        "query": "from%3Astarledger+filter%3Alinks+since%3A2016-11-25+until%3A2016-11-26+marihuana+OR+marijuana+OR+cannabis+-%40starledger",
        "max_id_str": "803438997209051136",
        "max_id": 803438997209051136,
        "since_id_str": "0"
    }
}