{
    "statuses": [
        {
            "id_str": "802279474389610496",
            "id": 802279474389610496,
            "coordinates": null,
            "truncated": false,
            "favorite_count": 49,
            "retweeted": false,
            "in_reply_to_screen_name": null,
            "text": "Marijuana stores around the country are offering discounts to bring in cannabis buyers over Thanksgiving weekend. https://t.co/BGk0yUQBts",
            "retweet_count": 35,
            "in_reply_to_status_id_str": null,
            "geo": null,
            "in_reply_to_user_id": null,
            "possibly_sensitive": false,
            "created_at": "Fri Nov 25 22:35:06 +0000 2016",
            "source": "<a href=\"http://www.hootsuite.com\" rel=\"nofollow\">Hootsuite</a>",
            "place": null,
            "entities": {
                "symbols": [],
                "urls": [
                    {
                        "expanded_url": "http://usat.ly/2gph4fx",
                        "url": "https://t.co/BGk0yUQBts",
                        "indices": [
                            114,
                            137
                        ],
                        "display_url": "usat.ly/2gph4fx"
                    }
                ],
                "hashtags": [],
                "user_mentions": []
            },
            "contributors": null,
            "favorited": false,
            "user": {
                "profile_background_tile": false,
                "id_str": "15754281",
                "id": 15754281,
                "followers_count": 2832368,
                "notifications": false,
                "listed_count": 30011,
                "screen_name": "USATODAY",
                "profile_text_color": "000000",
                "profile_link_color": "0000FF",
                "name": "USA TODAY",
                "has_extended_profile": false,
                "contributors_enabled": false,
                "profile_background_color": "0092D0",
                "profile_image_url_https": "https://pbs.twimg.com/profile_images/761954996808286209/S15RXwx6_normal.jpg",
                "following": false,
                "favourites_count": 1715,
                "url": "http://t.co/7xDl0vVHSt",
                "geo_enabled": false,
                "follow_request_sent": false,
                "profile_sidebar_fill_color": "FFFFFF",
                "profile_background_image_url_https": "https://pbs.twimg.com/profile_background_images/378800000089862470/7aa9f896147a89917aa047e30ab6ebc2.jpeg",
                "created_at": "Wed Aug 06 19:55:31 +0000 2008",
                "profile_use_background_image": false,
                "description": "The latest news and most interesting stories from USA TODAY. News that's meant to be shared.",
                "profile_background_image_url": "http://pbs.twimg.com/profile_background_images/378800000089862470/7aa9f896147a89917aa047e30ab6ebc2.jpeg",
                "verified": true,
                "entities": {
                    "url": {
                        "urls": [
                            {
                                "expanded_url": "http://www.usatoday.com",
                                "url": "http://t.co/7xDl0vVHSt",
                                "indices": [
                                    0,
                                    22
                                ],
                                "display_url": "usatoday.com"
                            }
                        ]
                    },
                    "description": {
                        "urls": []
                    }
                },
                "profile_banner_url": "https://pbs.twimg.com/profile_banners/15754281/1453833768",
                "utc_offset": -18000,
                "default_profile_image": false,
                "is_translator": false,
                "friends_count": 933,
                "statuses_count": 185157,
                "location": "USA TODAY HQ, McLean, Va.",
                "protected": false,
                "profile_image_url": "http://pbs.twimg.com/profile_images/761954996808286209/S15RXwx6_normal.jpg",
                "lang": "en",
                "profile_sidebar_border_color": "FFFFFF",
                "default_profile": false,
                "is_translation_enabled": false,
                "translator_type": "regular",
                "time_zone": "Eastern Time (US & Canada)"
            },
            "in_reply_to_status_id": null,
            "in_reply_to_user_id_str": null,
            "lang": "en",
            "is_quote_status": false,
            "metadata": {
                "iso_language_code": "en",
                "result_type": "recent"
            }
        },
        {
            "extended_entities": {
                "media": [
                    {
                        "sizes": {
                            "medium": {
                                "h": 630,
                                "w": 1200,
                                "resize": "fit"
                            },
                            "large": {
                                "h": 630,
                                "w": 1200,
                                "resize": "fit"
                            },
                            "thumb": {
                                "h": 150,
                                "w": 150,
                                "resize": "crop"
                            },
                            "small": {
                                "h": 357,
                                "w": 680,
                                "resize": "fit"
                            }
                        },
                        "display_url": "pic.twitter.com/bSv1UEiPez",
                        "media_url": "http://pbs.twimg.com/media/CyI9Y6WUcAAwLnR.jpg",
                        "indices": [
                            83,
                            106
                        ],
                        "id": 802271181814394880,
                        "expanded_url": "https://twitter.com/USATODAY/status/802271184637161473/photo/1",
                        "url": "https://t.co/bSv1UEiPez",
                        "id_str": "802271181814394880",
                        "media_url_https": "https://pbs.twimg.com/media/CyI9Y6WUcAAwLnR.jpg",
                        "type": "photo"
                    }
                ]
            },
            "id_str": "802271184637161473",
            "id": 802271184637161473,
            "coordinates": null,
            "truncated": false,
            "favorite_count": 42,
            "retweeted": false,
            "in_reply_to_screen_name": null,
            "text": "Black Friday? Try 'Green Friday' at legal marijuana stores https://t.co/gs0GBzmpbc https://t.co/bSv1UEiPez",
            "retweet_count": 20,
            "in_reply_to_status_id_str": null,
            "geo": null,
            "in_reply_to_user_id": null,
            "possibly_sensitive": false,
            "created_at": "Fri Nov 25 22:02:10 +0000 2016",
            "source": "<a href=\"http://dlvr.it\" rel=\"nofollow\">dlvr.it</a>",
            "place": null,
            "entities": {
                "symbols": [],
                "urls": [
                    {
                        "expanded_url": "http://usat.ly/2gdRZoz",
                        "url": "https://t.co/gs0GBzmpbc",
                        "indices": [
                            59,
                            82
                        ],
                        "display_url": "usat.ly/2gdRZoz"
                    }
                ],
                "hashtags": [],
                "user_mentions": [],
                "media": [
                    {
                        "sizes": {
                            "medium": {
                                "h": 630,
                                "w": 1200,
                                "resize": "fit"
                            },
                            "large": {
                                "h": 630,
                                "w": 1200,
                                "resize": "fit"
                            },
                            "thumb": {
                                "h": 150,
                                "w": 150,
                                "resize": "crop"
                            },
                            "small": {
                                "h": 357,
                                "w": 680,
                                "resize": "fit"
                            }
                        },
                        "display_url": "pic.twitter.com/bSv1UEiPez",
                        "media_url": "http://pbs.twimg.com/media/CyI9Y6WUcAAwLnR.jpg",
                        "indices": [
                            83,
                            106
                        ],
                        "id": 802271181814394880,
                        "expanded_url": "https://twitter.com/USATODAY/status/802271184637161473/photo/1",
                        "url": "https://t.co/bSv1UEiPez",
                        "id_str": "802271181814394880",
                        "media_url_https": "https://pbs.twimg.com/media/CyI9Y6WUcAAwLnR.jpg",
                        "type": "photo"
                    }
                ]
            },
            "contributors": null,
            "favorited": false,
            "user": {
                "profile_background_tile": false,
                "id_str": "15754281",
                "id": 15754281,
                "followers_count": 2832368,
                "notifications": false,
                "listed_count": 30011,
                "screen_name": "USATODAY",
                "profile_text_color": "000000",
                "profile_link_color": "0000FF",
                "name": "USA TODAY",
                "has_extended_profile": false,
                "contributors_enabled": false,
                "profile_background_color": "0092D0",
                "profile_image_url_https": "https://pbs.twimg.com/profile_images/761954996808286209/S15RXwx6_normal.jpg",
                "following": false,
                "favourites_count": 1715,
                "url": "http://t.co/7xDl0vVHSt",
                "geo_enabled": false,
                "follow_request_sent": false,
                "profile_sidebar_fill_color": "FFFFFF",
                "profile_background_image_url_https": "https://pbs.twimg.com/profile_background_images/378800000089862470/7aa9f896147a89917aa047e30ab6ebc2.jpeg",
                "created_at": "Wed Aug 06 19:55:31 +0000 2008",
                "profile_use_background_image": false,
                "description": "The latest news and most interesting stories from USA TODAY. News that's meant to be shared.",
                "profile_background_image_url": "http://pbs.twimg.com/profile_background_images/378800000089862470/7aa9f896147a89917aa047e30ab6ebc2.jpeg",
                "verified": true,
                "entities": {
                    "url": {
                        "urls": [
                            {
                                "expanded_url": "http://www.usatoday.com",
                                "url": "http://t.co/7xDl0vVHSt",
                                "indices": [
                                    0,
                                    22
                                ],
                                "display_url": "usatoday.com"
                            }
                        ]
                    },
                    "description": {
                        "urls": []
                    }
                },
                "profile_banner_url": "https://pbs.twimg.com/profile_banners/15754281/1453833768",
                "utc_offset": -18000,
                "default_profile_image": false,
                "is_translator": false,
                "friends_count": 933,
                "statuses_count": 185157,
                "location": "USA TODAY HQ, McLean, Va.",
                "protected": false,
                "profile_image_url": "http://pbs.twimg.com/profile_images/761954996808286209/S15RXwx6_normal.jpg",
                "lang": "en",
                "profile_sidebar_border_color": "FFFFFF",
                "default_profile": false,
                "is_translation_enabled": false,
                "translator_type": "regular",
                "time_zone": "Eastern Time (US & Canada)"
            },
            "in_reply_to_status_id": null,
            "in_reply_to_user_id_str": null,
            "lang": "en",
            "is_quote_status": false,
            "metadata": {
                "iso_language_code": "en",
                "result_type": "recent"
            }
        },
        {
            "id_str": "802266541282787332",
            "id": 802266541282787332,
            "coordinates": null,
            "truncated": false,
            "favorite_count": 32,
            "retweeted": false,
            "in_reply_to_screen_name": null,
            "text": "Move over Black Friday, because there\u2019s a new way to celebrate the start of the holiday season: Green Friday. https://t.co/RNZYJrIRWE",
            "retweet_count": 19,
            "in_reply_to_status_id_str": null,
            "geo": null,
            "in_reply_to_user_id": null,
            "possibly_sensitive": false,
            "created_at": "Fri Nov 25 21:43:43 +0000 2016",
            "source": "<a href=\"http://www.hootsuite.com\" rel=\"nofollow\">Hootsuite</a>",
            "place": null,
            "entities": {
                "symbols": [],
                "urls": [
                    {
                        "expanded_url": "http://usat.ly/2fzZ1pm",
                        "url": "https://t.co/RNZYJrIRWE",
                        "indices": [
                            110,
                            133
                        ],
                        "display_url": "usat.ly/2fzZ1pm"
                    }
                ],
                "hashtags": [],
                "user_mentions": []
            },
            "contributors": null,
            "favorited": false,
            "user": {
                "profile_background_tile": false,
                "id_str": "15754281",
                "id": 15754281,
                "followers_count": 2832368,
                "notifications": false,
                "listed_count": 30011,
                "screen_name": "USATODAY",
                "profile_text_color": "000000",
                "profile_link_color": "0000FF",
                "name": "USA TODAY",
                "has_extended_profile": false,
                "contributors_enabled": false,
                "profile_background_color": "0092D0",
                "profile_image_url_https": "https://pbs.twimg.com/profile_images/761954996808286209/S15RXwx6_normal.jpg",
                "following": false,
                "favourites_count": 1715,
                "url": "http://t.co/7xDl0vVHSt",
                "geo_enabled": false,
                "follow_request_sent": false,
                "profile_sidebar_fill_color": "FFFFFF",
                "profile_background_image_url_https": "https://pbs.twimg.com/profile_background_images/378800000089862470/7aa9f896147a89917aa047e30ab6ebc2.jpeg",
                "created_at": "Wed Aug 06 19:55:31 +0000 2008",
                "profile_use_background_image": false,
                "description": "The latest news and most interesting stories from USA TODAY. News that's meant to be shared.",
                "profile_background_image_url": "http://pbs.twimg.com/profile_background_images/378800000089862470/7aa9f896147a89917aa047e30ab6ebc2.jpeg",
                "verified": true,
                "entities": {
                    "url": {
                        "urls": [
                            {
                                "expanded_url": "http://www.usatoday.com",
                                "url": "http://t.co/7xDl0vVHSt",
                                "indices": [
                                    0,
                                    22
                                ],
                                "display_url": "usatoday.com"
                            }
                        ]
                    },
                    "description": {
                        "urls": []
                    }
                },
                "profile_banner_url": "https://pbs.twimg.com/profile_banners/15754281/1453833768",
                "utc_offset": -18000,
                "default_profile_image": false,
                "is_translator": false,
                "friends_count": 933,
                "statuses_count": 185157,
                "location": "USA TODAY HQ, McLean, Va.",
                "protected": false,
                "profile_image_url": "http://pbs.twimg.com/profile_images/761954996808286209/S15RXwx6_normal.jpg",
                "lang": "en",
                "profile_sidebar_border_color": "FFFFFF",
                "default_profile": false,
                "is_translation_enabled": false,
                "translator_type": "regular",
                "time_zone": "Eastern Time (US & Canada)"
            },
            "in_reply_to_status_id": null,
            "in_reply_to_user_id_str": null,
            "lang": "en",
            "is_quote_status": false,
            "metadata": {
                "iso_language_code": "en",
                "result_type": "recent"
            }
        }
    ],
    "search_metadata": {
        "refresh_url": "?since_id=802279474389610496&q=from%3AUSATODAY%20filter%3Alinks%20since%3A2016-11-25%20until%3A2016-11-26%20marihuana%20OR%20marijuana%20OR%20cannabis%20-%40USATODAY&include_entities=1",
        "count": 100,
        "since_id": 0,
        "since_id_str": "0",
        "completed_in": 0.039,
        "max_id": 802279474389610496,
        "max_id_str": "802279474389610496",
        "query": "from%3AUSATODAY+filter%3Alinks+since%3A2016-11-25+until%3A2016-11-26+marihuana+OR+marijuana+OR+cannabis+-%40USATODAY"
    }
}