{
    "statuses": [
        {
            "id_str": "802201235067547649",
            "id": 802201235067547649,
            "coordinates": null,
            "truncated": false,
            "favorite_count": 0,
            "retweeted": false,
            "in_reply_to_screen_name": null,
            "text": "Police: Wife revealed husband's marijuana plants at Sauk City home as revenge https://t.co/4T4Z8sU0nY",
            "retweet_count": 0,
            "in_reply_to_status_id_str": null,
            "geo": null,
            "in_reply_to_user_id": null,
            "possibly_sensitive": false,
            "created_at": "Fri Nov 25 17:24:13 +0000 2016",
            "source": "<a href=\"http://dlvr.it\" rel=\"nofollow\">dlvr.it</a>",
            "place": null,
            "entities": {
                "symbols": [],
                "urls": [
                    {
                        "expanded_url": "http://www.wiscnews.com/news/local/article_51fbde0e-b0e8-59e5-b6e1-5693b57f2890.html",
                        "url": "https://t.co/4T4Z8sU0nY",
                        "indices": [
                            78,
                            101
                        ],
                        "display_url": "wiscnews.com/news/local/art\u2026"
                    }
                ],
                "hashtags": [],
                "user_mentions": []
            },
            "contributors": null,
            "favorited": false,
            "user": {
                "profile_background_tile": false,
                "id_str": "15752446",
                "id": 15752446,
                "followers_count": 52702,
                "notifications": false,
                "listed_count": 1448,
                "screen_name": "WiStateJournal",
                "profile_text_color": "000000",
                "profile_link_color": "0079C0",
                "name": "Wis. State Journal",
                "has_extended_profile": false,
                "contributors_enabled": false,
                "profile_background_color": "74BEE9",
                "profile_image_url_https": "https://pbs.twimg.com/profile_images/684107235945918464/rGv9uwHQ_normal.jpg",
                "following": false,
                "favourites_count": 756,
                "url": "https://t.co/PZZLdacXux",
                "geo_enabled": false,
                "follow_request_sent": false,
                "profile_sidebar_fill_color": "396764",
                "profile_background_image_url_https": "https://pbs.twimg.com/profile_background_images/801276387/fb6fb22728339883e371e2cca931ca3a.jpeg",
                "created_at": "Wed Aug 06 17:28:34 +0000 2008",
                "profile_use_background_image": true,
                "description": "#Madison's largest reporting team. The best source for news, analysis and features about #Wisconsin business, politics, crime, entertainment, sports and more!",
                "profile_background_image_url": "http://pbs.twimg.com/profile_background_images/801276387/fb6fb22728339883e371e2cca931ca3a.jpeg",
                "verified": true,
                "entities": {
                    "url": {
                        "urls": [
                            {
                                "expanded_url": "http://madison.com/wsj",
                                "url": "https://t.co/PZZLdacXux",
                                "indices": [
                                    0,
                                    23
                                ],
                                "display_url": "madison.com/wsj"
                            }
                        ]
                    },
                    "description": {
                        "urls": []
                    }
                },
                "profile_banner_url": "https://pbs.twimg.com/profile_banners/15752446/1428944610",
                "utc_offset": -21600,
                "default_profile_image": false,
                "is_translator": false,
                "friends_count": 1565,
                "statuses_count": 164013,
                "location": "Madison, Wisconsin",
                "protected": false,
                "profile_image_url": "http://pbs.twimg.com/profile_images/684107235945918464/rGv9uwHQ_normal.jpg",
                "lang": "en",
                "profile_sidebar_border_color": "FFFFFF",
                "default_profile": false,
                "is_translation_enabled": false,
                "translator_type": "none",
                "time_zone": "Central Time (US & Canada)"
            },
            "in_reply_to_status_id": null,
            "in_reply_to_user_id_str": null,
            "lang": "en",
            "is_quote_status": false,
            "metadata": {
                "iso_language_code": "en",
                "result_type": "recent"
            }
        }
    ],
    "search_metadata": {
        "refresh_url": "?since_id=802201235067547649&q=from%3AWiStateJournal%20filter%3Alinks%20since%3A2016-11-25%20until%3A2016-11-26%20marihuana%20OR%20marijuana%20OR%20cannabis%20-%40WiStateJournal&include_entities=1",
        "count": 100,
        "since_id": 0,
        "since_id_str": "0",
        "completed_in": 0.067,
        "max_id": 802201235067547649,
        "max_id_str": "802201235067547649",
        "query": "from%3AWiStateJournal+filter%3Alinks+since%3A2016-11-25+until%3A2016-11-26+marihuana+OR+marijuana+OR+cannabis+-%40WiStateJournal"
    }
}