{
    "search_metadata": {
        "since_id_str": "0",
        "completed_in": 0.013,
        "since_id": 0,
        "count": 100,
        "max_id": 803420880390922240,
        "max_id_str": "803420880390922240",
        "refresh_url": "?since_id=803420880390922240&q=from%3Aorlandosentinel%20filter%3Alinks%20since%3A2016-11-24%20until%3A2016-11-25%20Cuba%20OR%20Cubans%20OR%20Castro%20or%20Fidel%20-%40orlandosentinel&include_entities=1",
        "query": "from%3Aorlandosentinel+filter%3Alinks+since%3A2016-11-24+until%3A2016-11-25+Cuba+OR+Cubans+OR+Castro+or+Fidel+-%40orlandosentinel"
    },
    "statuses": []
}