{
    "statuses": [],
    "search_metadata": {
        "since_id": 0,
        "max_id": 803437695829569536,
        "completed_in": 0.015,
        "max_id_str": "803437695829569536",
        "count": 100,
        "since_id_str": "0",
        "query": "from%3Aargusleader+filter%3Alinks+since%3A2016-11-22+until%3A2016-11-23+marihuana+OR+marijuana+OR+cannabis+-%40argusleader",
        "refresh_url": "?since_id=803437695829569536&q=from%3Aargusleader%20filter%3Alinks%20since%3A2016-11-22%20until%3A2016-11-23%20marihuana%20OR%20marijuana%20OR%20cannabis%20-%40argusleader&include_entities=1"
    }
}