{
    "search_metadata": {
        "since_id_str": "0",
        "since_id": 0,
        "count": 100,
        "query": "from%3Achicagotribune+filter%3Alinks+since%3A2016-11-22+until%3A2016-11-23+marihuana+OR+marijuana+OR+cannabis+-%40chicagotribune",
        "max_id": 803435491920084992,
        "max_id_str": "803435491920084992",
        "refresh_url": "?since_id=803435491920084992&q=from%3Achicagotribune%20filter%3Alinks%20since%3A2016-11-22%20until%3A2016-11-23%20marihuana%20OR%20marijuana%20OR%20cannabis%20-%40chicagotribune&include_entities=1",
        "completed_in": 0.021
    },
    "statuses": []
}