{
    "search_metadata": {
        "since_id_str": "0",
        "since_id": 0,
        "count": 100,
        "query": "from%3Adallasnews+filter%3Alinks+since%3A2016-11-22+until%3A2016-11-23+marihuana+OR+marijuana+OR+cannabis+-%40dallasnews",
        "max_id": 803435543195324416,
        "max_id_str": "803435543195324416",
        "refresh_url": "?since_id=803435543195324416&q=from%3Adallasnews%20filter%3Alinks%20since%3A2016-11-22%20until%3A2016-11-23%20marihuana%20OR%20marijuana%20OR%20cannabis%20-%40dallasnews&include_entities=1",
        "completed_in": 0.052
    },
    "statuses": []
}