{
    "search_metadata": {
        "since_id_str": "0",
        "since_id": 0,
        "count": 100,
        "query": "from%3Adenverpost+filter%3Alinks+since%3A2016-11-22+until%3A2016-11-23+marihuana+OR+marijuana+OR+cannabis+-%40denverpost",
        "max_id": 801203610109546496,
        "max_id_str": "801203610109546496",
        "refresh_url": "?since_id=801203610109546496&q=from%3Adenverpost%20filter%3Alinks%20since%3A2016-11-22%20until%3A2016-11-23%20marihuana%20OR%20marijuana%20OR%20cannabis%20-%40denverpost&include_entities=1",
        "completed_in": 0.022
    },
    "statuses": [
        {
            "text": "ATF doubles down on marijuana gun ban, adds more explicit warning to firearm purchase form https://t.co/MCqyY4hT2A\u2026 https://t.co/voRPJTaLDh",
            "is_quote_status": false,
            "possibly_sensitive": false,
            "lang": "en",
            "in_reply_to_screen_name": null,
            "coordinates": null,
            "favorited": false,
            "in_reply_to_user_id": null,
            "place": null,
            "retweeted": false,
            "in_reply_to_status_id_str": null,
            "metadata": {
                "iso_language_code": "en",
                "result_type": "recent"
            },
            "entities": {
                "user_mentions": [],
                "symbols": [],
                "urls": [
                    {
                        "expanded_url": "http://dpo.st/2fOEJJ5",
                        "display_url": "dpo.st/2fOEJJ5",
                        "url": "https://t.co/MCqyY4hT2A",
                        "indices": [
                            91,
                            114
                        ]
                    },
                    {
                        "expanded_url": "https://twitter.com/i/web/status/801203610109546496",
                        "display_url": "twitter.com/i/web/status/8\u2026",
                        "url": "https://t.co/voRPJTaLDh",
                        "indices": [
                            116,
                            139
                        ]
                    }
                ],
                "hashtags": []
            },
            "truncated": true,
            "source": "<a href=\"https://about.twitter.com/products/tweetdeck\" rel=\"nofollow\">TweetDeck</a>",
            "in_reply_to_status_id": null,
            "geo": null,
            "id_str": "801203610109546496",
            "id": 801203610109546496,
            "user": {
                "profile_background_tile": false,
                "protected": false,
                "profile_text_color": "626262",
                "followers_count": 304531,
                "profile_image_url_https": "https://pbs.twimg.com/profile_images/696779704150335488/yF8sCXSN_normal.jpg",
                "translator_type": "regular",
                "following": false,
                "follow_request_sent": false,
                "default_profile": false,
                "profile_sidebar_fill_color": "003459",
                "profile_background_color": "000000",
                "verified": true,
                "statuses_count": 143894,
                "profile_use_background_image": true,
                "friends_count": 631,
                "profile_background_image_url": "http://pbs.twimg.com/profile_background_images/601920030/usz02cw4o5h6j9wgkdca.jpeg",
                "favourites_count": 1131,
                "profile_sidebar_border_color": "000000",
                "has_extended_profile": true,
                "screen_name": "denverpost",
                "profile_background_image_url_https": "https://pbs.twimg.com/profile_background_images/601920030/usz02cw4o5h6j9wgkdca.jpeg",
                "contributors_enabled": false,
                "description": "Colorado's source for breaking news and information. Tweets by @francieswidler @kourtneygeers @ericjlubbers @danielpetty. Send tips here or tips@denverpost.com.",
                "entities": {
                    "description": {
                        "urls": []
                    },
                    "url": {
                        "urls": [
                            {
                                "expanded_url": "http://www.denverpost.com/",
                                "display_url": "denverpost.com",
                                "url": "http://t.co/HvDYiwfHFX",
                                "indices": [
                                    0,
                                    22
                                ]
                            }
                        ]
                    }
                },
                "geo_enabled": true,
                "url": "http://t.co/HvDYiwfHFX",
                "is_translator": false,
                "utc_offset": -25200,
                "profile_link_color": "257DDB",
                "profile_image_url": "http://pbs.twimg.com/profile_images/696779704150335488/yF8sCXSN_normal.jpg",
                "id_str": "8216772",
                "id": 8216772,
                "time_zone": "Mountain Time (US & Canada)",
                "name": "The Denver Post",
                "profile_banner_url": "https://pbs.twimg.com/profile_banners/8216772/1398475184",
                "lang": "en",
                "listed_count": 5488,
                "is_translation_enabled": false,
                "default_profile_image": false,
                "notifications": false,
                "created_at": "Thu Aug 16 04:20:09 +0000 2007",
                "location": "Denver, CO"
            },
            "favorite_count": 2,
            "retweet_count": 4,
            "in_reply_to_user_id_str": null,
            "contributors": null,
            "created_at": "Tue Nov 22 23:20:00 +0000 2016"
        }
    ]
}