{
    "search_metadata": {
        "since_id_str": "0",
        "since_id": 0,
        "count": 100,
        "query": "from%3ADMRegister+filter%3Alinks+since%3A2016-11-22+until%3A2016-11-23+marihuana+OR+marijuana+OR+cannabis+-%40DMRegister",
        "max_id": 800884032372441089,
        "max_id_str": "800884032372441089",
        "refresh_url": "?since_id=800884032372441089&q=from%3ADMRegister%20filter%3Alinks%20since%3A2016-11-22%20until%3A2016-11-23%20marihuana%20OR%20marijuana%20OR%20cannabis%20-%40DMRegister&include_entities=1",
        "completed_in": 0.046
    },
    "statuses": [
        {
            "text": "Police say they also found a scale, packaging material and about $8,000 in cash during last week's search. https://t.co/8uIpu4R5ez",
            "is_quote_status": false,
            "possibly_sensitive": false,
            "lang": "en",
            "in_reply_to_screen_name": null,
            "coordinates": null,
            "favorited": false,
            "in_reply_to_user_id": null,
            "place": null,
            "retweeted": false,
            "in_reply_to_status_id_str": null,
            "metadata": {
                "iso_language_code": "en",
                "result_type": "recent"
            },
            "entities": {
                "user_mentions": [],
                "symbols": [],
                "urls": [
                    {
                        "expanded_url": "http://dmreg.co/2flvLCp",
                        "display_url": "dmreg.co/2flvLCp",
                        "url": "https://t.co/8uIpu4R5ez",
                        "indices": [
                            107,
                            130
                        ]
                    }
                ],
                "hashtags": []
            },
            "truncated": false,
            "source": "<a href=\"http://www.hootsuite.com\" rel=\"nofollow\">Hootsuite</a>",
            "in_reply_to_status_id": null,
            "geo": null,
            "id_str": "800884032372441089",
            "id": 800884032372441089,
            "user": {
                "profile_background_tile": false,
                "protected": false,
                "profile_text_color": "000000",
                "followers_count": 120686,
                "profile_image_url_https": "https://pbs.twimg.com/profile_images/651111022976086016/52Fga2lp_normal.jpg",
                "translator_type": "none",
                "following": false,
                "follow_request_sent": false,
                "default_profile": false,
                "profile_sidebar_fill_color": "E0FF92",
                "profile_background_color": "FFFFFF",
                "verified": true,
                "statuses_count": 56951,
                "profile_use_background_image": true,
                "friends_count": 5104,
                "profile_background_image_url": "http://pbs.twimg.com/profile_background_images/2548271/reglogo.jpg",
                "favourites_count": 729,
                "profile_sidebar_border_color": "87BC44",
                "has_extended_profile": false,
                "screen_name": "DMRegister",
                "profile_background_image_url_https": "https://pbs.twimg.com/profile_background_images/2548271/reglogo.jpg",
                "contributors_enabled": false,
                "description": "Latest headlines from The Des Moines Register",
                "entities": {
                    "description": {
                        "urls": []
                    },
                    "url": {
                        "urls": [
                            {
                                "expanded_url": "http://www.desmoinesregister.com",
                                "display_url": "desmoinesregister.com",
                                "url": "http://t.co/RmnjvtAsaP",
                                "indices": [
                                    0,
                                    22
                                ]
                            }
                        ]
                    }
                },
                "geo_enabled": true,
                "url": "http://t.co/RmnjvtAsaP",
                "is_translator": false,
                "utc_offset": -21600,
                "profile_link_color": "0000FF",
                "profile_image_url": "http://pbs.twimg.com/profile_images/651111022976086016/52Fga2lp_normal.jpg",
                "id_str": "13657922",
                "id": 13657922,
                "time_zone": "Central Time (US & Canada)",
                "name": "Des Moines Register",
                "profile_banner_url": "https://pbs.twimg.com/profile_banners/13657922/1398290852",
                "lang": "en",
                "listed_count": 2228,
                "is_translation_enabled": false,
                "default_profile_image": false,
                "notifications": false,
                "created_at": "Tue Feb 19 04:56:13 +0000 2008",
                "location": "Des Moines, Iowa, USA"
            },
            "favorite_count": 1,
            "retweet_count": 0,
            "in_reply_to_user_id_str": null,
            "contributors": null,
            "created_at": "Tue Nov 22 02:10:07 +0000 2016"
        }
    ]
}