{
    "search_metadata": {
        "since_id_str": "0",
        "since_id": 0,
        "count": 100,
        "query": "from%3AGFTribune+filter%3Alinks+since%3A2016-11-22+until%3A2016-11-23+marihuana+OR+marijuana+OR+cannabis+-%40GFTribune",
        "max_id": 803435520197939200,
        "max_id_str": "803435520197939200",
        "refresh_url": "?since_id=803435520197939200&q=from%3AGFTribune%20filter%3Alinks%20since%3A2016-11-22%20until%3A2016-11-23%20marihuana%20OR%20marijuana%20OR%20cannabis%20-%40GFTribune&include_entities=1",
        "completed_in": 0.039
    },
    "statuses": []
}