{
    "search_metadata": {
        "since_id_str": "0",
        "since_id": 0,
        "count": 100,
        "query": "from%3ALasVegasSun+filter%3Alinks+since%3A2016-11-22+until%3A2016-11-23+marihuana+OR+marijuana+OR+cannabis+-%40LasVegasSun",
        "max_id": 801148746859835392,
        "max_id_str": "801148746859835392",
        "refresh_url": "?since_id=801148746859835392&q=from%3ALasVegasSun%20filter%3Alinks%20since%3A2016-11-22%20until%3A2016-11-23%20marihuana%20OR%20marijuana%20OR%20cannabis%20-%40LasVegasSun&include_entities=1",
        "completed_in": 0.031
    },
    "statuses": [
        {
            "text": "Medical marijuana is legal in California. Except when it\u2019s not.\nhttps://t.co/v3KpSHdRYJ https://t.co/Y4mmFGxJpO",
            "is_quote_status": false,
            "lang": "en",
            "possibly_sensitive": false,
            "extended_entities": {
                "media": [
                    {
                        "display_url": "pic.twitter.com/Y4mmFGxJpO",
                        "media_url_https": "https://pbs.twimg.com/media/Cx5AemxUUAAuS95.jpg",
                        "indices": [
                            88,
                            111
                        ],
                        "type": "photo",
                        "sizes": {
                            "large": {
                                "h": 435,
                                "w": 653,
                                "resize": "fit"
                            },
                            "medium": {
                                "h": 435,
                                "w": 653,
                                "resize": "fit"
                            },
                            "small": {
                                "h": 435,
                                "w": 653,
                                "resize": "fit"
                            },
                            "thumb": {
                                "h": 150,
                                "w": 150,
                                "resize": "crop"
                            }
                        },
                        "expanded_url": "https://twitter.com/LasVegasSun/status/801148746859835392/photo/1",
                        "url": "https://t.co/Y4mmFGxJpO",
                        "id": 801148678266179584,
                        "media_url": "http://pbs.twimg.com/media/Cx5AemxUUAAuS95.jpg",
                        "id_str": "801148678266179584"
                    }
                ]
            },
            "in_reply_to_screen_name": null,
            "coordinates": null,
            "favorited": false,
            "in_reply_to_user_id": null,
            "place": null,
            "retweeted": false,
            "in_reply_to_status_id_str": null,
            "metadata": {
                "iso_language_code": "en",
                "result_type": "recent"
            },
            "entities": {
                "user_mentions": [],
                "media": [
                    {
                        "display_url": "pic.twitter.com/Y4mmFGxJpO",
                        "media_url_https": "https://pbs.twimg.com/media/Cx5AemxUUAAuS95.jpg",
                        "indices": [
                            88,
                            111
                        ],
                        "type": "photo",
                        "sizes": {
                            "large": {
                                "h": 435,
                                "w": 653,
                                "resize": "fit"
                            },
                            "medium": {
                                "h": 435,
                                "w": 653,
                                "resize": "fit"
                            },
                            "small": {
                                "h": 435,
                                "w": 653,
                                "resize": "fit"
                            },
                            "thumb": {
                                "h": 150,
                                "w": 150,
                                "resize": "crop"
                            }
                        },
                        "expanded_url": "https://twitter.com/LasVegasSun/status/801148746859835392/photo/1",
                        "url": "https://t.co/Y4mmFGxJpO",
                        "id": 801148678266179584,
                        "media_url": "http://pbs.twimg.com/media/Cx5AemxUUAAuS95.jpg",
                        "id_str": "801148678266179584"
                    }
                ],
                "symbols": [],
                "urls": [
                    {
                        "expanded_url": "http://bit.ly/2gHta8Q",
                        "display_url": "bit.ly/2gHta8Q",
                        "url": "https://t.co/v3KpSHdRYJ",
                        "indices": [
                            64,
                            87
                        ]
                    }
                ],
                "hashtags": []
            },
            "truncated": false,
            "source": "<a href=\"https://about.twitter.com/products/tweetdeck\" rel=\"nofollow\">TweetDeck</a>",
            "in_reply_to_status_id": null,
            "geo": null,
            "id_str": "801148746859835392",
            "id": 801148746859835392,
            "user": {
                "profile_background_tile": false,
                "protected": false,
                "profile_text_color": "464646",
                "followers_count": 173840,
                "profile_image_url_https": "https://pbs.twimg.com/profile_images/43663402/twittericon_normal.png",
                "translator_type": "none",
                "following": false,
                "follow_request_sent": false,
                "default_profile": false,
                "profile_sidebar_fill_color": "EBEBEB",
                "profile_background_color": "DFDFDF",
                "verified": true,
                "statuses_count": 60865,
                "profile_use_background_image": true,
                "friends_count": 21258,
                "profile_background_image_url": "http://pbs.twimg.com/profile_background_images/1711362/twitterbg.png",
                "favourites_count": 405,
                "profile_sidebar_border_color": "000000",
                "has_extended_profile": false,
                "screen_name": "LasVegasSun",
                "profile_background_image_url_https": "https://pbs.twimg.com/profile_background_images/1711362/twitterbg.png",
                "contributors_enabled": false,
                "description": "Southern Nevada\u2019s award-winning source for news, sports, politics, entertainment and opinion; locally owned and independent since 1950",
                "entities": {
                    "description": {
                        "urls": []
                    },
                    "url": {
                        "urls": [
                            {
                                "expanded_url": "http://www.lasvegassun.com",
                                "display_url": "lasvegassun.com",
                                "url": "http://t.co/Vgbb8zHEUQ",
                                "indices": [
                                    0,
                                    22
                                ]
                            }
                        ]
                    }
                },
                "geo_enabled": true,
                "url": "http://t.co/Vgbb8zHEUQ",
                "is_translator": false,
                "utc_offset": -28800,
                "profile_link_color": "DF620C",
                "profile_image_url": "http://pbs.twimg.com/profile_images/43663402/twittericon_normal.png",
                "id_str": "12055942",
                "id": 12055942,
                "time_zone": "Pacific Time (US & Canada)",
                "name": "Las Vegas Sun",
                "profile_banner_url": "https://pbs.twimg.com/profile_banners/12055942/1398203842",
                "lang": "en",
                "listed_count": 1990,
                "is_translation_enabled": false,
                "default_profile_image": false,
                "notifications": false,
                "created_at": "Thu Jan 10 03:04:11 +0000 2008",
                "location": "Las Vegas, NV"
            },
            "favorite_count": 10,
            "retweet_count": 12,
            "in_reply_to_user_id_str": null,
            "contributors": null,
            "created_at": "Tue Nov 22 19:42:00 +0000 2016"
        }
    ]
}