{
    "search_metadata": {
        "since_id_str": "0",
        "since_id": 0,
        "count": 100,
        "query": "from%3AMiamiHerald+filter%3Alinks+since%3A2016-11-22+until%3A2016-11-23+marihuana+OR+marijuana+OR+cannabis+-%40MiamiHerald",
        "max_id": 801078788922540032,
        "max_id_str": "801078788922540032",
        "refresh_url": "?since_id=801078788922540032&q=from%3AMiamiHerald%20filter%3Alinks%20since%3A2016-11-22%20until%3A2016-11-23%20marihuana%20OR%20marijuana%20OR%20cannabis%20-%40MiamiHerald&include_entities=1",
        "completed_in": 0.067
    },
    "statuses": [
        {
            "text": "McDonald\u2019s manager accused of packing a bag to go \u2014 with marijuana inside https://t.co/epDTrAmcaH https://t.co/SpPPaZl0H4",
            "is_quote_status": false,
            "lang": "en",
            "possibly_sensitive": false,
            "extended_entities": {
                "media": [
                    {
                        "display_url": "pic.twitter.com/SpPPaZl0H4",
                        "media_url_https": "https://pbs.twimg.com/media/Cx38bSFWIAIRTTN.jpg",
                        "indices": [
                            98,
                            121
                        ],
                        "type": "photo",
                        "sizes": {
                            "medium": {
                                "h": 1200,
                                "w": 900,
                                "resize": "fit"
                            },
                            "small": {
                                "h": 680,
                                "w": 510,
                                "resize": "fit"
                            },
                            "large": {
                                "h": 1280,
                                "w": 960,
                                "resize": "fit"
                            },
                            "thumb": {
                                "h": 150,
                                "w": 150,
                                "resize": "crop"
                            }
                        },
                        "expanded_url": "https://twitter.com/MiamiHerald/status/801078788922540032/photo/1",
                        "url": "https://t.co/SpPPaZl0H4",
                        "id": 801073854382743554,
                        "media_url": "http://pbs.twimg.com/media/Cx38bSFWIAIRTTN.jpg",
                        "id_str": "801073854382743554"
                    }
                ]
            },
            "in_reply_to_screen_name": null,
            "coordinates": null,
            "favorited": false,
            "in_reply_to_user_id": null,
            "place": null,
            "retweeted": false,
            "in_reply_to_status_id_str": null,
            "metadata": {
                "iso_language_code": "en",
                "result_type": "recent"
            },
            "entities": {
                "user_mentions": [],
                "media": [
                    {
                        "display_url": "pic.twitter.com/SpPPaZl0H4",
                        "media_url_https": "https://pbs.twimg.com/media/Cx38bSFWIAIRTTN.jpg",
                        "indices": [
                            98,
                            121
                        ],
                        "type": "photo",
                        "sizes": {
                            "medium": {
                                "h": 1200,
                                "w": 900,
                                "resize": "fit"
                            },
                            "small": {
                                "h": 680,
                                "w": 510,
                                "resize": "fit"
                            },
                            "large": {
                                "h": 1280,
                                "w": 960,
                                "resize": "fit"
                            },
                            "thumb": {
                                "h": 150,
                                "w": 150,
                                "resize": "crop"
                            }
                        },
                        "expanded_url": "https://twitter.com/MiamiHerald/status/801078788922540032/photo/1",
                        "url": "https://t.co/SpPPaZl0H4",
                        "id": 801073854382743554,
                        "media_url": "http://pbs.twimg.com/media/Cx38bSFWIAIRTTN.jpg",
                        "id_str": "801073854382743554"
                    }
                ],
                "symbols": [],
                "urls": [
                    {
                        "expanded_url": "http://hrld.us/2fBudSK",
                        "display_url": "hrld.us/2fBudSK",
                        "url": "https://t.co/epDTrAmcaH",
                        "indices": [
                            74,
                            97
                        ]
                    }
                ],
                "hashtags": []
            },
            "truncated": false,
            "source": "<a href=\"https://about.twitter.com/products/tweetdeck\" rel=\"nofollow\">TweetDeck</a>",
            "in_reply_to_status_id": null,
            "geo": null,
            "id_str": "801078788922540032",
            "id": 801078788922540032,
            "user": {
                "profile_background_tile": false,
                "protected": false,
                "profile_text_color": "333333",
                "followers_count": 309344,
                "profile_image_url_https": "https://pbs.twimg.com/profile_images/528285037498609664/JCw0pEvY_normal.jpeg",
                "translator_type": "none",
                "following": true,
                "follow_request_sent": false,
                "default_profile": false,
                "profile_sidebar_fill_color": "EBECED",
                "profile_background_color": "FFFFFF",
                "verified": true,
                "statuses_count": 128394,
                "profile_use_background_image": true,
                "friends_count": 806,
                "profile_background_image_url": "http://pbs.twimg.com/profile_background_images/378800000013900789/a5a81b70f38bf7124af93439787031d0.jpeg",
                "favourites_count": 287,
                "profile_sidebar_border_color": "FFFFFF",
                "has_extended_profile": false,
                "screen_name": "MiamiHerald",
                "profile_background_image_url_https": "https://pbs.twimg.com/profile_background_images/378800000013900789/a5a81b70f38bf7124af93439787031d0.jpeg",
                "contributors_enabled": false,
                "description": "The news. Every day. Your way.\nInstagram: https://t.co/EBuss8QhEl\nFacebook: https://t.co/C8sShSEs0S\nSnapchat: miamiherald",
                "entities": {
                    "description": {
                        "urls": [
                            {
                                "expanded_url": "http://hrld.us/instagram",
                                "display_url": "hrld.us/instagram",
                                "url": "https://t.co/EBuss8QhEl",
                                "indices": [
                                    42,
                                    65
                                ]
                            },
                            {
                                "expanded_url": "http://hrld.us/facebook",
                                "display_url": "hrld.us/facebook",
                                "url": "https://t.co/C8sShSEs0S",
                                "indices": [
                                    76,
                                    99
                                ]
                            }
                        ]
                    },
                    "url": {
                        "urls": [
                            {
                                "expanded_url": "http://www.miamiherald.com",
                                "display_url": "miamiherald.com",
                                "url": "http://t.co/6KpRmDdPe2",
                                "indices": [
                                    0,
                                    22
                                ]
                            }
                        ]
                    }
                },
                "geo_enabled": true,
                "url": "http://t.co/6KpRmDdPe2",
                "is_translator": false,
                "utc_offset": -18000,
                "profile_link_color": "0060AF",
                "profile_image_url": "http://pbs.twimg.com/profile_images/528285037498609664/JCw0pEvY_normal.jpeg",
                "id_str": "14085040",
                "id": 14085040,
                "time_zone": "Eastern Time (US & Canada)",
                "name": "Miami Herald",
                "profile_banner_url": "https://pbs.twimg.com/profile_banners/14085040/1401331083",
                "lang": "en",
                "listed_count": 5556,
                "is_translation_enabled": false,
                "default_profile_image": false,
                "notifications": false,
                "created_at": "Wed Mar 05 21:04:05 +0000 2008",
                "location": "Miami, FL"
            },
            "favorite_count": 4,
            "retweet_count": 7,
            "in_reply_to_user_id_str": null,
            "contributors": null,
            "created_at": "Tue Nov 22 15:04:01 +0000 2016"
        },
        {
            "text": "McDonald\u2019s manager accused of packing a bag to go \u2014 with marijuana inside https://t.co/rJQ2dv7tbv https://t.co/zRJH34Io91",
            "is_quote_status": false,
            "lang": "en",
            "possibly_sensitive": false,
            "extended_entities": {
                "media": [
                    {
                        "display_url": "pic.twitter.com/zRJH34Io91",
                        "media_url_https": "https://pbs.twimg.com/media/Cx3_KpJWQAAAnDH.jpg",
                        "indices": [
                            98,
                            121
                        ],
                        "type": "photo",
                        "sizes": {
                            "large": {
                                "h": 640,
                                "w": 480,
                                "resize": "fit"
                            },
                            "small": {
                                "h": 640,
                                "w": 480,
                                "resize": "fit"
                            },
                            "medium": {
                                "h": 640,
                                "w": 480,
                                "resize": "fit"
                            },
                            "thumb": {
                                "h": 150,
                                "w": 150,
                                "resize": "crop"
                            }
                        },
                        "expanded_url": "https://twitter.com/MiamiHerald/status/801076885535031296/photo/1",
                        "url": "https://t.co/zRJH34Io91",
                        "id": 801076867050651648,
                        "media_url": "http://pbs.twimg.com/media/Cx3_KpJWQAAAnDH.jpg",
                        "id_str": "801076867050651648"
                    }
                ]
            },
            "in_reply_to_screen_name": null,
            "coordinates": null,
            "favorited": false,
            "in_reply_to_user_id": null,
            "place": null,
            "retweeted": false,
            "in_reply_to_status_id_str": null,
            "metadata": {
                "iso_language_code": "en",
                "result_type": "recent"
            },
            "entities": {
                "user_mentions": [],
                "media": [
                    {
                        "display_url": "pic.twitter.com/zRJH34Io91",
                        "media_url_https": "https://pbs.twimg.com/media/Cx3_KpJWQAAAnDH.jpg",
                        "indices": [
                            98,
                            121
                        ],
                        "type": "photo",
                        "sizes": {
                            "large": {
                                "h": 640,
                                "w": 480,
                                "resize": "fit"
                            },
                            "small": {
                                "h": 640,
                                "w": 480,
                                "resize": "fit"
                            },
                            "medium": {
                                "h": 640,
                                "w": 480,
                                "resize": "fit"
                            },
                            "thumb": {
                                "h": 150,
                                "w": 150,
                                "resize": "crop"
                            }
                        },
                        "expanded_url": "https://twitter.com/MiamiHerald/status/801076885535031296/photo/1",
                        "url": "https://t.co/zRJH34Io91",
                        "id": 801076867050651648,
                        "media_url": "http://pbs.twimg.com/media/Cx3_KpJWQAAAnDH.jpg",
                        "id_str": "801076867050651648"
                    }
                ],
                "symbols": [],
                "urls": [
                    {
                        "expanded_url": "http://ow.ly/biSg306q05X",
                        "display_url": "ow.ly/biSg306q05X",
                        "url": "https://t.co/rJQ2dv7tbv",
                        "indices": [
                            74,
                            97
                        ]
                    }
                ],
                "hashtags": []
            },
            "truncated": false,
            "source": "<a href=\"https://about.twitter.com/products/tweetdeck\" rel=\"nofollow\">TweetDeck</a>",
            "in_reply_to_status_id": null,
            "geo": null,
            "id_str": "801076885535031296",
            "id": 801076885535031296,
            "user": {
                "profile_background_tile": false,
                "protected": false,
                "profile_text_color": "333333",
                "followers_count": 309344,
                "profile_image_url_https": "https://pbs.twimg.com/profile_images/528285037498609664/JCw0pEvY_normal.jpeg",
                "translator_type": "none",
                "following": true,
                "follow_request_sent": false,
                "default_profile": false,
                "profile_sidebar_fill_color": "EBECED",
                "profile_background_color": "FFFFFF",
                "verified": true,
                "statuses_count": 128394,
                "profile_use_background_image": true,
                "friends_count": 806,
                "profile_background_image_url": "http://pbs.twimg.com/profile_background_images/378800000013900789/a5a81b70f38bf7124af93439787031d0.jpeg",
                "favourites_count": 287,
                "profile_sidebar_border_color": "FFFFFF",
                "has_extended_profile": false,
                "screen_name": "MiamiHerald",
                "profile_background_image_url_https": "https://pbs.twimg.com/profile_background_images/378800000013900789/a5a81b70f38bf7124af93439787031d0.jpeg",
                "contributors_enabled": false,
                "description": "The news. Every day. Your way.\nInstagram: https://t.co/EBuss8QhEl\nFacebook: https://t.co/C8sShSEs0S\nSnapchat: miamiherald",
                "entities": {
                    "description": {
                        "urls": [
                            {
                                "expanded_url": "http://hrld.us/instagram",
                                "display_url": "hrld.us/instagram",
                                "url": "https://t.co/EBuss8QhEl",
                                "indices": [
                                    42,
                                    65
                                ]
                            },
                            {
                                "expanded_url": "http://hrld.us/facebook",
                                "display_url": "hrld.us/facebook",
                                "url": "https://t.co/C8sShSEs0S",
                                "indices": [
                                    76,
                                    99
                                ]
                            }
                        ]
                    },
                    "url": {
                        "urls": [
                            {
                                "expanded_url": "http://www.miamiherald.com",
                                "display_url": "miamiherald.com",
                                "url": "http://t.co/6KpRmDdPe2",
                                "indices": [
                                    0,
                                    22
                                ]
                            }
                        ]
                    }
                },
                "geo_enabled": true,
                "url": "http://t.co/6KpRmDdPe2",
                "is_translator": false,
                "utc_offset": -18000,
                "profile_link_color": "0060AF",
                "profile_image_url": "http://pbs.twimg.com/profile_images/528285037498609664/JCw0pEvY_normal.jpeg",
                "id_str": "14085040",
                "id": 14085040,
                "time_zone": "Eastern Time (US & Canada)",
                "name": "Miami Herald",
                "profile_banner_url": "https://pbs.twimg.com/profile_banners/14085040/1401331083",
                "lang": "en",
                "listed_count": 5556,
                "is_translation_enabled": false,
                "default_profile_image": false,
                "notifications": false,
                "created_at": "Wed Mar 05 21:04:05 +0000 2008",
                "location": "Miami, FL"
            },
            "favorite_count": 1,
            "retweet_count": 1,
            "in_reply_to_user_id_str": null,
            "contributors": null,
            "created_at": "Tue Nov 22 14:56:27 +0000 2016"
        }
    ]
}