{
    "statuses": [],
    "search_metadata": {
        "since_id": 0,
        "max_id": 803437700187504644,
        "completed_in": 0.044,
        "max_id_str": "803437700187504644",
        "count": 100,
        "since_id_str": "0",
        "query": "from%3ARCJournal+filter%3Alinks+since%3A2016-11-22+until%3A2016-11-23+marihuana+OR+marijuana+OR+cannabis+-%40RCJournal",
        "refresh_url": "?since_id=803437700187504644&q=from%3ARCJournal%20filter%3Alinks%20since%3A2016-11-22%20until%3A2016-11-23%20marihuana%20OR%20marijuana%20OR%20cannabis%20-%40RCJournal&include_entities=1"
    }
}