{
    "statuses": [],
    "search_metadata": {
        "since_id": 0,
        "max_id": 803437691282944000,
        "completed_in": 0.06,
        "max_id_str": "803437691282944000",
        "count": 100,
        "since_id_str": "0",
        "query": "from%3Aregisterguard+filter%3Alinks+since%3A2016-11-22+until%3A2016-11-23+marihuana+OR+marijuana+OR+cannabis+-%40registerguard",
        "refresh_url": "?since_id=803437691282944000&q=from%3Aregisterguard%20filter%3Alinks%20since%3A2016-11-22%20until%3A2016-11-23%20marihuana%20OR%20marijuana%20OR%20cannabis%20-%40registerguard&include_entities=1"
    }
}