{
    "statuses": [
        {
            "entities": {
                "urls": [
                    {
                        "url": "https://t.co/2Z0WVBqoEv",
                        "display_url": "tnne.ws/2gz5uT1",
                        "expanded_url": "http://tnne.ws/2gz5uT1",
                        "indices": [
                            111,
                            134
                        ]
                    }
                ],
                "symbols": [],
                "hashtags": [],
                "user_mentions": []
            },
            "source": "<a href=\"http://www.hootsuite.com\" rel=\"nofollow\">Hootsuite</a>",
            "in_reply_to_status_id": null,
            "geo": null,
            "lang": "en",
            "favorited": false,
            "in_reply_to_screen_name": null,
            "text": "Nearly $134,400 worth of high-grade marijuana and eight firearms were confiscated from a La Vergne residence,  https://t.co/2Z0WVBqoEv",
            "user": {
                "entities": {
                    "url": {
                        "urls": [
                            {
                                "url": "https://t.co/T6AdVLwGte",
                                "display_url": "tennessean.com",
                                "expanded_url": "http://www.tennessean.com",
                                "indices": [
                                    0,
                                    23
                                ]
                            }
                        ]
                    },
                    "description": {
                        "urls": []
                    }
                },
                "listed_count": 2453,
                "favourites_count": 4984,
                "profile_text_color": "333333",
                "default_profile_image": false,
                "time_zone": "Central Time (US & Canada)",
                "notifications": false,
                "description": "Serving Nashville & Middle Tennessee with the highest quality news. Tweets by @hAfrolocks, @shellacandvinyl, @TNkkraft, @JGarcia36, @kyleahjasmine & @madalynmh.",
                "is_translation_enabled": false,
                "profile_background_tile": true,
                "protected": false,
                "geo_enabled": true,
                "profile_background_image_url": "http://pbs.twimg.com/profile_background_images/378800000028168399/1a81c46354fb7df02f89b2a22acfc37e.jpeg",
                "friends_count": 4107,
                "default_profile": false,
                "created_at": "Wed Oct 08 00:08:44 +0000 2008",
                "has_extended_profile": false,
                "screen_name": "Tennessean",
                "is_translator": false,
                "translator_type": "regular",
                "profile_sidebar_border_color": "FFFFFF",
                "following": false,
                "lang": "en",
                "id": 16639736,
                "profile_banner_url": "https://pbs.twimg.com/profile_banners/16639736/1472760641",
                "contributors_enabled": false,
                "profile_sidebar_fill_color": "E6F6F9",
                "profile_image_url_https": "https://pbs.twimg.com/profile_images/781354519493873664/EiiXcrVw_normal.jpg",
                "profile_background_image_url_https": "https://pbs.twimg.com/profile_background_images/378800000028168399/1a81c46354fb7df02f89b2a22acfc37e.jpeg",
                "profile_link_color": "009999",
                "verified": true,
                "statuses_count": 93970,
                "id_str": "16639736",
                "location": "Nashville, TN",
                "name": "The Tennessean",
                "utc_offset": -21600,
                "url": "https://t.co/T6AdVLwGte",
                "follow_request_sent": false,
                "followers_count": 198673,
                "profile_image_url": "http://pbs.twimg.com/profile_images/781354519493873664/EiiXcrVw_normal.jpg",
                "profile_use_background_image": true,
                "profile_background_color": "131516"
            },
            "coordinates": null,
            "created_at": "Tue Nov 22 23:00:23 +0000 2016",
            "in_reply_to_user_id": null,
            "metadata": {
                "iso_language_code": "en",
                "result_type": "recent"
            },
            "retweeted": false,
            "is_quote_status": false,
            "truncated": false,
            "id": 801198670922338304,
            "contributors": null,
            "favorite_count": 0,
            "in_reply_to_status_id_str": null,
            "retweet_count": 1,
            "id_str": "801198670922338304",
            "possibly_sensitive": false,
            "place": null,
            "in_reply_to_user_id_str": null
        },
        {
            "entities": {
                "urls": [
                    {
                        "url": "https://t.co/bwdJRsnwuO",
                        "display_url": "tnne.ws/2fM6kdV",
                        "expanded_url": "http://tnne.ws/2fM6kdV",
                        "indices": [
                            58,
                            81
                        ]
                    }
                ],
                "symbols": [],
                "hashtags": [
                    {
                        "text": "Nashville",
                        "indices": [
                            0,
                            10
                        ]
                    }
                ],
                "user_mentions": []
            },
            "source": "<a href=\"http://www.hootsuite.com\" rel=\"nofollow\">Hootsuite</a>",
            "in_reply_to_status_id": null,
            "geo": null,
            "lang": "en",
            "favorited": false,
            "in_reply_to_screen_name": null,
            "text": "#Nashville sticks with marijuana law despite AG's opinion https://t.co/bwdJRsnwuO",
            "user": {
                "entities": {
                    "url": {
                        "urls": [
                            {
                                "url": "https://t.co/T6AdVLwGte",
                                "display_url": "tennessean.com",
                                "expanded_url": "http://www.tennessean.com",
                                "indices": [
                                    0,
                                    23
                                ]
                            }
                        ]
                    },
                    "description": {
                        "urls": []
                    }
                },
                "listed_count": 2453,
                "favourites_count": 4984,
                "profile_text_color": "333333",
                "default_profile_image": false,
                "time_zone": "Central Time (US & Canada)",
                "notifications": false,
                "description": "Serving Nashville & Middle Tennessee with the highest quality news. Tweets by @hAfrolocks, @shellacandvinyl, @TNkkraft, @JGarcia36, @kyleahjasmine & @madalynmh.",
                "is_translation_enabled": false,
                "profile_background_tile": true,
                "protected": false,
                "geo_enabled": true,
                "profile_background_image_url": "http://pbs.twimg.com/profile_background_images/378800000028168399/1a81c46354fb7df02f89b2a22acfc37e.jpeg",
                "friends_count": 4107,
                "default_profile": false,
                "created_at": "Wed Oct 08 00:08:44 +0000 2008",
                "has_extended_profile": false,
                "screen_name": "Tennessean",
                "is_translator": false,
                "translator_type": "regular",
                "profile_sidebar_border_color": "FFFFFF",
                "following": false,
                "lang": "en",
                "id": 16639736,
                "profile_banner_url": "https://pbs.twimg.com/profile_banners/16639736/1472760641",
                "contributors_enabled": false,
                "profile_sidebar_fill_color": "E6F6F9",
                "profile_image_url_https": "https://pbs.twimg.com/profile_images/781354519493873664/EiiXcrVw_normal.jpg",
                "profile_background_image_url_https": "https://pbs.twimg.com/profile_background_images/378800000028168399/1a81c46354fb7df02f89b2a22acfc37e.jpeg",
                "profile_link_color": "009999",
                "verified": true,
                "statuses_count": 93970,
                "id_str": "16639736",
                "location": "Nashville, TN",
                "name": "The Tennessean",
                "utc_offset": -21600,
                "url": "https://t.co/T6AdVLwGte",
                "follow_request_sent": false,
                "followers_count": 198673,
                "profile_image_url": "http://pbs.twimg.com/profile_images/781354519493873664/EiiXcrVw_normal.jpg",
                "profile_use_background_image": true,
                "profile_background_color": "131516"
            },
            "coordinates": null,
            "created_at": "Tue Nov 22 02:00:19 +0000 2016",
            "in_reply_to_user_id": null,
            "metadata": {
                "iso_language_code": "en",
                "result_type": "recent"
            },
            "retweeted": false,
            "is_quote_status": false,
            "truncated": false,
            "id": 800881565597200385,
            "contributors": null,
            "favorite_count": 13,
            "in_reply_to_status_id_str": null,
            "retweet_count": 6,
            "id_str": "800881565597200385",
            "possibly_sensitive": false,
            "place": null,
            "in_reply_to_user_id_str": null
        }
    ],
    "search_metadata": {
        "since_id": 0,
        "max_id": 801198670922338304,
        "completed_in": 0.061,
        "max_id_str": "801198670922338304",
        "count": 100,
        "since_id_str": "0",
        "query": "from%3ATennessean+filter%3Alinks+since%3A2016-11-22+until%3A2016-11-23+marihuana+OR+marijuana+OR+cannabis+-%40Tennessean",
        "refresh_url": "?since_id=801198670922338304&q=from%3ATennessean%20filter%3Alinks%20since%3A2016-11-22%20until%3A2016-11-23%20marihuana%20OR%20marijuana%20OR%20cannabis%20-%40Tennessean&include_entities=1"
    }
}