{
    "search_metadata": {
        "since_id_str": "0",
        "since_id": 0,
        "count": 100,
        "query": "from%3AWSJ+filter%3Alinks+since%3A2016-11-22+until%3A2016-11-23+marihuana+OR+marijuana+OR+cannabis+-%40WSJ",
        "max_id": 801119578252308480,
        "max_id_str": "801119578252308480",
        "refresh_url": "?since_id=801119578252308480&q=from%3AWSJ%20filter%3Alinks%20since%3A2016-11-22%20until%3A2016-11-23%20marihuana%20OR%20marijuana%20OR%20cannabis%20-%40WSJ&include_entities=1",
        "completed_in": 0.029
    },
    "statuses": [
        {
            "text": "Legal marijuana poses new problems for employee drug testing https://t.co/YGT4dsUCw7",
            "is_quote_status": false,
            "possibly_sensitive": false,
            "lang": "en",
            "in_reply_to_screen_name": null,
            "coordinates": null,
            "favorited": false,
            "in_reply_to_user_id": null,
            "place": null,
            "retweeted": false,
            "in_reply_to_status_id_str": null,
            "metadata": {
                "iso_language_code": "en",
                "result_type": "recent"
            },
            "entities": {
                "user_mentions": [],
                "symbols": [],
                "urls": [
                    {
                        "expanded_url": "http://on.wsj.com/2gGFyWs",
                        "display_url": "on.wsj.com/2gGFyWs",
                        "url": "https://t.co/YGT4dsUCw7",
                        "indices": [
                            61,
                            84
                        ]
                    }
                ],
                "hashtags": []
            },
            "truncated": false,
            "source": "<a href=\"http://www.socialflow.com\" rel=\"nofollow\">SocialFlow</a>",
            "in_reply_to_status_id": null,
            "geo": null,
            "id_str": "801119578252308480",
            "id": 801119578252308480,
            "user": {
                "profile_background_tile": false,
                "protected": false,
                "profile_text_color": "333333",
                "followers_count": 12295983,
                "profile_image_url_https": "https://pbs.twimg.com/profile_images/685113343204585473/jV72Zljq_normal.jpg",
                "translator_type": "regular",
                "following": true,
                "follow_request_sent": false,
                "default_profile": false,
                "profile_sidebar_fill_color": "EFEFEF",
                "profile_background_color": "EDF2F5",
                "verified": true,
                "statuses_count": 180063,
                "profile_use_background_image": false,
                "friends_count": 1075,
                "profile_background_image_url": "http://pbs.twimg.com/profile_background_images/378800000026078008/c07ad7d60f01c3a836dd701fc3f71233.jpeg",
                "favourites_count": 1299,
                "profile_sidebar_border_color": "FFFFFF",
                "has_extended_profile": false,
                "screen_name": "WSJ",
                "profile_background_image_url_https": "https://pbs.twimg.com/profile_background_images/378800000026078008/c07ad7d60f01c3a836dd701fc3f71233.jpeg",
                "contributors_enabled": false,
                "description": "Breaking news and features from the WSJ.",
                "entities": {
                    "description": {
                        "urls": []
                    },
                    "url": {
                        "urls": [
                            {
                                "expanded_url": "http://wsj.com",
                                "display_url": "wsj.com",
                                "url": "https://t.co/GhhR6PLfem",
                                "indices": [
                                    0,
                                    23
                                ]
                            }
                        ]
                    }
                },
                "geo_enabled": true,
                "url": "https://t.co/GhhR6PLfem",
                "is_translator": false,
                "utc_offset": -18000,
                "profile_link_color": "1164B8",
                "profile_image_url": "http://pbs.twimg.com/profile_images/685113343204585473/jV72Zljq_normal.jpg",
                "id_str": "3108351",
                "id": 3108351,
                "time_zone": "Eastern Time (US & Canada)",
                "name": "Wall Street Journal",
                "profile_banner_url": "https://pbs.twimg.com/profile_banners/3108351/1462483236",
                "lang": "en",
                "listed_count": 102393,
                "is_translation_enabled": true,
                "default_profile_image": false,
                "notifications": false,
                "created_at": "Sun Apr 01 06:22:13 +0000 2007",
                "location": "New York, NY"
            },
            "favorite_count": 97,
            "retweet_count": 92,
            "in_reply_to_user_id_str": null,
            "contributors": null,
            "created_at": "Tue Nov 22 17:46:06 +0000 2016"
        }
    ]
}