{
    "statuses": [
        {
            "id_str": "802393371482488832",
            "favorite_count": 19,
            "user": {
                "id_str": "95431448",
                "protected": false,
                "profile_use_background_image": true,
                "profile_sidebar_fill_color": "FFFFFF",
                "following": false,
                "profile_link_color": "050505",
                "verified": true,
                "id": 95431448,
                "contributors_enabled": false,
                "favourites_count": 228,
                "name": "The Boston Globe",
                "location": "Boston, MA",
                "geo_enabled": true,
                "listed_count": 9206,
                "profile_image_url_https": "https://pbs.twimg.com/profile_images/586570157734019072/Qxz1LIIM_normal.png",
                "profile_background_tile": false,
                "default_profile": false,
                "statuses_count": 206491,
                "has_extended_profile": false,
                "created_at": "Tue Dec 08 14:33:38 +0000 2009",
                "friends_count": 1240,
                "profile_banner_url": "https://pbs.twimg.com/profile_banners/95431448/1466441870",
                "translator_type": "regular",
                "profile_sidebar_border_color": "FFFFFF",
                "profile_background_image_url_https": "https://pbs.twimg.com/profile_background_images/378800000003877254/c79663e95d0e284ce165db703dffd474.jpeg",
                "url": "http://t.co/g2XphqdJIo",
                "follow_request_sent": false,
                "entities": {
                    "description": {
                        "urls": [
                            {
                                "indices": [
                                    133,
                                    156
                                ],
                                "expanded_url": "https://twitter.com/BostonGlobe/lists/globe-journalists",
                                "display_url": "twitter.com/BostonGlobe/li\u2026",
                                "url": "https://t.co/KPOiZTQG87"
                            }
                        ]
                    },
                    "url": {
                        "urls": [
                            {
                                "indices": [
                                    0,
                                    22
                                ],
                                "expanded_url": "http://bostonglobe.com",
                                "display_url": "bostonglobe.com",
                                "url": "http://t.co/g2XphqdJIo"
                            }
                        ]
                    }
                },
                "time_zone": "Eastern Time (US & Canada)",
                "screen_name": "BostonGlobe",
                "profile_background_image_url": "http://pbs.twimg.com/profile_background_images/378800000003877254/c79663e95d0e284ce165db703dffd474.jpeg",
                "description": "Boston and New England's leading source for breaking news and analysis, with coverage from across the world. Follow our journalists: https://t.co/KPOiZTQG87",
                "profile_image_url": "http://pbs.twimg.com/profile_images/586570157734019072/Qxz1LIIM_normal.png",
                "is_translator": false,
                "utc_offset": -18000,
                "lang": "en",
                "notifications": false,
                "profile_background_color": "EDECE9",
                "followers_count": 562189,
                "default_profile_image": false,
                "profile_text_color": "000000",
                "is_translation_enabled": false
            },
            "coordinates": null,
            "retweet_count": 25,
            "place": null,
            "id": 802393371482488832,
            "created_at": "Sat Nov 26 06:07:42 +0000 2016",
            "text": "\u2018\u2018Socialism or death\u2019\u2019 remained Fidel Castro\u2019s rallying cry even as Western-style democracy swept the globe.\u2026 https://t.co/tYKzabu9fL",
            "possibly_sensitive": false,
            "entities": {
                "user_mentions": [],
                "symbols": [],
                "hashtags": [],
                "urls": [
                    {
                        "indices": [
                            110,
                            133
                        ],
                        "expanded_url": "https://twitter.com/i/web/status/802393371482488832",
                        "display_url": "twitter.com/i/web/status/8\u2026",
                        "url": "https://t.co/tYKzabu9fL"
                    }
                ]
            },
            "source": "<a href=\"http://www.socialflow.com\" rel=\"nofollow\">SocialFlow</a>",
            "in_reply_to_user_id": null,
            "in_reply_to_status_id_str": null,
            "lang": "en",
            "truncated": true,
            "in_reply_to_status_id": null,
            "retweeted": false,
            "geo": null,
            "metadata": {
                "iso_language_code": "en",
                "result_type": "recent"
            },
            "is_quote_status": false,
            "contributors": null,
            "in_reply_to_user_id_str": null,
            "favorited": false,
            "in_reply_to_screen_name": null
        }
    ],
    "search_metadata": {
        "since_id_str": "0",
        "count": 100,
        "completed_in": 0.064,
        "since_id": 0,
        "max_id_str": "802393371482488832",
        "max_id": 802393371482488832,
        "refresh_url": "?since_id=802393371482488832&q=from%3ABostonGlobe%20filter%3Alinks%20since%3A2016-11-26%20until%3A2016-11-27%20Cuba%20OR%20Cubans%20OR%20Castro%20or%20Fidel%20-%40BostonGlobe&include_entities=1",
        "query": "from%3ABostonGlobe+filter%3Alinks+since%3A2016-11-26+until%3A2016-11-27+Cuba+OR+Cubans+OR+Castro+or+Fidel+-%40BostonGlobe"
    }
}