{
    "statuses": [],
    "search_metadata": {
        "since_id_str": "0",
        "count": 100,
        "completed_in": 0.015,
        "since_id": 0,
        "max_id_str": "803426911821017088",
        "max_id": 803426911821017088,
        "refresh_url": "?since_id=803426911821017088&q=from%3Akansasdotcom%20filter%3Alinks%20since%3A2016-11-26%20until%3A2016-11-27%20Cuba%20OR%20Cubans%20OR%20Castro%20or%20Fidel%20-%40kansasdotcom&include_entities=1",
        "query": "from%3Akansasdotcom+filter%3Alinks+since%3A2016-11-26+until%3A2016-11-27+Cuba+OR+Cubans+OR+Castro+or+Fidel+-%40kansasdotcom"
    }
}