{
    "statuses": [
        {
            "id_str": "802576371688030209",
            "in_reply_to_status_id_str": null,
            "user": {
                "id_str": "14085040",
                "protected": false,
                "profile_use_background_image": true,
                "profile_sidebar_fill_color": "EBECED",
                "following": true,
                "profile_link_color": "0060AF",
                "verified": true,
                "id": 14085040,
                "contributors_enabled": false,
                "favourites_count": 287,
                "name": "Miami Herald",
                "location": "Miami, FL",
                "geo_enabled": true,
                "listed_count": 5555,
                "profile_image_url_https": "https://pbs.twimg.com/profile_images/528285037498609664/JCw0pEvY_normal.jpeg",
                "profile_background_tile": false,
                "default_profile": false,
                "statuses_count": 128391,
                "has_extended_profile": false,
                "created_at": "Wed Mar 05 21:04:05 +0000 2008",
                "friends_count": 806,
                "profile_banner_url": "https://pbs.twimg.com/profile_banners/14085040/1401331083",
                "translator_type": "none",
                "profile_sidebar_border_color": "FFFFFF",
                "profile_background_image_url_https": "https://pbs.twimg.com/profile_background_images/378800000013900789/a5a81b70f38bf7124af93439787031d0.jpeg",
                "url": "http://t.co/6KpRmDdPe2",
                "follow_request_sent": false,
                "entities": {
                    "description": {
                        "urls": [
                            {
                                "indices": [
                                    42,
                                    65
                                ],
                                "expanded_url": "http://hrld.us/instagram",
                                "display_url": "hrld.us/instagram",
                                "url": "https://t.co/EBuss8QhEl"
                            },
                            {
                                "indices": [
                                    76,
                                    99
                                ],
                                "expanded_url": "http://hrld.us/facebook",
                                "display_url": "hrld.us/facebook",
                                "url": "https://t.co/C8sShSEs0S"
                            }
                        ]
                    },
                    "url": {
                        "urls": [
                            {
                                "indices": [
                                    0,
                                    22
                                ],
                                "expanded_url": "http://www.miamiherald.com",
                                "display_url": "miamiherald.com",
                                "url": "http://t.co/6KpRmDdPe2"
                            }
                        ]
                    }
                },
                "time_zone": "Eastern Time (US & Canada)",
                "screen_name": "MiamiHerald",
                "profile_background_image_url": "http://pbs.twimg.com/profile_background_images/378800000013900789/a5a81b70f38bf7124af93439787031d0.jpeg",
                "description": "The news. Every day. Your way.\nInstagram: https://t.co/EBuss8QhEl\nFacebook: https://t.co/C8sShSEs0S\nSnapchat: miamiherald",
                "profile_image_url": "http://pbs.twimg.com/profile_images/528285037498609664/JCw0pEvY_normal.jpeg",
                "is_translator": false,
                "utc_offset": -18000,
                "lang": "en",
                "notifications": false,
                "profile_background_color": "FFFFFF",
                "followers_count": 309334,
                "default_profile_image": false,
                "profile_text_color": "333333",
                "is_translation_enabled": false
            },
            "coordinates": null,
            "retweet_count": 14,
            "place": null,
            "id": 802576371688030209,
            "created_at": "Sat Nov 26 18:14:52 +0000 2016",
            "text": "Will history absolve Fidel Castro, or will he end up vilified? From @oppenheimera: https://t.co/Emfyt2iMqQ https://t.co/FieOn79pM4",
            "extended_entities": {
                "media": [
                    {
                        "display_url": "pic.twitter.com/FieOn79pM4",
                        "id_str": "802576208722542592",
                        "type": "photo",
                        "sizes": {
                            "thumb": {
                                "w": 150,
                                "h": 150,
                                "resize": "crop"
                            },
                            "large": {
                                "w": 960,
                                "h": 592,
                                "resize": "fit"
                            },
                            "small": {
                                "w": 680,
                                "h": 419,
                                "resize": "fit"
                            },
                            "medium": {
                                "w": 960,
                                "h": 592,
                                "resize": "fit"
                            }
                        },
                        "media_url_https": "https://pbs.twimg.com/media/CyNSz0IWQAADGD1.jpg",
                        "media_url": "http://pbs.twimg.com/media/CyNSz0IWQAADGD1.jpg",
                        "indices": [
                            107,
                            130
                        ],
                        "url": "https://t.co/FieOn79pM4",
                        "expanded_url": "https://twitter.com/MiamiHerald/status/802576371688030209/photo/1",
                        "id": 802576208722542592
                    }
                ]
            },
            "possibly_sensitive": false,
            "entities": {
                "user_mentions": [
                    {
                        "screen_name": "oppenheimera",
                        "id_str": "224400256",
                        "indices": [
                            68,
                            81
                        ],
                        "name": "Andres Oppenheimer",
                        "id": 224400256
                    }
                ],
                "media": [
                    {
                        "display_url": "pic.twitter.com/FieOn79pM4",
                        "id_str": "802576208722542592",
                        "type": "photo",
                        "sizes": {
                            "thumb": {
                                "w": 150,
                                "h": 150,
                                "resize": "crop"
                            },
                            "large": {
                                "w": 960,
                                "h": 592,
                                "resize": "fit"
                            },
                            "small": {
                                "w": 680,
                                "h": 419,
                                "resize": "fit"
                            },
                            "medium": {
                                "w": 960,
                                "h": 592,
                                "resize": "fit"
                            }
                        },
                        "media_url_https": "https://pbs.twimg.com/media/CyNSz0IWQAADGD1.jpg",
                        "media_url": "http://pbs.twimg.com/media/CyNSz0IWQAADGD1.jpg",
                        "indices": [
                            107,
                            130
                        ],
                        "url": "https://t.co/FieOn79pM4",
                        "expanded_url": "https://twitter.com/MiamiHerald/status/802576371688030209/photo/1",
                        "id": 802576208722542592
                    }
                ],
                "symbols": [],
                "hashtags": [],
                "urls": [
                    {
                        "indices": [
                            83,
                            106
                        ],
                        "expanded_url": "http://hrld.us/2grhdCX",
                        "display_url": "hrld.us/2grhdCX",
                        "url": "https://t.co/Emfyt2iMqQ"
                    }
                ]
            },
            "favorite_count": 6,
            "source": "<a href=\"https://about.twitter.com/products/tweetdeck\" rel=\"nofollow\">TweetDeck</a>",
            "in_reply_to_user_id": null,
            "lang": "en",
            "truncated": false,
            "in_reply_to_status_id": null,
            "retweeted": false,
            "geo": null,
            "metadata": {
                "iso_language_code": "en",
                "result_type": "recent"
            },
            "is_quote_status": false,
            "contributors": null,
            "in_reply_to_user_id_str": null,
            "favorited": false,
            "in_reply_to_screen_name": null
        },
        {
            "id_str": "802395005075615745",
            "favorite_count": 23,
            "user": {
                "id_str": "14085040",
                "protected": false,
                "profile_use_background_image": true,
                "profile_sidebar_fill_color": "EBECED",
                "following": true,
                "profile_link_color": "0060AF",
                "verified": true,
                "id": 14085040,
                "contributors_enabled": false,
                "favourites_count": 287,
                "name": "Miami Herald",
                "location": "Miami, FL",
                "geo_enabled": true,
                "listed_count": 5555,
                "profile_image_url_https": "https://pbs.twimg.com/profile_images/528285037498609664/JCw0pEvY_normal.jpeg",
                "profile_background_tile": false,
                "default_profile": false,
                "statuses_count": 128391,
                "has_extended_profile": false,
                "created_at": "Wed Mar 05 21:04:05 +0000 2008",
                "friends_count": 806,
                "profile_banner_url": "https://pbs.twimg.com/profile_banners/14085040/1401331083",
                "translator_type": "none",
                "profile_sidebar_border_color": "FFFFFF",
                "profile_background_image_url_https": "https://pbs.twimg.com/profile_background_images/378800000013900789/a5a81b70f38bf7124af93439787031d0.jpeg",
                "url": "http://t.co/6KpRmDdPe2",
                "follow_request_sent": false,
                "entities": {
                    "description": {
                        "urls": [
                            {
                                "indices": [
                                    42,
                                    65
                                ],
                                "expanded_url": "http://hrld.us/instagram",
                                "display_url": "hrld.us/instagram",
                                "url": "https://t.co/EBuss8QhEl"
                            },
                            {
                                "indices": [
                                    76,
                                    99
                                ],
                                "expanded_url": "http://hrld.us/facebook",
                                "display_url": "hrld.us/facebook",
                                "url": "https://t.co/C8sShSEs0S"
                            }
                        ]
                    },
                    "url": {
                        "urls": [
                            {
                                "indices": [
                                    0,
                                    22
                                ],
                                "expanded_url": "http://www.miamiherald.com",
                                "display_url": "miamiherald.com",
                                "url": "http://t.co/6KpRmDdPe2"
                            }
                        ]
                    }
                },
                "time_zone": "Eastern Time (US & Canada)",
                "screen_name": "MiamiHerald",
                "profile_background_image_url": "http://pbs.twimg.com/profile_background_images/378800000013900789/a5a81b70f38bf7124af93439787031d0.jpeg",
                "description": "The news. Every day. Your way.\nInstagram: https://t.co/EBuss8QhEl\nFacebook: https://t.co/C8sShSEs0S\nSnapchat: miamiherald",
                "profile_image_url": "http://pbs.twimg.com/profile_images/528285037498609664/JCw0pEvY_normal.jpeg",
                "is_translator": false,
                "utc_offset": -18000,
                "lang": "en",
                "notifications": false,
                "profile_background_color": "FFFFFF",
                "followers_count": 309334,
                "default_profile_image": false,
                "profile_text_color": "333333",
                "is_translation_enabled": false
            },
            "coordinates": null,
            "retweet_count": 28,
            "place": null,
            "id": 802395005075615745,
            "created_at": "Sat Nov 26 06:14:11 +0000 2016",
            "text": "The latest from @oppenheimera: Will history absolve Fidel Castro, or will he end up vilified in history books?\u2026 https://t.co/IJtB7lHS8B",
            "possibly_sensitive": false,
            "entities": {
                "user_mentions": [
                    {
                        "screen_name": "oppenheimera",
                        "id_str": "224400256",
                        "indices": [
                            16,
                            29
                        ],
                        "name": "Andres Oppenheimer",
                        "id": 224400256
                    }
                ],
                "symbols": [],
                "hashtags": [],
                "urls": [
                    {
                        "indices": [
                            112,
                            135
                        ],
                        "expanded_url": "https://twitter.com/i/web/status/802395005075615745",
                        "display_url": "twitter.com/i/web/status/8\u2026",
                        "url": "https://t.co/IJtB7lHS8B"
                    }
                ]
            },
            "source": "<a href=\"https://about.twitter.com/products/tweetdeck\" rel=\"nofollow\">TweetDeck</a>",
            "in_reply_to_user_id": null,
            "in_reply_to_status_id_str": null,
            "lang": "en",
            "truncated": true,
            "in_reply_to_status_id": null,
            "retweeted": false,
            "geo": null,
            "metadata": {
                "iso_language_code": "en",
                "result_type": "recent"
            },
            "is_quote_status": false,
            "contributors": null,
            "in_reply_to_user_id_str": null,
            "favorited": false,
            "in_reply_to_screen_name": null
        }
    ],
    "search_metadata": {
        "since_id_str": "0",
        "count": 100,
        "completed_in": 0.049,
        "since_id": 0,
        "max_id_str": "802576371688030209",
        "max_id": 802576371688030209,
        "refresh_url": "?since_id=802576371688030209&q=from%3AMiamiHerald%20filter%3Alinks%20since%3A2016-11-26%20until%3A2016-11-27%20Cuba%20OR%20Cubans%20OR%20Castro%20or%20Fidel%20-%40MiamiHerald&include_entities=1",
        "query": "from%3AMiamiHerald+filter%3Alinks+since%3A2016-11-26+until%3A2016-11-27+Cuba+OR+Cubans+OR+Castro+or+Fidel+-%40MiamiHerald"
    }
}