{
    "statuses": [],
    "search_metadata": {
        "since_id_str": "0",
        "count": 100,
        "completed_in": 0.016,
        "since_id": 0,
        "max_id_str": "803426915499593729",
        "max_id": 803426915499593729,
        "refresh_url": "?since_id=803426915499593729&q=from%3Ashreveporttimes%20filter%3Alinks%20since%3A2016-11-26%20until%3A2016-11-27%20Cuba%20OR%20Cubans%20OR%20Castro%20or%20Fidel%20-%40shreveporttimes&include_entities=1",
        "query": "from%3Ashreveporttimes+filter%3Alinks+since%3A2016-11-26+until%3A2016-11-27+Cuba+OR+Cubans+OR+Castro+or+Fidel+-%40shreveporttimes"
    }
}