{
    "statuses": [],
    "search_metadata": {
        "since_id_str": "0",
        "count": 100,
        "completed_in": 0.06,
        "since_id": 0,
        "max_id_str": "803426957652295680",
        "max_id": 803426957652295680,
        "refresh_url": "?since_id=803426957652295680&q=from%3ATheValleyBreeze%20filter%3Alinks%20since%3A2016-11-26%20until%3A2016-11-27%20Cuba%20OR%20Cubans%20OR%20Castro%20or%20Fidel%20-%40TheValleyBreeze&include_entities=1",
        "query": "from%3ATheValleyBreeze+filter%3Alinks+since%3A2016-11-26+until%3A2016-11-27+Cuba+OR+Cubans+OR+Castro+or+Fidel+-%40TheValleyBreeze"
    }
}