{
    "statuses": [
        {
            "id_str": "802401069473021952",
            "in_reply_to_status_id_str": null,
            "user": {
                "id_str": "15754281",
                "protected": false,
                "profile_use_background_image": false,
                "profile_sidebar_fill_color": "FFFFFF",
                "following": false,
                "profile_link_color": "0000FF",
                "verified": true,
                "id": 15754281,
                "contributors_enabled": false,
                "favourites_count": 1715,
                "name": "USA TODAY",
                "location": "USA TODAY HQ, McLean, Va.",
                "geo_enabled": false,
                "listed_count": 30034,
                "profile_image_url_https": "https://pbs.twimg.com/profile_images/761954996808286209/S15RXwx6_normal.jpg",
                "profile_background_tile": false,
                "default_profile": false,
                "statuses_count": 185151,
                "has_extended_profile": false,
                "created_at": "Wed Aug 06 19:55:31 +0000 2008",
                "friends_count": 933,
                "profile_banner_url": "https://pbs.twimg.com/profile_banners/15754281/1453833768",
                "translator_type": "regular",
                "profile_sidebar_border_color": "FFFFFF",
                "profile_background_image_url_https": "https://pbs.twimg.com/profile_background_images/378800000089862470/7aa9f896147a89917aa047e30ab6ebc2.jpeg",
                "url": "http://t.co/7xDl0vVHSt",
                "follow_request_sent": false,
                "entities": {
                    "description": {
                        "urls": []
                    },
                    "url": {
                        "urls": [
                            {
                                "indices": [
                                    0,
                                    22
                                ],
                                "expanded_url": "http://www.usatoday.com",
                                "display_url": "usatoday.com",
                                "url": "http://t.co/7xDl0vVHSt"
                            }
                        ]
                    }
                },
                "time_zone": "Eastern Time (US & Canada)",
                "screen_name": "USATODAY",
                "profile_background_image_url": "http://pbs.twimg.com/profile_background_images/378800000089862470/7aa9f896147a89917aa047e30ab6ebc2.jpeg",
                "description": "The latest news and most interesting stories from USA TODAY. News that's meant to be shared.",
                "profile_image_url": "http://pbs.twimg.com/profile_images/761954996808286209/S15RXwx6_normal.jpg",
                "is_translator": false,
                "utc_offset": -18000,
                "lang": "en",
                "notifications": false,
                "profile_background_color": "0092D0",
                "followers_count": 2832177,
                "default_profile_image": false,
                "profile_text_color": "000000",
                "is_translation_enabled": false
            },
            "coordinates": null,
            "retweet_count": 55,
            "place": null,
            "id": 802401069473021952,
            "created_at": "Sat Nov 26 06:38:17 +0000 2016",
            "text": "RT @stephmsolis: Like him or not, you can't deny that the death of Fidel Castro has stunned social media. #Cuba https://t.co/XKJaTNKTNr",
            "possibly_sensitive": false,
            "entities": {
                "user_mentions": [
                    {
                        "screen_name": "stephmsolis",
                        "id_str": "85669051",
                        "indices": [
                            3,
                            15
                        ],
                        "name": "Steph Solis",
                        "id": 85669051
                    }
                ],
                "symbols": [],
                "hashtags": [
                    {
                        "indices": [
                            106,
                            111
                        ],
                        "text": "Cuba"
                    }
                ],
                "urls": [
                    {
                        "indices": [
                            112,
                            135
                        ],
                        "expanded_url": "http://www.usatoday.com/story/news/world/2016/11/26/fidel-castros-death-stuns-social-media/94462942/",
                        "display_url": "usatoday.com/story/news/wor\u2026",
                        "url": "https://t.co/XKJaTNKTNr"
                    }
                ]
            },
            "favorite_count": 0,
            "source": "<a href=\"http://www.hootsuite.com\" rel=\"nofollow\">Hootsuite</a>",
            "in_reply_to_user_id": null,
            "retweeted_status": {
                "id_str": "802401014972235777",
                "favorite_count": 80,
                "user": {
                    "id_str": "85669051",
                    "protected": false,
                    "profile_use_background_image": true,
                    "profile_sidebar_fill_color": "EADEAA",
                    "following": false,
                    "profile_link_color": "9D582E",
                    "verified": true,
                    "id": 85669051,
                    "contributors_enabled": false,
                    "favourites_count": 3475,
                    "name": "Steph Solis",
                    "location": "McLean, VA",
                    "geo_enabled": true,
                    "listed_count": 96,
                    "profile_image_url_https": "https://pbs.twimg.com/profile_images/706292562458443778/1dTPxxhu_normal.jpg",
                    "profile_background_tile": false,
                    "default_profile": false,
                    "statuses_count": 13693,
                    "has_extended_profile": false,
                    "created_at": "Tue Oct 27 21:37:42 +0000 2009",
                    "friends_count": 1131,
                    "profile_banner_url": "https://pbs.twimg.com/profile_banners/85669051/1479946809",
                    "translator_type": "none",
                    "profile_sidebar_border_color": "D9B17E",
                    "profile_background_image_url_https": "https://abs.twimg.com/images/themes/theme8/bg.gif",
                    "url": "https://t.co/rTZhHjh0qb",
                    "follow_request_sent": false,
                    "entities": {
                        "description": {
                            "urls": []
                        },
                        "url": {
                            "urls": [
                                {
                                    "indices": [
                                        0,
                                        23
                                    ],
                                    "expanded_url": "http://stephsolis.com",
                                    "display_url": "stephsolis.com",
                                    "url": "https://t.co/rTZhHjh0qb"
                                }
                            ]
                        }
                    },
                    "time_zone": "Eastern Time (US & Canada)",
                    "screen_name": "stephmsolis",
                    "profile_background_image_url": "http://abs.twimg.com/images/themes/theme8/bg.gif",
                    "description": "Digital Editor at @USATODAY. I drink my coffee black...like my soul. (RTs not endorsements.)",
                    "profile_image_url": "http://pbs.twimg.com/profile_images/706292562458443778/1dTPxxhu_normal.jpg",
                    "is_translator": false,
                    "utc_offset": -18000,
                    "lang": "en",
                    "notifications": false,
                    "profile_background_color": "8B542B",
                    "followers_count": 2628,
                    "default_profile_image": false,
                    "profile_text_color": "333333",
                    "is_translation_enabled": false
                },
                "coordinates": null,
                "retweet_count": 55,
                "place": null,
                "id": 802401014972235777,
                "created_at": "Sat Nov 26 06:38:04 +0000 2016",
                "text": "Like him or not, you can't deny that the death of Fidel Castro has stunned social media. #Cuba https://t.co/XKJaTNKTNr",
                "possibly_sensitive": false,
                "entities": {
                    "user_mentions": [],
                    "symbols": [],
                    "hashtags": [
                        {
                            "indices": [
                                89,
                                94
                            ],
                            "text": "Cuba"
                        }
                    ],
                    "urls": [
                        {
                            "indices": [
                                95,
                                118
                            ],
                            "expanded_url": "http://www.usatoday.com/story/news/world/2016/11/26/fidel-castros-death-stuns-social-media/94462942/",
                            "display_url": "usatoday.com/story/news/wor\u2026",
                            "url": "https://t.co/XKJaTNKTNr"
                        }
                    ]
                },
                "source": "<a href=\"http://twitter.com\" rel=\"nofollow\">Twitter Web Client</a>",
                "in_reply_to_user_id": null,
                "in_reply_to_status_id_str": null,
                "lang": "en",
                "truncated": false,
                "in_reply_to_status_id": null,
                "retweeted": false,
                "geo": null,
                "metadata": {
                    "iso_language_code": "en",
                    "result_type": "recent"
                },
                "is_quote_status": false,
                "contributors": null,
                "in_reply_to_user_id_str": null,
                "favorited": false,
                "in_reply_to_screen_name": null
            },
            "lang": "en",
            "truncated": false,
            "in_reply_to_status_id": null,
            "retweeted": false,
            "geo": null,
            "metadata": {
                "iso_language_code": "en",
                "result_type": "recent"
            },
            "is_quote_status": false,
            "contributors": null,
            "in_reply_to_user_id_str": null,
            "favorited": false,
            "in_reply_to_screen_name": null
        }
    ],
    "search_metadata": {
        "since_id_str": "0",
        "count": 100,
        "completed_in": 0.019,
        "since_id": 0,
        "max_id_str": "802401069473021952",
        "max_id": 802401069473021952,
        "refresh_url": "?since_id=802401069473021952&q=from%3AUSATODAY%20filter%3Alinks%20since%3A2016-11-26%20until%3A2016-11-27%20Cuba%20OR%20Cubans%20OR%20Castro%20or%20Fidel%20-%40USATODAY&include_entities=1",
        "query": "from%3AUSATODAY+filter%3Alinks+since%3A2016-11-26+until%3A2016-11-27+Cuba+OR+Cubans+OR+Castro+or+Fidel+-%40USATODAY"
    }
}