{
    "search_metadata": {
        "query": "Trump+from%3Aclarionledger+since%3A2016-11-24+until%3A2016-11-25+filter%3Alinks+-%40clarionledger",
        "max_id_str": "803054598642540544",
        "max_id": 803054598642540544,
        "completed_in": 0.035,
        "since_id": 0,
        "refresh_url": "?since_id=803054598642540544&q=Trump%20from%3Aclarionledger%20since%3A2016-11-24%20until%3A2016-11-25%20filter%3Alinks%20-%40clarionledger&include_entities=1",
        "count": 100,
        "since_id_str": "0"
    },
    "statuses": []
}