{
    "statuses": [
        {
            "id": 801772758917087232,
            "in_reply_to_status_id": null,
            "source": "<a href=\"http://www.hootsuite.com\" rel=\"nofollow\">Hootsuite</a>",
            "in_reply_to_screen_name": null,
            "favorite_count": 1,
            "entities": {
                "hashtags": [
                    {
                        "indices": [
                            70,
                            83
                        ],
                        "text": "Thanksgiving"
                    }
                ],
                "symbols": [],
                "urls": [
                    {
                        "indices": [
                            107,
                            130
                        ],
                        "expanded_url": "http://cjky.it/2fl5Ur4",
                        "url": "https://t.co/YzchTW0gix",
                        "display_url": "cjky.it/2fl5Ur4"
                    }
                ],
                "user_mentions": []
            },
            "text": "With an ugly election and opinions so varied, any mention of Trump at #Thanksgiving could really get scary https://t.co/YzchTW0gix",
            "metadata": {
                "result_type": "recent",
                "iso_language_code": "en"
            },
            "user": {
                "id": 7972552,
                "utc_offset": -18000,
                "profile_banner_url": "https://pbs.twimg.com/profile_banners/7972552/1447778586",
                "listed_count": 1117,
                "followers_count": 56980,
                "verified": true,
                "profile_background_tile": true,
                "contributors_enabled": false,
                "is_translation_enabled": false,
                "entities": {
                    "description": {
                        "urls": [
                            {
                                "indices": [
                                    104,
                                    127
                                ],
                                "expanded_url": "http://cjky.it/1vjfJwL",
                                "url": "https://t.co/OjXfaUBmVQ",
                                "display_url": "cjky.it/1vjfJwL"
                            }
                        ]
                    },
                    "url": {
                        "urls": [
                            {
                                "indices": [
                                    0,
                                    23
                                ],
                                "expanded_url": "http://www.courier-journal.com",
                                "url": "https://t.co/dnO4oxJQU0",
                                "display_url": "courier-journal.com"
                            }
                        ]
                    }
                },
                "location": "Louisville, Ky",
                "screen_name": "courierjournal",
                "notifications": false,
                "following": false,
                "favourites_count": 3081,
                "profile_use_background_image": true,
                "protected": false,
                "time_zone": "Eastern Time (US & Canada)",
                "profile_background_image_url_https": "https://pbs.twimg.com/profile_background_images/3504021/bkgd_main.gif",
                "profile_text_color": "000000",
                "follow_request_sent": false,
                "description": "Louisville, Ky: News and information from the Courier-Journal. Tweets from CJ digital staff. Subscribe: https://t.co/OjXfaUBmVQ",
                "statuses_count": 87679,
                "profile_image_url": "http://pbs.twimg.com/profile_images/666657747040141312/vZl7Zh2e_normal.jpg",
                "created_at": "Sun Aug 05 14:34:05 +0000 2007",
                "default_profile": false,
                "profile_sidebar_border_color": "F9EFBE",
                "friends_count": 671,
                "profile_background_image_url": "http://pbs.twimg.com/profile_background_images/3504021/bkgd_main.gif",
                "name": "Courier-Journal.com",
                "default_profile_image": false,
                "profile_sidebar_fill_color": "F9EFBE",
                "profile_image_url_https": "https://pbs.twimg.com/profile_images/666657747040141312/vZl7Zh2e_normal.jpg",
                "has_extended_profile": false,
                "url": "https://t.co/dnO4oxJQU0",
                "is_translator": false,
                "profile_background_color": "BBC89C",
                "profile_link_color": "0000FF",
                "geo_enabled": true,
                "lang": "en",
                "translator_type": "none",
                "id_str": "7972552"
            },
            "possibly_sensitive": false,
            "in_reply_to_user_id_str": null,
            "geo": null,
            "created_at": "Thu Nov 24 13:01:36 +0000 2016",
            "id_str": "801772758917087232",
            "coordinates": null,
            "favorited": false,
            "truncated": false,
            "is_quote_status": false,
            "contributors": null,
            "place": null,
            "in_reply_to_user_id": null,
            "in_reply_to_status_id_str": null,
            "retweeted": false,
            "lang": "en",
            "retweet_count": 2
        },
        {
            "id": 801613986676539393,
            "in_reply_to_status_id": null,
            "source": "<a href=\"http://www.hootsuite.com\" rel=\"nofollow\">Hootsuite</a>",
            "in_reply_to_screen_name": null,
            "favorite_count": 1,
            "entities": {
                "hashtags": [
                    {
                        "indices": [
                            61,
                            67
                        ],
                        "text": "Trump"
                    },
                    {
                        "indices": [
                            71,
                            84
                        ],
                        "text": "Thanksgiving"
                    }
                ],
                "symbols": [],
                "urls": [
                    {
                        "indices": [
                            108,
                            131
                        ],
                        "expanded_url": "http://cjky.it/2ghHLnC",
                        "url": "https://t.co/CtPy7P4rpk",
                        "display_url": "cjky.it/2ghHLnC"
                    }
                ],
                "user_mentions": []
            },
            "text": "With an ugly election and opinions so varied, any mention of #Trump at #Thanksgiving could really get scary https://t.co/CtPy7P4rpk",
            "metadata": {
                "result_type": "recent",
                "iso_language_code": "en"
            },
            "user": {
                "id": 7972552,
                "utc_offset": -18000,
                "profile_banner_url": "https://pbs.twimg.com/profile_banners/7972552/1447778586",
                "listed_count": 1117,
                "followers_count": 56980,
                "verified": true,
                "profile_background_tile": true,
                "contributors_enabled": false,
                "is_translation_enabled": false,
                "entities": {
                    "description": {
                        "urls": [
                            {
                                "indices": [
                                    104,
                                    127
                                ],
                                "expanded_url": "http://cjky.it/1vjfJwL",
                                "url": "https://t.co/OjXfaUBmVQ",
                                "display_url": "cjky.it/1vjfJwL"
                            }
                        ]
                    },
                    "url": {
                        "urls": [
                            {
                                "indices": [
                                    0,
                                    23
                                ],
                                "expanded_url": "http://www.courier-journal.com",
                                "url": "https://t.co/dnO4oxJQU0",
                                "display_url": "courier-journal.com"
                            }
                        ]
                    }
                },
                "location": "Louisville, Ky",
                "screen_name": "courierjournal",
                "notifications": false,
                "following": false,
                "favourites_count": 3081,
                "profile_use_background_image": true,
                "protected": false,
                "time_zone": "Eastern Time (US & Canada)",
                "profile_background_image_url_https": "https://pbs.twimg.com/profile_background_images/3504021/bkgd_main.gif",
                "profile_text_color": "000000",
                "follow_request_sent": false,
                "description": "Louisville, Ky: News and information from the Courier-Journal. Tweets from CJ digital staff. Subscribe: https://t.co/OjXfaUBmVQ",
                "statuses_count": 87679,
                "profile_image_url": "http://pbs.twimg.com/profile_images/666657747040141312/vZl7Zh2e_normal.jpg",
                "created_at": "Sun Aug 05 14:34:05 +0000 2007",
                "default_profile": false,
                "profile_sidebar_border_color": "F9EFBE",
                "friends_count": 671,
                "profile_background_image_url": "http://pbs.twimg.com/profile_background_images/3504021/bkgd_main.gif",
                "name": "Courier-Journal.com",
                "default_profile_image": false,
                "profile_sidebar_fill_color": "F9EFBE",
                "profile_image_url_https": "https://pbs.twimg.com/profile_images/666657747040141312/vZl7Zh2e_normal.jpg",
                "has_extended_profile": false,
                "url": "https://t.co/dnO4oxJQU0",
                "is_translator": false,
                "profile_background_color": "BBC89C",
                "profile_link_color": "0000FF",
                "geo_enabled": true,
                "lang": "en",
                "translator_type": "none",
                "id_str": "7972552"
            },
            "possibly_sensitive": false,
            "in_reply_to_user_id_str": null,
            "geo": null,
            "created_at": "Thu Nov 24 02:30:42 +0000 2016",
            "id_str": "801613986676539393",
            "coordinates": null,
            "favorited": false,
            "truncated": false,
            "is_quote_status": false,
            "contributors": null,
            "place": null,
            "in_reply_to_user_id": null,
            "in_reply_to_status_id_str": null,
            "retweeted": false,
            "lang": "en",
            "retweet_count": 1
        },
        {
            "id": 801598808010407937,
            "in_reply_to_status_id": null,
            "source": "<a href=\"http://www.hootsuite.com\" rel=\"nofollow\">Hootsuite</a>",
            "in_reply_to_screen_name": null,
            "favorite_count": 3,
            "entities": {
                "hashtags": [],
                "symbols": [],
                "urls": [
                    {
                        "indices": [
                            92,
                            115
                        ],
                        "expanded_url": "http://cjky.it/2fF1D2U",
                        "url": "https://t.co/m6sN29gk7T",
                        "display_url": "cjky.it/2fF1D2U"
                    }
                ],
                "user_mentions": []
            },
            "text": "\"Muslim people were actually terrified across the U.S. after the election of Donald Trump.\" https://t.co/m6sN29gk7T",
            "metadata": {
                "result_type": "recent",
                "iso_language_code": "en"
            },
            "user": {
                "id": 7972552,
                "utc_offset": -18000,
                "profile_banner_url": "https://pbs.twimg.com/profile_banners/7972552/1447778586",
                "listed_count": 1117,
                "followers_count": 56980,
                "verified": true,
                "profile_background_tile": true,
                "contributors_enabled": false,
                "is_translation_enabled": false,
                "entities": {
                    "description": {
                        "urls": [
                            {
                                "indices": [
                                    104,
                                    127
                                ],
                                "expanded_url": "http://cjky.it/1vjfJwL",
                                "url": "https://t.co/OjXfaUBmVQ",
                                "display_url": "cjky.it/1vjfJwL"
                            }
                        ]
                    },
                    "url": {
                        "urls": [
                            {
                                "indices": [
                                    0,
                                    23
                                ],
                                "expanded_url": "http://www.courier-journal.com",
                                "url": "https://t.co/dnO4oxJQU0",
                                "display_url": "courier-journal.com"
                            }
                        ]
                    }
                },
                "location": "Louisville, Ky",
                "screen_name": "courierjournal",
                "notifications": false,
                "following": false,
                "favourites_count": 3081,
                "profile_use_background_image": true,
                "protected": false,
                "time_zone": "Eastern Time (US & Canada)",
                "profile_background_image_url_https": "https://pbs.twimg.com/profile_background_images/3504021/bkgd_main.gif",
                "profile_text_color": "000000",
                "follow_request_sent": false,
                "description": "Louisville, Ky: News and information from the Courier-Journal. Tweets from CJ digital staff. Subscribe: https://t.co/OjXfaUBmVQ",
                "statuses_count": 87679,
                "profile_image_url": "http://pbs.twimg.com/profile_images/666657747040141312/vZl7Zh2e_normal.jpg",
                "created_at": "Sun Aug 05 14:34:05 +0000 2007",
                "default_profile": false,
                "profile_sidebar_border_color": "F9EFBE",
                "friends_count": 671,
                "profile_background_image_url": "http://pbs.twimg.com/profile_background_images/3504021/bkgd_main.gif",
                "name": "Courier-Journal.com",
                "default_profile_image": false,
                "profile_sidebar_fill_color": "F9EFBE",
                "profile_image_url_https": "https://pbs.twimg.com/profile_images/666657747040141312/vZl7Zh2e_normal.jpg",
                "has_extended_profile": false,
                "url": "https://t.co/dnO4oxJQU0",
                "is_translator": false,
                "profile_background_color": "BBC89C",
                "profile_link_color": "0000FF",
                "geo_enabled": true,
                "lang": "en",
                "translator_type": "none",
                "id_str": "7972552"
            },
            "possibly_sensitive": false,
            "in_reply_to_user_id_str": null,
            "geo": null,
            "created_at": "Thu Nov 24 01:30:23 +0000 2016",
            "id_str": "801598808010407937",
            "coordinates": null,
            "favorited": false,
            "truncated": false,
            "is_quote_status": false,
            "contributors": null,
            "place": null,
            "in_reply_to_user_id": null,
            "in_reply_to_status_id_str": null,
            "retweeted": false,
            "lang": "en",
            "retweet_count": 2
        }
    ],
    "search_metadata": {
        "max_id_str": "801772758917087232",
        "completed_in": 0.041,
        "refresh_url": "?since_id=801772758917087232&q=Trump%20from%3Acourierjournal%20since%3A2016-11-24%20until%3A2016-11-25%20filter%3Alinks%20-%40courierjournal&include_entities=1",
        "max_id": 801772758917087232,
        "query": "Trump+from%3Acourierjournal+since%3A2016-11-24+until%3A2016-11-25+filter%3Alinks+-%40courierjournal",
        "since_id_str": "0",
        "since_id": 0,
        "count": 100
    }
}