{
    "statuses": [
        {
            "id": 801820271866953728,
            "in_reply_to_status_id": null,
            "source": "<a href=\"http://www.socialnewsdesk.com\" rel=\"nofollow\">SocialNewsDesk</a>",
            "in_reply_to_screen_name": null,
            "favorite_count": 5,
            "entities": {
                "hashtags": [
                    {
                        "indices": [
                            49,
                            55
                        ],
                        "text": "Trump"
                    }
                ],
                "symbols": [],
                "urls": [
                    {
                        "indices": [
                            80,
                            103
                        ],
                        "expanded_url": "http://gazette.com/article/1590902",
                        "url": "https://t.co/ERqKGmgPCS",
                        "display_url": "gazette.com/article/1590902"
                    }
                ],
                "media": [
                    {
                        "id": 801820269174288384,
                        "media_url": "http://pbs.twimg.com/media/CyCjSV3XcAAY1FB.jpg",
                        "expanded_url": "https://twitter.com/csgazette/status/801820271866953728/photo/1",
                        "media_url_https": "https://pbs.twimg.com/media/CyCjSV3XcAAY1FB.jpg",
                        "url": "https://t.co/MK6HYuGyj1",
                        "indices": [
                            104,
                            127
                        ],
                        "sizes": {
                            "large": {
                                "resize": "fit",
                                "h": 989,
                                "w": 1484
                            },
                            "thumb": {
                                "resize": "crop",
                                "h": 150,
                                "w": 150
                            },
                            "small": {
                                "resize": "fit",
                                "h": 453,
                                "w": 680
                            },
                            "medium": {
                                "resize": "fit",
                                "h": 800,
                                "w": 1200
                            }
                        },
                        "type": "photo",
                        "display_url": "pic.twitter.com/MK6HYuGyj1",
                        "id_str": "801820269174288384"
                    }
                ],
                "user_mentions": []
            },
            "text": "How long before the white working class realizes #Trump was just scamming them? https://t.co/ERqKGmgPCS https://t.co/MK6HYuGyj1",
            "metadata": {
                "result_type": "recent",
                "iso_language_code": "en"
            },
            "user": {
                "id": 12837932,
                "utc_offset": -25200,
                "profile_banner_url": "https://pbs.twimg.com/profile_banners/12837932/1432672048",
                "listed_count": 1049,
                "followers_count": 48418,
                "verified": true,
                "profile_background_tile": true,
                "contributors_enabled": false,
                "is_translation_enabled": false,
                "entities": {
                    "description": {
                        "urls": [
                            {
                                "indices": [
                                    118,
                                    141
                                ],
                                "expanded_url": "http://gazette.com/newstip",
                                "url": "https://t.co/oysvESA2t5",
                                "display_url": "gazette.com/newstip"
                            }
                        ]
                    },
                    "url": {
                        "urls": [
                            {
                                "indices": [
                                    0,
                                    22
                                ],
                                "expanded_url": "http://www.gazette.com",
                                "url": "http://t.co/wQTvR4mDC8",
                                "display_url": "gazette.com"
                            }
                        ]
                    }
                },
                "location": "Colorado Springs",
                "screen_name": "csgazette",
                "notifications": false,
                "following": false,
                "favourites_count": 466,
                "profile_use_background_image": true,
                "protected": false,
                "time_zone": "Mountain Time (US & Canada)",
                "profile_background_image_url_https": "https://abs.twimg.com/images/themes/theme14/bg.gif",
                "profile_text_color": "333333",
                "follow_request_sent": false,
                "description": "2014 Pulitzer Prize winner and #Colorado's second-largest newspaper, delivering the news from #COSprings. News tips:  https://t.co/oysvESA2t5",
                "statuses_count": 124151,
                "profile_image_url": "http://pbs.twimg.com/profile_images/704378890030952448/qDdbY0RO_normal.jpg",
                "created_at": "Tue Jan 29 17:46:48 +0000 2008",
                "default_profile": false,
                "profile_sidebar_border_color": "FFFFFF",
                "friends_count": 2850,
                "profile_background_image_url": "http://abs.twimg.com/images/themes/theme14/bg.gif",
                "name": "The Gazette",
                "default_profile_image": false,
                "profile_sidebar_fill_color": "EFEFEF",
                "profile_image_url_https": "https://pbs.twimg.com/profile_images/704378890030952448/qDdbY0RO_normal.jpg",
                "has_extended_profile": false,
                "url": "http://t.co/wQTvR4mDC8",
                "is_translator": false,
                "profile_background_color": "131516",
                "profile_link_color": "009999",
                "geo_enabled": true,
                "lang": "en",
                "translator_type": "none",
                "id_str": "12837932"
            },
            "possibly_sensitive": false,
            "in_reply_to_user_id_str": null,
            "is_quote_status": false,
            "geo": null,
            "created_at": "Thu Nov 24 16:10:24 +0000 2016",
            "id_str": "801820271866953728",
            "coordinates": null,
            "favorited": false,
            "truncated": false,
            "extended_entities": {
                "media": [
                    {
                        "id": 801820269174288384,
                        "media_url": "http://pbs.twimg.com/media/CyCjSV3XcAAY1FB.jpg",
                        "expanded_url": "https://twitter.com/csgazette/status/801820271866953728/photo/1",
                        "media_url_https": "https://pbs.twimg.com/media/CyCjSV3XcAAY1FB.jpg",
                        "url": "https://t.co/MK6HYuGyj1",
                        "indices": [
                            104,
                            127
                        ],
                        "sizes": {
                            "large": {
                                "resize": "fit",
                                "h": 989,
                                "w": 1484
                            },
                            "thumb": {
                                "resize": "crop",
                                "h": 150,
                                "w": 150
                            },
                            "small": {
                                "resize": "fit",
                                "h": 453,
                                "w": 680
                            },
                            "medium": {
                                "resize": "fit",
                                "h": 800,
                                "w": 1200
                            }
                        },
                        "type": "photo",
                        "display_url": "pic.twitter.com/MK6HYuGyj1",
                        "id_str": "801820269174288384"
                    }
                ]
            },
            "contributors": null,
            "place": null,
            "in_reply_to_user_id": null,
            "in_reply_to_status_id_str": null,
            "retweeted": false,
            "lang": "en",
            "retweet_count": 0
        },
        {
            "id": 801642857669029888,
            "in_reply_to_status_id": null,
            "source": "<a href=\"http://www.socialnewsdesk.com\" rel=\"nofollow\">SocialNewsDesk</a>",
            "in_reply_to_screen_name": null,
            "favorite_count": 0,
            "entities": {
                "hashtags": [],
                "symbols": [],
                "urls": [
                    {
                        "indices": [
                            60,
                            83
                        ],
                        "expanded_url": "http://gazette.com/article/1590880?utm_medium=social&utm_source=twitter_csgazette",
                        "url": "https://t.co/hEgBo2kuPM",
                        "display_url": "gazette.com/article/159088\u2026"
                    }
                ],
                "media": [
                    {
                        "id": 801642855798345729,
                        "media_url": "http://pbs.twimg.com/media/CyAB7hiXEAES2_6.jpg",
                        "expanded_url": "https://twitter.com/csgazette/status/801642857669029888/photo/1",
                        "media_url_https": "https://pbs.twimg.com/media/CyAB7hiXEAES2_6.jpg",
                        "url": "https://t.co/706fBLdxGM",
                        "indices": [
                            84,
                            107
                        ],
                        "sizes": {
                            "large": {
                                "resize": "fit",
                                "h": 479,
                                "w": 620
                            },
                            "thumb": {
                                "resize": "crop",
                                "h": 150,
                                "w": 150
                            },
                            "small": {
                                "resize": "fit",
                                "h": 479,
                                "w": 620
                            },
                            "medium": {
                                "resize": "fit",
                                "h": 479,
                                "w": 620
                            }
                        },
                        "type": "photo",
                        "display_url": "pic.twitter.com/706fBLdxGM",
                        "id_str": "801642855798345729"
                    }
                ],
                "user_mentions": []
            },
            "text": "A glance of every Trump transition appointment made so far: https://t.co/hEgBo2kuPM https://t.co/706fBLdxGM",
            "metadata": {
                "result_type": "recent",
                "iso_language_code": "en"
            },
            "user": {
                "id": 12837932,
                "utc_offset": -25200,
                "profile_banner_url": "https://pbs.twimg.com/profile_banners/12837932/1432672048",
                "listed_count": 1049,
                "followers_count": 48418,
                "verified": true,
                "profile_background_tile": true,
                "contributors_enabled": false,
                "is_translation_enabled": false,
                "entities": {
                    "description": {
                        "urls": [
                            {
                                "indices": [
                                    118,
                                    141
                                ],
                                "expanded_url": "http://gazette.com/newstip",
                                "url": "https://t.co/oysvESA2t5",
                                "display_url": "gazette.com/newstip"
                            }
                        ]
                    },
                    "url": {
                        "urls": [
                            {
                                "indices": [
                                    0,
                                    22
                                ],
                                "expanded_url": "http://www.gazette.com",
                                "url": "http://t.co/wQTvR4mDC8",
                                "display_url": "gazette.com"
                            }
                        ]
                    }
                },
                "location": "Colorado Springs",
                "screen_name": "csgazette",
                "notifications": false,
                "following": false,
                "favourites_count": 466,
                "profile_use_background_image": true,
                "protected": false,
                "time_zone": "Mountain Time (US & Canada)",
                "profile_background_image_url_https": "https://abs.twimg.com/images/themes/theme14/bg.gif",
                "profile_text_color": "333333",
                "follow_request_sent": false,
                "description": "2014 Pulitzer Prize winner and #Colorado's second-largest newspaper, delivering the news from #COSprings. News tips:  https://t.co/oysvESA2t5",
                "statuses_count": 124151,
                "profile_image_url": "http://pbs.twimg.com/profile_images/704378890030952448/qDdbY0RO_normal.jpg",
                "created_at": "Tue Jan 29 17:46:48 +0000 2008",
                "default_profile": false,
                "profile_sidebar_border_color": "FFFFFF",
                "friends_count": 2850,
                "profile_background_image_url": "http://abs.twimg.com/images/themes/theme14/bg.gif",
                "name": "The Gazette",
                "default_profile_image": false,
                "profile_sidebar_fill_color": "EFEFEF",
                "profile_image_url_https": "https://pbs.twimg.com/profile_images/704378890030952448/qDdbY0RO_normal.jpg",
                "has_extended_profile": false,
                "url": "http://t.co/wQTvR4mDC8",
                "is_translator": false,
                "profile_background_color": "131516",
                "profile_link_color": "009999",
                "geo_enabled": true,
                "lang": "en",
                "translator_type": "none",
                "id_str": "12837932"
            },
            "possibly_sensitive": false,
            "in_reply_to_user_id_str": null,
            "is_quote_status": false,
            "geo": null,
            "created_at": "Thu Nov 24 04:25:25 +0000 2016",
            "id_str": "801642857669029888",
            "coordinates": null,
            "favorited": false,
            "truncated": false,
            "extended_entities": {
                "media": [
                    {
                        "id": 801642855798345729,
                        "media_url": "http://pbs.twimg.com/media/CyAB7hiXEAES2_6.jpg",
                        "expanded_url": "https://twitter.com/csgazette/status/801642857669029888/photo/1",
                        "media_url_https": "https://pbs.twimg.com/media/CyAB7hiXEAES2_6.jpg",
                        "url": "https://t.co/706fBLdxGM",
                        "indices": [
                            84,
                            107
                        ],
                        "sizes": {
                            "large": {
                                "resize": "fit",
                                "h": 479,
                                "w": 620
                            },
                            "thumb": {
                                "resize": "crop",
                                "h": 150,
                                "w": 150
                            },
                            "small": {
                                "resize": "fit",
                                "h": 479,
                                "w": 620
                            },
                            "medium": {
                                "resize": "fit",
                                "h": 479,
                                "w": 620
                            }
                        },
                        "type": "photo",
                        "display_url": "pic.twitter.com/706fBLdxGM",
                        "id_str": "801642855798345729"
                    }
                ]
            },
            "contributors": null,
            "place": null,
            "in_reply_to_user_id": null,
            "in_reply_to_status_id_str": null,
            "retweeted": false,
            "lang": "en",
            "retweet_count": 0
        }
    ],
    "search_metadata": {
        "max_id_str": "801820271866953728",
        "completed_in": 0.028,
        "refresh_url": "?since_id=801820271866953728&q=Trump%20from%3Acsgazette%20since%3A2016-11-24%20until%3A2016-11-25%20filter%3Alinks%20-%40csgazette&include_entities=1",
        "max_id": 801820271866953728,
        "query": "Trump+from%3Acsgazette+since%3A2016-11-24+until%3A2016-11-25+filter%3Alinks+-%40csgazette",
        "since_id_str": "0",
        "since_id": 0,
        "count": 100
    }
}