{
    "statuses": [
        {
            "id": 801711965584375808,
            "in_reply_to_status_id": null,
            "source": "<a href=\"https://about.twitter.com/products/tweetdeck\" rel=\"nofollow\">TweetDeck</a>",
            "in_reply_to_screen_name": null,
            "favorite_count": 2,
            "entities": {
                "hashtags": [],
                "symbols": [],
                "urls": [
                    {
                        "indices": [
                            86,
                            109
                        ],
                        "expanded_url": "http://dpo.st/2gCMnrr",
                        "url": "https://t.co/U4leSjltQY",
                        "display_url": "dpo.st/2gCMnrr"
                    }
                ],
                "media": [
                    {
                        "id": 801623707739267072,
                        "media_url": "http://pbs.twimg.com/media/Cx_wg9dUoAAf4uR.jpg",
                        "expanded_url": "https://twitter.com/denverpost/status/801711965584375808/photo/1",
                        "media_url_https": "https://pbs.twimg.com/media/Cx_wg9dUoAAf4uR.jpg",
                        "url": "https://t.co/f3SjWkMIKk",
                        "indices": [
                            110,
                            133
                        ],
                        "sizes": {
                            "large": {
                                "resize": "fit",
                                "h": 399,
                                "w": 501
                            },
                            "thumb": {
                                "resize": "crop",
                                "h": 150,
                                "w": 150
                            },
                            "small": {
                                "resize": "fit",
                                "h": 399,
                                "w": 501
                            },
                            "medium": {
                                "resize": "fit",
                                "h": 399,
                                "w": 501
                            }
                        },
                        "type": "photo",
                        "display_url": "pic.twitter.com/f3SjWkMIKk",
                        "id_str": "801623707739267072"
                    }
                ],
                "user_mentions": []
            },
            "text": "Make Christmas Great Again: For $149, Trump sells the iconic red hat in ornament form\nhttps://t.co/U4leSjltQY https://t.co/f3SjWkMIKk",
            "metadata": {
                "result_type": "recent",
                "iso_language_code": "en"
            },
            "user": {
                "id": 8216772,
                "utc_offset": -25200,
                "profile_banner_url": "https://pbs.twimg.com/profile_banners/8216772/1398475184",
                "listed_count": 5493,
                "followers_count": 304166,
                "verified": true,
                "profile_background_tile": false,
                "contributors_enabled": false,
                "is_translation_enabled": false,
                "entities": {
                    "description": {
                        "urls": []
                    },
                    "url": {
                        "urls": [
                            {
                                "indices": [
                                    0,
                                    22
                                ],
                                "expanded_url": "http://www.denverpost.com/",
                                "url": "http://t.co/HvDYiwfHFX",
                                "display_url": "denverpost.com"
                            }
                        ]
                    }
                },
                "location": "Denver, CO",
                "screen_name": "denverpost",
                "notifications": false,
                "following": false,
                "favourites_count": 1131,
                "profile_use_background_image": true,
                "protected": false,
                "time_zone": "Mountain Time (US & Canada)",
                "profile_background_image_url_https": "https://pbs.twimg.com/profile_background_images/601920030/usz02cw4o5h6j9wgkdca.jpeg",
                "profile_text_color": "626262",
                "follow_request_sent": false,
                "description": "Colorado's source for breaking news and information. Tweets by @francieswidler @kourtneygeers @ericjlubbers @danielpetty. Send tips here or tips@denverpost.com.",
                "statuses_count": 143829,
                "profile_image_url": "http://pbs.twimg.com/profile_images/696779704150335488/yF8sCXSN_normal.jpg",
                "created_at": "Thu Aug 16 04:20:09 +0000 2007",
                "default_profile": false,
                "profile_sidebar_border_color": "000000",
                "friends_count": 631,
                "profile_background_image_url": "http://pbs.twimg.com/profile_background_images/601920030/usz02cw4o5h6j9wgkdca.jpeg",
                "name": "The Denver Post",
                "default_profile_image": false,
                "profile_sidebar_fill_color": "003459",
                "profile_image_url_https": "https://pbs.twimg.com/profile_images/696779704150335488/yF8sCXSN_normal.jpg",
                "has_extended_profile": true,
                "url": "http://t.co/HvDYiwfHFX",
                "is_translator": false,
                "profile_background_color": "000000",
                "profile_link_color": "257DDB",
                "geo_enabled": true,
                "lang": "en",
                "translator_type": "regular",
                "id_str": "8216772"
            },
            "possibly_sensitive": false,
            "in_reply_to_user_id_str": null,
            "is_quote_status": false,
            "geo": null,
            "created_at": "Thu Nov 24 09:00:02 +0000 2016",
            "id_str": "801711965584375808",
            "coordinates": null,
            "favorited": false,
            "truncated": false,
            "extended_entities": {
                "media": [
                    {
                        "id": 801623707739267072,
                        "media_url": "http://pbs.twimg.com/media/Cx_wg9dUoAAf4uR.jpg",
                        "expanded_url": "https://twitter.com/denverpost/status/801711965584375808/photo/1",
                        "media_url_https": "https://pbs.twimg.com/media/Cx_wg9dUoAAf4uR.jpg",
                        "url": "https://t.co/f3SjWkMIKk",
                        "indices": [
                            110,
                            133
                        ],
                        "sizes": {
                            "large": {
                                "resize": "fit",
                                "h": 399,
                                "w": 501
                            },
                            "thumb": {
                                "resize": "crop",
                                "h": 150,
                                "w": 150
                            },
                            "small": {
                                "resize": "fit",
                                "h": 399,
                                "w": 501
                            },
                            "medium": {
                                "resize": "fit",
                                "h": 399,
                                "w": 501
                            }
                        },
                        "type": "photo",
                        "display_url": "pic.twitter.com/f3SjWkMIKk",
                        "id_str": "801623707739267072"
                    }
                ]
            },
            "contributors": null,
            "place": null,
            "in_reply_to_user_id": null,
            "in_reply_to_status_id_str": null,
            "retweeted": false,
            "lang": "en",
            "retweet_count": 1
        }
    ],
    "search_metadata": {
        "max_id_str": "801711965584375808",
        "completed_in": 0.02,
        "refresh_url": "?since_id=801711965584375808&q=Trump%20from%3Adenverpost%20since%3A2016-11-24%20until%3A2016-11-25%20filter%3Alinks%20-%40denverpost&include_entities=1",
        "max_id": 801711965584375808,
        "query": "Trump+from%3Adenverpost+since%3A2016-11-24+until%3A2016-11-25+filter%3Alinks+-%40denverpost",
        "since_id_str": "0",
        "since_id": 0,
        "count": 100
    }
}