{
    "statuses": [
        {
            "id": 801621428185563136,
            "in_reply_to_status_id": null,
            "source": "<a href=\"http://www.hootsuite.com\" rel=\"nofollow\">Hootsuite</a>",
            "in_reply_to_screen_name": null,
            "favorite_count": 7,
            "entities": {
                "hashtags": [],
                "symbols": [],
                "urls": [
                    {
                        "indices": [
                            103,
                            126
                        ],
                        "expanded_url": "http://dmreg.co/2giPvIp",
                        "url": "https://t.co/djmN2sjM0T",
                        "display_url": "dmreg.co/2giPvIp"
                    }
                ],
                "user_mentions": []
            },
            "text": "President-elect Donald Trump called in a video for the nation to \"speak with one voice and one heart.\" https://t.co/djmN2sjM0T",
            "metadata": {
                "result_type": "recent",
                "iso_language_code": "en"
            },
            "user": {
                "id": 13657922,
                "utc_offset": -21600,
                "profile_banner_url": "https://pbs.twimg.com/profile_banners/13657922/1398290852",
                "listed_count": 2229,
                "followers_count": 120595,
                "verified": true,
                "profile_background_tile": false,
                "contributors_enabled": false,
                "is_translation_enabled": false,
                "entities": {
                    "description": {
                        "urls": []
                    },
                    "url": {
                        "urls": [
                            {
                                "indices": [
                                    0,
                                    22
                                ],
                                "expanded_url": "http://www.desmoinesregister.com",
                                "url": "http://t.co/RmnjvtAsaP",
                                "display_url": "desmoinesregister.com"
                            }
                        ]
                    }
                },
                "location": "Des Moines, Iowa, USA",
                "screen_name": "DMRegister",
                "notifications": false,
                "following": false,
                "favourites_count": 729,
                "profile_use_background_image": true,
                "protected": false,
                "time_zone": "Central Time (US & Canada)",
                "profile_background_image_url_https": "https://pbs.twimg.com/profile_background_images/2548271/reglogo.jpg",
                "profile_text_color": "000000",
                "follow_request_sent": false,
                "description": "Latest headlines from The Des Moines Register",
                "statuses_count": 56892,
                "profile_image_url": "http://pbs.twimg.com/profile_images/651111022976086016/52Fga2lp_normal.jpg",
                "created_at": "Tue Feb 19 04:56:13 +0000 2008",
                "default_profile": false,
                "profile_sidebar_border_color": "87BC44",
                "friends_count": 5104,
                "profile_background_image_url": "http://pbs.twimg.com/profile_background_images/2548271/reglogo.jpg",
                "name": "Des Moines Register",
                "default_profile_image": false,
                "profile_sidebar_fill_color": "E0FF92",
                "profile_image_url_https": "https://pbs.twimg.com/profile_images/651111022976086016/52Fga2lp_normal.jpg",
                "has_extended_profile": false,
                "url": "http://t.co/RmnjvtAsaP",
                "is_translator": false,
                "profile_background_color": "FFFFFF",
                "profile_link_color": "0000FF",
                "geo_enabled": true,
                "lang": "en",
                "translator_type": "none",
                "id_str": "13657922"
            },
            "possibly_sensitive": false,
            "in_reply_to_user_id_str": null,
            "geo": null,
            "created_at": "Thu Nov 24 03:00:16 +0000 2016",
            "id_str": "801621428185563136",
            "coordinates": null,
            "favorited": false,
            "truncated": false,
            "is_quote_status": false,
            "contributors": null,
            "place": null,
            "in_reply_to_user_id": null,
            "in_reply_to_status_id_str": null,
            "retweeted": false,
            "lang": "en",
            "retweet_count": 1
        }
    ],
    "search_metadata": {
        "max_id_str": "801621428185563136",
        "completed_in": 0.061,
        "refresh_url": "?since_id=801621428185563136&q=Trump%20from%3ADMRegister%20since%3A2016-11-24%20until%3A2016-11-25%20filter%3Alinks%20-%40DMRegister&include_entities=1",
        "max_id": 801621428185563136,
        "query": "Trump+from%3ADMRegister+since%3A2016-11-24+until%3A2016-11-25+filter%3Alinks+-%40DMRegister",
        "since_id_str": "0",
        "since_id": 0,
        "count": 100
    }
}