{
    "statuses": [
        {
            "id": 801911541318746112,
            "in_reply_to_status_id": null,
            "source": "<a href=\"http://www.socialflow.com\" rel=\"nofollow\">SocialFlow</a>",
            "in_reply_to_screen_name": null,
            "favorite_count": 1,
            "entities": {
                "hashtags": [],
                "symbols": [],
                "urls": [
                    {
                        "indices": [
                            67,
                            90
                        ],
                        "expanded_url": "http://trib.al/7R8NgLI",
                        "url": "https://t.co/YVNmT0n4iH",
                        "display_url": "trib.al/7R8NgLI"
                    }
                ],
                "media": [
                    {
                        "id": 801911537992613888,
                        "media_url": "http://pbs.twimg.com/media/CyD2S4tWQAAOnkN.jpg",
                        "expanded_url": "https://twitter.com/hartfordcourant/status/801911541318746112/photo/1",
                        "media_url_https": "https://pbs.twimg.com/media/CyD2S4tWQAAOnkN.jpg",
                        "url": "https://t.co/XASPdU4bmR",
                        "indices": [
                            91,
                            114
                        ],
                        "sizes": {
                            "large": {
                                "resize": "fit",
                                "h": 422,
                                "w": 750
                            },
                            "thumb": {
                                "resize": "crop",
                                "h": 150,
                                "w": 150
                            },
                            "small": {
                                "resize": "fit",
                                "h": 383,
                                "w": 680
                            },
                            "medium": {
                                "resize": "fit",
                                "h": 422,
                                "w": 750
                            }
                        },
                        "type": "photo",
                        "display_url": "pic.twitter.com/XASPdU4bmR",
                        "id_str": "801911537992613888"
                    }
                ],
                "user_mentions": []
            },
            "text": "Trump says he's trying to stop a UTC factory from moving to Mexico https://t.co/YVNmT0n4iH https://t.co/XASPdU4bmR",
            "metadata": {
                "result_type": "recent",
                "iso_language_code": "en"
            },
            "user": {
                "id": 14708814,
                "utc_offset": -18000,
                "profile_banner_url": "https://pbs.twimg.com/profile_banners/14708814/1443623785",
                "listed_count": 1643,
                "followers_count": 113343,
                "verified": true,
                "profile_background_tile": false,
                "contributors_enabled": false,
                "is_translation_enabled": false,
                "entities": {
                    "description": {
                        "urls": []
                    },
                    "url": {
                        "urls": [
                            {
                                "indices": [
                                    0,
                                    22
                                ],
                                "expanded_url": "http://www.courant.com",
                                "url": "http://t.co/3x1eSPbscs",
                                "display_url": "courant.com"
                            }
                        ]
                    }
                },
                "location": "Hartford, Connecticut",
                "screen_name": "hartfordcourant",
                "notifications": false,
                "following": false,
                "favourites_count": 1,
                "profile_use_background_image": true,
                "protected": false,
                "time_zone": "Eastern Time (US & Canada)",
                "profile_background_image_url_https": "https://pbs.twimg.com/profile_background_images/657619393/9pyq4ao5jtn1ddn6p3zv.jpeg",
                "profile_text_color": "333333",
                "follow_request_sent": false,
                "description": "Connecticut breaking news, sports and politics from the state's largest newsroom and America's oldest continuously published newspaper.",
                "statuses_count": 83333,
                "profile_image_url": "http://pbs.twimg.com/profile_images/486872619036057600/yJuA5kD3_normal.png",
                "created_at": "Fri May 09 02:36:46 +0000 2008",
                "default_profile": false,
                "profile_sidebar_border_color": "FFFFFF",
                "friends_count": 2278,
                "profile_background_image_url": "http://pbs.twimg.com/profile_background_images/657619393/9pyq4ao5jtn1ddn6p3zv.jpeg",
                "name": "Hartford Courant",
                "default_profile_image": false,
                "profile_sidebar_fill_color": "F3F3F3",
                "profile_image_url_https": "https://pbs.twimg.com/profile_images/486872619036057600/yJuA5kD3_normal.png",
                "has_extended_profile": false,
                "url": "http://t.co/3x1eSPbscs",
                "is_translator": false,
                "profile_background_color": "EBEBEB",
                "profile_link_color": "990000",
                "geo_enabled": true,
                "lang": "en",
                "translator_type": "none",
                "id_str": "14708814"
            },
            "possibly_sensitive": false,
            "in_reply_to_user_id_str": null,
            "is_quote_status": false,
            "geo": null,
            "created_at": "Thu Nov 24 22:13:04 +0000 2016",
            "id_str": "801911541318746112",
            "coordinates": null,
            "favorited": false,
            "truncated": false,
            "extended_entities": {
                "media": [
                    {
                        "id": 801911537992613888,
                        "media_url": "http://pbs.twimg.com/media/CyD2S4tWQAAOnkN.jpg",
                        "expanded_url": "https://twitter.com/hartfordcourant/status/801911541318746112/photo/1",
                        "media_url_https": "https://pbs.twimg.com/media/CyD2S4tWQAAOnkN.jpg",
                        "url": "https://t.co/XASPdU4bmR",
                        "indices": [
                            91,
                            114
                        ],
                        "sizes": {
                            "large": {
                                "resize": "fit",
                                "h": 422,
                                "w": 750
                            },
                            "thumb": {
                                "resize": "crop",
                                "h": 150,
                                "w": 150
                            },
                            "small": {
                                "resize": "fit",
                                "h": 383,
                                "w": 680
                            },
                            "medium": {
                                "resize": "fit",
                                "h": 422,
                                "w": 750
                            }
                        },
                        "type": "photo",
                        "display_url": "pic.twitter.com/XASPdU4bmR",
                        "id_str": "801911537992613888"
                    }
                ]
            },
            "contributors": null,
            "place": null,
            "in_reply_to_user_id": null,
            "in_reply_to_status_id_str": null,
            "retweeted": false,
            "lang": "en",
            "retweet_count": 3
        },
        {
            "id": 801853605385011200,
            "in_reply_to_status_id": null,
            "source": "<a href=\"http://www.socialflow.com\" rel=\"nofollow\">SocialFlow</a>",
            "in_reply_to_screen_name": null,
            "favorite_count": 3,
            "entities": {
                "hashtags": [],
                "symbols": [],
                "urls": [
                    {
                        "indices": [
                            56,
                            79
                        ],
                        "expanded_url": "http://trib.al/ylXpanF",
                        "url": "https://t.co/D63hNhjWKN",
                        "display_url": "trib.al/ylXpanF"
                    }
                ],
                "media": [
                    {
                        "id": 801853602709041152,
                        "media_url": "http://pbs.twimg.com/media/CyDBmm9W8AAVNRI.jpg",
                        "expanded_url": "https://twitter.com/hartfordcourant/status/801853605385011200/photo/1",
                        "media_url_https": "https://pbs.twimg.com/media/CyDBmm9W8AAVNRI.jpg",
                        "url": "https://t.co/TKkX6glByX",
                        "indices": [
                            80,
                            103
                        ],
                        "sizes": {
                            "large": {
                                "resize": "fit",
                                "h": 450,
                                "w": 800
                            },
                            "thumb": {
                                "resize": "crop",
                                "h": 150,
                                "w": 150
                            },
                            "small": {
                                "resize": "fit",
                                "h": 383,
                                "w": 680
                            },
                            "medium": {
                                "resize": "fit",
                                "h": 450,
                                "w": 800
                            }
                        },
                        "type": "photo",
                        "display_url": "pic.twitter.com/TKkX6glByX",
                        "id_str": "801853602709041152"
                    }
                ],
                "user_mentions": []
            },
            "text": "In Thanksgiving pause, Trump calls for national healing https://t.co/D63hNhjWKN https://t.co/TKkX6glByX",
            "metadata": {
                "result_type": "recent",
                "iso_language_code": "en"
            },
            "user": {
                "id": 14708814,
                "utc_offset": -18000,
                "profile_banner_url": "https://pbs.twimg.com/profile_banners/14708814/1443623785",
                "listed_count": 1643,
                "followers_count": 113343,
                "verified": true,
                "profile_background_tile": false,
                "contributors_enabled": false,
                "is_translation_enabled": false,
                "entities": {
                    "description": {
                        "urls": []
                    },
                    "url": {
                        "urls": [
                            {
                                "indices": [
                                    0,
                                    22
                                ],
                                "expanded_url": "http://www.courant.com",
                                "url": "http://t.co/3x1eSPbscs",
                                "display_url": "courant.com"
                            }
                        ]
                    }
                },
                "location": "Hartford, Connecticut",
                "screen_name": "hartfordcourant",
                "notifications": false,
                "following": false,
                "favourites_count": 1,
                "profile_use_background_image": true,
                "protected": false,
                "time_zone": "Eastern Time (US & Canada)",
                "profile_background_image_url_https": "https://pbs.twimg.com/profile_background_images/657619393/9pyq4ao5jtn1ddn6p3zv.jpeg",
                "profile_text_color": "333333",
                "follow_request_sent": false,
                "description": "Connecticut breaking news, sports and politics from the state's largest newsroom and America's oldest continuously published newspaper.",
                "statuses_count": 83333,
                "profile_image_url": "http://pbs.twimg.com/profile_images/486872619036057600/yJuA5kD3_normal.png",
                "created_at": "Fri May 09 02:36:46 +0000 2008",
                "default_profile": false,
                "profile_sidebar_border_color": "FFFFFF",
                "friends_count": 2278,
                "profile_background_image_url": "http://pbs.twimg.com/profile_background_images/657619393/9pyq4ao5jtn1ddn6p3zv.jpeg",
                "name": "Hartford Courant",
                "default_profile_image": false,
                "profile_sidebar_fill_color": "F3F3F3",
                "profile_image_url_https": "https://pbs.twimg.com/profile_images/486872619036057600/yJuA5kD3_normal.png",
                "has_extended_profile": false,
                "url": "http://t.co/3x1eSPbscs",
                "is_translator": false,
                "profile_background_color": "EBEBEB",
                "profile_link_color": "990000",
                "geo_enabled": true,
                "lang": "en",
                "translator_type": "none",
                "id_str": "14708814"
            },
            "possibly_sensitive": false,
            "in_reply_to_user_id_str": null,
            "is_quote_status": false,
            "geo": null,
            "created_at": "Thu Nov 24 18:22:51 +0000 2016",
            "id_str": "801853605385011200",
            "coordinates": null,
            "favorited": false,
            "truncated": false,
            "extended_entities": {
                "media": [
                    {
                        "id": 801853602709041152,
                        "media_url": "http://pbs.twimg.com/media/CyDBmm9W8AAVNRI.jpg",
                        "expanded_url": "https://twitter.com/hartfordcourant/status/801853605385011200/photo/1",
                        "media_url_https": "https://pbs.twimg.com/media/CyDBmm9W8AAVNRI.jpg",
                        "url": "https://t.co/TKkX6glByX",
                        "indices": [
                            80,
                            103
                        ],
                        "sizes": {
                            "large": {
                                "resize": "fit",
                                "h": 450,
                                "w": 800
                            },
                            "thumb": {
                                "resize": "crop",
                                "h": 150,
                                "w": 150
                            },
                            "small": {
                                "resize": "fit",
                                "h": 383,
                                "w": 680
                            },
                            "medium": {
                                "resize": "fit",
                                "h": 450,
                                "w": 800
                            }
                        },
                        "type": "photo",
                        "display_url": "pic.twitter.com/TKkX6glByX",
                        "id_str": "801853602709041152"
                    }
                ]
            },
            "contributors": null,
            "place": null,
            "in_reply_to_user_id": null,
            "in_reply_to_status_id_str": null,
            "retweeted": false,
            "lang": "en",
            "retweet_count": 1
        },
        {
            "id": 801781289900736512,
            "in_reply_to_status_id": null,
            "source": "<a href=\"http://www.socialflow.com\" rel=\"nofollow\">SocialFlow</a>",
            "in_reply_to_screen_name": null,
            "favorite_count": 0,
            "entities": {
                "hashtags": [],
                "symbols": [],
                "urls": [
                    {
                        "indices": [
                            49,
                            72
                        ],
                        "expanded_url": "http://trib.al/oRWryZ6",
                        "url": "https://t.co/1egeIGqIzd",
                        "display_url": "trib.al/oRWryZ6"
                    }
                ],
                "media": [
                    {
                        "id": 801781286083985408,
                        "media_url": "http://pbs.twimg.com/media/CyB_1OiXgAAsErD.jpg",
                        "expanded_url": "https://twitter.com/hartfordcourant/status/801781289900736512/photo/1",
                        "media_url_https": "https://pbs.twimg.com/media/CyB_1OiXgAAsErD.jpg",
                        "url": "https://t.co/Avf34LIdqI",
                        "indices": [
                            73,
                            96
                        ],
                        "sizes": {
                            "large": {
                                "resize": "fit",
                                "h": 1796,
                                "w": 2048
                            },
                            "thumb": {
                                "resize": "crop",
                                "h": 150,
                                "w": 150
                            },
                            "small": {
                                "resize": "fit",
                                "h": 596,
                                "w": 680
                            },
                            "medium": {
                                "resize": "fit",
                                "h": 1052,
                                "w": 1200
                            }
                        },
                        "type": "photo",
                        "display_url": "pic.twitter.com/Avf34LIdqI",
                        "id_str": "801781286083985408"
                    }
                ],
                "user_mentions": [
                    {
                        "id": 212503356,
                        "indices": [
                            1,
                            13
                        ],
                        "name": "Dan Haar",
                        "screen_name": "couranthaar",
                        "id_str": "212503356"
                    }
                ]
            },
            "text": ".@couranthaar: Tips for a Trumpless Thanksgiving https://t.co/1egeIGqIzd https://t.co/Avf34LIdqI",
            "metadata": {
                "result_type": "recent",
                "iso_language_code": "en"
            },
            "user": {
                "id": 14708814,
                "utc_offset": -18000,
                "profile_banner_url": "https://pbs.twimg.com/profile_banners/14708814/1443623785",
                "listed_count": 1643,
                "followers_count": 113343,
                "verified": true,
                "profile_background_tile": false,
                "contributors_enabled": false,
                "is_translation_enabled": false,
                "entities": {
                    "description": {
                        "urls": []
                    },
                    "url": {
                        "urls": [
                            {
                                "indices": [
                                    0,
                                    22
                                ],
                                "expanded_url": "http://www.courant.com",
                                "url": "http://t.co/3x1eSPbscs",
                                "display_url": "courant.com"
                            }
                        ]
                    }
                },
                "location": "Hartford, Connecticut",
                "screen_name": "hartfordcourant",
                "notifications": false,
                "following": false,
                "favourites_count": 1,
                "profile_use_background_image": true,
                "protected": false,
                "time_zone": "Eastern Time (US & Canada)",
                "profile_background_image_url_https": "https://pbs.twimg.com/profile_background_images/657619393/9pyq4ao5jtn1ddn6p3zv.jpeg",
                "profile_text_color": "333333",
                "follow_request_sent": false,
                "description": "Connecticut breaking news, sports and politics from the state's largest newsroom and America's oldest continuously published newspaper.",
                "statuses_count": 83333,
                "profile_image_url": "http://pbs.twimg.com/profile_images/486872619036057600/yJuA5kD3_normal.png",
                "created_at": "Fri May 09 02:36:46 +0000 2008",
                "default_profile": false,
                "profile_sidebar_border_color": "FFFFFF",
                "friends_count": 2278,
                "profile_background_image_url": "http://pbs.twimg.com/profile_background_images/657619393/9pyq4ao5jtn1ddn6p3zv.jpeg",
                "name": "Hartford Courant",
                "default_profile_image": false,
                "profile_sidebar_fill_color": "F3F3F3",
                "profile_image_url_https": "https://pbs.twimg.com/profile_images/486872619036057600/yJuA5kD3_normal.png",
                "has_extended_profile": false,
                "url": "http://t.co/3x1eSPbscs",
                "is_translator": false,
                "profile_background_color": "EBEBEB",
                "profile_link_color": "990000",
                "geo_enabled": true,
                "lang": "en",
                "translator_type": "none",
                "id_str": "14708814"
            },
            "possibly_sensitive": false,
            "in_reply_to_user_id_str": null,
            "is_quote_status": false,
            "geo": null,
            "created_at": "Thu Nov 24 13:35:30 +0000 2016",
            "id_str": "801781289900736512",
            "coordinates": null,
            "favorited": false,
            "truncated": false,
            "extended_entities": {
                "media": [
                    {
                        "id": 801781286083985408,
                        "media_url": "http://pbs.twimg.com/media/CyB_1OiXgAAsErD.jpg",
                        "expanded_url": "https://twitter.com/hartfordcourant/status/801781289900736512/photo/1",
                        "media_url_https": "https://pbs.twimg.com/media/CyB_1OiXgAAsErD.jpg",
                        "url": "https://t.co/Avf34LIdqI",
                        "indices": [
                            73,
                            96
                        ],
                        "sizes": {
                            "large": {
                                "resize": "fit",
                                "h": 1796,
                                "w": 2048
                            },
                            "thumb": {
                                "resize": "crop",
                                "h": 150,
                                "w": 150
                            },
                            "small": {
                                "resize": "fit",
                                "h": 596,
                                "w": 680
                            },
                            "medium": {
                                "resize": "fit",
                                "h": 1052,
                                "w": 1200
                            }
                        },
                        "type": "photo",
                        "display_url": "pic.twitter.com/Avf34LIdqI",
                        "id_str": "801781286083985408"
                    }
                ]
            },
            "contributors": null,
            "place": null,
            "in_reply_to_user_id": null,
            "in_reply_to_status_id_str": null,
            "retweeted": false,
            "lang": "en",
            "retweet_count": 0
        },
        {
            "id": 801713246063431680,
            "in_reply_to_status_id": null,
            "source": "<a href=\"http://trueanthem.com/\" rel=\"nofollow\">trueAnthem</a>",
            "in_reply_to_screen_name": null,
            "favorite_count": 2,
            "entities": {
                "hashtags": [],
                "symbols": [],
                "urls": [
                    {
                        "indices": [
                            76,
                            99
                        ],
                        "expanded_url": "http://cour.at/2frysiW",
                        "url": "https://t.co/Ca23RHEaPu",
                        "display_url": "cour.at/2frysiW"
                    }
                ],
                "media": [
                    {
                        "id": 801713243802763264,
                        "media_url": "http://pbs.twimg.com/media/CyBB8pSXAAArm69.jpg",
                        "expanded_url": "https://twitter.com/hartfordcourant/status/801713246063431680/photo/1",
                        "media_url_https": "https://pbs.twimg.com/media/CyBB8pSXAAArm69.jpg",
                        "url": "https://t.co/wPUrBtW2Ms",
                        "indices": [
                            100,
                            123
                        ],
                        "sizes": {
                            "large": {
                                "resize": "fit",
                                "h": 686,
                                "w": 1024
                            },
                            "thumb": {
                                "resize": "crop",
                                "h": 150,
                                "w": 150
                            },
                            "small": {
                                "resize": "fit",
                                "h": 456,
                                "w": 680
                            },
                            "medium": {
                                "resize": "fit",
                                "h": 686,
                                "w": 1024
                            }
                        },
                        "type": "photo",
                        "display_url": "pic.twitter.com/wPUrBtW2Ms",
                        "id_str": "801713243802763264"
                    }
                ],
                "user_mentions": []
            },
            "text": "Education Leaders In Connecticut Lack Enthusiasm For Trump's Cabinet Choice https://t.co/Ca23RHEaPu https://t.co/wPUrBtW2Ms",
            "metadata": {
                "result_type": "recent",
                "iso_language_code": "en"
            },
            "user": {
                "id": 14708814,
                "utc_offset": -18000,
                "profile_banner_url": "https://pbs.twimg.com/profile_banners/14708814/1443623785",
                "listed_count": 1643,
                "followers_count": 113343,
                "verified": true,
                "profile_background_tile": false,
                "contributors_enabled": false,
                "is_translation_enabled": false,
                "entities": {
                    "description": {
                        "urls": []
                    },
                    "url": {
                        "urls": [
                            {
                                "indices": [
                                    0,
                                    22
                                ],
                                "expanded_url": "http://www.courant.com",
                                "url": "http://t.co/3x1eSPbscs",
                                "display_url": "courant.com"
                            }
                        ]
                    }
                },
                "location": "Hartford, Connecticut",
                "screen_name": "hartfordcourant",
                "notifications": false,
                "following": false,
                "favourites_count": 1,
                "profile_use_background_image": true,
                "protected": false,
                "time_zone": "Eastern Time (US & Canada)",
                "profile_background_image_url_https": "https://pbs.twimg.com/profile_background_images/657619393/9pyq4ao5jtn1ddn6p3zv.jpeg",
                "profile_text_color": "333333",
                "follow_request_sent": false,
                "description": "Connecticut breaking news, sports and politics from the state's largest newsroom and America's oldest continuously published newspaper.",
                "statuses_count": 83333,
                "profile_image_url": "http://pbs.twimg.com/profile_images/486872619036057600/yJuA5kD3_normal.png",
                "created_at": "Fri May 09 02:36:46 +0000 2008",
                "default_profile": false,
                "profile_sidebar_border_color": "FFFFFF",
                "friends_count": 2278,
                "profile_background_image_url": "http://pbs.twimg.com/profile_background_images/657619393/9pyq4ao5jtn1ddn6p3zv.jpeg",
                "name": "Hartford Courant",
                "default_profile_image": false,
                "profile_sidebar_fill_color": "F3F3F3",
                "profile_image_url_https": "https://pbs.twimg.com/profile_images/486872619036057600/yJuA5kD3_normal.png",
                "has_extended_profile": false,
                "url": "http://t.co/3x1eSPbscs",
                "is_translator": false,
                "profile_background_color": "EBEBEB",
                "profile_link_color": "990000",
                "geo_enabled": true,
                "lang": "en",
                "translator_type": "none",
                "id_str": "14708814"
            },
            "possibly_sensitive": false,
            "in_reply_to_user_id_str": null,
            "is_quote_status": false,
            "geo": null,
            "created_at": "Thu Nov 24 09:05:07 +0000 2016",
            "id_str": "801713246063431680",
            "coordinates": null,
            "favorited": false,
            "truncated": false,
            "extended_entities": {
                "media": [
                    {
                        "id": 801713243802763264,
                        "media_url": "http://pbs.twimg.com/media/CyBB8pSXAAArm69.jpg",
                        "expanded_url": "https://twitter.com/hartfordcourant/status/801713246063431680/photo/1",
                        "media_url_https": "https://pbs.twimg.com/media/CyBB8pSXAAArm69.jpg",
                        "url": "https://t.co/wPUrBtW2Ms",
                        "indices": [
                            100,
                            123
                        ],
                        "sizes": {
                            "large": {
                                "resize": "fit",
                                "h": 686,
                                "w": 1024
                            },
                            "thumb": {
                                "resize": "crop",
                                "h": 150,
                                "w": 150
                            },
                            "small": {
                                "resize": "fit",
                                "h": 456,
                                "w": 680
                            },
                            "medium": {
                                "resize": "fit",
                                "h": 686,
                                "w": 1024
                            }
                        },
                        "type": "photo",
                        "display_url": "pic.twitter.com/wPUrBtW2Ms",
                        "id_str": "801713243802763264"
                    }
                ]
            },
            "contributors": null,
            "place": null,
            "in_reply_to_user_id": null,
            "in_reply_to_status_id_str": null,
            "retweeted": false,
            "lang": "en",
            "retweet_count": 1
        },
        {
            "id": 801616092649103360,
            "in_reply_to_status_id": null,
            "source": "<a href=\"http://www.socialflow.com\" rel=\"nofollow\">SocialFlow</a>",
            "in_reply_to_screen_name": null,
            "favorite_count": 3,
            "entities": {
                "hashtags": [],
                "symbols": [],
                "urls": [
                    {
                        "indices": [
                            63,
                            86
                        ],
                        "expanded_url": "http://trib.al/fL0DB25",
                        "url": "https://t.co/xARb6ZSAIa",
                        "display_url": "trib.al/fL0DB25"
                    }
                ],
                "media": [
                    {
                        "id": 801616089989939200,
                        "media_url": "http://pbs.twimg.com/media/Cx_pljIWgAAu72m.jpg",
                        "expanded_url": "https://twitter.com/hartfordcourant/status/801616092649103360/photo/1",
                        "media_url_https": "https://pbs.twimg.com/media/Cx_pljIWgAAu72m.jpg",
                        "url": "https://t.co/2Ehuk2G82u",
                        "indices": [
                            87,
                            110
                        ],
                        "sizes": {
                            "large": {
                                "resize": "fit",
                                "h": 422,
                                "w": 750
                            },
                            "thumb": {
                                "resize": "crop",
                                "h": 150,
                                "w": 150
                            },
                            "small": {
                                "resize": "fit",
                                "h": 383,
                                "w": 680
                            },
                            "medium": {
                                "resize": "fit",
                                "h": 422,
                                "w": 750
                            }
                        },
                        "type": "photo",
                        "display_url": "pic.twitter.com/2Ehuk2G82u",
                        "id_str": "801616089989939200"
                    }
                ],
                "user_mentions": []
            },
            "text": "Crony capitalism concerns reach new heights with rise of Trump https://t.co/xARb6ZSAIa https://t.co/2Ehuk2G82u",
            "metadata": {
                "result_type": "recent",
                "iso_language_code": "en"
            },
            "user": {
                "id": 14708814,
                "utc_offset": -18000,
                "profile_banner_url": "https://pbs.twimg.com/profile_banners/14708814/1443623785",
                "listed_count": 1643,
                "followers_count": 113343,
                "verified": true,
                "profile_background_tile": false,
                "contributors_enabled": false,
                "is_translation_enabled": false,
                "entities": {
                    "description": {
                        "urls": []
                    },
                    "url": {
                        "urls": [
                            {
                                "indices": [
                                    0,
                                    22
                                ],
                                "expanded_url": "http://www.courant.com",
                                "url": "http://t.co/3x1eSPbscs",
                                "display_url": "courant.com"
                            }
                        ]
                    }
                },
                "location": "Hartford, Connecticut",
                "screen_name": "hartfordcourant",
                "notifications": false,
                "following": false,
                "favourites_count": 1,
                "profile_use_background_image": true,
                "protected": false,
                "time_zone": "Eastern Time (US & Canada)",
                "profile_background_image_url_https": "https://pbs.twimg.com/profile_background_images/657619393/9pyq4ao5jtn1ddn6p3zv.jpeg",
                "profile_text_color": "333333",
                "follow_request_sent": false,
                "description": "Connecticut breaking news, sports and politics from the state's largest newsroom and America's oldest continuously published newspaper.",
                "statuses_count": 83333,
                "profile_image_url": "http://pbs.twimg.com/profile_images/486872619036057600/yJuA5kD3_normal.png",
                "created_at": "Fri May 09 02:36:46 +0000 2008",
                "default_profile": false,
                "profile_sidebar_border_color": "FFFFFF",
                "friends_count": 2278,
                "profile_background_image_url": "http://pbs.twimg.com/profile_background_images/657619393/9pyq4ao5jtn1ddn6p3zv.jpeg",
                "name": "Hartford Courant",
                "default_profile_image": false,
                "profile_sidebar_fill_color": "F3F3F3",
                "profile_image_url_https": "https://pbs.twimg.com/profile_images/486872619036057600/yJuA5kD3_normal.png",
                "has_extended_profile": false,
                "url": "http://t.co/3x1eSPbscs",
                "is_translator": false,
                "profile_background_color": "EBEBEB",
                "profile_link_color": "990000",
                "geo_enabled": true,
                "lang": "en",
                "translator_type": "none",
                "id_str": "14708814"
            },
            "possibly_sensitive": false,
            "in_reply_to_user_id_str": null,
            "is_quote_status": false,
            "geo": null,
            "created_at": "Thu Nov 24 02:39:04 +0000 2016",
            "id_str": "801616092649103360",
            "coordinates": null,
            "favorited": false,
            "truncated": false,
            "extended_entities": {
                "media": [
                    {
                        "id": 801616089989939200,
                        "media_url": "http://pbs.twimg.com/media/Cx_pljIWgAAu72m.jpg",
                        "expanded_url": "https://twitter.com/hartfordcourant/status/801616092649103360/photo/1",
                        "media_url_https": "https://pbs.twimg.com/media/Cx_pljIWgAAu72m.jpg",
                        "url": "https://t.co/2Ehuk2G82u",
                        "indices": [
                            87,
                            110
                        ],
                        "sizes": {
                            "large": {
                                "resize": "fit",
                                "h": 422,
                                "w": 750
                            },
                            "thumb": {
                                "resize": "crop",
                                "h": 150,
                                "w": 150
                            },
                            "small": {
                                "resize": "fit",
                                "h": 383,
                                "w": 680
                            },
                            "medium": {
                                "resize": "fit",
                                "h": 422,
                                "w": 750
                            }
                        },
                        "type": "photo",
                        "display_url": "pic.twitter.com/2Ehuk2G82u",
                        "id_str": "801616089989939200"
                    }
                ]
            },
            "contributors": null,
            "place": null,
            "in_reply_to_user_id": null,
            "in_reply_to_status_id_str": null,
            "retweeted": false,
            "lang": "en",
            "retweet_count": 1
        },
        {
            "id": 801606038373941249,
            "in_reply_to_status_id": null,
            "source": "<a href=\"http://www.socialflow.com\" rel=\"nofollow\">SocialFlow</a>",
            "in_reply_to_screen_name": null,
            "favorite_count": 2,
            "entities": {
                "hashtags": [],
                "symbols": [],
                "urls": [
                    {
                        "indices": [
                            76,
                            99
                        ],
                        "expanded_url": "http://trib.al/Qo6EE2p",
                        "url": "https://t.co/Srww18EGiN",
                        "display_url": "trib.al/Qo6EE2p"
                    }
                ],
                "media": [
                    {
                        "id": 801606035983187969,
                        "media_url": "http://pbs.twimg.com/media/Cx_gcVCWQAEZFzj.jpg",
                        "expanded_url": "https://twitter.com/hartfordcourant/status/801606038373941249/photo/1",
                        "media_url_https": "https://pbs.twimg.com/media/Cx_gcVCWQAEZFzj.jpg",
                        "url": "https://t.co/xYraLFU0XC",
                        "indices": [
                            100,
                            123
                        ],
                        "sizes": {
                            "large": {
                                "resize": "fit",
                                "h": 619,
                                "w": 1100
                            },
                            "thumb": {
                                "resize": "crop",
                                "h": 150,
                                "w": 150
                            },
                            "small": {
                                "resize": "fit",
                                "h": 383,
                                "w": 680
                            },
                            "medium": {
                                "resize": "fit",
                                "h": 619,
                                "w": 1100
                            }
                        },
                        "type": "photo",
                        "display_url": "pic.twitter.com/xYraLFU0XC",
                        "id_str": "801606035983187969"
                    }
                ],
                "user_mentions": []
            },
            "text": "Education leaders in Connecticut lack enthusiasm for Trump's cabinet choice https://t.co/Srww18EGiN https://t.co/xYraLFU0XC",
            "metadata": {
                "result_type": "recent",
                "iso_language_code": "en"
            },
            "user": {
                "id": 14708814,
                "utc_offset": -18000,
                "profile_banner_url": "https://pbs.twimg.com/profile_banners/14708814/1443623785",
                "listed_count": 1643,
                "followers_count": 113343,
                "verified": true,
                "profile_background_tile": false,
                "contributors_enabled": false,
                "is_translation_enabled": false,
                "entities": {
                    "description": {
                        "urls": []
                    },
                    "url": {
                        "urls": [
                            {
                                "indices": [
                                    0,
                                    22
                                ],
                                "expanded_url": "http://www.courant.com",
                                "url": "http://t.co/3x1eSPbscs",
                                "display_url": "courant.com"
                            }
                        ]
                    }
                },
                "location": "Hartford, Connecticut",
                "screen_name": "hartfordcourant",
                "notifications": false,
                "following": false,
                "favourites_count": 1,
                "profile_use_background_image": true,
                "protected": false,
                "time_zone": "Eastern Time (US & Canada)",
                "profile_background_image_url_https": "https://pbs.twimg.com/profile_background_images/657619393/9pyq4ao5jtn1ddn6p3zv.jpeg",
                "profile_text_color": "333333",
                "follow_request_sent": false,
                "description": "Connecticut breaking news, sports and politics from the state's largest newsroom and America's oldest continuously published newspaper.",
                "statuses_count": 83333,
                "profile_image_url": "http://pbs.twimg.com/profile_images/486872619036057600/yJuA5kD3_normal.png",
                "created_at": "Fri May 09 02:36:46 +0000 2008",
                "default_profile": false,
                "profile_sidebar_border_color": "FFFFFF",
                "friends_count": 2278,
                "profile_background_image_url": "http://pbs.twimg.com/profile_background_images/657619393/9pyq4ao5jtn1ddn6p3zv.jpeg",
                "name": "Hartford Courant",
                "default_profile_image": false,
                "profile_sidebar_fill_color": "F3F3F3",
                "profile_image_url_https": "https://pbs.twimg.com/profile_images/486872619036057600/yJuA5kD3_normal.png",
                "has_extended_profile": false,
                "url": "http://t.co/3x1eSPbscs",
                "is_translator": false,
                "profile_background_color": "EBEBEB",
                "profile_link_color": "990000",
                "geo_enabled": true,
                "lang": "en",
                "translator_type": "none",
                "id_str": "14708814"
            },
            "possibly_sensitive": false,
            "in_reply_to_user_id_str": null,
            "is_quote_status": false,
            "geo": null,
            "created_at": "Thu Nov 24 01:59:07 +0000 2016",
            "id_str": "801606038373941249",
            "coordinates": null,
            "favorited": false,
            "truncated": false,
            "extended_entities": {
                "media": [
                    {
                        "id": 801606035983187969,
                        "media_url": "http://pbs.twimg.com/media/Cx_gcVCWQAEZFzj.jpg",
                        "expanded_url": "https://twitter.com/hartfordcourant/status/801606038373941249/photo/1",
                        "media_url_https": "https://pbs.twimg.com/media/Cx_gcVCWQAEZFzj.jpg",
                        "url": "https://t.co/xYraLFU0XC",
                        "indices": [
                            100,
                            123
                        ],
                        "sizes": {
                            "large": {
                                "resize": "fit",
                                "h": 619,
                                "w": 1100
                            },
                            "thumb": {
                                "resize": "crop",
                                "h": 150,
                                "w": 150
                            },
                            "small": {
                                "resize": "fit",
                                "h": 383,
                                "w": 680
                            },
                            "medium": {
                                "resize": "fit",
                                "h": 619,
                                "w": 1100
                            }
                        },
                        "type": "photo",
                        "display_url": "pic.twitter.com/xYraLFU0XC",
                        "id_str": "801606035983187969"
                    }
                ]
            },
            "contributors": null,
            "place": null,
            "in_reply_to_user_id": null,
            "in_reply_to_status_id_str": null,
            "retweeted": false,
            "lang": "en",
            "retweet_count": 0
        }
    ],
    "search_metadata": {
        "max_id_str": "801911541318746112",
        "completed_in": 0.026,
        "refresh_url": "?since_id=801911541318746112&q=Trump%20from%3Ahartfordcourant%20since%3A2016-11-24%20until%3A2016-11-25%20filter%3Alinks%20-%40hartfordcourant&include_entities=1",
        "max_id": 801911541318746112,
        "query": "Trump+from%3Ahartfordcourant+since%3A2016-11-24+until%3A2016-11-25+filter%3Alinks+-%40hartfordcourant",
        "since_id_str": "0",
        "since_id": 0,
        "count": 100
    }
}