{
    "statuses": [
        {
            "id": 801885662114967552,
            "in_reply_to_status_id": null,
            "source": "<a href=\"http://www.hootsuite.com\" rel=\"nofollow\">Hootsuite</a>",
            "in_reply_to_screen_name": null,
            "favorite_count": 3,
            "entities": {
                "hashtags": [],
                "symbols": [],
                "urls": [
                    {
                        "indices": [
                            114,
                            137
                        ],
                        "expanded_url": "http://indy.st/2gkN983",
                        "url": "https://t.co/6pQflZynbz",
                        "display_url": "indy.st/2gkN983"
                    }
                ],
                "user_mentions": []
            },
            "text": "Trump hinted at \"making progress\" toward a campaign pledge of reversing Carrier's plan to relocate jobs to Mexico https://t.co/6pQflZynbz",
            "metadata": {
                "result_type": "recent",
                "iso_language_code": "en"
            },
            "user": {
                "id": 16550142,
                "utc_offset": -18000,
                "profile_banner_url": "https://pbs.twimg.com/profile_banners/16550142/1415827321",
                "listed_count": 2688,
                "followers_count": 194083,
                "verified": true,
                "profile_background_tile": false,
                "contributors_enabled": false,
                "is_translation_enabled": false,
                "entities": {
                    "description": {
                        "urls": []
                    },
                    "url": {
                        "urls": [
                            {
                                "indices": [
                                    0,
                                    22
                                ],
                                "expanded_url": "http://www.indystar.com/",
                                "url": "http://t.co/AHcf6xQRJC",
                                "display_url": "indystar.com"
                            }
                        ]
                    }
                },
                "location": "Indianapolis, IN",
                "screen_name": "indystar",
                "notifications": false,
                "following": false,
                "favourites_count": 1462,
                "profile_use_background_image": true,
                "protected": false,
                "time_zone": "Eastern Time (US & Canada)",
                "profile_background_image_url_https": "https://pbs.twimg.com/profile_background_images/378800000123769352/f3a8ad0c9fe01151df8cf34eb18efb5c.jpeg",
                "profile_text_color": "000000",
                "follow_request_sent": false,
                "description": "News that matters. Sports that thrill. A city that excites. Your IndyStar: Serving the greater good of Central Indiana with local journalism.",
                "statuses_count": 150435,
                "profile_image_url": "http://pbs.twimg.com/profile_images/557169583878963204/zW17iH7I_normal.jpeg",
                "created_at": "Wed Oct 01 20:50:45 +0000 2008",
                "default_profile": false,
                "profile_sidebar_border_color": "FFFFFF",
                "friends_count": 414,
                "profile_background_image_url": "http://pbs.twimg.com/profile_background_images/378800000123769352/f3a8ad0c9fe01151df8cf34eb18efb5c.jpeg",
                "name": "IndyStar",
                "default_profile_image": false,
                "profile_sidebar_fill_color": "E8E6D0",
                "profile_image_url_https": "https://pbs.twimg.com/profile_images/557169583878963204/zW17iH7I_normal.jpeg",
                "has_extended_profile": false,
                "url": "http://t.co/AHcf6xQRJC",
                "is_translator": false,
                "profile_background_color": "333333",
                "profile_link_color": "1373C0",
                "geo_enabled": true,
                "lang": "en",
                "translator_type": "none",
                "id_str": "16550142"
            },
            "possibly_sensitive": false,
            "in_reply_to_user_id_str": null,
            "geo": null,
            "created_at": "Thu Nov 24 20:30:14 +0000 2016",
            "id_str": "801885662114967552",
            "coordinates": null,
            "favorited": false,
            "truncated": false,
            "is_quote_status": false,
            "contributors": null,
            "place": null,
            "in_reply_to_user_id": null,
            "in_reply_to_status_id_str": null,
            "retweeted": false,
            "lang": "en",
            "retweet_count": 1
        }
    ],
    "search_metadata": {
        "max_id_str": "801885662114967552",
        "completed_in": 0.021,
        "refresh_url": "?since_id=801885662114967552&q=Trump%20from%3Aindystar%20since%3A2016-11-24%20until%3A2016-11-25%20filter%3Alinks%20-%40indystar&include_entities=1",
        "max_id": 801885662114967552,
        "query": "Trump+from%3Aindystar+since%3A2016-11-24+until%3A2016-11-25+filter%3Alinks+-%40indystar",
        "since_id_str": "0",
        "since_id": 0,
        "count": 100
    }
}