{
    "search_metadata": {
        "query": "Trump+from%3APioneerPress+since%3A2016-11-24+until%3A2016-11-25+filter%3Alinks+-%40PioneerPress",
        "max_id_str": "803054598542004224",
        "max_id": 803054598542004224,
        "completed_in": 0.04,
        "since_id": 0,
        "refresh_url": "?since_id=803054598542004224&q=Trump%20from%3APioneerPress%20since%3A2016-11-24%20until%3A2016-11-25%20filter%3Alinks%20-%40PioneerPress&include_entities=1",
        "count": 100,
        "since_id_str": "0"
    },
    "statuses": []
}