{
    "statuses": [],
    "search_metadata": {
        "max_id_str": "803055204719411200",
        "completed_in": 0.018,
        "refresh_url": "?since_id=803055204719411200&q=Trump%20from%3Asfchronicle%20since%3A2016-11-24%20until%3A2016-11-25%20filter%3Alinks%20-%40sfchronicle&include_entities=1",
        "max_id": 803055204719411200,
        "query": "Trump+from%3Asfchronicle+since%3A2016-11-24+until%3A2016-11-25+filter%3Alinks+-%40sfchronicle",
        "since_id_str": "0",
        "since_id": 0,
        "count": 100
    }
}