{
    "statuses": [],
    "search_metadata": {
        "max_id_str": "803055225904844800",
        "completed_in": 0.027,
        "refresh_url": "?since_id=803055225904844800&q=Trump%20from%3Ashreveporttimes%20since%3A2016-11-24%20until%3A2016-11-25%20filter%3Alinks%20-%40shreveporttimes&include_entities=1",
        "max_id": 803055225904844800,
        "query": "Trump+from%3Ashreveporttimes+since%3A2016-11-24+until%3A2016-11-25+filter%3Alinks+-%40shreveporttimes",
        "since_id_str": "0",
        "since_id": 0,
        "count": 100
    }
}