{
    "search_metadata": {
        "query": "Trump+from%3AStarTribune+since%3A2016-11-24+until%3A2016-11-25+filter%3Alinks+-%40StarTribune",
        "max_id_str": "801801298890854401",
        "max_id": 801801298890854401,
        "completed_in": 0.025,
        "since_id": 0,
        "refresh_url": "?since_id=801801298890854401&q=Trump%20from%3AStarTribune%20since%3A2016-11-24%20until%3A2016-11-25%20filter%3Alinks%20-%40StarTribune&include_entities=1",
        "count": 100,
        "since_id_str": "0"
    },
    "statuses": [
        {
            "created_at": "Thu Nov 24 14:55:01 +0000 2016",
            "contributors": null,
            "id": 801801298890854401,
            "extended_entities": {
                "media": [
                    {
                        "media_url_https": "https://pbs.twimg.com/media/CyCNprcVQAUdONP.jpg",
                        "display_url": "pic.twitter.com/DAzqz6VGJM",
                        "expanded_url": "https://twitter.com/StarTribune/status/801801298890854401/photo/1",
                        "media_url": "http://pbs.twimg.com/media/CyCNprcVQAUdONP.jpg",
                        "indices": [
                            85,
                            108
                        ],
                        "id_str": "801796480847659013",
                        "id": 801796480847659013,
                        "sizes": {
                            "large": {
                                "h": 1344,
                                "resize": "fit",
                                "w": 2048
                            },
                            "small": {
                                "h": 446,
                                "resize": "fit",
                                "w": 680
                            },
                            "thumb": {
                                "h": 150,
                                "resize": "crop",
                                "w": 150
                            },
                            "medium": {
                                "h": 787,
                                "resize": "fit",
                                "w": 1200
                            }
                        },
                        "url": "https://t.co/DAzqz6VGJM",
                        "type": "photo"
                    }
                ]
            },
            "entities": {
                "urls": [
                    {
                        "url": "https://t.co/4YuhAfNQaA",
                        "indices": [
                            61,
                            84
                        ],
                        "expanded_url": "http://strib.mn/2gEhoLr",
                        "display_url": "strib.mn/2gEhoLr"
                    }
                ],
                "hashtags": [],
                "media": [
                    {
                        "media_url_https": "https://pbs.twimg.com/media/CyCNprcVQAUdONP.jpg",
                        "display_url": "pic.twitter.com/DAzqz6VGJM",
                        "expanded_url": "https://twitter.com/StarTribune/status/801801298890854401/photo/1",
                        "media_url": "http://pbs.twimg.com/media/CyCNprcVQAUdONP.jpg",
                        "indices": [
                            85,
                            108
                        ],
                        "id_str": "801796480847659013",
                        "id": 801796480847659013,
                        "sizes": {
                            "large": {
                                "h": 1344,
                                "resize": "fit",
                                "w": 2048
                            },
                            "small": {
                                "h": 446,
                                "resize": "fit",
                                "w": 680
                            },
                            "thumb": {
                                "h": 150,
                                "resize": "crop",
                                "w": 150
                            },
                            "medium": {
                                "h": 787,
                                "resize": "fit",
                                "w": 1200
                            }
                        },
                        "url": "https://t.co/DAzqz6VGJM",
                        "type": "photo"
                    }
                ],
                "symbols": [],
                "user_mentions": []
            },
            "in_reply_to_status_id_str": null,
            "text": "Trump taps billionaire investor Ross for commerce secretary. https://t.co/4YuhAfNQaA https://t.co/DAzqz6VGJM",
            "metadata": {
                "iso_language_code": "en",
                "result_type": "recent"
            },
            "truncated": false,
            "in_reply_to_screen_name": null,
            "favorite_count": 2,
            "in_reply_to_user_id": null,
            "favorited": false,
            "in_reply_to_user_id_str": null,
            "in_reply_to_status_id": null,
            "source": "<a href=\"https://about.twitter.com/products/tweetdeck\" rel=\"nofollow\">TweetDeck</a>",
            "is_quote_status": false,
            "geo": null,
            "user": {
                "created_at": "Wed Nov 12 20:55:38 +0000 2008",
                "profile_banner_url": "https://pbs.twimg.com/profile_banners/17348525/1480105232",
                "contributors_enabled": false,
                "default_profile_image": false,
                "screen_name": "StarTribune",
                "profile_background_image_url": "http://pbs.twimg.com/profile_background_images/378800000177961119/MxVaJ3fR.jpeg",
                "id": 17348525,
                "default_profile": false,
                "profile_background_tile": false,
                "name": "Star Tribune",
                "statuses_count": 100965,
                "listed_count": 3336,
                "entities": {
                    "url": {
                        "urls": [
                            {
                                "url": "https://t.co/2perTa45jk",
                                "indices": [
                                    0,
                                    23
                                ],
                                "expanded_url": "http://www.startribune.com",
                                "display_url": "startribune.com"
                            }
                        ]
                    },
                    "description": {
                        "urls": [
                            {
                                "url": "https://t.co/DKVw7iC5C9",
                                "indices": [
                                    46,
                                    69
                                ],
                                "expanded_url": "http://strib.mn/STtweets",
                                "display_url": "strib.mn/STtweets"
                            }
                        ]
                    }
                },
                "protected": false,
                "profile_image_url_https": "https://pbs.twimg.com/profile_images/427289765734404096/Ip4UAv5q_normal.jpeg",
                "profile_background_image_url_https": "https://pbs.twimg.com/profile_background_images/378800000177961119/MxVaJ3fR.jpeg",
                "friends_count": 800,
                "profile_text_color": "333333",
                "id_str": "17348525",
                "verified": true,
                "utc_offset": -21600,
                "profile_use_background_image": true,
                "geo_enabled": false,
                "favourites_count": 1213,
                "time_zone": "Central Time (US & Canada)",
                "description": "Minnesota's top choice for news and more. See https://t.co/DKVw7iC5C9 to follow our journalists. Find customer service at @startribsupport.",
                "follow_request_sent": false,
                "notifications": false,
                "has_extended_profile": false,
                "profile_image_url": "http://pbs.twimg.com/profile_images/427289765734404096/Ip4UAv5q_normal.jpeg",
                "is_translation_enabled": false,
                "followers_count": 251616,
                "profile_sidebar_fill_color": "E6EDE4",
                "following": false,
                "is_translator": false,
                "profile_sidebar_border_color": "FFFFFF",
                "translator_type": "regular",
                "url": "https://t.co/2perTa45jk",
                "location": "Minneapolis, MN ",
                "profile_link_color": "31661E",
                "profile_background_color": "FFFFFF",
                "lang": "en"
            },
            "retweet_count": 1,
            "place": null,
            "retweeted": false,
            "coordinates": null,
            "possibly_sensitive": false,
            "lang": "en",
            "id_str": "801801298890854401"
        },
        {
            "created_at": "Thu Nov 24 01:55:00 +0000 2016",
            "contributors": null,
            "id": 801605003987271681,
            "extended_entities": {
                "media": [
                    {
                        "media_url_https": "https://pbs.twimg.com/media/Cx_e84AUUAABC_m.jpg",
                        "display_url": "pic.twitter.com/WD0dFamVTk",
                        "expanded_url": "https://twitter.com/StarTribune/status/801605003987271681/photo/1",
                        "media_url": "http://pbs.twimg.com/media/Cx_e84AUUAABC_m.jpg",
                        "indices": [
                            115,
                            138
                        ],
                        "id_str": "801604396102471680",
                        "id": 801604396102471680,
                        "sizes": {
                            "large": {
                                "h": 672,
                                "resize": "fit",
                                "w": 1024
                            },
                            "small": {
                                "h": 446,
                                "resize": "fit",
                                "w": 680
                            },
                            "thumb": {
                                "h": 150,
                                "resize": "crop",
                                "w": 150
                            },
                            "medium": {
                                "h": 672,
                                "resize": "fit",
                                "w": 1024
                            }
                        },
                        "url": "https://t.co/WD0dFamVTk",
                        "type": "photo"
                    }
                ]
            },
            "entities": {
                "urls": [
                    {
                        "url": "https://t.co/Be5shgkZ93",
                        "indices": [
                            91,
                            114
                        ],
                        "expanded_url": "http://strib.mn/2giIk2H",
                        "display_url": "strib.mn/2giIk2H"
                    }
                ],
                "hashtags": [],
                "media": [
                    {
                        "media_url_https": "https://pbs.twimg.com/media/Cx_e84AUUAABC_m.jpg",
                        "display_url": "pic.twitter.com/WD0dFamVTk",
                        "expanded_url": "https://twitter.com/StarTribune/status/801605003987271681/photo/1",
                        "media_url": "http://pbs.twimg.com/media/Cx_e84AUUAABC_m.jpg",
                        "indices": [
                            115,
                            138
                        ],
                        "id_str": "801604396102471680",
                        "id": 801604396102471680,
                        "sizes": {
                            "large": {
                                "h": 672,
                                "resize": "fit",
                                "w": 1024
                            },
                            "small": {
                                "h": 446,
                                "resize": "fit",
                                "w": 680
                            },
                            "thumb": {
                                "h": 150,
                                "resize": "crop",
                                "w": 150
                            },
                            "medium": {
                                "h": 672,
                                "resize": "fit",
                                "w": 1024
                            }
                        },
                        "url": "https://t.co/WD0dFamVTk",
                        "type": "photo"
                    }
                ],
                "symbols": [],
                "user_mentions": []
            },
            "in_reply_to_status_id_str": null,
            "text": "Billionaire investor Wilbur Ross is Donald Trump's Commerce secretary pick, official says. https://t.co/Be5shgkZ93 https://t.co/WD0dFamVTk",
            "metadata": {
                "iso_language_code": "en",
                "result_type": "recent"
            },
            "truncated": false,
            "in_reply_to_screen_name": null,
            "favorite_count": 0,
            "in_reply_to_user_id": null,
            "favorited": false,
            "in_reply_to_user_id_str": null,
            "in_reply_to_status_id": null,
            "source": "<a href=\"https://about.twitter.com/products/tweetdeck\" rel=\"nofollow\">TweetDeck</a>",
            "is_quote_status": false,
            "geo": null,
            "user": {
                "created_at": "Wed Nov 12 20:55:38 +0000 2008",
                "profile_banner_url": "https://pbs.twimg.com/profile_banners/17348525/1480105232",
                "contributors_enabled": false,
                "default_profile_image": false,
                "screen_name": "StarTribune",
                "profile_background_image_url": "http://pbs.twimg.com/profile_background_images/378800000177961119/MxVaJ3fR.jpeg",
                "id": 17348525,
                "default_profile": false,
                "profile_background_tile": false,
                "name": "Star Tribune",
                "statuses_count": 100965,
                "listed_count": 3336,
                "entities": {
                    "url": {
                        "urls": [
                            {
                                "url": "https://t.co/2perTa45jk",
                                "indices": [
                                    0,
                                    23
                                ],
                                "expanded_url": "http://www.startribune.com",
                                "display_url": "startribune.com"
                            }
                        ]
                    },
                    "description": {
                        "urls": [
                            {
                                "url": "https://t.co/DKVw7iC5C9",
                                "indices": [
                                    46,
                                    69
                                ],
                                "expanded_url": "http://strib.mn/STtweets",
                                "display_url": "strib.mn/STtweets"
                            }
                        ]
                    }
                },
                "protected": false,
                "profile_image_url_https": "https://pbs.twimg.com/profile_images/427289765734404096/Ip4UAv5q_normal.jpeg",
                "profile_background_image_url_https": "https://pbs.twimg.com/profile_background_images/378800000177961119/MxVaJ3fR.jpeg",
                "friends_count": 800,
                "profile_text_color": "333333",
                "id_str": "17348525",
                "verified": true,
                "utc_offset": -21600,
                "profile_use_background_image": true,
                "geo_enabled": false,
                "favourites_count": 1213,
                "time_zone": "Central Time (US & Canada)",
                "description": "Minnesota's top choice for news and more. See https://t.co/DKVw7iC5C9 to follow our journalists. Find customer service at @startribsupport.",
                "follow_request_sent": false,
                "notifications": false,
                "has_extended_profile": false,
                "profile_image_url": "http://pbs.twimg.com/profile_images/427289765734404096/Ip4UAv5q_normal.jpeg",
                "is_translation_enabled": false,
                "followers_count": 251616,
                "profile_sidebar_fill_color": "E6EDE4",
                "following": false,
                "is_translator": false,
                "profile_sidebar_border_color": "FFFFFF",
                "translator_type": "regular",
                "url": "https://t.co/2perTa45jk",
                "location": "Minneapolis, MN ",
                "profile_link_color": "31661E",
                "profile_background_color": "FFFFFF",
                "lang": "en"
            },
            "retweet_count": 1,
            "place": null,
            "retweeted": false,
            "coordinates": null,
            "possibly_sensitive": false,
            "lang": "en",
            "id_str": "801605003987271681"
        },
        {
            "created_at": "Thu Nov 24 01:00:01 +0000 2016",
            "contributors": null,
            "id": 801591164855955460,
            "extended_entities": {
                "media": [
                    {
                        "media_url_https": "https://pbs.twimg.com/media/Cx_Pg22UoAA6Vb9.jpg",
                        "display_url": "pic.twitter.com/VjQxcZQb4W",
                        "expanded_url": "https://twitter.com/StarTribune/status/801591164855955460/photo/1",
                        "media_url": "http://pbs.twimg.com/media/Cx_Pg22UoAA6Vb9.jpg",
                        "indices": [
                            110,
                            133
                        ],
                        "id_str": "801587422081359872",
                        "id": 801587422081359872,
                        "sizes": {
                            "large": {
                                "h": 309,
                                "resize": "fit",
                                "w": 525
                            },
                            "small": {
                                "h": 309,
                                "resize": "fit",
                                "w": 525
                            },
                            "thumb": {
                                "h": 150,
                                "resize": "crop",
                                "w": 150
                            },
                            "medium": {
                                "h": 309,
                                "resize": "fit",
                                "w": 525
                            }
                        },
                        "url": "https://t.co/VjQxcZQb4W",
                        "type": "photo"
                    }
                ]
            },
            "entities": {
                "urls": [
                    {
                        "url": "https://t.co/emJSpfugVc",
                        "indices": [
                            86,
                            109
                        ],
                        "expanded_url": "http://strib.mn/2gCdvqe",
                        "display_url": "strib.mn/2gCdvqe"
                    }
                ],
                "hashtags": [],
                "media": [
                    {
                        "media_url_https": "https://pbs.twimg.com/media/Cx_Pg22UoAA6Vb9.jpg",
                        "display_url": "pic.twitter.com/VjQxcZQb4W",
                        "expanded_url": "https://twitter.com/StarTribune/status/801591164855955460/photo/1",
                        "media_url": "http://pbs.twimg.com/media/Cx_Pg22UoAA6Vb9.jpg",
                        "indices": [
                            110,
                            133
                        ],
                        "id_str": "801587422081359872",
                        "id": 801587422081359872,
                        "sizes": {
                            "large": {
                                "h": 309,
                                "resize": "fit",
                                "w": 525
                            },
                            "small": {
                                "h": 309,
                                "resize": "fit",
                                "w": 525
                            },
                            "thumb": {
                                "h": 150,
                                "resize": "crop",
                                "w": 150
                            },
                            "medium": {
                                "h": 309,
                                "resize": "fit",
                                "w": 525
                            }
                        },
                        "url": "https://t.co/VjQxcZQb4W",
                        "type": "photo"
                    }
                ],
                "symbols": [],
                "user_mentions": []
            },
            "in_reply_to_status_id_str": null,
            "text": "Fact check: As president, is Donald Trump exempt from business conflicts of interest? https://t.co/emJSpfugVc https://t.co/VjQxcZQb4W",
            "metadata": {
                "iso_language_code": "en",
                "result_type": "recent"
            },
            "truncated": false,
            "in_reply_to_screen_name": null,
            "favorite_count": 1,
            "in_reply_to_user_id": null,
            "favorited": false,
            "in_reply_to_user_id_str": null,
            "in_reply_to_status_id": null,
            "source": "<a href=\"https://about.twitter.com/products/tweetdeck\" rel=\"nofollow\">TweetDeck</a>",
            "is_quote_status": false,
            "geo": null,
            "user": {
                "created_at": "Wed Nov 12 20:55:38 +0000 2008",
                "profile_banner_url": "https://pbs.twimg.com/profile_banners/17348525/1480105232",
                "contributors_enabled": false,
                "default_profile_image": false,
                "screen_name": "StarTribune",
                "profile_background_image_url": "http://pbs.twimg.com/profile_background_images/378800000177961119/MxVaJ3fR.jpeg",
                "id": 17348525,
                "default_profile": false,
                "profile_background_tile": false,
                "name": "Star Tribune",
                "statuses_count": 100965,
                "listed_count": 3336,
                "entities": {
                    "url": {
                        "urls": [
                            {
                                "url": "https://t.co/2perTa45jk",
                                "indices": [
                                    0,
                                    23
                                ],
                                "expanded_url": "http://www.startribune.com",
                                "display_url": "startribune.com"
                            }
                        ]
                    },
                    "description": {
                        "urls": [
                            {
                                "url": "https://t.co/DKVw7iC5C9",
                                "indices": [
                                    46,
                                    69
                                ],
                                "expanded_url": "http://strib.mn/STtweets",
                                "display_url": "strib.mn/STtweets"
                            }
                        ]
                    }
                },
                "protected": false,
                "profile_image_url_https": "https://pbs.twimg.com/profile_images/427289765734404096/Ip4UAv5q_normal.jpeg",
                "profile_background_image_url_https": "https://pbs.twimg.com/profile_background_images/378800000177961119/MxVaJ3fR.jpeg",
                "friends_count": 800,
                "profile_text_color": "333333",
                "id_str": "17348525",
                "verified": true,
                "utc_offset": -21600,
                "profile_use_background_image": true,
                "geo_enabled": false,
                "favourites_count": 1213,
                "time_zone": "Central Time (US & Canada)",
                "description": "Minnesota's top choice for news and more. See https://t.co/DKVw7iC5C9 to follow our journalists. Find customer service at @startribsupport.",
                "follow_request_sent": false,
                "notifications": false,
                "has_extended_profile": false,
                "profile_image_url": "http://pbs.twimg.com/profile_images/427289765734404096/Ip4UAv5q_normal.jpeg",
                "is_translation_enabled": false,
                "followers_count": 251616,
                "profile_sidebar_fill_color": "E6EDE4",
                "following": false,
                "is_translator": false,
                "profile_sidebar_border_color": "FFFFFF",
                "translator_type": "regular",
                "url": "https://t.co/2perTa45jk",
                "location": "Minneapolis, MN ",
                "profile_link_color": "31661E",
                "profile_background_color": "FFFFFF",
                "lang": "en"
            },
            "retweet_count": 1,
            "place": null,
            "retweeted": false,
            "coordinates": null,
            "possibly_sensitive": false,
            "lang": "en",
            "id_str": "801591164855955460"
        }
    ]
}