{
    "statuses": [],
    "search_metadata": {
        "max_id_str": "803055204530814978",
        "completed_in": 0.036,
        "refresh_url": "?since_id=803055204530814978&q=Trump%20from%3ATimesRecord%20since%3A2016-11-24%20until%3A2016-11-25%20filter%3Alinks%20-%40TimesRecord&include_entities=1",
        "max_id": 803055204530814978,
        "query": "Trump+from%3ATimesRecord+since%3A2016-11-24+until%3A2016-11-25+filter%3Alinks+-%40TimesRecord",
        "since_id_str": "0",
        "since_id": 0,
        "count": 100
    }
}