{
    "statuses": [],
    "search_metadata": {
        "max_id_str": "803055198759518209",
        "completed_in": 0.013,
        "refresh_url": "?since_id=803055198759518209&q=Trump%20from%3Atuscaloosanews%20since%3A2016-11-24%20until%3A2016-11-25%20filter%3Alinks%20-%40tuscaloosanews&include_entities=1",
        "max_id": 803055198759518209,
        "query": "Trump+from%3Atuscaloosanews+since%3A2016-11-24+until%3A2016-11-25+filter%3Alinks+-%40tuscaloosanews",
        "since_id_str": "0",
        "since_id": 0,
        "count": 100
    }
}