{
    "statuses": [
        {
            "is_quote_status": false,
            "source": "<a href=\"http://www.socialflow.com\" rel=\"nofollow\">SocialFlow</a>",
            "coordinates": null,
            "metadata": {
                "result_type": "recent",
                "iso_language_code": "en"
            },
            "user": {
                "profile_banner_url": "https://pbs.twimg.com/profile_banners/4170491/1425070056",
                "default_profile": false,
                "contributors_enabled": false,
                "description": "Atlanta's best source for news.",
                "has_extended_profile": false,
                "following": false,
                "translator_type": "regular",
                "protected": false,
                "profile_image_url": "http://pbs.twimg.com/profile_images/667060822930145280/ZFty7bte_normal.jpg",
                "profile_background_color": "00539B",
                "favourites_count": 336,
                "profile_sidebar_border_color": "FFFFFF",
                "lang": "en",
                "verified": true,
                "followers_count": 611788,
                "url": "http://t.co/EvK8XZMw4P",
                "profile_image_url_https": "https://pbs.twimg.com/profile_images/667060822930145280/ZFty7bte_normal.jpg",
                "id": 4170491,
                "id_str": "4170491",
                "profile_use_background_image": false,
                "screen_name": "ajc",
                "is_translation_enabled": false,
                "location": "Atlanta, GA",
                "profile_background_image_url": "http://pbs.twimg.com/profile_background_images/378800000091127693/6d3a47ce57110dc1a703b0110831c19e.jpeg",
                "default_profile_image": false,
                "profile_text_color": "333333",
                "statuses_count": 155958,
                "is_translator": false,
                "follow_request_sent": false,
                "time_zone": "Eastern Time (US & Canada)",
                "profile_sidebar_fill_color": "F0F5ED",
                "friends_count": 58284,
                "profile_link_color": "00539B",
                "entities": {
                    "description": {
                        "urls": []
                    },
                    "url": {
                        "urls": [
                            {
                                "display_url": "ajc.com",
                                "indices": [
                                    0,
                                    22
                                ],
                                "url": "http://t.co/EvK8XZMw4P",
                                "expanded_url": "http://www.ajc.com"
                            }
                        ]
                    }
                },
                "profile_background_image_url_https": "https://pbs.twimg.com/profile_background_images/378800000091127693/6d3a47ce57110dc1a703b0110831c19e.jpeg",
                "geo_enabled": true,
                "created_at": "Wed Apr 11 12:50:15 +0000 2007",
                "notifications": false,
                "name": "AJC",
                "profile_background_tile": false,
                "utc_offset": -18000,
                "listed_count": 4576
            },
            "truncated": false,
            "text": "Report: Computer experts urged Clinton to challenge election results https://t.co/NLLb7ZLsqE https://t.co/bGvFx3UgwQ",
            "in_reply_to_status_id": null,
            "lang": "en",
            "in_reply_to_screen_name": null,
            "extended_entities": {
                "media": [
                    {
                        "display_url": "pic.twitter.com/bGvFx3UgwQ",
                        "type": "photo",
                        "expanded_url": "https://twitter.com/ajc/status/801346820395986944/photo/1",
                        "media_url_https": "https://pbs.twimg.com/media/Cx70r2vWEAABqT5.jpg",
                        "media_url": "http://pbs.twimg.com/media/Cx70r2vWEAABqT5.jpg",
                        "sizes": {
                            "thumb": {
                                "h": 150,
                                "resize": "crop",
                                "w": 150
                            },
                            "medium": {
                                "h": 173,
                                "resize": "fit",
                                "w": 754
                            },
                            "large": {
                                "h": 173,
                                "resize": "fit",
                                "w": 754
                            },
                            "small": {
                                "h": 156,
                                "resize": "fit",
                                "w": 680
                            }
                        },
                        "id": 801346817984172032,
                        "id_str": "801346817984172032",
                        "indices": [
                            93,
                            116
                        ],
                        "url": "https://t.co/bGvFx3UgwQ"
                    }
                ]
            },
            "place": null,
            "id": 801346820395986944,
            "id_str": "801346820395986944",
            "in_reply_to_status_id_str": null,
            "retweeted": false,
            "favorite_count": 5,
            "geo": null,
            "in_reply_to_user_id": null,
            "retweet_count": 6,
            "possibly_sensitive": false,
            "in_reply_to_user_id_str": null,
            "contributors": null,
            "created_at": "Wed Nov 23 08:49:04 +0000 2016",
            "entities": {
                "media": [
                    {
                        "display_url": "pic.twitter.com/bGvFx3UgwQ",
                        "type": "photo",
                        "expanded_url": "https://twitter.com/ajc/status/801346820395986944/photo/1",
                        "media_url_https": "https://pbs.twimg.com/media/Cx70r2vWEAABqT5.jpg",
                        "media_url": "http://pbs.twimg.com/media/Cx70r2vWEAABqT5.jpg",
                        "sizes": {
                            "thumb": {
                                "h": 150,
                                "resize": "crop",
                                "w": 150
                            },
                            "medium": {
                                "h": 173,
                                "resize": "fit",
                                "w": 754
                            },
                            "large": {
                                "h": 173,
                                "resize": "fit",
                                "w": 754
                            },
                            "small": {
                                "h": 156,
                                "resize": "fit",
                                "w": 680
                            }
                        },
                        "id": 801346817984172032,
                        "id_str": "801346817984172032",
                        "indices": [
                            93,
                            116
                        ],
                        "url": "https://t.co/bGvFx3UgwQ"
                    }
                ],
                "urls": [
                    {
                        "display_url": "on-ajc.com/2fnU5kd",
                        "indices": [
                            69,
                            92
                        ],
                        "url": "https://t.co/NLLb7ZLsqE",
                        "expanded_url": "http://on-ajc.com/2fnU5kd"
                    }
                ],
                "symbols": [],
                "hashtags": [],
                "user_mentions": []
            },
            "favorited": false
        },
        {
            "is_quote_status": false,
            "source": "<a href=\"http://www.socialflow.com\" rel=\"nofollow\">SocialFlow</a>",
            "coordinates": null,
            "metadata": {
                "result_type": "recent",
                "iso_language_code": "en"
            },
            "user": {
                "profile_banner_url": "https://pbs.twimg.com/profile_banners/4170491/1425070056",
                "default_profile": false,
                "contributors_enabled": false,
                "description": "Atlanta's best source for news.",
                "has_extended_profile": false,
                "following": false,
                "translator_type": "regular",
                "protected": false,
                "profile_image_url": "http://pbs.twimg.com/profile_images/667060822930145280/ZFty7bte_normal.jpg",
                "profile_background_color": "00539B",
                "favourites_count": 336,
                "profile_sidebar_border_color": "FFFFFF",
                "lang": "en",
                "verified": true,
                "followers_count": 611788,
                "url": "http://t.co/EvK8XZMw4P",
                "profile_image_url_https": "https://pbs.twimg.com/profile_images/667060822930145280/ZFty7bte_normal.jpg",
                "id": 4170491,
                "id_str": "4170491",
                "profile_use_background_image": false,
                "screen_name": "ajc",
                "is_translation_enabled": false,
                "location": "Atlanta, GA",
                "profile_background_image_url": "http://pbs.twimg.com/profile_background_images/378800000091127693/6d3a47ce57110dc1a703b0110831c19e.jpeg",
                "default_profile_image": false,
                "profile_text_color": "333333",
                "statuses_count": 155958,
                "is_translator": false,
                "follow_request_sent": false,
                "time_zone": "Eastern Time (US & Canada)",
                "profile_sidebar_fill_color": "F0F5ED",
                "friends_count": 58284,
                "profile_link_color": "00539B",
                "entities": {
                    "description": {
                        "urls": []
                    },
                    "url": {
                        "urls": [
                            {
                                "display_url": "ajc.com",
                                "indices": [
                                    0,
                                    22
                                ],
                                "url": "http://t.co/EvK8XZMw4P",
                                "expanded_url": "http://www.ajc.com"
                            }
                        ]
                    }
                },
                "profile_background_image_url_https": "https://pbs.twimg.com/profile_background_images/378800000091127693/6d3a47ce57110dc1a703b0110831c19e.jpeg",
                "geo_enabled": true,
                "created_at": "Wed Apr 11 12:50:15 +0000 2007",
                "notifications": false,
                "name": "AJC",
                "profile_background_tile": false,
                "utc_offset": -18000,
                "listed_count": 4576
            },
            "truncated": false,
            "text": "Time running out for Clinton to call for recount in three swing states https://t.co/R6ElxShaDV https://t.co/KvEeTucxQw",
            "in_reply_to_status_id": null,
            "lang": "en",
            "in_reply_to_screen_name": null,
            "extended_entities": {
                "media": [
                    {
                        "display_url": "pic.twitter.com/KvEeTucxQw",
                        "type": "photo",
                        "expanded_url": "https://twitter.com/ajc/status/801263901782331392/photo/1",
                        "media_url_https": "https://pbs.twimg.com/media/Cx6pRU1XgAAPP-s.jpg",
                        "media_url": "http://pbs.twimg.com/media/Cx6pRU1XgAAPP-s.jpg",
                        "sizes": {
                            "thumb": {
                                "h": 150,
                                "resize": "crop",
                                "w": 150
                            },
                            "medium": {
                                "h": 675,
                                "resize": "fit",
                                "w": 1200
                            },
                            "large": {
                                "h": 720,
                                "resize": "fit",
                                "w": 1280
                            },
                            "small": {
                                "h": 383,
                                "resize": "fit",
                                "w": 680
                            }
                        },
                        "id": 801263898833944576,
                        "id_str": "801263898833944576",
                        "indices": [
                            95,
                            118
                        ],
                        "url": "https://t.co/KvEeTucxQw"
                    }
                ]
            },
            "place": null,
            "id": 801263901782331392,
            "id_str": "801263901782331392",
            "in_reply_to_status_id_str": null,
            "retweeted": false,
            "favorite_count": 10,
            "geo": null,
            "in_reply_to_user_id": null,
            "retweet_count": 8,
            "possibly_sensitive": false,
            "in_reply_to_user_id_str": null,
            "contributors": null,
            "created_at": "Wed Nov 23 03:19:35 +0000 2016",
            "entities": {
                "media": [
                    {
                        "display_url": "pic.twitter.com/KvEeTucxQw",
                        "type": "photo",
                        "expanded_url": "https://twitter.com/ajc/status/801263901782331392/photo/1",
                        "media_url_https": "https://pbs.twimg.com/media/Cx6pRU1XgAAPP-s.jpg",
                        "media_url": "http://pbs.twimg.com/media/Cx6pRU1XgAAPP-s.jpg",
                        "sizes": {
                            "thumb": {
                                "h": 150,
                                "resize": "crop",
                                "w": 150
                            },
                            "medium": {
                                "h": 675,
                                "resize": "fit",
                                "w": 1200
                            },
                            "large": {
                                "h": 720,
                                "resize": "fit",
                                "w": 1280
                            },
                            "small": {
                                "h": 383,
                                "resize": "fit",
                                "w": 680
                            }
                        },
                        "id": 801263898833944576,
                        "id_str": "801263898833944576",
                        "indices": [
                            95,
                            118
                        ],
                        "url": "https://t.co/KvEeTucxQw"
                    }
                ],
                "urls": [
                    {
                        "display_url": "on-ajc.com/2fppV37",
                        "indices": [
                            71,
                            94
                        ],
                        "url": "https://t.co/R6ElxShaDV",
                        "expanded_url": "http://on-ajc.com/2fppV37"
                    }
                ],
                "symbols": [],
                "hashtags": [],
                "user_mentions": []
            },
            "favorited": false
        }
    ],
    "search_metadata": {
        "max_id": 801346820395986944,
        "completed_in": 0.02,
        "refresh_url": "?since_id=801346820395986944&q=Hillary%20OR%20Clinton%20from%3Aajc%20since%3A2016-11-23%20until%3A2016-11-24%20filter%3Alinks%20-%40ajc&include_entities=1",
        "count": 100,
        "since_id_str": "0",
        "since_id": 0,
        "max_id_str": "801346820395986944",
        "query": "Hillary+OR+Clinton+from%3Aajc+since%3A2016-11-23+until%3A2016-11-24+filter%3Alinks+-%40ajc"
    }
}