{
    "statuses": [
        {
            "is_quote_status": false,
            "source": "<a href=\"http://www.hootsuite.com\" rel=\"nofollow\">Hootsuite</a>",
            "coordinates": null,
            "metadata": {
                "result_type": "recent",
                "iso_language_code": "en"
            },
            "user": {
                "profile_banner_url": "https://pbs.twimg.com/profile_banners/16664681/1402448809",
                "default_profile": false,
                "contributors_enabled": false,
                "description": "News from Los Angeles and the world. Staffed by http://t.co/zb8HyvYyAJ editors.",
                "has_extended_profile": false,
                "following": false,
                "translator_type": "regular",
                "protected": false,
                "profile_image_url": "http://pbs.twimg.com/profile_images/546329819919560704/XMWy2Z50_normal.jpeg",
                "profile_background_color": "FFFFFF",
                "favourites_count": 1869,
                "profile_sidebar_border_color": "FFFFFF",
                "lang": "en",
                "verified": true,
                "followers_count": 2324770,
                "url": "http://t.co/JvbZRDfNzf",
                "profile_image_url_https": "https://pbs.twimg.com/profile_images/546329819919560704/XMWy2Z50_normal.jpeg",
                "id": 16664681,
                "id_str": "16664681",
                "profile_use_background_image": true,
                "screen_name": "latimes",
                "is_translation_enabled": false,
                "location": "Los Angeles, CA",
                "profile_background_image_url": "http://pbs.twimg.com/profile_background_images/596769492/sp4uqn6gr7cwmjefat2j.jpeg",
                "default_profile_image": false,
                "profile_text_color": "615F61",
                "statuses_count": 153172,
                "is_translator": false,
                "follow_request_sent": false,
                "time_zone": "Pacific Time (US & Canada)",
                "profile_sidebar_fill_color": "EFEFEF",
                "friends_count": 10713,
                "profile_link_color": "009999",
                "entities": {
                    "description": {
                        "urls": [
                            {
                                "display_url": "latimes.com",
                                "indices": [
                                    48,
                                    70
                                ],
                                "url": "http://t.co/zb8HyvYyAJ",
                                "expanded_url": "http://latimes.com"
                            }
                        ]
                    },
                    "url": {
                        "urls": [
                            {
                                "display_url": "latimes.com",
                                "indices": [
                                    0,
                                    22
                                ],
                                "url": "http://t.co/JvbZRDfNzf",
                                "expanded_url": "http://latimes.com/"
                            }
                        ]
                    }
                },
                "profile_background_image_url_https": "https://pbs.twimg.com/profile_background_images/596769492/sp4uqn6gr7cwmjefat2j.jpeg",
                "geo_enabled": true,
                "created_at": "Thu Oct 09 11:07:42 +0000 2008",
                "notifications": false,
                "name": "Los Angeles Times",
                "profile_background_tile": false,
                "utc_offset": -28800,
                "listed_count": 28283
            },
            "truncated": true,
            "text": "Inside a Long Beach website that makes up stories about Trump and Clinton: What they do for clicks and cash\u2026 https://t.co/3DUvyb6Dav",
            "in_reply_to_status_id": null,
            "lang": "en",
            "in_reply_to_screen_name": null,
            "favorited": false,
            "place": null,
            "id": 801352128757370880,
            "favorite_count": 26,
            "in_reply_to_status_id_str": null,
            "retweeted": false,
            "id_str": "801352128757370880",
            "geo": null,
            "in_reply_to_user_id": null,
            "retweet_count": 40,
            "possibly_sensitive": false,
            "in_reply_to_user_id_str": null,
            "contributors": null,
            "created_at": "Wed Nov 23 09:10:10 +0000 2016",
            "entities": {
                "urls": [
                    {
                        "display_url": "twitter.com/i/web/status/8\u2026",
                        "indices": [
                            109,
                            132
                        ],
                        "url": "https://t.co/3DUvyb6Dav",
                        "expanded_url": "https://twitter.com/i/web/status/801352128757370880"
                    }
                ],
                "symbols": [],
                "hashtags": [],
                "user_mentions": []
            }
        },
        {
            "is_quote_status": false,
            "source": "<a href=\"http://www.hootsuite.com\" rel=\"nofollow\">Hootsuite</a>",
            "coordinates": null,
            "metadata": {
                "result_type": "recent",
                "iso_language_code": "en"
            },
            "user": {
                "profile_banner_url": "https://pbs.twimg.com/profile_banners/16664681/1402448809",
                "default_profile": false,
                "contributors_enabled": false,
                "description": "News from Los Angeles and the world. Staffed by http://t.co/zb8HyvYyAJ editors.",
                "has_extended_profile": false,
                "following": false,
                "translator_type": "regular",
                "protected": false,
                "profile_image_url": "http://pbs.twimg.com/profile_images/546329819919560704/XMWy2Z50_normal.jpeg",
                "profile_background_color": "FFFFFF",
                "favourites_count": 1869,
                "profile_sidebar_border_color": "FFFFFF",
                "lang": "en",
                "verified": true,
                "followers_count": 2324770,
                "url": "http://t.co/JvbZRDfNzf",
                "profile_image_url_https": "https://pbs.twimg.com/profile_images/546329819919560704/XMWy2Z50_normal.jpeg",
                "id": 16664681,
                "id_str": "16664681",
                "profile_use_background_image": true,
                "screen_name": "latimes",
                "is_translation_enabled": false,
                "location": "Los Angeles, CA",
                "profile_background_image_url": "http://pbs.twimg.com/profile_background_images/596769492/sp4uqn6gr7cwmjefat2j.jpeg",
                "default_profile_image": false,
                "profile_text_color": "615F61",
                "statuses_count": 153172,
                "is_translator": false,
                "follow_request_sent": false,
                "time_zone": "Pacific Time (US & Canada)",
                "profile_sidebar_fill_color": "EFEFEF",
                "friends_count": 10713,
                "profile_link_color": "009999",
                "entities": {
                    "description": {
                        "urls": [
                            {
                                "display_url": "latimes.com",
                                "indices": [
                                    48,
                                    70
                                ],
                                "url": "http://t.co/zb8HyvYyAJ",
                                "expanded_url": "http://latimes.com"
                            }
                        ]
                    },
                    "url": {
                        "urls": [
                            {
                                "display_url": "latimes.com",
                                "indices": [
                                    0,
                                    22
                                ],
                                "url": "http://t.co/JvbZRDfNzf",
                                "expanded_url": "http://latimes.com/"
                            }
                        ]
                    }
                },
                "profile_background_image_url_https": "https://pbs.twimg.com/profile_background_images/596769492/sp4uqn6gr7cwmjefat2j.jpeg",
                "geo_enabled": true,
                "created_at": "Thu Oct 09 11:07:42 +0000 2008",
                "notifications": false,
                "name": "Los Angeles Times",
                "profile_background_tile": false,
                "utc_offset": -28800,
                "listed_count": 28283
            },
            "truncated": false,
            "text": "Trump shifts on at least 3 prominent issues: Climate, torture and prosecution of Clinton https://t.co/9xaOWAzj2h https://t.co/DlnHOaiRLn",
            "in_reply_to_status_id": null,
            "lang": "en",
            "in_reply_to_screen_name": null,
            "extended_entities": {
                "media": [
                    {
                        "display_url": "pic.twitter.com/DlnHOaiRLn",
                        "type": "photo",
                        "expanded_url": "https://twitter.com/latimes/status/801242640901619712/photo/1",
                        "media_url_https": "https://pbs.twimg.com/media/Cx6V70IW8AAETE3.jpg",
                        "media_url": "http://pbs.twimg.com/media/Cx6V70IW8AAETE3.jpg",
                        "sizes": {
                            "thumb": {
                                "h": 150,
                                "resize": "crop",
                                "w": 150
                            },
                            "medium": {
                                "h": 480,
                                "resize": "fit",
                                "w": 880
                            },
                            "large": {
                                "h": 480,
                                "resize": "fit",
                                "w": 880
                            },
                            "small": {
                                "h": 371,
                                "resize": "fit",
                                "w": 680
                            }
                        },
                        "id": 801242638557048832,
                        "id_str": "801242638557048832",
                        "indices": [
                            113,
                            136
                        ],
                        "url": "https://t.co/DlnHOaiRLn"
                    }
                ]
            },
            "place": null,
            "id": 801242640901619712,
            "id_str": "801242640901619712",
            "in_reply_to_status_id_str": null,
            "retweeted": false,
            "favorite_count": 48,
            "geo": null,
            "in_reply_to_user_id": null,
            "retweet_count": 44,
            "possibly_sensitive": false,
            "in_reply_to_user_id_str": null,
            "contributors": null,
            "created_at": "Wed Nov 23 01:55:06 +0000 2016",
            "entities": {
                "media": [
                    {
                        "display_url": "pic.twitter.com/DlnHOaiRLn",
                        "type": "photo",
                        "expanded_url": "https://twitter.com/latimes/status/801242640901619712/photo/1",
                        "media_url_https": "https://pbs.twimg.com/media/Cx6V70IW8AAETE3.jpg",
                        "media_url": "http://pbs.twimg.com/media/Cx6V70IW8AAETE3.jpg",
                        "sizes": {
                            "thumb": {
                                "h": 150,
                                "resize": "crop",
                                "w": 150
                            },
                            "medium": {
                                "h": 480,
                                "resize": "fit",
                                "w": 880
                            },
                            "large": {
                                "h": 480,
                                "resize": "fit",
                                "w": 880
                            },
                            "small": {
                                "h": 371,
                                "resize": "fit",
                                "w": 680
                            }
                        },
                        "id": 801242638557048832,
                        "id_str": "801242638557048832",
                        "indices": [
                            113,
                            136
                        ],
                        "url": "https://t.co/DlnHOaiRLn"
                    }
                ],
                "urls": [
                    {
                        "display_url": "lat.ms/2gim8DT",
                        "indices": [
                            89,
                            112
                        ],
                        "url": "https://t.co/9xaOWAzj2h",
                        "expanded_url": "http://lat.ms/2gim8DT"
                    }
                ],
                "symbols": [],
                "hashtags": [],
                "user_mentions": []
            },
            "favorited": false
        }
    ],
    "search_metadata": {
        "max_id": 801352128757370880,
        "completed_in": 0.033,
        "refresh_url": "?since_id=801352128757370880&q=Hillary%20OR%20Clinton%20from%3Alatimes%20since%3A2016-11-23%20until%3A2016-11-24%20filter%3Alinks%20-%40latimes&include_entities=1",
        "count": 100,
        "since_id_str": "0",
        "since_id": 0,
        "max_id_str": "801352128757370880",
        "query": "Hillary+OR+Clinton+from%3Alatimes+since%3A2016-11-23+until%3A2016-11-24+filter%3Alinks+-%40latimes"
    }
}