{
    "statuses": [],
    "search_metadata": {
        "max_id": 803060555141513216,
        "completed_in": 0.035,
        "refresh_url": "?since_id=803060555141513216&q=Hillary%20OR%20Clinton%20from%3Anwi%20since%3A2016-11-23%20until%3A2016-11-24%20filter%3Alinks%20-%40nwi&include_entities=1",
        "count": 100,
        "since_id_str": "0",
        "since_id": 0,
        "max_id_str": "803060555141513216",
        "query": "Hillary+OR+Clinton+from%3Anwi+since%3A2016-11-23+until%3A2016-11-24+filter%3Alinks+-%40nwi"
    }
}