{
    "statuses": [],
    "search_metadata": {
        "max_id": 803060558589087744,
        "completed_in": 0.047,
        "refresh_url": "?since_id=803060558589087744&q=Hillary%20OR%20Clinton%20from%3Atheadvocatebr%20since%3A2016-11-23%20until%3A2016-11-24%20filter%3Alinks%20-%40theadvocatebr&include_entities=1",
        "count": 100,
        "since_id_str": "0",
        "since_id": 0,
        "max_id_str": "803060558589087744",
        "query": "Hillary+OR+Clinton+from%3Atheadvocatebr+since%3A2016-11-23+until%3A2016-11-24+filter%3Alinks+-%40theadvocatebr"
    }
}