{
    "statuses": [
        {
            "created_at": "Fri Nov 25 08:25:37 +0000 2016",
            "text": "Michigan goes to Trump as Clinton\u2019s popular vote lead goes over 2 million https://t.co/Kz2p6sSnZl https://t.co/akM5bG7ym2",
            "possibly_sensitive": false,
            "metadata": {
                "result_type": "recent",
                "iso_language_code": "en"
            },
            "user": {
                "created_at": "Wed Apr 11 12:50:15 +0000 2007",
                "profile_background_color": "00539B",
                "follow_request_sent": false,
                "contributors_enabled": false,
                "profile_sidebar_fill_color": "F0F5ED",
                "protected": false,
                "is_translator": false,
                "description": "Atlanta's best source for news.",
                "profile_banner_url": "https://pbs.twimg.com/profile_banners/4170491/1425070056",
                "id_str": "4170491",
                "favourites_count": 336,
                "default_profile_image": false,
                "profile_background_tile": false,
                "profile_background_image_url": "http://pbs.twimg.com/profile_background_images/378800000091127693/6d3a47ce57110dc1a703b0110831c19e.jpeg",
                "notifications": false,
                "profile_sidebar_border_color": "FFFFFF",
                "profile_image_url_https": "https://pbs.twimg.com/profile_images/667060822930145280/ZFty7bte_normal.jpg",
                "translator_type": "regular",
                "time_zone": "Eastern Time (US & Canada)",
                "lang": "en",
                "geo_enabled": true,
                "verified": true,
                "profile_image_url": "http://pbs.twimg.com/profile_images/667060822930145280/ZFty7bte_normal.jpg",
                "profile_use_background_image": false,
                "has_extended_profile": false,
                "profile_text_color": "333333",
                "is_translation_enabled": false,
                "default_profile": false,
                "profile_background_image_url_https": "https://pbs.twimg.com/profile_background_images/378800000091127693/6d3a47ce57110dc1a703b0110831c19e.jpeg",
                "utc_offset": -18000,
                "name": "AJC",
                "following": false,
                "entities": {
                    "url": {
                        "urls": [
                            {
                                "url": "http://t.co/EvK8XZMw4P",
                                "indices": [
                                    0,
                                    22
                                ],
                                "expanded_url": "http://www.ajc.com",
                                "display_url": "ajc.com"
                            }
                        ]
                    },
                    "description": {
                        "urls": []
                    }
                },
                "friends_count": 58284,
                "location": "Atlanta, GA",
                "followers_count": 611823,
                "screen_name": "ajc",
                "url": "http://t.co/EvK8XZMw4P",
                "profile_link_color": "00539B",
                "id": 4170491,
                "listed_count": 4572,
                "statuses_count": 155958
            },
            "in_reply_to_user_id_str": null,
            "retweet_count": 0,
            "favorited": false,
            "favorite_count": 3,
            "in_reply_to_status_id_str": null,
            "lang": "en",
            "coordinates": null,
            "truncated": false,
            "is_quote_status": false,
            "in_reply_to_screen_name": null,
            "in_reply_to_user_id": null,
            "extended_entities": {
                "media": [
                    {
                        "sizes": {
                            "small": {
                                "h": 140,
                                "w": 680,
                                "resize": "fit"
                            },
                            "large": {
                                "h": 259,
                                "w": 1260,
                                "resize": "fit"
                            },
                            "thumb": {
                                "h": 150,
                                "w": 150,
                                "resize": "crop"
                            },
                            "medium": {
                                "h": 247,
                                "w": 1200,
                                "resize": "fit"
                            }
                        },
                        "url": "https://t.co/akM5bG7ym2",
                        "type": "photo",
                        "media_url_https": "https://pbs.twimg.com/media/CyGCf2QWgAAaD77.jpg",
                        "id_str": "802065692300312576",
                        "indices": [
                            98,
                            121
                        ],
                        "id": 802065692300312576,
                        "media_url": "http://pbs.twimg.com/media/CyGCf2QWgAAaD77.jpg",
                        "expanded_url": "https://twitter.com/ajc/status/802065694473015296/photo/1",
                        "display_url": "pic.twitter.com/akM5bG7ym2"
                    }
                ]
            },
            "in_reply_to_status_id": null,
            "entities": {
                "media": [
                    {
                        "sizes": {
                            "small": {
                                "h": 140,
                                "w": 680,
                                "resize": "fit"
                            },
                            "large": {
                                "h": 259,
                                "w": 1260,
                                "resize": "fit"
                            },
                            "thumb": {
                                "h": 150,
                                "w": 150,
                                "resize": "crop"
                            },
                            "medium": {
                                "h": 247,
                                "w": 1200,
                                "resize": "fit"
                            }
                        },
                        "url": "https://t.co/akM5bG7ym2",
                        "type": "photo",
                        "media_url_https": "https://pbs.twimg.com/media/CyGCf2QWgAAaD77.jpg",
                        "id_str": "802065692300312576",
                        "indices": [
                            98,
                            121
                        ],
                        "id": 802065692300312576,
                        "media_url": "http://pbs.twimg.com/media/CyGCf2QWgAAaD77.jpg",
                        "expanded_url": "https://twitter.com/ajc/status/802065694473015296/photo/1",
                        "display_url": "pic.twitter.com/akM5bG7ym2"
                    }
                ],
                "hashtags": [],
                "symbols": [],
                "user_mentions": [],
                "urls": [
                    {
                        "url": "https://t.co/Kz2p6sSnZl",
                        "indices": [
                            74,
                            97
                        ],
                        "expanded_url": "http://on-ajc.com/2gb4od0",
                        "display_url": "on-ajc.com/2gb4od0"
                    }
                ]
            },
            "retweeted": false,
            "source": "<a href=\"http://www.socialflow.com\" rel=\"nofollow\">SocialFlow</a>",
            "id_str": "802065694473015296",
            "contributors": null,
            "place": null,
            "id": 802065694473015296,
            "geo": null
        }
    ],
    "search_metadata": {
        "max_id": 802065694473015296,
        "count": 100,
        "refresh_url": "?since_id=802065694473015296&q=Hillary%20OR%20Clinton%20from%3Aajc%20since%3A2016-11-25%20until%3A2016-11-26%20filter%3Alinks%20-%40ajc&include_entities=1",
        "completed_in": 0.02,
        "max_id_str": "802065694473015296",
        "query": "Hillary+OR+Clinton+from%3Aajc+since%3A2016-11-25+until%3A2016-11-26+filter%3Alinks+-%40ajc",
        "since_id_str": "0",
        "since_id": 0
    }
}