{
    "statuses": [
        {
            "created_at": "Fri Nov 25 18:45:13 +0000 2016",
            "text": "Should the electoral college go rogue in mid-December? One Harvard professor thinks so\nhttps://t.co/bz6hiHrZNH https://t.co/Led8CZLqx2",
            "possibly_sensitive": false,
            "metadata": {
                "result_type": "recent",
                "iso_language_code": "en"
            },
            "user": {
                "created_at": "Tue Dec 08 14:33:38 +0000 2009",
                "profile_background_color": "EDECE9",
                "follow_request_sent": false,
                "contributors_enabled": false,
                "profile_sidebar_fill_color": "FFFFFF",
                "protected": false,
                "is_translator": false,
                "description": "Boston and New England's leading source for breaking news and analysis, with coverage from across the world. Follow our journalists: https://t.co/KPOiZTQG87",
                "profile_banner_url": "https://pbs.twimg.com/profile_banners/95431448/1466441870",
                "id_str": "95431448",
                "favourites_count": 228,
                "default_profile_image": false,
                "profile_background_tile": false,
                "profile_background_image_url": "http://pbs.twimg.com/profile_background_images/378800000003877254/c79663e95d0e284ce165db703dffd474.jpeg",
                "notifications": false,
                "profile_sidebar_border_color": "FFFFFF",
                "profile_image_url_https": "https://pbs.twimg.com/profile_images/586570157734019072/Qxz1LIIM_normal.png",
                "translator_type": "regular",
                "time_zone": "Eastern Time (US & Canada)",
                "lang": "en",
                "geo_enabled": true,
                "verified": true,
                "profile_image_url": "http://pbs.twimg.com/profile_images/586570157734019072/Qxz1LIIM_normal.png",
                "profile_use_background_image": true,
                "has_extended_profile": false,
                "profile_text_color": "000000",
                "is_translation_enabled": false,
                "default_profile": false,
                "profile_background_image_url_https": "https://pbs.twimg.com/profile_background_images/378800000003877254/c79663e95d0e284ce165db703dffd474.jpeg",
                "utc_offset": -18000,
                "name": "The Boston Globe",
                "following": false,
                "entities": {
                    "url": {
                        "urls": [
                            {
                                "url": "http://t.co/g2XphqdJIo",
                                "indices": [
                                    0,
                                    22
                                ],
                                "expanded_url": "http://bostonglobe.com",
                                "display_url": "bostonglobe.com"
                            }
                        ]
                    },
                    "description": {
                        "urls": [
                            {
                                "url": "https://t.co/KPOiZTQG87",
                                "indices": [
                                    133,
                                    156
                                ],
                                "expanded_url": "https://twitter.com/BostonGlobe/lists/globe-journalists",
                                "display_url": "twitter.com/BostonGlobe/li\u2026"
                            }
                        ]
                    }
                },
                "friends_count": 1240,
                "location": "Boston, MA",
                "followers_count": 561697,
                "screen_name": "BostonGlobe",
                "url": "http://t.co/g2XphqdJIo",
                "profile_link_color": "050505",
                "id": 95431448,
                "listed_count": 9204,
                "statuses_count": 206273
            },
            "in_reply_to_user_id_str": null,
            "retweet_count": 62,
            "favorited": false,
            "favorite_count": 105,
            "in_reply_to_status_id_str": null,
            "lang": "en",
            "coordinates": null,
            "truncated": false,
            "is_quote_status": false,
            "in_reply_to_screen_name": null,
            "in_reply_to_user_id": null,
            "extended_entities": {
                "media": [
                    {
                        "sizes": {
                            "small": {
                                "h": 453,
                                "w": 680,
                                "resize": "fit"
                            },
                            "large": {
                                "h": 640,
                                "w": 960,
                                "resize": "fit"
                            },
                            "thumb": {
                                "h": 150,
                                "w": 150,
                                "resize": "crop"
                            },
                            "medium": {
                                "h": 640,
                                "w": 960,
                                "resize": "fit"
                            }
                        },
                        "url": "https://t.co/Led8CZLqx2",
                        "type": "photo",
                        "media_url_https": "https://pbs.twimg.com/media/CyIQT8_W8AIJO5e.jpg",
                        "id_str": "802221618600800258",
                        "indices": [
                            111,
                            134
                        ],
                        "id": 802221618600800258,
                        "media_url": "http://pbs.twimg.com/media/CyIQT8_W8AIJO5e.jpg",
                        "expanded_url": "https://twitter.com/BostonGlobe/status/802221620517597184/photo/1",
                        "display_url": "pic.twitter.com/Led8CZLqx2"
                    }
                ]
            },
            "in_reply_to_status_id": null,
            "entities": {
                "media": [
                    {
                        "sizes": {
                            "small": {
                                "h": 453,
                                "w": 680,
                                "resize": "fit"
                            },
                            "large": {
                                "h": 640,
                                "w": 960,
                                "resize": "fit"
                            },
                            "thumb": {
                                "h": 150,
                                "w": 150,
                                "resize": "crop"
                            },
                            "medium": {
                                "h": 640,
                                "w": 960,
                                "resize": "fit"
                            }
                        },
                        "url": "https://t.co/Led8CZLqx2",
                        "type": "photo",
                        "media_url_https": "https://pbs.twimg.com/media/CyIQT8_W8AIJO5e.jpg",
                        "id_str": "802221618600800258",
                        "indices": [
                            111,
                            134
                        ],
                        "id": 802221618600800258,
                        "media_url": "http://pbs.twimg.com/media/CyIQT8_W8AIJO5e.jpg",
                        "expanded_url": "https://twitter.com/BostonGlobe/status/802221620517597184/photo/1",
                        "display_url": "pic.twitter.com/Led8CZLqx2"
                    }
                ],
                "hashtags": [],
                "symbols": [],
                "user_mentions": [],
                "urls": [
                    {
                        "url": "https://t.co/bz6hiHrZNH",
                        "indices": [
                            87,
                            110
                        ],
                        "expanded_url": "http://bos.gl/crvxENG",
                        "display_url": "bos.gl/crvxENG"
                    }
                ]
            },
            "retweeted": false,
            "source": "<a href=\"http://www.socialflow.com\" rel=\"nofollow\">SocialFlow</a>",
            "id_str": "802221620517597184",
            "contributors": null,
            "place": null,
            "id": 802221620517597184,
            "geo": null
        },
        {
            "created_at": "Fri Nov 25 13:04:52 +0000 2016",
            "text": "Hillary Clinton thanks supporters who left Thanksgiving signs near her N.Y. home https://t.co/uSbpqG4ycR https://t.co/d9U7JnwV2j",
            "possibly_sensitive": false,
            "metadata": {
                "result_type": "recent",
                "iso_language_code": "en"
            },
            "user": {
                "created_at": "Tue Dec 08 14:33:38 +0000 2009",
                "profile_background_color": "EDECE9",
                "follow_request_sent": false,
                "contributors_enabled": false,
                "profile_sidebar_fill_color": "FFFFFF",
                "protected": false,
                "is_translator": false,
                "description": "Boston and New England's leading source for breaking news and analysis, with coverage from across the world. Follow our journalists: https://t.co/KPOiZTQG87",
                "profile_banner_url": "https://pbs.twimg.com/profile_banners/95431448/1466441870",
                "id_str": "95431448",
                "favourites_count": 228,
                "default_profile_image": false,
                "profile_background_tile": false,
                "profile_background_image_url": "http://pbs.twimg.com/profile_background_images/378800000003877254/c79663e95d0e284ce165db703dffd474.jpeg",
                "notifications": false,
                "profile_sidebar_border_color": "FFFFFF",
                "profile_image_url_https": "https://pbs.twimg.com/profile_images/586570157734019072/Qxz1LIIM_normal.png",
                "translator_type": "regular",
                "time_zone": "Eastern Time (US & Canada)",
                "lang": "en",
                "geo_enabled": true,
                "verified": true,
                "profile_image_url": "http://pbs.twimg.com/profile_images/586570157734019072/Qxz1LIIM_normal.png",
                "profile_use_background_image": true,
                "has_extended_profile": false,
                "profile_text_color": "000000",
                "is_translation_enabled": false,
                "default_profile": false,
                "profile_background_image_url_https": "https://pbs.twimg.com/profile_background_images/378800000003877254/c79663e95d0e284ce165db703dffd474.jpeg",
                "utc_offset": -18000,
                "name": "The Boston Globe",
                "following": false,
                "entities": {
                    "url": {
                        "urls": [
                            {
                                "url": "http://t.co/g2XphqdJIo",
                                "indices": [
                                    0,
                                    22
                                ],
                                "expanded_url": "http://bostonglobe.com",
                                "display_url": "bostonglobe.com"
                            }
                        ]
                    },
                    "description": {
                        "urls": [
                            {
                                "url": "https://t.co/KPOiZTQG87",
                                "indices": [
                                    133,
                                    156
                                ],
                                "expanded_url": "https://twitter.com/BostonGlobe/lists/globe-journalists",
                                "display_url": "twitter.com/BostonGlobe/li\u2026"
                            }
                        ]
                    }
                },
                "friends_count": 1240,
                "location": "Boston, MA",
                "followers_count": 561697,
                "screen_name": "BostonGlobe",
                "url": "http://t.co/g2XphqdJIo",
                "profile_link_color": "050505",
                "id": 95431448,
                "listed_count": 9204,
                "statuses_count": 206273
            },
            "in_reply_to_user_id_str": null,
            "retweet_count": 5,
            "favorited": false,
            "favorite_count": 57,
            "in_reply_to_status_id_str": null,
            "lang": "en",
            "coordinates": null,
            "truncated": false,
            "is_quote_status": false,
            "in_reply_to_screen_name": null,
            "in_reply_to_user_id": null,
            "extended_entities": {
                "media": [
                    {
                        "sizes": {
                            "small": {
                                "h": 453,
                                "w": 680,
                                "resize": "fit"
                            },
                            "large": {
                                "h": 640,
                                "w": 960,
                                "resize": "fit"
                            },
                            "thumb": {
                                "h": 150,
                                "w": 150,
                                "resize": "crop"
                            },
                            "medium": {
                                "h": 640,
                                "w": 960,
                                "resize": "fit"
                            }
                        },
                        "url": "https://t.co/d9U7JnwV2j",
                        "type": "photo",
                        "media_url_https": "https://pbs.twimg.com/media/CyHCaUyXcAAVpue.jpg",
                        "id_str": "802135966161006592",
                        "indices": [
                            105,
                            128
                        ],
                        "id": 802135966161006592,
                        "media_url": "http://pbs.twimg.com/media/CyHCaUyXcAAVpue.jpg",
                        "expanded_url": "https://twitter.com/BostonGlobe/status/802135967826116608/photo/1",
                        "display_url": "pic.twitter.com/d9U7JnwV2j"
                    }
                ]
            },
            "in_reply_to_status_id": null,
            "entities": {
                "media": [
                    {
                        "sizes": {
                            "small": {
                                "h": 453,
                                "w": 680,
                                "resize": "fit"
                            },
                            "large": {
                                "h": 640,
                                "w": 960,
                                "resize": "fit"
                            },
                            "thumb": {
                                "h": 150,
                                "w": 150,
                                "resize": "crop"
                            },
                            "medium": {
                                "h": 640,
                                "w": 960,
                                "resize": "fit"
                            }
                        },
                        "url": "https://t.co/d9U7JnwV2j",
                        "type": "photo",
                        "media_url_https": "https://pbs.twimg.com/media/CyHCaUyXcAAVpue.jpg",
                        "id_str": "802135966161006592",
                        "indices": [
                            105,
                            128
                        ],
                        "id": 802135966161006592,
                        "media_url": "http://pbs.twimg.com/media/CyHCaUyXcAAVpue.jpg",
                        "expanded_url": "https://twitter.com/BostonGlobe/status/802135967826116608/photo/1",
                        "display_url": "pic.twitter.com/d9U7JnwV2j"
                    }
                ],
                "hashtags": [],
                "symbols": [],
                "user_mentions": [],
                "urls": [
                    {
                        "url": "https://t.co/uSbpqG4ycR",
                        "indices": [
                            81,
                            104
                        ],
                        "expanded_url": "http://bos.gl/EGB0kBW",
                        "display_url": "bos.gl/EGB0kBW"
                    }
                ]
            },
            "retweeted": false,
            "source": "<a href=\"http://www.socialflow.com\" rel=\"nofollow\">SocialFlow</a>",
            "id_str": "802135967826116608",
            "contributors": null,
            "place": null,
            "id": 802135967826116608,
            "geo": null
        }
    ],
    "search_metadata": {
        "max_id": 802221620517597184,
        "count": 100,
        "refresh_url": "?since_id=802221620517597184&q=Hillary%20OR%20Clinton%20from%3ABostonGlobe%20since%3A2016-11-25%20until%3A2016-11-26%20filter%3Alinks%20-%40BostonGlobe&include_entities=1",
        "completed_in": 0.026,
        "max_id_str": "802221620517597184",
        "query": "Hillary+OR+Clinton+from%3ABostonGlobe+since%3A2016-11-25+until%3A2016-11-26+filter%3Alinks+-%40BostonGlobe",
        "since_id_str": "0",
        "since_id": 0
    }
}