{
    "statuses": [],
    "search_metadata": {
        "max_id": 803065300052635648,
        "count": 100,
        "refresh_url": "?since_id=803065300052635648&q=Hillary%20OR%20Clinton%20from%3Afreep%20since%3A2016-11-25%20until%3A2016-11-26%20filter%3Alinks%20-%40freep&include_entities=1",
        "completed_in": 0.041,
        "max_id_str": "803065300052635648",
        "query": "Hillary+OR+Clinton+from%3Afreep+since%3A2016-11-25+until%3A2016-11-26+filter%3Alinks+-%40freep",
        "since_id_str": "0",
        "since_id": 0
    }
}