{
    "search_metadata": {
        "since_id": 0,
        "completed_in": 0.056,
        "refresh_url": "?since_id=801193542425186306&q=Trump%20from%3Abaltimoresun%20since%3A2016-11-22%20until%3A2016-11-23%20filter%3Alinks%20-%40baltimoresun&include_entities=1",
        "count": 100,
        "query": "Trump+from%3Abaltimoresun+since%3A2016-11-22+until%3A2016-11-23+filter%3Alinks+-%40baltimoresun",
        "max_id_str": "801193542425186306",
        "since_id_str": "0",
        "max_id": 801193542425186306
    },
    "statuses": [
        {
            "favorite_count": 3,
            "id": 801193542425186306,
            "place": null,
            "is_quote_status": false,
            "id_str": "801193542425186306",
            "contributors": null,
            "metadata": {
                "iso_language_code": "en",
                "result_type": "recent"
            },
            "in_reply_to_user_id": null,
            "source": "<a href=\"https://about.twitter.com/products/tweetdeck\" rel=\"nofollow\">TweetDeck</a>",
            "in_reply_to_status_id": null,
            "in_reply_to_screen_name": null,
            "retweet_count": 4,
            "lang": "en",
            "coordinates": null,
            "in_reply_to_user_id_str": null,
            "favorited": false,
            "text": "New York Times reporters tweet news of Trump meeting as it happens. https://t.co/teOb4yxL9y",
            "created_at": "Tue Nov 22 22:40:00 +0000 2016",
            "possibly_sensitive": false,
            "geo": null,
            "user": {
                "profile_banner_url": "https://pbs.twimg.com/profile_banners/8861752/1414186163",
                "notifications": false,
                "profile_background_image_url_https": "https://pbs.twimg.com/profile_background_images/245679812/bsunlow.jpg",
                "friends_count": 12470,
                "profile_background_color": "75CBF0",
                "profile_link_color": "15225E",
                "profile_background_tile": false,
                "id": 8861752,
                "id_str": "8861752",
                "favourites_count": 1843,
                "profile_sidebar_border_color": "C6E2EE",
                "utc_offset": -18000,
                "contributors_enabled": false,
                "description": "Light for all. For customer service, customersatisfaction@baltsun.com. For our journalists: http://t.co/NrQDTYSV3V",
                "is_translator": false,
                "follow_request_sent": false,
                "profile_use_background_image": true,
                "profile_image_url": "http://pbs.twimg.com/profile_images/520989247491166209/blL63-Iz_normal.jpeg",
                "profile_text_color": "663B12",
                "is_translation_enabled": false,
                "profile_sidebar_fill_color": "FFE600",
                "has_extended_profile": false,
                "listed_count": 3622,
                "url": "http://t.co/9qupGo3R00",
                "lang": "en",
                "statuses_count": 126209,
                "screen_name": "baltimoresun",
                "protected": false,
                "name": "The Baltimore Sun",
                "translator_type": "regular",
                "following": false,
                "followers_count": 222851,
                "default_profile": false,
                "profile_background_image_url": "http://pbs.twimg.com/profile_background_images/245679812/bsunlow.jpg",
                "entities": {
                    "url": {
                        "urls": [
                            {
                                "expanded_url": "http://baltimoresun.com",
                                "display_url": "baltimoresun.com",
                                "url": "http://t.co/9qupGo3R00",
                                "indices": [
                                    0,
                                    22
                                ]
                            }
                        ]
                    },
                    "description": {
                        "urls": [
                            {
                                "expanded_url": "http://bsun.md/staff",
                                "display_url": "bsun.md/staff",
                                "url": "http://t.co/NrQDTYSV3V",
                                "indices": [
                                    92,
                                    114
                                ]
                            }
                        ]
                    }
                },
                "verified": true,
                "location": "Baltimore, Maryland",
                "profile_image_url_https": "https://pbs.twimg.com/profile_images/520989247491166209/blL63-Iz_normal.jpeg",
                "time_zone": "Eastern Time (US & Canada)",
                "created_at": "Thu Sep 13 20:21:39 +0000 2007",
                "geo_enabled": true,
                "default_profile_image": false
            },
            "entities": {
                "hashtags": [],
                "urls": [
                    {
                        "expanded_url": "http://bsun.md/2gdFSah",
                        "display_url": "bsun.md/2gdFSah",
                        "url": "https://t.co/teOb4yxL9y",
                        "indices": [
                            68,
                            91
                        ]
                    }
                ],
                "user_mentions": [],
                "symbols": []
            },
            "retweeted": false,
            "in_reply_to_status_id_str": null,
            "truncated": false
        },
        {
            "favorite_count": 2,
            "id": 801135947165433856,
            "place": null,
            "is_quote_status": false,
            "id_str": "801135947165433856",
            "contributors": null,
            "metadata": {
                "iso_language_code": "en",
                "result_type": "recent"
            },
            "in_reply_to_user_id": null,
            "source": "<a href=\"http://twitter.com\" rel=\"nofollow\">Twitter Web Client</a>",
            "in_reply_to_status_id": null,
            "in_reply_to_screen_name": null,
            "retweet_count": 1,
            "lang": "en",
            "coordinates": null,
            "in_reply_to_user_id_str": null,
            "favorited": false,
            "text": "Trump says he is considering Ben Carson to lead U.S. housing department. https://t.co/85GNFFcgNc",
            "created_at": "Tue Nov 22 18:51:08 +0000 2016",
            "possibly_sensitive": false,
            "geo": null,
            "user": {
                "profile_banner_url": "https://pbs.twimg.com/profile_banners/8861752/1414186163",
                "notifications": false,
                "profile_background_image_url_https": "https://pbs.twimg.com/profile_background_images/245679812/bsunlow.jpg",
                "friends_count": 12470,
                "profile_background_color": "75CBF0",
                "profile_link_color": "15225E",
                "profile_background_tile": false,
                "id": 8861752,
                "id_str": "8861752",
                "favourites_count": 1843,
                "profile_sidebar_border_color": "C6E2EE",
                "utc_offset": -18000,
                "contributors_enabled": false,
                "description": "Light for all. For customer service, customersatisfaction@baltsun.com. For our journalists: http://t.co/NrQDTYSV3V",
                "is_translator": false,
                "follow_request_sent": false,
                "profile_use_background_image": true,
                "profile_image_url": "http://pbs.twimg.com/profile_images/520989247491166209/blL63-Iz_normal.jpeg",
                "profile_text_color": "663B12",
                "is_translation_enabled": false,
                "profile_sidebar_fill_color": "FFE600",
                "has_extended_profile": false,
                "listed_count": 3622,
                "url": "http://t.co/9qupGo3R00",
                "lang": "en",
                "statuses_count": 126209,
                "screen_name": "baltimoresun",
                "protected": false,
                "name": "The Baltimore Sun",
                "translator_type": "regular",
                "following": false,
                "followers_count": 222851,
                "default_profile": false,
                "profile_background_image_url": "http://pbs.twimg.com/profile_background_images/245679812/bsunlow.jpg",
                "entities": {
                    "url": {
                        "urls": [
                            {
                                "expanded_url": "http://baltimoresun.com",
                                "display_url": "baltimoresun.com",
                                "url": "http://t.co/9qupGo3R00",
                                "indices": [
                                    0,
                                    22
                                ]
                            }
                        ]
                    },
                    "description": {
                        "urls": [
                            {
                                "expanded_url": "http://bsun.md/staff",
                                "display_url": "bsun.md/staff",
                                "url": "http://t.co/NrQDTYSV3V",
                                "indices": [
                                    92,
                                    114
                                ]
                            }
                        ]
                    }
                },
                "verified": true,
                "location": "Baltimore, Maryland",
                "profile_image_url_https": "https://pbs.twimg.com/profile_images/520989247491166209/blL63-Iz_normal.jpeg",
                "time_zone": "Eastern Time (US & Canada)",
                "created_at": "Thu Sep 13 20:21:39 +0000 2007",
                "geo_enabled": true,
                "default_profile_image": false
            },
            "entities": {
                "hashtags": [],
                "urls": [
                    {
                        "expanded_url": "http://bsun.md/2gd6lEW",
                        "display_url": "bsun.md/2gd6lEW",
                        "url": "https://t.co/85GNFFcgNc",
                        "indices": [
                            73,
                            96
                        ]
                    }
                ],
                "user_mentions": [],
                "symbols": []
            },
            "retweeted": false,
            "in_reply_to_status_id_str": null,
            "truncated": false
        },
        {
            "favorite_count": 0,
            "id": 801087848074084353,
            "place": null,
            "is_quote_status": false,
            "id_str": "801087848074084353",
            "contributors": null,
            "metadata": {
                "iso_language_code": "en",
                "result_type": "recent"
            },
            "in_reply_to_user_id": null,
            "source": "<a href=\"https://about.twitter.com/products/tweetdeck\" rel=\"nofollow\">TweetDeck</a>",
            "in_reply_to_status_id": null,
            "in_reply_to_screen_name": null,
            "retweet_count": 1,
            "lang": "en",
            "coordinates": null,
            "in_reply_to_user_id_str": null,
            "favorited": false,
            "text": "\"Everyone ought to take a deep breath,\" Gov. @LarryHogan says of reaction to @realDonaldTrump's election. https://t.co/EGAVOjYaPf",
            "created_at": "Tue Nov 22 15:40:01 +0000 2016",
            "possibly_sensitive": false,
            "geo": null,
            "user": {
                "profile_banner_url": "https://pbs.twimg.com/profile_banners/8861752/1414186163",
                "notifications": false,
                "profile_background_image_url_https": "https://pbs.twimg.com/profile_background_images/245679812/bsunlow.jpg",
                "friends_count": 12470,
                "profile_background_color": "75CBF0",
                "profile_link_color": "15225E",
                "profile_background_tile": false,
                "id": 8861752,
                "id_str": "8861752",
                "favourites_count": 1843,
                "profile_sidebar_border_color": "C6E2EE",
                "utc_offset": -18000,
                "contributors_enabled": false,
                "description": "Light for all. For customer service, customersatisfaction@baltsun.com. For our journalists: http://t.co/NrQDTYSV3V",
                "is_translator": false,
                "follow_request_sent": false,
                "profile_use_background_image": true,
                "profile_image_url": "http://pbs.twimg.com/profile_images/520989247491166209/blL63-Iz_normal.jpeg",
                "profile_text_color": "663B12",
                "is_translation_enabled": false,
                "profile_sidebar_fill_color": "FFE600",
                "has_extended_profile": false,
                "listed_count": 3622,
                "url": "http://t.co/9qupGo3R00",
                "lang": "en",
                "statuses_count": 126209,
                "screen_name": "baltimoresun",
                "protected": false,
                "name": "The Baltimore Sun",
                "translator_type": "regular",
                "following": false,
                "followers_count": 222851,
                "default_profile": false,
                "profile_background_image_url": "http://pbs.twimg.com/profile_background_images/245679812/bsunlow.jpg",
                "entities": {
                    "url": {
                        "urls": [
                            {
                                "expanded_url": "http://baltimoresun.com",
                                "display_url": "baltimoresun.com",
                                "url": "http://t.co/9qupGo3R00",
                                "indices": [
                                    0,
                                    22
                                ]
                            }
                        ]
                    },
                    "description": {
                        "urls": [
                            {
                                "expanded_url": "http://bsun.md/staff",
                                "display_url": "bsun.md/staff",
                                "url": "http://t.co/NrQDTYSV3V",
                                "indices": [
                                    92,
                                    114
                                ]
                            }
                        ]
                    }
                },
                "verified": true,
                "location": "Baltimore, Maryland",
                "profile_image_url_https": "https://pbs.twimg.com/profile_images/520989247491166209/blL63-Iz_normal.jpeg",
                "time_zone": "Eastern Time (US & Canada)",
                "created_at": "Thu Sep 13 20:21:39 +0000 2007",
                "geo_enabled": true,
                "default_profile_image": false
            },
            "entities": {
                "hashtags": [],
                "urls": [
                    {
                        "expanded_url": "http://bsun.md/2gdthat",
                        "display_url": "bsun.md/2gdthat",
                        "url": "https://t.co/EGAVOjYaPf",
                        "indices": [
                            106,
                            129
                        ]
                    }
                ],
                "user_mentions": [
                    {
                        "id_str": "2987671552",
                        "name": "Larry Hogan",
                        "id": 2987671552,
                        "indices": [
                            45,
                            56
                        ],
                        "screen_name": "LarryHogan"
                    },
                    {
                        "id_str": "25073877",
                        "name": "Donald J. Trump",
                        "id": 25073877,
                        "indices": [
                            77,
                            93
                        ],
                        "screen_name": "realDonaldTrump"
                    }
                ],
                "symbols": []
            },
            "retweeted": false,
            "in_reply_to_status_id_str": null,
            "truncated": false
        },
        {
            "favorite_count": 3,
            "id": 801052614024634368,
            "place": null,
            "is_quote_status": false,
            "id_str": "801052614024634368",
            "contributors": null,
            "metadata": {
                "iso_language_code": "en",
                "result_type": "recent"
            },
            "in_reply_to_user_id": null,
            "source": "<a href=\"https://about.twitter.com/products/tweetdeck\" rel=\"nofollow\">TweetDeck</a>",
            "in_reply_to_status_id": null,
            "in_reply_to_screen_name": null,
            "retweet_count": 1,
            "lang": "en",
            "coordinates": null,
            "in_reply_to_user_id_str": null,
            "favorited": false,
            "text": "Defense contractors in Maryland think Trump's win will be good for their bottom lines. https://t.co/a6bo9wdU1e",
            "created_at": "Tue Nov 22 13:20:00 +0000 2016",
            "possibly_sensitive": false,
            "geo": null,
            "user": {
                "profile_banner_url": "https://pbs.twimg.com/profile_banners/8861752/1414186163",
                "notifications": false,
                "profile_background_image_url_https": "https://pbs.twimg.com/profile_background_images/245679812/bsunlow.jpg",
                "friends_count": 12470,
                "profile_background_color": "75CBF0",
                "profile_link_color": "15225E",
                "profile_background_tile": false,
                "id": 8861752,
                "id_str": "8861752",
                "favourites_count": 1843,
                "profile_sidebar_border_color": "C6E2EE",
                "utc_offset": -18000,
                "contributors_enabled": false,
                "description": "Light for all. For customer service, customersatisfaction@baltsun.com. For our journalists: http://t.co/NrQDTYSV3V",
                "is_translator": false,
                "follow_request_sent": false,
                "profile_use_background_image": true,
                "profile_image_url": "http://pbs.twimg.com/profile_images/520989247491166209/blL63-Iz_normal.jpeg",
                "profile_text_color": "663B12",
                "is_translation_enabled": false,
                "profile_sidebar_fill_color": "FFE600",
                "has_extended_profile": false,
                "listed_count": 3622,
                "url": "http://t.co/9qupGo3R00",
                "lang": "en",
                "statuses_count": 126209,
                "screen_name": "baltimoresun",
                "protected": false,
                "name": "The Baltimore Sun",
                "translator_type": "regular",
                "following": false,
                "followers_count": 222851,
                "default_profile": false,
                "profile_background_image_url": "http://pbs.twimg.com/profile_background_images/245679812/bsunlow.jpg",
                "entities": {
                    "url": {
                        "urls": [
                            {
                                "expanded_url": "http://baltimoresun.com",
                                "display_url": "baltimoresun.com",
                                "url": "http://t.co/9qupGo3R00",
                                "indices": [
                                    0,
                                    22
                                ]
                            }
                        ]
                    },
                    "description": {
                        "urls": [
                            {
                                "expanded_url": "http://bsun.md/staff",
                                "display_url": "bsun.md/staff",
                                "url": "http://t.co/NrQDTYSV3V",
                                "indices": [
                                    92,
                                    114
                                ]
                            }
                        ]
                    }
                },
                "verified": true,
                "location": "Baltimore, Maryland",
                "profile_image_url_https": "https://pbs.twimg.com/profile_images/520989247491166209/blL63-Iz_normal.jpeg",
                "time_zone": "Eastern Time (US & Canada)",
                "created_at": "Thu Sep 13 20:21:39 +0000 2007",
                "geo_enabled": true,
                "default_profile_image": false
            },
            "entities": {
                "hashtags": [],
                "urls": [
                    {
                        "expanded_url": "http://bsun.md/2fmV3jS",
                        "display_url": "bsun.md/2fmV3jS",
                        "url": "https://t.co/a6bo9wdU1e",
                        "indices": [
                            87,
                            110
                        ]
                    }
                ],
                "user_mentions": [],
                "symbols": []
            },
            "retweeted": false,
            "in_reply_to_status_id_str": null,
            "truncated": false
        },
        {
            "favorite_count": 1,
            "id": 800904138901061632,
            "place": null,
            "is_quote_status": false,
            "id_str": "800904138901061632",
            "contributors": null,
            "metadata": {
                "iso_language_code": "en",
                "result_type": "recent"
            },
            "in_reply_to_user_id": null,
            "source": "<a href=\"https://about.twitter.com/products/tweetdeck\" rel=\"nofollow\">TweetDeck</a>",
            "in_reply_to_status_id": null,
            "in_reply_to_screen_name": null,
            "retweet_count": 0,
            "lang": "en",
            "coordinates": null,
            "in_reply_to_user_id_str": null,
            "favorited": false,
            "text": "Trump falls back on TV star roots, releases video touting his goals for first 100 days. https://t.co/CUtCAC3Yh8",
            "created_at": "Tue Nov 22 03:30:01 +0000 2016",
            "possibly_sensitive": false,
            "geo": null,
            "user": {
                "profile_banner_url": "https://pbs.twimg.com/profile_banners/8861752/1414186163",
                "notifications": false,
                "profile_background_image_url_https": "https://pbs.twimg.com/profile_background_images/245679812/bsunlow.jpg",
                "friends_count": 12470,
                "profile_background_color": "75CBF0",
                "profile_link_color": "15225E",
                "profile_background_tile": false,
                "id": 8861752,
                "id_str": "8861752",
                "favourites_count": 1843,
                "profile_sidebar_border_color": "C6E2EE",
                "utc_offset": -18000,
                "contributors_enabled": false,
                "description": "Light for all. For customer service, customersatisfaction@baltsun.com. For our journalists: http://t.co/NrQDTYSV3V",
                "is_translator": false,
                "follow_request_sent": false,
                "profile_use_background_image": true,
                "profile_image_url": "http://pbs.twimg.com/profile_images/520989247491166209/blL63-Iz_normal.jpeg",
                "profile_text_color": "663B12",
                "is_translation_enabled": false,
                "profile_sidebar_fill_color": "FFE600",
                "has_extended_profile": false,
                "listed_count": 3622,
                "url": "http://t.co/9qupGo3R00",
                "lang": "en",
                "statuses_count": 126209,
                "screen_name": "baltimoresun",
                "protected": false,
                "name": "The Baltimore Sun",
                "translator_type": "regular",
                "following": false,
                "followers_count": 222851,
                "default_profile": false,
                "profile_background_image_url": "http://pbs.twimg.com/profile_background_images/245679812/bsunlow.jpg",
                "entities": {
                    "url": {
                        "urls": [
                            {
                                "expanded_url": "http://baltimoresun.com",
                                "display_url": "baltimoresun.com",
                                "url": "http://t.co/9qupGo3R00",
                                "indices": [
                                    0,
                                    22
                                ]
                            }
                        ]
                    },
                    "description": {
                        "urls": [
                            {
                                "expanded_url": "http://bsun.md/staff",
                                "display_url": "bsun.md/staff",
                                "url": "http://t.co/NrQDTYSV3V",
                                "indices": [
                                    92,
                                    114
                                ]
                            }
                        ]
                    }
                },
                "verified": true,
                "location": "Baltimore, Maryland",
                "profile_image_url_https": "https://pbs.twimg.com/profile_images/520989247491166209/blL63-Iz_normal.jpeg",
                "time_zone": "Eastern Time (US & Canada)",
                "created_at": "Thu Sep 13 20:21:39 +0000 2007",
                "geo_enabled": true,
                "default_profile_image": false
            },
            "entities": {
                "hashtags": [],
                "urls": [
                    {
                        "expanded_url": "http://bsun.md/2fWXtUz",
                        "display_url": "bsun.md/2fWXtUz",
                        "url": "https://t.co/CUtCAC3Yh8",
                        "indices": [
                            88,
                            111
                        ]
                    }
                ],
                "user_mentions": [],
                "symbols": []
            },
            "retweeted": false,
            "in_reply_to_status_id_str": null,
            "truncated": false
        },
        {
            "favorite_count": 5,
            "id": 800851288284155904,
            "place": null,
            "is_quote_status": false,
            "id_str": "800851288284155904",
            "contributors": null,
            "metadata": {
                "iso_language_code": "en",
                "result_type": "recent"
            },
            "in_reply_to_user_id": null,
            "source": "<a href=\"https://about.twitter.com/products/tweetdeck\" rel=\"nofollow\">TweetDeck</a>",
            "in_reply_to_status_id": null,
            "in_reply_to_screen_name": null,
            "retweet_count": 7,
            "lang": "en",
            "coordinates": null,
            "in_reply_to_user_id_str": null,
            "favorited": false,
            "text": "Hogan suggests Maryland take \"deep breath\" on election. https://t.co/sCF88Otn1R",
            "created_at": "Tue Nov 22 00:00:00 +0000 2016",
            "possibly_sensitive": false,
            "geo": null,
            "user": {
                "profile_banner_url": "https://pbs.twimg.com/profile_banners/8861752/1414186163",
                "notifications": false,
                "profile_background_image_url_https": "https://pbs.twimg.com/profile_background_images/245679812/bsunlow.jpg",
                "friends_count": 12470,
                "profile_background_color": "75CBF0",
                "profile_link_color": "15225E",
                "profile_background_tile": false,
                "id": 8861752,
                "id_str": "8861752",
                "favourites_count": 1843,
                "profile_sidebar_border_color": "C6E2EE",
                "utc_offset": -18000,
                "contributors_enabled": false,
                "description": "Light for all. For customer service, customersatisfaction@baltsun.com. For our journalists: http://t.co/NrQDTYSV3V",
                "is_translator": false,
                "follow_request_sent": false,
                "profile_use_background_image": true,
                "profile_image_url": "http://pbs.twimg.com/profile_images/520989247491166209/blL63-Iz_normal.jpeg",
                "profile_text_color": "663B12",
                "is_translation_enabled": false,
                "profile_sidebar_fill_color": "FFE600",
                "has_extended_profile": false,
                "listed_count": 3622,
                "url": "http://t.co/9qupGo3R00",
                "lang": "en",
                "statuses_count": 126209,
                "screen_name": "baltimoresun",
                "protected": false,
                "name": "The Baltimore Sun",
                "translator_type": "regular",
                "following": false,
                "followers_count": 222851,
                "default_profile": false,
                "profile_background_image_url": "http://pbs.twimg.com/profile_background_images/245679812/bsunlow.jpg",
                "entities": {
                    "url": {
                        "urls": [
                            {
                                "expanded_url": "http://baltimoresun.com",
                                "display_url": "baltimoresun.com",
                                "url": "http://t.co/9qupGo3R00",
                                "indices": [
                                    0,
                                    22
                                ]
                            }
                        ]
                    },
                    "description": {
                        "urls": [
                            {
                                "expanded_url": "http://bsun.md/staff",
                                "display_url": "bsun.md/staff",
                                "url": "http://t.co/NrQDTYSV3V",
                                "indices": [
                                    92,
                                    114
                                ]
                            }
                        ]
                    }
                },
                "verified": true,
                "location": "Baltimore, Maryland",
                "profile_image_url_https": "https://pbs.twimg.com/profile_images/520989247491166209/blL63-Iz_normal.jpeg",
                "time_zone": "Eastern Time (US & Canada)",
                "created_at": "Thu Sep 13 20:21:39 +0000 2007",
                "geo_enabled": true,
                "default_profile_image": false
            },
            "entities": {
                "hashtags": [],
                "urls": [
                    {
                        "expanded_url": "http://bsun.md/2gDB1UQ",
                        "display_url": "bsun.md/2gDB1UQ",
                        "url": "https://t.co/sCF88Otn1R",
                        "indices": [
                            56,
                            79
                        ]
                    }
                ],
                "user_mentions": [],
                "symbols": []
            },
            "retweeted": false,
            "in_reply_to_status_id_str": null,
            "truncated": false
        }
    ]
}