{
    "search_metadata": {
        "since_id": 0,
        "completed_in": 0.074,
        "refresh_url": "?since_id=801207796792459265&q=Trump%20from%3Adenverpost%20since%3A2016-11-22%20until%3A2016-11-23%20filter%3Alinks%20-%40denverpost&include_entities=1",
        "count": 100,
        "query": "Trump+from%3Adenverpost+since%3A2016-11-22+until%3A2016-11-23+filter%3Alinks+-%40denverpost",
        "max_id_str": "801207796792459265",
        "since_id_str": "0",
        "max_id": 801207796792459265
    },
    "statuses": [
        {
            "favorite_count": 11,
            "id": 801207796792459265,
            "place": null,
            "is_quote_status": false,
            "id_str": "801207796792459265",
            "contributors": null,
            "metadata": {
                "iso_language_code": "en",
                "result_type": "recent"
            },
            "in_reply_to_user_id": null,
            "source": "<a href=\"https://about.twitter.com/products/tweetdeck\" rel=\"nofollow\">TweetDeck</a>",
            "in_reply_to_status_id": null,
            "in_reply_to_screen_name": null,
            "retweet_count": 8,
            "lang": "en",
            "coordinates": null,
            "in_reply_to_user_id_str": null,
            "favorited": false,
            "text": "Colorado\u2019s Bob Beauprez mentioned as possible Trump pick for Interior secretary https://t.co/SjqkxtzMjb @ByJohnFrank https://t.co/SWJt323N7w",
            "created_at": "Tue Nov 22 23:36:39 +0000 2016",
            "possibly_sensitive": false,
            "geo": null,
            "user": {
                "profile_banner_url": "https://pbs.twimg.com/profile_banners/8216772/1398475184",
                "notifications": false,
                "profile_background_image_url_https": "https://pbs.twimg.com/profile_background_images/601920030/usz02cw4o5h6j9wgkdca.jpeg",
                "friends_count": 631,
                "profile_background_color": "000000",
                "profile_link_color": "257DDB",
                "profile_background_tile": false,
                "id": 8216772,
                "id_str": "8216772",
                "favourites_count": 1131,
                "profile_sidebar_border_color": "000000",
                "utc_offset": -25200,
                "contributors_enabled": false,
                "description": "Colorado's source for breaking news and information. Tweets by @francieswidler @kourtneygeers @ericjlubbers @danielpetty. Send tips here or tips@denverpost.com.",
                "is_translator": false,
                "follow_request_sent": false,
                "profile_use_background_image": true,
                "profile_image_url": "http://pbs.twimg.com/profile_images/696779704150335488/yF8sCXSN_normal.jpg",
                "profile_text_color": "626262",
                "is_translation_enabled": false,
                "profile_sidebar_fill_color": "003459",
                "has_extended_profile": true,
                "listed_count": 5493,
                "url": "http://t.co/HvDYiwfHFX",
                "lang": "en",
                "statuses_count": 143829,
                "screen_name": "denverpost",
                "protected": false,
                "name": "The Denver Post",
                "translator_type": "regular",
                "following": false,
                "followers_count": 304161,
                "default_profile": false,
                "profile_background_image_url": "http://pbs.twimg.com/profile_background_images/601920030/usz02cw4o5h6j9wgkdca.jpeg",
                "entities": {
                    "url": {
                        "urls": [
                            {
                                "expanded_url": "http://www.denverpost.com/",
                                "display_url": "denverpost.com",
                                "url": "http://t.co/HvDYiwfHFX",
                                "indices": [
                                    0,
                                    22
                                ]
                            }
                        ]
                    },
                    "description": {
                        "urls": []
                    }
                },
                "verified": true,
                "location": "Denver, CO",
                "profile_image_url_https": "https://pbs.twimg.com/profile_images/696779704150335488/yF8sCXSN_normal.jpg",
                "time_zone": "Mountain Time (US & Canada)",
                "created_at": "Thu Aug 16 04:20:09 +0000 2007",
                "geo_enabled": true,
                "default_profile_image": false
            },
            "entities": {
                "hashtags": [],
                "urls": [
                    {
                        "expanded_url": "http://dpo.st/2fDarGo",
                        "display_url": "dpo.st/2fDarGo",
                        "url": "https://t.co/SjqkxtzMjb",
                        "indices": [
                            80,
                            103
                        ]
                    }
                ],
                "user_mentions": [
                    {
                        "id_str": "61555301",
                        "name": "John Frank",
                        "id": 61555301,
                        "indices": [
                            104,
                            116
                        ],
                        "screen_name": "ByJohnFrank"
                    }
                ],
                "symbols": [],
                "media": [
                    {
                        "id_str": "801207772113055744",
                        "expanded_url": "https://twitter.com/denverpost/status/801207796792459265/photo/1",
                        "display_url": "pic.twitter.com/SWJt323N7w",
                        "url": "https://t.co/SWJt323N7w",
                        "sizes": {
                            "large": {
                                "h": 1063,
                                "resize": "fit",
                                "w": 1600
                            },
                            "small": {
                                "h": 452,
                                "resize": "fit",
                                "w": 680
                            },
                            "medium": {
                                "h": 797,
                                "resize": "fit",
                                "w": 1200
                            },
                            "thumb": {
                                "h": 150,
                                "resize": "crop",
                                "w": 150
                            }
                        },
                        "media_url": "http://pbs.twimg.com/media/Cx52OUgUsAAoAL4.jpg",
                        "media_url_https": "https://pbs.twimg.com/media/Cx52OUgUsAAoAL4.jpg",
                        "id": 801207772113055744,
                        "type": "photo",
                        "indices": [
                            117,
                            140
                        ]
                    }
                ]
            },
            "extended_entities": {
                "media": [
                    {
                        "id_str": "801207772113055744",
                        "expanded_url": "https://twitter.com/denverpost/status/801207796792459265/photo/1",
                        "display_url": "pic.twitter.com/SWJt323N7w",
                        "url": "https://t.co/SWJt323N7w",
                        "sizes": {
                            "large": {
                                "h": 1063,
                                "resize": "fit",
                                "w": 1600
                            },
                            "small": {
                                "h": 452,
                                "resize": "fit",
                                "w": 680
                            },
                            "medium": {
                                "h": 797,
                                "resize": "fit",
                                "w": 1200
                            },
                            "thumb": {
                                "h": 150,
                                "resize": "crop",
                                "w": 150
                            }
                        },
                        "media_url": "http://pbs.twimg.com/media/Cx52OUgUsAAoAL4.jpg",
                        "media_url_https": "https://pbs.twimg.com/media/Cx52OUgUsAAoAL4.jpg",
                        "id": 801207772113055744,
                        "type": "photo",
                        "indices": [
                            117,
                            140
                        ]
                    }
                ]
            },
            "retweeted": false,
            "in_reply_to_status_id_str": null,
            "truncated": false
        },
        {
            "favorite_count": 9,
            "id": 801198579427594242,
            "place": null,
            "is_quote_status": false,
            "id_str": "801198579427594242",
            "contributors": null,
            "metadata": {
                "iso_language_code": "en",
                "result_type": "recent"
            },
            "in_reply_to_user_id": null,
            "source": "<a href=\"https://about.twitter.com/products/tweetdeck\" rel=\"nofollow\">TweetDeck</a>",
            "in_reply_to_status_id": null,
            "in_reply_to_screen_name": null,
            "retweet_count": 6,
            "lang": "en",
            "coordinates": null,
            "in_reply_to_user_id_str": null,
            "favorited": false,
            "text": "A new survey shows most voters want @realDonaldTrump  to shutter his personal Twitter account https://t.co/GWS9C1jUZh",
            "created_at": "Tue Nov 22 23:00:01 +0000 2016",
            "possibly_sensitive": false,
            "geo": null,
            "user": {
                "profile_banner_url": "https://pbs.twimg.com/profile_banners/8216772/1398475184",
                "notifications": false,
                "profile_background_image_url_https": "https://pbs.twimg.com/profile_background_images/601920030/usz02cw4o5h6j9wgkdca.jpeg",
                "friends_count": 631,
                "profile_background_color": "000000",
                "profile_link_color": "257DDB",
                "profile_background_tile": false,
                "id": 8216772,
                "id_str": "8216772",
                "favourites_count": 1131,
                "profile_sidebar_border_color": "000000",
                "utc_offset": -25200,
                "contributors_enabled": false,
                "description": "Colorado's source for breaking news and information. Tweets by @francieswidler @kourtneygeers @ericjlubbers @danielpetty. Send tips here or tips@denverpost.com.",
                "is_translator": false,
                "follow_request_sent": false,
                "profile_use_background_image": true,
                "profile_image_url": "http://pbs.twimg.com/profile_images/696779704150335488/yF8sCXSN_normal.jpg",
                "profile_text_color": "626262",
                "is_translation_enabled": false,
                "profile_sidebar_fill_color": "003459",
                "has_extended_profile": true,
                "listed_count": 5493,
                "url": "http://t.co/HvDYiwfHFX",
                "lang": "en",
                "statuses_count": 143829,
                "screen_name": "denverpost",
                "protected": false,
                "name": "The Denver Post",
                "translator_type": "regular",
                "following": false,
                "followers_count": 304161,
                "default_profile": false,
                "profile_background_image_url": "http://pbs.twimg.com/profile_background_images/601920030/usz02cw4o5h6j9wgkdca.jpeg",
                "entities": {
                    "url": {
                        "urls": [
                            {
                                "expanded_url": "http://www.denverpost.com/",
                                "display_url": "denverpost.com",
                                "url": "http://t.co/HvDYiwfHFX",
                                "indices": [
                                    0,
                                    22
                                ]
                            }
                        ]
                    },
                    "description": {
                        "urls": []
                    }
                },
                "verified": true,
                "location": "Denver, CO",
                "profile_image_url_https": "https://pbs.twimg.com/profile_images/696779704150335488/yF8sCXSN_normal.jpg",
                "time_zone": "Mountain Time (US & Canada)",
                "created_at": "Thu Aug 16 04:20:09 +0000 2007",
                "geo_enabled": true,
                "default_profile_image": false
            },
            "entities": {
                "hashtags": [],
                "urls": [
                    {
                        "expanded_url": "http://dpo.st/2fZP8iX",
                        "display_url": "dpo.st/2fZP8iX",
                        "url": "https://t.co/GWS9C1jUZh",
                        "indices": [
                            94,
                            117
                        ]
                    }
                ],
                "user_mentions": [
                    {
                        "id_str": "25073877",
                        "name": "Donald J. Trump",
                        "id": 25073877,
                        "indices": [
                            36,
                            52
                        ],
                        "screen_name": "realDonaldTrump"
                    }
                ],
                "symbols": []
            },
            "retweeted": false,
            "in_reply_to_status_id_str": null,
            "truncated": false
        },
        {
            "favorite_count": 4,
            "id": 801183482512834561,
            "place": null,
            "is_quote_status": false,
            "id_str": "801183482512834561",
            "contributors": null,
            "metadata": {
                "iso_language_code": "en",
                "result_type": "recent"
            },
            "in_reply_to_user_id": null,
            "source": "<a href=\"https://about.twitter.com/products/tweetdeck\" rel=\"nofollow\">TweetDeck</a>",
            "in_reply_to_status_id": null,
            "in_reply_to_screen_name": null,
            "retweet_count": 3,
            "lang": "en",
            "coordinates": null,
            "in_reply_to_user_id_str": null,
            "favorited": false,
            "text": "Americans who live near border say Trump\u2019s wall is unwelcome https://t.co/QhxUvWuoKE https://t.co/AavJcVuxv0",
            "created_at": "Tue Nov 22 22:00:02 +0000 2016",
            "possibly_sensitive": false,
            "geo": null,
            "user": {
                "profile_banner_url": "https://pbs.twimg.com/profile_banners/8216772/1398475184",
                "notifications": false,
                "profile_background_image_url_https": "https://pbs.twimg.com/profile_background_images/601920030/usz02cw4o5h6j9wgkdca.jpeg",
                "friends_count": 631,
                "profile_background_color": "000000",
                "profile_link_color": "257DDB",
                "profile_background_tile": false,
                "id": 8216772,
                "id_str": "8216772",
                "favourites_count": 1131,
                "profile_sidebar_border_color": "000000",
                "utc_offset": -25200,
                "contributors_enabled": false,
                "description": "Colorado's source for breaking news and information. Tweets by @francieswidler @kourtneygeers @ericjlubbers @danielpetty. Send tips here or tips@denverpost.com.",
                "is_translator": false,
                "follow_request_sent": false,
                "profile_use_background_image": true,
                "profile_image_url": "http://pbs.twimg.com/profile_images/696779704150335488/yF8sCXSN_normal.jpg",
                "profile_text_color": "626262",
                "is_translation_enabled": false,
                "profile_sidebar_fill_color": "003459",
                "has_extended_profile": true,
                "listed_count": 5493,
                "url": "http://t.co/HvDYiwfHFX",
                "lang": "en",
                "statuses_count": 143829,
                "screen_name": "denverpost",
                "protected": false,
                "name": "The Denver Post",
                "translator_type": "regular",
                "following": false,
                "followers_count": 304161,
                "default_profile": false,
                "profile_background_image_url": "http://pbs.twimg.com/profile_background_images/601920030/usz02cw4o5h6j9wgkdca.jpeg",
                "entities": {
                    "url": {
                        "urls": [
                            {
                                "expanded_url": "http://www.denverpost.com/",
                                "display_url": "denverpost.com",
                                "url": "http://t.co/HvDYiwfHFX",
                                "indices": [
                                    0,
                                    22
                                ]
                            }
                        ]
                    },
                    "description": {
                        "urls": []
                    }
                },
                "verified": true,
                "location": "Denver, CO",
                "profile_image_url_https": "https://pbs.twimg.com/profile_images/696779704150335488/yF8sCXSN_normal.jpg",
                "time_zone": "Mountain Time (US & Canada)",
                "created_at": "Thu Aug 16 04:20:09 +0000 2007",
                "geo_enabled": true,
                "default_profile_image": false
            },
            "entities": {
                "hashtags": [],
                "urls": [
                    {
                        "expanded_url": "http://dpo.st/2gGGydo",
                        "display_url": "dpo.st/2gGGydo",
                        "url": "https://t.co/QhxUvWuoKE",
                        "indices": [
                            61,
                            84
                        ]
                    }
                ],
                "user_mentions": [],
                "symbols": [],
                "media": [
                    {
                        "id_str": "801130215715938304",
                        "expanded_url": "https://twitter.com/denverpost/status/801183482512834561/photo/1",
                        "display_url": "pic.twitter.com/AavJcVuxv0",
                        "url": "https://t.co/AavJcVuxv0",
                        "sizes": {
                            "large": {
                                "h": 350,
                                "resize": "fit",
                                "w": 594
                            },
                            "small": {
                                "h": 350,
                                "resize": "fit",
                                "w": 594
                            },
                            "thumb": {
                                "h": 150,
                                "resize": "crop",
                                "w": 150
                            },
                            "medium": {
                                "h": 350,
                                "resize": "fit",
                                "w": 594
                            }
                        },
                        "media_url": "http://pbs.twimg.com/media/Cx4vr8aUoAA2mpW.jpg",
                        "media_url_https": "https://pbs.twimg.com/media/Cx4vr8aUoAA2mpW.jpg",
                        "id": 801130215715938304,
                        "type": "photo",
                        "indices": [
                            85,
                            108
                        ]
                    }
                ]
            },
            "extended_entities": {
                "media": [
                    {
                        "id_str": "801130215715938304",
                        "expanded_url": "https://twitter.com/denverpost/status/801183482512834561/photo/1",
                        "display_url": "pic.twitter.com/AavJcVuxv0",
                        "url": "https://t.co/AavJcVuxv0",
                        "sizes": {
                            "large": {
                                "h": 350,
                                "resize": "fit",
                                "w": 594
                            },
                            "small": {
                                "h": 350,
                                "resize": "fit",
                                "w": 594
                            },
                            "thumb": {
                                "h": 150,
                                "resize": "crop",
                                "w": 150
                            },
                            "medium": {
                                "h": 350,
                                "resize": "fit",
                                "w": 594
                            }
                        },
                        "media_url": "http://pbs.twimg.com/media/Cx4vr8aUoAA2mpW.jpg",
                        "media_url_https": "https://pbs.twimg.com/media/Cx4vr8aUoAA2mpW.jpg",
                        "id": 801130215715938304,
                        "type": "photo",
                        "indices": [
                            85,
                            108
                        ]
                    }
                ]
            },
            "retweeted": false,
            "in_reply_to_status_id_str": null,
            "truncated": false
        },
        {
            "favorite_count": 2,
            "id": 801160837318791168,
            "place": null,
            "is_quote_status": false,
            "id_str": "801160837318791168",
            "contributors": null,
            "metadata": {
                "iso_language_code": "en",
                "result_type": "recent"
            },
            "in_reply_to_user_id": null,
            "source": "<a href=\"https://about.twitter.com/products/tweetdeck\" rel=\"nofollow\">TweetDeck</a>",
            "in_reply_to_status_id": null,
            "in_reply_to_screen_name": null,
            "retweet_count": 2,
            "lang": "en",
            "coordinates": null,
            "in_reply_to_user_id_str": null,
            "favorited": false,
            "text": "Kellyanne Conway: #DonaldTrump not interested in further Clinton probe https://t.co/mJIiKe9ZPA https://t.co/n8kWM6ZDk6",
            "created_at": "Tue Nov 22 20:30:03 +0000 2016",
            "possibly_sensitive": false,
            "geo": null,
            "user": {
                "profile_banner_url": "https://pbs.twimg.com/profile_banners/8216772/1398475184",
                "notifications": false,
                "profile_background_image_url_https": "https://pbs.twimg.com/profile_background_images/601920030/usz02cw4o5h6j9wgkdca.jpeg",
                "friends_count": 631,
                "profile_background_color": "000000",
                "profile_link_color": "257DDB",
                "profile_background_tile": false,
                "id": 8216772,
                "id_str": "8216772",
                "favourites_count": 1131,
                "profile_sidebar_border_color": "000000",
                "utc_offset": -25200,
                "contributors_enabled": false,
                "description": "Colorado's source for breaking news and information. Tweets by @francieswidler @kourtneygeers @ericjlubbers @danielpetty. Send tips here or tips@denverpost.com.",
                "is_translator": false,
                "follow_request_sent": false,
                "profile_use_background_image": true,
                "profile_image_url": "http://pbs.twimg.com/profile_images/696779704150335488/yF8sCXSN_normal.jpg",
                "profile_text_color": "626262",
                "is_translation_enabled": false,
                "profile_sidebar_fill_color": "003459",
                "has_extended_profile": true,
                "listed_count": 5493,
                "url": "http://t.co/HvDYiwfHFX",
                "lang": "en",
                "statuses_count": 143829,
                "screen_name": "denverpost",
                "protected": false,
                "name": "The Denver Post",
                "translator_type": "regular",
                "following": false,
                "followers_count": 304161,
                "default_profile": false,
                "profile_background_image_url": "http://pbs.twimg.com/profile_background_images/601920030/usz02cw4o5h6j9wgkdca.jpeg",
                "entities": {
                    "url": {
                        "urls": [
                            {
                                "expanded_url": "http://www.denverpost.com/",
                                "display_url": "denverpost.com",
                                "url": "http://t.co/HvDYiwfHFX",
                                "indices": [
                                    0,
                                    22
                                ]
                            }
                        ]
                    },
                    "description": {
                        "urls": []
                    }
                },
                "verified": true,
                "location": "Denver, CO",
                "profile_image_url_https": "https://pbs.twimg.com/profile_images/696779704150335488/yF8sCXSN_normal.jpg",
                "time_zone": "Mountain Time (US & Canada)",
                "created_at": "Thu Aug 16 04:20:09 +0000 2007",
                "geo_enabled": true,
                "default_profile_image": false
            },
            "entities": {
                "hashtags": [
                    {
                        "text": "DonaldTrump",
                        "indices": [
                            18,
                            30
                        ]
                    }
                ],
                "urls": [
                    {
                        "expanded_url": "http://dpo.st/2fBvvx9",
                        "display_url": "dpo.st/2fBvvx9",
                        "url": "https://t.co/mJIiKe9ZPA",
                        "indices": [
                            71,
                            94
                        ]
                    }
                ],
                "user_mentions": [],
                "symbols": [],
                "media": [
                    {
                        "id_str": "801099808018530304",
                        "expanded_url": "https://twitter.com/denverpost/status/801160837318791168/photo/1",
                        "display_url": "pic.twitter.com/n8kWM6ZDk6",
                        "url": "https://t.co/n8kWM6ZDk6",
                        "sizes": {
                            "large": {
                                "h": 360,
                                "resize": "fit",
                                "w": 640
                            },
                            "small": {
                                "h": 360,
                                "resize": "fit",
                                "w": 640
                            },
                            "medium": {
                                "h": 360,
                                "resize": "fit",
                                "w": 640
                            },
                            "thumb": {
                                "h": 150,
                                "resize": "crop",
                                "w": 150
                            }
                        },
                        "media_url": "http://pbs.twimg.com/media/Cx4UB-6UAAA_GBU.jpg",
                        "media_url_https": "https://pbs.twimg.com/media/Cx4UB-6UAAA_GBU.jpg",
                        "id": 801099808018530304,
                        "type": "photo",
                        "indices": [
                            95,
                            118
                        ]
                    }
                ]
            },
            "extended_entities": {
                "media": [
                    {
                        "id_str": "801099808018530304",
                        "expanded_url": "https://twitter.com/denverpost/status/801160837318791168/photo/1",
                        "display_url": "pic.twitter.com/n8kWM6ZDk6",
                        "url": "https://t.co/n8kWM6ZDk6",
                        "sizes": {
                            "large": {
                                "h": 360,
                                "resize": "fit",
                                "w": 640
                            },
                            "small": {
                                "h": 360,
                                "resize": "fit",
                                "w": 640
                            },
                            "medium": {
                                "h": 360,
                                "resize": "fit",
                                "w": 640
                            },
                            "thumb": {
                                "h": 150,
                                "resize": "crop",
                                "w": 150
                            }
                        },
                        "media_url": "http://pbs.twimg.com/media/Cx4UB-6UAAA_GBU.jpg",
                        "media_url_https": "https://pbs.twimg.com/media/Cx4UB-6UAAA_GBU.jpg",
                        "id": 801099808018530304,
                        "type": "photo",
                        "indices": [
                            95,
                            118
                        ]
                    }
                ]
            },
            "retweeted": false,
            "in_reply_to_status_id_str": null,
            "truncated": false
        },
        {
            "favorite_count": 1,
            "id": 801100437571174400,
            "place": null,
            "is_quote_status": false,
            "id_str": "801100437571174400",
            "contributors": null,
            "metadata": {
                "iso_language_code": "en",
                "result_type": "recent"
            },
            "in_reply_to_user_id": null,
            "source": "<a href=\"https://about.twitter.com/products/tweetdeck\" rel=\"nofollow\">TweetDeck</a>",
            "in_reply_to_status_id": null,
            "in_reply_to_screen_name": null,
            "retweet_count": 2,
            "lang": "en",
            "coordinates": null,
            "in_reply_to_user_id_str": null,
            "favorited": false,
            "text": "Donald Trump, Republicans plan to target government workers\u2019 benefits and job security https://t.co/R6xPpfMzw9 https://t.co/Wo6NdtcWGO",
            "created_at": "Tue Nov 22 16:30:02 +0000 2016",
            "possibly_sensitive": false,
            "geo": null,
            "user": {
                "profile_banner_url": "https://pbs.twimg.com/profile_banners/8216772/1398475184",
                "notifications": false,
                "profile_background_image_url_https": "https://pbs.twimg.com/profile_background_images/601920030/usz02cw4o5h6j9wgkdca.jpeg",
                "friends_count": 631,
                "profile_background_color": "000000",
                "profile_link_color": "257DDB",
                "profile_background_tile": false,
                "id": 8216772,
                "id_str": "8216772",
                "favourites_count": 1131,
                "profile_sidebar_border_color": "000000",
                "utc_offset": -25200,
                "contributors_enabled": false,
                "description": "Colorado's source for breaking news and information. Tweets by @francieswidler @kourtneygeers @ericjlubbers @danielpetty. Send tips here or tips@denverpost.com.",
                "is_translator": false,
                "follow_request_sent": false,
                "profile_use_background_image": true,
                "profile_image_url": "http://pbs.twimg.com/profile_images/696779704150335488/yF8sCXSN_normal.jpg",
                "profile_text_color": "626262",
                "is_translation_enabled": false,
                "profile_sidebar_fill_color": "003459",
                "has_extended_profile": true,
                "listed_count": 5493,
                "url": "http://t.co/HvDYiwfHFX",
                "lang": "en",
                "statuses_count": 143829,
                "screen_name": "denverpost",
                "protected": false,
                "name": "The Denver Post",
                "translator_type": "regular",
                "following": false,
                "followers_count": 304161,
                "default_profile": false,
                "profile_background_image_url": "http://pbs.twimg.com/profile_background_images/601920030/usz02cw4o5h6j9wgkdca.jpeg",
                "entities": {
                    "url": {
                        "urls": [
                            {
                                "expanded_url": "http://www.denverpost.com/",
                                "display_url": "denverpost.com",
                                "url": "http://t.co/HvDYiwfHFX",
                                "indices": [
                                    0,
                                    22
                                ]
                            }
                        ]
                    },
                    "description": {
                        "urls": []
                    }
                },
                "verified": true,
                "location": "Denver, CO",
                "profile_image_url_https": "https://pbs.twimg.com/profile_images/696779704150335488/yF8sCXSN_normal.jpg",
                "time_zone": "Mountain Time (US & Canada)",
                "created_at": "Thu Aug 16 04:20:09 +0000 2007",
                "geo_enabled": true,
                "default_profile_image": false
            },
            "entities": {
                "hashtags": [],
                "urls": [
                    {
                        "expanded_url": "http://dpo.st/2fXwrfO",
                        "display_url": "dpo.st/2fXwrfO",
                        "url": "https://t.co/R6xPpfMzw9",
                        "indices": [
                            87,
                            110
                        ]
                    }
                ],
                "user_mentions": [],
                "symbols": [],
                "media": [
                    {
                        "id_str": "801083573562286080",
                        "expanded_url": "https://twitter.com/denverpost/status/801100437571174400/photo/1",
                        "display_url": "pic.twitter.com/Wo6NdtcWGO",
                        "url": "https://t.co/Wo6NdtcWGO",
                        "sizes": {
                            "large": {
                                "h": 350,
                                "resize": "fit",
                                "w": 525
                            },
                            "small": {
                                "h": 350,
                                "resize": "fit",
                                "w": 525
                            },
                            "thumb": {
                                "h": 150,
                                "resize": "crop",
                                "w": 150
                            },
                            "medium": {
                                "h": 350,
                                "resize": "fit",
                                "w": 525
                            }
                        },
                        "media_url": "http://pbs.twimg.com/media/Cx4FRA2UoAA7Rvw.jpg",
                        "media_url_https": "https://pbs.twimg.com/media/Cx4FRA2UoAA7Rvw.jpg",
                        "id": 801083573562286080,
                        "type": "photo",
                        "indices": [
                            111,
                            134
                        ]
                    }
                ]
            },
            "extended_entities": {
                "media": [
                    {
                        "id_str": "801083573562286080",
                        "expanded_url": "https://twitter.com/denverpost/status/801100437571174400/photo/1",
                        "display_url": "pic.twitter.com/Wo6NdtcWGO",
                        "url": "https://t.co/Wo6NdtcWGO",
                        "sizes": {
                            "large": {
                                "h": 350,
                                "resize": "fit",
                                "w": 525
                            },
                            "small": {
                                "h": 350,
                                "resize": "fit",
                                "w": 525
                            },
                            "thumb": {
                                "h": 150,
                                "resize": "crop",
                                "w": 150
                            },
                            "medium": {
                                "h": 350,
                                "resize": "fit",
                                "w": 525
                            }
                        },
                        "media_url": "http://pbs.twimg.com/media/Cx4FRA2UoAA7Rvw.jpg",
                        "media_url_https": "https://pbs.twimg.com/media/Cx4FRA2UoAA7Rvw.jpg",
                        "id": 801083573562286080,
                        "type": "photo",
                        "indices": [
                            111,
                            134
                        ]
                    }
                ]
            },
            "retweeted": false,
            "in_reply_to_status_id_str": null,
            "truncated": false
        },
        {
            "favorite_count": 4,
            "id": 801047585217806336,
            "place": null,
            "is_quote_status": false,
            "id_str": "801047585217806336",
            "contributors": null,
            "metadata": {
                "iso_language_code": "en",
                "result_type": "recent"
            },
            "in_reply_to_user_id": null,
            "source": "<a href=\"https://about.twitter.com/products/tweetdeck\" rel=\"nofollow\">TweetDeck</a>",
            "in_reply_to_status_id": null,
            "in_reply_to_screen_name": null,
            "retweet_count": 8,
            "lang": "en",
            "coordinates": null,
            "in_reply_to_user_id_str": null,
            "favorited": false,
            "text": "Donald Trump, Republicans plan to target government workers\u2019 benefits and job security https://t.co/R6xPpfMzw9 via @washingtonpost",
            "created_at": "Tue Nov 22 13:00:01 +0000 2016",
            "possibly_sensitive": false,
            "geo": null,
            "user": {
                "profile_banner_url": "https://pbs.twimg.com/profile_banners/8216772/1398475184",
                "notifications": false,
                "profile_background_image_url_https": "https://pbs.twimg.com/profile_background_images/601920030/usz02cw4o5h6j9wgkdca.jpeg",
                "friends_count": 631,
                "profile_background_color": "000000",
                "profile_link_color": "257DDB",
                "profile_background_tile": false,
                "id": 8216772,
                "id_str": "8216772",
                "favourites_count": 1131,
                "profile_sidebar_border_color": "000000",
                "utc_offset": -25200,
                "contributors_enabled": false,
                "description": "Colorado's source for breaking news and information. Tweets by @francieswidler @kourtneygeers @ericjlubbers @danielpetty. Send tips here or tips@denverpost.com.",
                "is_translator": false,
                "follow_request_sent": false,
                "profile_use_background_image": true,
                "profile_image_url": "http://pbs.twimg.com/profile_images/696779704150335488/yF8sCXSN_normal.jpg",
                "profile_text_color": "626262",
                "is_translation_enabled": false,
                "profile_sidebar_fill_color": "003459",
                "has_extended_profile": true,
                "listed_count": 5493,
                "url": "http://t.co/HvDYiwfHFX",
                "lang": "en",
                "statuses_count": 143829,
                "screen_name": "denverpost",
                "protected": false,
                "name": "The Denver Post",
                "translator_type": "regular",
                "following": false,
                "followers_count": 304161,
                "default_profile": false,
                "profile_background_image_url": "http://pbs.twimg.com/profile_background_images/601920030/usz02cw4o5h6j9wgkdca.jpeg",
                "entities": {
                    "url": {
                        "urls": [
                            {
                                "expanded_url": "http://www.denverpost.com/",
                                "display_url": "denverpost.com",
                                "url": "http://t.co/HvDYiwfHFX",
                                "indices": [
                                    0,
                                    22
                                ]
                            }
                        ]
                    },
                    "description": {
                        "urls": []
                    }
                },
                "verified": true,
                "location": "Denver, CO",
                "profile_image_url_https": "https://pbs.twimg.com/profile_images/696779704150335488/yF8sCXSN_normal.jpg",
                "time_zone": "Mountain Time (US & Canada)",
                "created_at": "Thu Aug 16 04:20:09 +0000 2007",
                "geo_enabled": true,
                "default_profile_image": false
            },
            "entities": {
                "hashtags": [],
                "urls": [
                    {
                        "expanded_url": "http://dpo.st/2fXwrfO",
                        "display_url": "dpo.st/2fXwrfO",
                        "url": "https://t.co/R6xPpfMzw9",
                        "indices": [
                            87,
                            110
                        ]
                    }
                ],
                "user_mentions": [
                    {
                        "id_str": "2467791",
                        "name": "Washington Post",
                        "id": 2467791,
                        "indices": [
                            115,
                            130
                        ],
                        "screen_name": "washingtonpost"
                    }
                ],
                "symbols": []
            },
            "retweeted": false,
            "in_reply_to_status_id_str": null,
            "truncated": false
        }
    ]
}