{
    "search_metadata": {
        "since_id": 0,
        "completed_in": 0.062,
        "refresh_url": "?since_id=801163344027799552&q=Trump%20from%3Adetroitnews%20since%3A2016-11-22%20until%3A2016-11-23%20filter%3Alinks%20-%40detroitnews&include_entities=1",
        "count": 100,
        "query": "Trump+from%3Adetroitnews+since%3A2016-11-22+until%3A2016-11-23+filter%3Alinks+-%40detroitnews",
        "max_id_str": "801163344027799552",
        "since_id_str": "0",
        "max_id": 801163344027799552
    },
    "statuses": [
        {
            "favorite_count": 2,
            "id": 801163344027799552,
            "place": null,
            "is_quote_status": false,
            "id_str": "801163344027799552",
            "contributors": null,
            "metadata": {
                "iso_language_code": "en",
                "result_type": "recent"
            },
            "in_reply_to_user_id": null,
            "source": "<a href=\"https://about.twitter.com/products/tweetdeck\" rel=\"nofollow\">TweetDeck</a>",
            "in_reply_to_status_id": null,
            "in_reply_to_screen_name": null,
            "retweet_count": 7,
            "lang": "en",
            "coordinates": null,
            "in_reply_to_user_id_str": null,
            "favorited": false,
            "text": ".@realDonaldTrump's charity admits to IRS violation of rule prohibiting using assets to benefit family &amp; friends\u2026 https://t.co/xVgkVRQwZI",
            "created_at": "Tue Nov 22 20:40:00 +0000 2016",
            "possibly_sensitive": false,
            "geo": null,
            "user": {
                "profile_banner_url": "https://pbs.twimg.com/profile_banners/16543775/1480021089",
                "notifications": false,
                "profile_background_image_url_https": "https://pbs.twimg.com/profile_background_images/377647659/twitter-detnews4.jpg",
                "friends_count": 2311,
                "profile_background_color": "1A1B1F",
                "profile_link_color": "2FC2EF",
                "profile_background_tile": false,
                "id": 16543775,
                "id_str": "16543775",
                "favourites_count": 913,
                "profile_sidebar_border_color": "181A1E",
                "utc_offset": -18000,
                "contributors_enabled": false,
                "description": "Detroit's best source for news and information. You can reach The Detroit News at online(at)detroitnews(dot)com. https://t.co/gma4B8adFW",
                "is_translator": false,
                "follow_request_sent": false,
                "profile_use_background_image": false,
                "profile_image_url": "http://pbs.twimg.com/profile_images/512551439021768704/yKZZwFHJ_normal.jpeg",
                "profile_text_color": "666666",
                "is_translation_enabled": false,
                "profile_sidebar_fill_color": "252429",
                "has_extended_profile": false,
                "listed_count": 2945,
                "url": "https://t.co/gma4B8adFW",
                "lang": "en",
                "statuses_count": 143230,
                "screen_name": "detroitnews",
                "protected": false,
                "name": "The Detroit News",
                "translator_type": "none",
                "following": false,
                "followers_count": 196577,
                "default_profile": false,
                "profile_background_image_url": "http://pbs.twimg.com/profile_background_images/377647659/twitter-detnews4.jpg",
                "entities": {
                    "url": {
                        "urls": [
                            {
                                "expanded_url": "http://www.detroitnews.com",
                                "display_url": "detroitnews.com",
                                "url": "https://t.co/gma4B8adFW",
                                "indices": [
                                    0,
                                    23
                                ]
                            }
                        ]
                    },
                    "description": {
                        "urls": [
                            {
                                "expanded_url": "http://www.detroitnews.com",
                                "display_url": "detroitnews.com",
                                "url": "https://t.co/gma4B8adFW",
                                "indices": [
                                    113,
                                    136
                                ]
                            }
                        ]
                    }
                },
                "verified": true,
                "location": "Detroit,MI USA",
                "profile_image_url_https": "https://pbs.twimg.com/profile_images/512551439021768704/yKZZwFHJ_normal.jpeg",
                "time_zone": "Eastern Time (US & Canada)",
                "created_at": "Wed Oct 01 13:36:49 +0000 2008",
                "geo_enabled": true,
                "default_profile_image": false
            },
            "entities": {
                "hashtags": [],
                "urls": [
                    {
                        "expanded_url": "https://twitter.com/i/web/status/801163344027799552",
                        "display_url": "twitter.com/i/web/status/8\u2026",
                        "url": "https://t.co/xVgkVRQwZI",
                        "indices": [
                            118,
                            141
                        ]
                    }
                ],
                "user_mentions": [
                    {
                        "id_str": "25073877",
                        "name": "Donald J. Trump",
                        "id": 25073877,
                        "indices": [
                            1,
                            17
                        ],
                        "screen_name": "realDonaldTrump"
                    }
                ],
                "symbols": []
            },
            "retweeted": false,
            "in_reply_to_status_id_str": null,
            "truncated": true
        },
        {
            "favorite_count": 0,
            "place": null,
            "id": 801072207589949440,
            "retweeted_status": {
                "favorite_count": 2,
                "id": 801071978140631044,
                "place": null,
                "is_quote_status": false,
                "id_str": "801071978140631044",
                "contributors": null,
                "metadata": {
                    "iso_language_code": "en",
                    "result_type": "recent"
                },
                "in_reply_to_user_id": null,
                "source": "<a href=\"https://about.twitter.com/products/tweetdeck\" rel=\"nofollow\">TweetDeck</a>",
                "in_reply_to_status_id": null,
                "in_reply_to_screen_name": null,
                "retweet_count": 2,
                "lang": "en",
                "coordinates": null,
                "in_reply_to_user_id_str": null,
                "favorited": false,
                "text": "Trump aide suggests he wants no Clinton probe. https://t.co/N6kvOscr6g https://t.co/xt5vRogWsU",
                "created_at": "Tue Nov 22 14:36:57 +0000 2016",
                "possibly_sensitive": false,
                "geo": null,
                "user": {
                    "profile_banner_url": "https://pbs.twimg.com/profile_banners/3152644679/1430312034",
                    "notifications": false,
                    "profile_background_image_url_https": "https://abs.twimg.com/images/themes/theme1/bg.png",
                    "friends_count": 35,
                    "profile_background_color": "C0DEED",
                    "profile_link_color": "1DA1F2",
                    "profile_background_tile": false,
                    "id": 3152644679,
                    "id_str": "3152644679",
                    "favourites_count": 3,
                    "profile_sidebar_border_color": "C0DEED",
                    "utc_offset": null,
                    "contributors_enabled": false,
                    "description": "",
                    "is_translator": false,
                    "follow_request_sent": false,
                    "profile_use_background_image": true,
                    "profile_image_url": "http://pbs.twimg.com/profile_images/593397673236963329/GJr35NIU_normal.jpg",
                    "profile_text_color": "333333",
                    "is_translation_enabled": false,
                    "profile_sidebar_fill_color": "DDEEF6",
                    "has_extended_profile": false,
                    "listed_count": 20,
                    "url": null,
                    "lang": "en",
                    "statuses_count": 8426,
                    "screen_name": "dn_nation_world",
                    "protected": false,
                    "name": "Detroit News: Nation",
                    "translator_type": "none",
                    "following": false,
                    "followers_count": 632,
                    "default_profile": true,
                    "profile_background_image_url": "http://abs.twimg.com/images/themes/theme1/bg.png",
                    "entities": {
                        "description": {
                            "urls": []
                        }
                    },
                    "verified": false,
                    "location": "",
                    "profile_image_url_https": "https://pbs.twimg.com/profile_images/593397673236963329/GJr35NIU_normal.jpg",
                    "time_zone": null,
                    "created_at": "Thu Apr 09 20:07:27 +0000 2015",
                    "geo_enabled": false,
                    "default_profile_image": false
                },
                "entities": {
                    "hashtags": [],
                    "urls": [
                        {
                            "expanded_url": "http://detne.ws/2fNIoH0",
                            "display_url": "detne.ws/2fNIoH0",
                            "url": "https://t.co/N6kvOscr6g",
                            "indices": [
                                47,
                                70
                            ]
                        }
                    ],
                    "user_mentions": [],
                    "symbols": [],
                    "media": [
                        {
                            "id_str": "801071960801349632",
                            "expanded_url": "https://twitter.com/dn_nation_world/status/801071978140631044/photo/1",
                            "display_url": "pic.twitter.com/xt5vRogWsU",
                            "url": "https://t.co/xt5vRogWsU",
                            "sizes": {
                                "large": {
                                    "h": 667,
                                    "resize": "fit",
                                    "w": 1000
                                },
                                "small": {
                                    "h": 454,
                                    "resize": "fit",
                                    "w": 680
                                },
                                "medium": {
                                    "h": 667,
                                    "resize": "fit",
                                    "w": 1000
                                },
                                "thumb": {
                                    "h": 150,
                                    "resize": "crop",
                                    "w": 150
                                }
                            },
                            "media_url": "http://pbs.twimg.com/media/Cx36tD8XEAAMkX-.jpg",
                            "media_url_https": "https://pbs.twimg.com/media/Cx36tD8XEAAMkX-.jpg",
                            "id": 801071960801349632,
                            "type": "photo",
                            "indices": [
                                71,
                                94
                            ]
                        }
                    ]
                },
                "extended_entities": {
                    "media": [
                        {
                            "id_str": "801071960801349632",
                            "expanded_url": "https://twitter.com/dn_nation_world/status/801071978140631044/photo/1",
                            "display_url": "pic.twitter.com/xt5vRogWsU",
                            "url": "https://t.co/xt5vRogWsU",
                            "sizes": {
                                "large": {
                                    "h": 667,
                                    "resize": "fit",
                                    "w": 1000
                                },
                                "small": {
                                    "h": 454,
                                    "resize": "fit",
                                    "w": 680
                                },
                                "medium": {
                                    "h": 667,
                                    "resize": "fit",
                                    "w": 1000
                                },
                                "thumb": {
                                    "h": 150,
                                    "resize": "crop",
                                    "w": 150
                                }
                            },
                            "media_url": "http://pbs.twimg.com/media/Cx36tD8XEAAMkX-.jpg",
                            "media_url_https": "https://pbs.twimg.com/media/Cx36tD8XEAAMkX-.jpg",
                            "id": 801071960801349632,
                            "type": "photo",
                            "indices": [
                                71,
                                94
                            ]
                        }
                    ]
                },
                "retweeted": false,
                "in_reply_to_status_id_str": null,
                "truncated": false
            },
            "is_quote_status": false,
            "id_str": "801072207589949440",
            "contributors": null,
            "metadata": {
                "iso_language_code": "en",
                "result_type": "recent"
            },
            "in_reply_to_user_id": null,
            "source": "<a href=\"https://about.twitter.com/products/tweetdeck\" rel=\"nofollow\">TweetDeck</a>",
            "in_reply_to_status_id": null,
            "in_reply_to_screen_name": null,
            "retweet_count": 2,
            "lang": "en",
            "coordinates": null,
            "in_reply_to_user_id_str": null,
            "favorited": false,
            "text": "RT @dn_nation_world: Trump aide suggests he wants no Clinton probe. https://t.co/N6kvOscr6g https://t.co/xt5vRogWsU",
            "created_at": "Tue Nov 22 14:37:52 +0000 2016",
            "possibly_sensitive": false,
            "geo": null,
            "user": {
                "profile_banner_url": "https://pbs.twimg.com/profile_banners/16543775/1480021089",
                "notifications": false,
                "profile_background_image_url_https": "https://pbs.twimg.com/profile_background_images/377647659/twitter-detnews4.jpg",
                "friends_count": 2311,
                "profile_background_color": "1A1B1F",
                "profile_link_color": "2FC2EF",
                "profile_background_tile": false,
                "id": 16543775,
                "id_str": "16543775",
                "favourites_count": 913,
                "profile_sidebar_border_color": "181A1E",
                "utc_offset": -18000,
                "contributors_enabled": false,
                "description": "Detroit's best source for news and information. You can reach The Detroit News at online(at)detroitnews(dot)com. https://t.co/gma4B8adFW",
                "is_translator": false,
                "follow_request_sent": false,
                "profile_use_background_image": false,
                "profile_image_url": "http://pbs.twimg.com/profile_images/512551439021768704/yKZZwFHJ_normal.jpeg",
                "profile_text_color": "666666",
                "is_translation_enabled": false,
                "profile_sidebar_fill_color": "252429",
                "has_extended_profile": false,
                "listed_count": 2945,
                "url": "https://t.co/gma4B8adFW",
                "lang": "en",
                "statuses_count": 143230,
                "screen_name": "detroitnews",
                "protected": false,
                "name": "The Detroit News",
                "translator_type": "none",
                "following": false,
                "followers_count": 196577,
                "default_profile": false,
                "profile_background_image_url": "http://pbs.twimg.com/profile_background_images/377647659/twitter-detnews4.jpg",
                "entities": {
                    "url": {
                        "urls": [
                            {
                                "expanded_url": "http://www.detroitnews.com",
                                "display_url": "detroitnews.com",
                                "url": "https://t.co/gma4B8adFW",
                                "indices": [
                                    0,
                                    23
                                ]
                            }
                        ]
                    },
                    "description": {
                        "urls": [
                            {
                                "expanded_url": "http://www.detroitnews.com",
                                "display_url": "detroitnews.com",
                                "url": "https://t.co/gma4B8adFW",
                                "indices": [
                                    113,
                                    136
                                ]
                            }
                        ]
                    }
                },
                "verified": true,
                "location": "Detroit,MI USA",
                "profile_image_url_https": "https://pbs.twimg.com/profile_images/512551439021768704/yKZZwFHJ_normal.jpeg",
                "time_zone": "Eastern Time (US & Canada)",
                "created_at": "Wed Oct 01 13:36:49 +0000 2008",
                "geo_enabled": true,
                "default_profile_image": false
            },
            "entities": {
                "hashtags": [],
                "urls": [
                    {
                        "expanded_url": "http://detne.ws/2fNIoH0",
                        "display_url": "detne.ws/2fNIoH0",
                        "url": "https://t.co/N6kvOscr6g",
                        "indices": [
                            68,
                            91
                        ]
                    }
                ],
                "user_mentions": [
                    {
                        "id_str": "3152644679",
                        "name": "Detroit News: Nation",
                        "id": 3152644679,
                        "indices": [
                            3,
                            19
                        ],
                        "screen_name": "dn_nation_world"
                    }
                ],
                "symbols": [],
                "media": [
                    {
                        "expanded_url": "https://twitter.com/dn_nation_world/status/801071978140631044/photo/1",
                        "display_url": "pic.twitter.com/xt5vRogWsU",
                        "url": "https://t.co/xt5vRogWsU",
                        "source_user_id": 3152644679,
                        "media_url": "http://pbs.twimg.com/media/Cx36tD8XEAAMkX-.jpg",
                        "id": 801071960801349632,
                        "source_user_id_str": "3152644679",
                        "id_str": "801071960801349632",
                        "source_status_id": 801071978140631044,
                        "source_status_id_str": "801071978140631044",
                        "media_url_https": "https://pbs.twimg.com/media/Cx36tD8XEAAMkX-.jpg",
                        "sizes": {
                            "large": {
                                "h": 667,
                                "resize": "fit",
                                "w": 1000
                            },
                            "small": {
                                "h": 454,
                                "resize": "fit",
                                "w": 680
                            },
                            "medium": {
                                "h": 667,
                                "resize": "fit",
                                "w": 1000
                            },
                            "thumb": {
                                "h": 150,
                                "resize": "crop",
                                "w": 150
                            }
                        },
                        "type": "photo",
                        "indices": [
                            92,
                            115
                        ]
                    }
                ]
            },
            "extended_entities": {
                "media": [
                    {
                        "expanded_url": "https://twitter.com/dn_nation_world/status/801071978140631044/photo/1",
                        "display_url": "pic.twitter.com/xt5vRogWsU",
                        "url": "https://t.co/xt5vRogWsU",
                        "source_user_id": 3152644679,
                        "media_url": "http://pbs.twimg.com/media/Cx36tD8XEAAMkX-.jpg",
                        "id": 801071960801349632,
                        "source_user_id_str": "3152644679",
                        "id_str": "801071960801349632",
                        "source_status_id": 801071978140631044,
                        "source_status_id_str": "801071978140631044",
                        "media_url_https": "https://pbs.twimg.com/media/Cx36tD8XEAAMkX-.jpg",
                        "sizes": {
                            "large": {
                                "h": 667,
                                "resize": "fit",
                                "w": 1000
                            },
                            "small": {
                                "h": 454,
                                "resize": "fit",
                                "w": 680
                            },
                            "medium": {
                                "h": 667,
                                "resize": "fit",
                                "w": 1000
                            },
                            "thumb": {
                                "h": 150,
                                "resize": "crop",
                                "w": 150
                            }
                        },
                        "type": "photo",
                        "indices": [
                            92,
                            115
                        ]
                    }
                ]
            },
            "retweeted": false,
            "in_reply_to_status_id_str": null,
            "truncated": false
        },
        {
            "favorite_count": 0,
            "place": null,
            "id": 801064937737097217,
            "retweeted_status": {
                "favorite_count": 1,
                "id": 801064442339262465,
                "place": null,
                "is_quote_status": false,
                "id_str": "801064442339262465",
                "contributors": null,
                "metadata": {
                    "iso_language_code": "en",
                    "result_type": "recent"
                },
                "in_reply_to_user_id": null,
                "source": "<a href=\"https://about.twitter.com/products/tweetdeck\" rel=\"nofollow\">TweetDeck</a>",
                "in_reply_to_status_id": null,
                "in_reply_to_screen_name": null,
                "retweet_count": 1,
                "lang": "en",
                "coordinates": null,
                "in_reply_to_user_id_str": null,
                "favorited": false,
                "text": "Deficit complicates marriage between Trump, GOP. https://t.co/9L06oVWnRr https://t.co/PrChpNDxiz",
                "created_at": "Tue Nov 22 14:07:00 +0000 2016",
                "possibly_sensitive": false,
                "geo": null,
                "user": {
                    "profile_banner_url": "https://pbs.twimg.com/profile_banners/3152644679/1430312034",
                    "notifications": false,
                    "profile_background_image_url_https": "https://abs.twimg.com/images/themes/theme1/bg.png",
                    "friends_count": 35,
                    "profile_background_color": "C0DEED",
                    "profile_link_color": "1DA1F2",
                    "profile_background_tile": false,
                    "id": 3152644679,
                    "id_str": "3152644679",
                    "favourites_count": 3,
                    "profile_sidebar_border_color": "C0DEED",
                    "utc_offset": null,
                    "contributors_enabled": false,
                    "description": "",
                    "is_translator": false,
                    "follow_request_sent": false,
                    "profile_use_background_image": true,
                    "profile_image_url": "http://pbs.twimg.com/profile_images/593397673236963329/GJr35NIU_normal.jpg",
                    "profile_text_color": "333333",
                    "is_translation_enabled": false,
                    "profile_sidebar_fill_color": "DDEEF6",
                    "has_extended_profile": false,
                    "listed_count": 20,
                    "url": null,
                    "lang": "en",
                    "statuses_count": 8426,
                    "screen_name": "dn_nation_world",
                    "protected": false,
                    "name": "Detroit News: Nation",
                    "translator_type": "none",
                    "following": false,
                    "followers_count": 632,
                    "default_profile": true,
                    "profile_background_image_url": "http://abs.twimg.com/images/themes/theme1/bg.png",
                    "entities": {
                        "description": {
                            "urls": []
                        }
                    },
                    "verified": false,
                    "location": "",
                    "profile_image_url_https": "https://pbs.twimg.com/profile_images/593397673236963329/GJr35NIU_normal.jpg",
                    "time_zone": null,
                    "created_at": "Thu Apr 09 20:07:27 +0000 2015",
                    "geo_enabled": false,
                    "default_profile_image": false
                },
                "entities": {
                    "hashtags": [],
                    "urls": [
                        {
                            "expanded_url": "http://detne.ws/2gg7IV4",
                            "display_url": "detne.ws/2gg7IV4",
                            "url": "https://t.co/9L06oVWnRr",
                            "indices": [
                                49,
                                72
                            ]
                        }
                    ],
                    "user_mentions": [],
                    "symbols": [],
                    "media": [
                        {
                            "id_str": "801058623371677698",
                            "expanded_url": "https://twitter.com/dn_nation_world/status/801064442339262465/photo/1",
                            "display_url": "pic.twitter.com/PrChpNDxiz",
                            "url": "https://t.co/PrChpNDxiz",
                            "sizes": {
                                "large": {
                                    "h": 652,
                                    "resize": "fit",
                                    "w": 1000
                                },
                                "small": {
                                    "h": 443,
                                    "resize": "fit",
                                    "w": 680
                                },
                                "medium": {
                                    "h": 652,
                                    "resize": "fit",
                                    "w": 1000
                                },
                                "thumb": {
                                    "h": 150,
                                    "resize": "crop",
                                    "w": 150
                                }
                            },
                            "media_url": "http://pbs.twimg.com/media/Cx3ukuJVEAIUz6M.jpg",
                            "media_url_https": "https://pbs.twimg.com/media/Cx3ukuJVEAIUz6M.jpg",
                            "id": 801058623371677698,
                            "type": "photo",
                            "indices": [
                                73,
                                96
                            ]
                        }
                    ]
                },
                "extended_entities": {
                    "media": [
                        {
                            "id_str": "801058623371677698",
                            "expanded_url": "https://twitter.com/dn_nation_world/status/801064442339262465/photo/1",
                            "display_url": "pic.twitter.com/PrChpNDxiz",
                            "url": "https://t.co/PrChpNDxiz",
                            "sizes": {
                                "large": {
                                    "h": 652,
                                    "resize": "fit",
                                    "w": 1000
                                },
                                "small": {
                                    "h": 443,
                                    "resize": "fit",
                                    "w": 680
                                },
                                "medium": {
                                    "h": 652,
                                    "resize": "fit",
                                    "w": 1000
                                },
                                "thumb": {
                                    "h": 150,
                                    "resize": "crop",
                                    "w": 150
                                }
                            },
                            "media_url": "http://pbs.twimg.com/media/Cx3ukuJVEAIUz6M.jpg",
                            "media_url_https": "https://pbs.twimg.com/media/Cx3ukuJVEAIUz6M.jpg",
                            "id": 801058623371677698,
                            "type": "photo",
                            "indices": [
                                73,
                                96
                            ]
                        }
                    ]
                },
                "retweeted": false,
                "in_reply_to_status_id_str": null,
                "truncated": false
            },
            "is_quote_status": false,
            "id_str": "801064937737097217",
            "contributors": null,
            "metadata": {
                "iso_language_code": "en",
                "result_type": "recent"
            },
            "in_reply_to_user_id": null,
            "source": "<a href=\"https://about.twitter.com/products/tweetdeck\" rel=\"nofollow\">TweetDeck</a>",
            "in_reply_to_status_id": null,
            "in_reply_to_screen_name": null,
            "retweet_count": 1,
            "lang": "en",
            "coordinates": null,
            "in_reply_to_user_id_str": null,
            "favorited": false,
            "text": "RT @dn_nation_world: Deficit complicates marriage between Trump, GOP. https://t.co/9L06oVWnRr https://t.co/PrChpNDxiz",
            "created_at": "Tue Nov 22 14:08:58 +0000 2016",
            "possibly_sensitive": false,
            "geo": null,
            "user": {
                "profile_banner_url": "https://pbs.twimg.com/profile_banners/16543775/1480021089",
                "notifications": false,
                "profile_background_image_url_https": "https://pbs.twimg.com/profile_background_images/377647659/twitter-detnews4.jpg",
                "friends_count": 2311,
                "profile_background_color": "1A1B1F",
                "profile_link_color": "2FC2EF",
                "profile_background_tile": false,
                "id": 16543775,
                "id_str": "16543775",
                "favourites_count": 913,
                "profile_sidebar_border_color": "181A1E",
                "utc_offset": -18000,
                "contributors_enabled": false,
                "description": "Detroit's best source for news and information. You can reach The Detroit News at online(at)detroitnews(dot)com. https://t.co/gma4B8adFW",
                "is_translator": false,
                "follow_request_sent": false,
                "profile_use_background_image": false,
                "profile_image_url": "http://pbs.twimg.com/profile_images/512551439021768704/yKZZwFHJ_normal.jpeg",
                "profile_text_color": "666666",
                "is_translation_enabled": false,
                "profile_sidebar_fill_color": "252429",
                "has_extended_profile": false,
                "listed_count": 2945,
                "url": "https://t.co/gma4B8adFW",
                "lang": "en",
                "statuses_count": 143230,
                "screen_name": "detroitnews",
                "protected": false,
                "name": "The Detroit News",
                "translator_type": "none",
                "following": false,
                "followers_count": 196577,
                "default_profile": false,
                "profile_background_image_url": "http://pbs.twimg.com/profile_background_images/377647659/twitter-detnews4.jpg",
                "entities": {
                    "url": {
                        "urls": [
                            {
                                "expanded_url": "http://www.detroitnews.com",
                                "display_url": "detroitnews.com",
                                "url": "https://t.co/gma4B8adFW",
                                "indices": [
                                    0,
                                    23
                                ]
                            }
                        ]
                    },
                    "description": {
                        "urls": [
                            {
                                "expanded_url": "http://www.detroitnews.com",
                                "display_url": "detroitnews.com",
                                "url": "https://t.co/gma4B8adFW",
                                "indices": [
                                    113,
                                    136
                                ]
                            }
                        ]
                    }
                },
                "verified": true,
                "location": "Detroit,MI USA",
                "profile_image_url_https": "https://pbs.twimg.com/profile_images/512551439021768704/yKZZwFHJ_normal.jpeg",
                "time_zone": "Eastern Time (US & Canada)",
                "created_at": "Wed Oct 01 13:36:49 +0000 2008",
                "geo_enabled": true,
                "default_profile_image": false
            },
            "entities": {
                "hashtags": [],
                "urls": [
                    {
                        "expanded_url": "http://detne.ws/2gg7IV4",
                        "display_url": "detne.ws/2gg7IV4",
                        "url": "https://t.co/9L06oVWnRr",
                        "indices": [
                            70,
                            93
                        ]
                    }
                ],
                "user_mentions": [
                    {
                        "id_str": "3152644679",
                        "name": "Detroit News: Nation",
                        "id": 3152644679,
                        "indices": [
                            3,
                            19
                        ],
                        "screen_name": "dn_nation_world"
                    }
                ],
                "symbols": [],
                "media": [
                    {
                        "expanded_url": "https://twitter.com/dn_nation_world/status/801064442339262465/photo/1",
                        "display_url": "pic.twitter.com/PrChpNDxiz",
                        "url": "https://t.co/PrChpNDxiz",
                        "source_user_id": 3152644679,
                        "media_url": "http://pbs.twimg.com/media/Cx3ukuJVEAIUz6M.jpg",
                        "id": 801058623371677698,
                        "source_user_id_str": "3152644679",
                        "id_str": "801058623371677698",
                        "source_status_id": 801064442339262465,
                        "source_status_id_str": "801064442339262465",
                        "media_url_https": "https://pbs.twimg.com/media/Cx3ukuJVEAIUz6M.jpg",
                        "sizes": {
                            "large": {
                                "h": 652,
                                "resize": "fit",
                                "w": 1000
                            },
                            "small": {
                                "h": 443,
                                "resize": "fit",
                                "w": 680
                            },
                            "medium": {
                                "h": 652,
                                "resize": "fit",
                                "w": 1000
                            },
                            "thumb": {
                                "h": 150,
                                "resize": "crop",
                                "w": 150
                            }
                        },
                        "type": "photo",
                        "indices": [
                            94,
                            117
                        ]
                    }
                ]
            },
            "extended_entities": {
                "media": [
                    {
                        "expanded_url": "https://twitter.com/dn_nation_world/status/801064442339262465/photo/1",
                        "display_url": "pic.twitter.com/PrChpNDxiz",
                        "url": "https://t.co/PrChpNDxiz",
                        "source_user_id": 3152644679,
                        "media_url": "http://pbs.twimg.com/media/Cx3ukuJVEAIUz6M.jpg",
                        "id": 801058623371677698,
                        "source_user_id_str": "3152644679",
                        "id_str": "801058623371677698",
                        "source_status_id": 801064442339262465,
                        "source_status_id_str": "801064442339262465",
                        "media_url_https": "https://pbs.twimg.com/media/Cx3ukuJVEAIUz6M.jpg",
                        "sizes": {
                            "large": {
                                "h": 652,
                                "resize": "fit",
                                "w": 1000
                            },
                            "small": {
                                "h": 443,
                                "resize": "fit",
                                "w": 680
                            },
                            "medium": {
                                "h": 652,
                                "resize": "fit",
                                "w": 1000
                            },
                            "thumb": {
                                "h": 150,
                                "resize": "crop",
                                "w": 150
                            }
                        },
                        "type": "photo",
                        "indices": [
                            94,
                            117
                        ]
                    }
                ]
            },
            "retweeted": false,
            "in_reply_to_status_id_str": null,
            "truncated": false
        },
        {
            "favorite_count": 2,
            "id": 801024936525647872,
            "place": null,
            "is_quote_status": false,
            "id_str": "801024936525647872",
            "contributors": null,
            "metadata": {
                "iso_language_code": "en",
                "result_type": "recent"
            },
            "in_reply_to_user_id": null,
            "source": "<a href=\"https://about.twitter.com/products/tweetdeck\" rel=\"nofollow\">TweetDeck</a>",
            "in_reply_to_status_id": null,
            "in_reply_to_screen_name": null,
            "retweet_count": 0,
            "lang": "en",
            "coordinates": null,
            "in_reply_to_user_id_str": null,
            "favorited": false,
            "text": ".@nealrubin_dn: Cuban cigar ban might return, but dealer is calm https://t.co/Xbydt50P3p https://t.co/jLVUy6o0E3",
            "created_at": "Tue Nov 22 11:30:01 +0000 2016",
            "possibly_sensitive": false,
            "geo": null,
            "user": {
                "profile_banner_url": "https://pbs.twimg.com/profile_banners/16543775/1480021089",
                "notifications": false,
                "profile_background_image_url_https": "https://pbs.twimg.com/profile_background_images/377647659/twitter-detnews4.jpg",
                "friends_count": 2311,
                "profile_background_color": "1A1B1F",
                "profile_link_color": "2FC2EF",
                "profile_background_tile": false,
                "id": 16543775,
                "id_str": "16543775",
                "favourites_count": 913,
                "profile_sidebar_border_color": "181A1E",
                "utc_offset": -18000,
                "contributors_enabled": false,
                "description": "Detroit's best source for news and information. You can reach The Detroit News at online(at)detroitnews(dot)com. https://t.co/gma4B8adFW",
                "is_translator": false,
                "follow_request_sent": false,
                "profile_use_background_image": false,
                "profile_image_url": "http://pbs.twimg.com/profile_images/512551439021768704/yKZZwFHJ_normal.jpeg",
                "profile_text_color": "666666",
                "is_translation_enabled": false,
                "profile_sidebar_fill_color": "252429",
                "has_extended_profile": false,
                "listed_count": 2945,
                "url": "https://t.co/gma4B8adFW",
                "lang": "en",
                "statuses_count": 143230,
                "screen_name": "detroitnews",
                "protected": false,
                "name": "The Detroit News",
                "translator_type": "none",
                "following": false,
                "followers_count": 196577,
                "default_profile": false,
                "profile_background_image_url": "http://pbs.twimg.com/profile_background_images/377647659/twitter-detnews4.jpg",
                "entities": {
                    "url": {
                        "urls": [
                            {
                                "expanded_url": "http://www.detroitnews.com",
                                "display_url": "detroitnews.com",
                                "url": "https://t.co/gma4B8adFW",
                                "indices": [
                                    0,
                                    23
                                ]
                            }
                        ]
                    },
                    "description": {
                        "urls": [
                            {
                                "expanded_url": "http://www.detroitnews.com",
                                "display_url": "detroitnews.com",
                                "url": "https://t.co/gma4B8adFW",
                                "indices": [
                                    113,
                                    136
                                ]
                            }
                        ]
                    }
                },
                "verified": true,
                "location": "Detroit,MI USA",
                "profile_image_url_https": "https://pbs.twimg.com/profile_images/512551439021768704/yKZZwFHJ_normal.jpeg",
                "time_zone": "Eastern Time (US & Canada)",
                "created_at": "Wed Oct 01 13:36:49 +0000 2008",
                "geo_enabled": true,
                "default_profile_image": false
            },
            "entities": {
                "hashtags": [],
                "urls": [
                    {
                        "expanded_url": "http://detne.ws/2fJpbXf",
                        "display_url": "detne.ws/2fJpbXf",
                        "url": "https://t.co/Xbydt50P3p",
                        "indices": [
                            65,
                            88
                        ]
                    }
                ],
                "user_mentions": [
                    {
                        "id_str": "53836590",
                        "name": "Neal Rubin",
                        "id": 53836590,
                        "indices": [
                            1,
                            14
                        ],
                        "screen_name": "nealrubin_dn"
                    }
                ],
                "symbols": [],
                "media": [
                    {
                        "id_str": "800800835311702016",
                        "expanded_url": "https://twitter.com/detroitnews/status/801024936525647872/photo/1",
                        "display_url": "pic.twitter.com/jLVUy6o0E3",
                        "url": "https://t.co/jLVUy6o0E3",
                        "sizes": {
                            "large": {
                                "h": 401,
                                "resize": "fit",
                                "w": 534
                            },
                            "small": {
                                "h": 401,
                                "resize": "fit",
                                "w": 534
                            },
                            "medium": {
                                "h": 401,
                                "resize": "fit",
                                "w": 534
                            },
                            "thumb": {
                                "h": 150,
                                "resize": "crop",
                                "w": 150
                            }
                        },
                        "media_url": "http://pbs.twimg.com/media/Cx0EHeyXEAArsHf.jpg",
                        "media_url_https": "https://pbs.twimg.com/media/Cx0EHeyXEAArsHf.jpg",
                        "id": 800800835311702016,
                        "type": "photo",
                        "indices": [
                            89,
                            112
                        ]
                    }
                ]
            },
            "extended_entities": {
                "media": [
                    {
                        "id_str": "800800835311702016",
                        "expanded_url": "https://twitter.com/detroitnews/status/801024936525647872/photo/1",
                        "display_url": "pic.twitter.com/jLVUy6o0E3",
                        "url": "https://t.co/jLVUy6o0E3",
                        "sizes": {
                            "large": {
                                "h": 401,
                                "resize": "fit",
                                "w": 534
                            },
                            "small": {
                                "h": 401,
                                "resize": "fit",
                                "w": 534
                            },
                            "medium": {
                                "h": 401,
                                "resize": "fit",
                                "w": 534
                            },
                            "thumb": {
                                "h": 150,
                                "resize": "crop",
                                "w": 150
                            }
                        },
                        "media_url": "http://pbs.twimg.com/media/Cx0EHeyXEAArsHf.jpg",
                        "media_url_https": "https://pbs.twimg.com/media/Cx0EHeyXEAArsHf.jpg",
                        "id": 800800835311702016,
                        "type": "photo",
                        "indices": [
                            89,
                            112
                        ]
                    }
                ]
            },
            "retweeted": false,
            "in_reply_to_status_id_str": null,
            "truncated": false
        }
    ]
}