{
    "search_metadata": {
        "since_id": 0,
        "completed_in": 0.043,
        "refresh_url": "?since_id=801093930557304832&q=Trump%20from%3ADJournalnow%20since%3A2016-11-22%20until%3A2016-11-23%20filter%3Alinks%20-%40DJournalnow&include_entities=1",
        "count": 100,
        "query": "Trump+from%3ADJournalnow+since%3A2016-11-22+until%3A2016-11-23+filter%3Alinks+-%40DJournalnow",
        "max_id_str": "801093930557304832",
        "since_id_str": "0",
        "max_id": 801093930557304832
    },
    "statuses": [
        {
            "favorite_count": 0,
            "id": 801093930557304832,
            "place": null,
            "is_quote_status": false,
            "id_str": "801093930557304832",
            "contributors": null,
            "metadata": {
                "iso_language_code": "en",
                "result_type": "recent"
            },
            "in_reply_to_user_id": null,
            "source": "<a href=\"http://www.hootsuite.com\" rel=\"nofollow\">Hootsuite</a>",
            "in_reply_to_status_id": null,
            "in_reply_to_screen_name": null,
            "retweet_count": 0,
            "lang": "en",
            "coordinates": null,
            "in_reply_to_user_id_str": null,
            "favorited": false,
            "text": "MICHAEL REAGAN: Trump transition has media in a tizzy https://t.co/nag4rPINPr",
            "created_at": "Tue Nov 22 16:04:11 +0000 2016",
            "possibly_sensitive": false,
            "geo": null,
            "user": {
                "profile_banner_url": "https://pbs.twimg.com/profile_banners/33609668/1355063668",
                "notifications": false,
                "profile_background_image_url_https": "https://pbs.twimg.com/profile_background_images/433738326386831360/fb3CSTqQ.png",
                "friends_count": 281,
                "profile_background_color": "ECECEC",
                "profile_link_color": "246C1E",
                "profile_background_tile": false,
                "id": 33609668,
                "id_str": "33609668",
                "favourites_count": 9,
                "profile_sidebar_border_color": "FFFFFF",
                "utc_offset": -21600,
                "contributors_enabled": false,
                "description": "Your Journal. Your connection.",
                "is_translator": false,
                "follow_request_sent": false,
                "profile_use_background_image": true,
                "profile_image_url": "http://pbs.twimg.com/profile_images/433707028125454336/NsOSSCge_normal.png",
                "profile_text_color": "333333",
                "is_translation_enabled": false,
                "profile_sidebar_fill_color": "ECECEC",
                "has_extended_profile": false,
                "listed_count": 233,
                "url": "http://t.co/vBAZOsZ33x",
                "lang": "en",
                "statuses_count": 80946,
                "screen_name": "DJournalnow",
                "protected": false,
                "name": "DJournalnow",
                "translator_type": "none",
                "following": false,
                "followers_count": 14252,
                "default_profile": false,
                "profile_background_image_url": "http://pbs.twimg.com/profile_background_images/433738326386831360/fb3CSTqQ.png",
                "entities": {
                    "url": {
                        "urls": [
                            {
                                "expanded_url": "http://www.djournal.com/",
                                "display_url": "djournal.com",
                                "url": "http://t.co/vBAZOsZ33x",
                                "indices": [
                                    0,
                                    22
                                ]
                            }
                        ]
                    },
                    "description": {
                        "urls": []
                    }
                },
                "verified": false,
                "location": "Northeast Mississippi",
                "profile_image_url_https": "https://pbs.twimg.com/profile_images/433707028125454336/NsOSSCge_normal.png",
                "time_zone": "Central Time (US & Canada)",
                "created_at": "Mon Apr 20 18:26:05 +0000 2009",
                "geo_enabled": true,
                "default_profile_image": false
            },
            "entities": {
                "hashtags": [],
                "urls": [
                    {
                        "expanded_url": "http://ow.ly/74tz306qcyI",
                        "display_url": "ow.ly/74tz306qcyI",
                        "url": "https://t.co/nag4rPINPr",
                        "indices": [
                            54,
                            77
                        ]
                    }
                ],
                "user_mentions": [],
                "symbols": []
            },
            "retweeted": false,
            "in_reply_to_status_id_str": null,
            "truncated": false
        }
    ]
}