{
    "search_metadata": {
        "since_id": 0,
        "completed_in": 0.036,
        "refresh_url": "?since_id=801091264472981509&q=Trump%20from%3Agazettedotcom%20since%3A2016-11-22%20until%3A2016-11-23%20filter%3Alinks%20-%40gazettedotcom&include_entities=1",
        "count": 100,
        "query": "Trump+from%3Agazettedotcom+since%3A2016-11-22+until%3A2016-11-23+filter%3Alinks+-%40gazettedotcom",
        "max_id_str": "801091264472981509",
        "since_id_str": "0",
        "max_id": 801091264472981509
    },
    "statuses": [
        {
            "favorite_count": 1,
            "id": 801091264472981509,
            "place": null,
            "is_quote_status": false,
            "id_str": "801091264472981509",
            "contributors": null,
            "metadata": {
                "iso_language_code": "en",
                "result_type": "recent"
            },
            "in_reply_to_user_id": null,
            "source": "<a href=\"http://dlvr.it\" rel=\"nofollow\">dlvr.it</a>",
            "in_reply_to_status_id": null,
            "in_reply_to_screen_name": null,
            "retweet_count": 0,
            "lang": "en",
            "coordinates": null,
            "in_reply_to_user_id_str": null,
            "favorited": false,
            "text": "Top aide: Trump won\u2019t prosecute Clinton https://t.co/3WhfUJsWhK",
            "created_at": "Tue Nov 22 15:53:35 +0000 2016",
            "possibly_sensitive": false,
            "geo": null,
            "user": {
                "profile_banner_url": "https://pbs.twimg.com/profile_banners/14370739/1477340766",
                "notifications": false,
                "profile_background_image_url_https": "https://abs.twimg.com/images/themes/theme14/bg.gif",
                "friends_count": 3190,
                "profile_background_color": "000000",
                "profile_link_color": "ABB8C2",
                "profile_background_tile": false,
                "id": 14370739,
                "id_str": "14370739",
                "favourites_count": 62,
                "profile_sidebar_border_color": "000000",
                "utc_offset": -21600,
                "contributors_enabled": false,
                "description": "Eastern Iowa News and Sports, since 1883 | Gazette Photos: @gazettevisuals | Gazette Sports: @CRGazetteSports | Tweets by @St3phenSchmidt @richpria",
                "is_translator": false,
                "follow_request_sent": false,
                "profile_use_background_image": false,
                "profile_image_url": "http://pbs.twimg.com/profile_images/1429295829/tG_normal.jpg",
                "profile_text_color": "000000",
                "is_translation_enabled": false,
                "profile_sidebar_fill_color": "000000",
                "has_extended_profile": false,
                "listed_count": 700,
                "url": "http://t.co/KLwTTv8TGS",
                "lang": "en",
                "statuses_count": 25569,
                "screen_name": "gazettedotcom",
                "protected": false,
                "name": "The Gazette",
                "translator_type": "none",
                "following": false,
                "followers_count": 37006,
                "default_profile": false,
                "profile_background_image_url": "http://abs.twimg.com/images/themes/theme14/bg.gif",
                "entities": {
                    "url": {
                        "urls": [
                            {
                                "expanded_url": "http://www.thegazette.com",
                                "display_url": "thegazette.com",
                                "url": "http://t.co/KLwTTv8TGS",
                                "indices": [
                                    0,
                                    22
                                ]
                            }
                        ]
                    },
                    "description": {
                        "urls": []
                    }
                },
                "verified": false,
                "location": "Cedar Rapids, Iowa",
                "profile_image_url_https": "https://pbs.twimg.com/profile_images/1429295829/tG_normal.jpg",
                "time_zone": "Central Time (US & Canada)",
                "created_at": "Sat Apr 12 20:03:50 +0000 2008",
                "geo_enabled": false,
                "default_profile_image": false
            },
            "entities": {
                "hashtags": [],
                "urls": [
                    {
                        "expanded_url": "http://thegaz.co/2gGHQFc",
                        "display_url": "thegaz.co/2gGHQFc",
                        "url": "https://t.co/3WhfUJsWhK",
                        "indices": [
                            40,
                            63
                        ]
                    }
                ],
                "user_mentions": [],
                "symbols": []
            },
            "retweeted": false,
            "in_reply_to_status_id_str": null,
            "truncated": false
        },
        {
            "favorite_count": 0,
            "id": 800875861356343297,
            "place": null,
            "is_quote_status": false,
            "id_str": "800875861356343297",
            "contributors": null,
            "metadata": {
                "iso_language_code": "en",
                "result_type": "recent"
            },
            "in_reply_to_user_id": null,
            "source": "<a href=\"http://dlvr.it\" rel=\"nofollow\">dlvr.it</a>",
            "in_reply_to_status_id": null,
            "in_reply_to_screen_name": null,
            "retweet_count": 0,
            "lang": "en",
            "coordinates": null,
            "in_reply_to_user_id_str": null,
            "favorited": false,
            "text": "Iowa reps, senators ask Trump to scrap water rule https://t.co/pfbibHPROH",
            "created_at": "Tue Nov 22 01:37:39 +0000 2016",
            "possibly_sensitive": false,
            "geo": null,
            "user": {
                "profile_banner_url": "https://pbs.twimg.com/profile_banners/14370739/1477340766",
                "notifications": false,
                "profile_background_image_url_https": "https://abs.twimg.com/images/themes/theme14/bg.gif",
                "friends_count": 3190,
                "profile_background_color": "000000",
                "profile_link_color": "ABB8C2",
                "profile_background_tile": false,
                "id": 14370739,
                "id_str": "14370739",
                "favourites_count": 62,
                "profile_sidebar_border_color": "000000",
                "utc_offset": -21600,
                "contributors_enabled": false,
                "description": "Eastern Iowa News and Sports, since 1883 | Gazette Photos: @gazettevisuals | Gazette Sports: @CRGazetteSports | Tweets by @St3phenSchmidt @richpria",
                "is_translator": false,
                "follow_request_sent": false,
                "profile_use_background_image": false,
                "profile_image_url": "http://pbs.twimg.com/profile_images/1429295829/tG_normal.jpg",
                "profile_text_color": "000000",
                "is_translation_enabled": false,
                "profile_sidebar_fill_color": "000000",
                "has_extended_profile": false,
                "listed_count": 700,
                "url": "http://t.co/KLwTTv8TGS",
                "lang": "en",
                "statuses_count": 25569,
                "screen_name": "gazettedotcom",
                "protected": false,
                "name": "The Gazette",
                "translator_type": "none",
                "following": false,
                "followers_count": 37006,
                "default_profile": false,
                "profile_background_image_url": "http://abs.twimg.com/images/themes/theme14/bg.gif",
                "entities": {
                    "url": {
                        "urls": [
                            {
                                "expanded_url": "http://www.thegazette.com",
                                "display_url": "thegazette.com",
                                "url": "http://t.co/KLwTTv8TGS",
                                "indices": [
                                    0,
                                    22
                                ]
                            }
                        ]
                    },
                    "description": {
                        "urls": []
                    }
                },
                "verified": false,
                "location": "Cedar Rapids, Iowa",
                "profile_image_url_https": "https://pbs.twimg.com/profile_images/1429295829/tG_normal.jpg",
                "time_zone": "Central Time (US & Canada)",
                "created_at": "Sat Apr 12 20:03:50 +0000 2008",
                "geo_enabled": false,
                "default_profile_image": false
            },
            "entities": {
                "hashtags": [],
                "urls": [
                    {
                        "expanded_url": "http://thegaz.co/2gDNd89",
                        "display_url": "thegaz.co/2gDNd89",
                        "url": "https://t.co/pfbibHPROH",
                        "indices": [
                            50,
                            73
                        ]
                    }
                ],
                "user_mentions": [],
                "symbols": []
            },
            "retweeted": false,
            "in_reply_to_status_id_str": null,
            "truncated": false
        }
    ]
}