{
    "search_metadata": {
        "since_id": 0,
        "completed_in": 0.023,
        "refresh_url": "?since_id=800855615559987202&q=Trump%20from%3AGwinnettDaily%20since%3A2016-11-22%20until%3A2016-11-23%20filter%3Alinks%20-%40GwinnettDaily&include_entities=1",
        "count": 100,
        "query": "Trump+from%3AGwinnettDaily+since%3A2016-11-22+until%3A2016-11-23+filter%3Alinks+-%40GwinnettDaily",
        "max_id_str": "800855615559987202",
        "since_id_str": "0",
        "max_id": 800855615559987202
    },
    "statuses": [
        {
            "favorite_count": 1,
            "id": 800855615559987202,
            "place": null,
            "is_quote_status": false,
            "id_str": "800855615559987202",
            "contributors": null,
            "metadata": {
                "iso_language_code": "en",
                "result_type": "recent"
            },
            "in_reply_to_user_id": null,
            "source": "<a href=\"http://twitter.com\" rel=\"nofollow\">Twitter Web Client</a>",
            "in_reply_to_status_id": null,
            "in_reply_to_screen_name": null,
            "retweet_count": 1,
            "lang": "en",
            "coordinates": null,
            "in_reply_to_user_id_str": null,
            "favorited": false,
            "text": "President-elect Donald Trump unveiled plans for his first 100 days in office in a video message this evening. https://t.co/Vd8PAbOCDY",
            "created_at": "Tue Nov 22 00:17:12 +0000 2016",
            "possibly_sensitive": false,
            "geo": null,
            "user": {
                "profile_banner_url": "https://pbs.twimg.com/profile_banners/31123165/1470781262",
                "notifications": false,
                "profile_background_image_url_https": "https://pbs.twimg.com/profile_background_images/9455115/WhiteBkgnd.jpg",
                "friends_count": 805,
                "profile_background_color": "F6FCFE",
                "profile_link_color": "641125",
                "profile_background_tile": false,
                "id": 31123165,
                "id_str": "31123165",
                "favourites_count": 564,
                "profile_sidebar_border_color": "BDDCAD",
                "utc_offset": -18000,
                "contributors_enabled": false,
                "description": "Gwinnett Daily Post:- Online News and sports information source for metro Atlanta, Gwinnett and surrounding counties in Georgia",
                "is_translator": false,
                "follow_request_sent": false,
                "profile_use_background_image": true,
                "profile_image_url": "http://pbs.twimg.com/profile_images/1100099484/gdp_news_icon_normal.jpg",
                "profile_text_color": "1F7793",
                "is_translation_enabled": false,
                "profile_sidebar_fill_color": "F5F9FA",
                "has_extended_profile": false,
                "listed_count": 298,
                "url": "http://t.co/PxHW24wKpa",
                "lang": "en",
                "statuses_count": 13601,
                "screen_name": "GwinnettDaily",
                "protected": false,
                "name": "Gwinnett Daily Post",
                "translator_type": "none",
                "following": false,
                "followers_count": 26819,
                "default_profile": false,
                "profile_background_image_url": "http://pbs.twimg.com/profile_background_images/9455115/WhiteBkgnd.jpg",
                "entities": {
                    "url": {
                        "urls": [
                            {
                                "expanded_url": "http://www.gwinnettdailypost.com",
                                "display_url": "gwinnettdailypost.com",
                                "url": "http://t.co/PxHW24wKpa",
                                "indices": [
                                    0,
                                    22
                                ]
                            }
                        ]
                    },
                    "description": {
                        "urls": []
                    }
                },
                "verified": true,
                "location": "Lawrenceville, Georgia",
                "profile_image_url_https": "https://pbs.twimg.com/profile_images/1100099484/gdp_news_icon_normal.jpg",
                "time_zone": "Quito",
                "created_at": "Tue Apr 14 13:40:31 +0000 2009",
                "geo_enabled": false,
                "default_profile_image": false
            },
            "entities": {
                "hashtags": [],
                "urls": [
                    {
                        "expanded_url": "http://www.gwinnettdailypost.com/news/world_nation/trump-outlines-policy-plan-for-first-days/html_ee98d996-b047-11e6-b8ec-338c6cf65d71.html",
                        "display_url": "gwinnettdailypost.com/news/world_nat\u2026",
                        "url": "https://t.co/Vd8PAbOCDY",
                        "indices": [
                            110,
                            133
                        ]
                    }
                ],
                "user_mentions": [],
                "symbols": []
            },
            "retweeted": false,
            "in_reply_to_status_id_str": null,
            "truncated": false
        }
    ]
}