{
    "search_metadata": {
        "since_id": 0,
        "completed_in": 0.061,
        "refresh_url": "?since_id=801061424344813570&q=Trump%20from%3Aheraldleader%20since%3A2016-11-22%20until%3A2016-11-23%20filter%3Alinks%20-%40heraldleader&include_entities=1",
        "count": 100,
        "query": "Trump+from%3Aheraldleader+since%3A2016-11-22+until%3A2016-11-23+filter%3Alinks+-%40heraldleader",
        "max_id_str": "801061424344813570",
        "since_id_str": "0",
        "max_id": 801061424344813570
    },
    "statuses": [
        {
            "favorite_count": 3,
            "id": 801061424344813570,
            "place": null,
            "is_quote_status": false,
            "id_str": "801061424344813570",
            "contributors": null,
            "metadata": {
                "iso_language_code": "en",
                "result_type": "recent"
            },
            "in_reply_to_user_id": null,
            "source": "<a href=\"https://about.twitter.com/products/tweetdeck\" rel=\"nofollow\">TweetDeck</a>",
            "in_reply_to_status_id": null,
            "in_reply_to_screen_name": null,
            "retweet_count": 2,
            "lang": "en",
            "coordinates": null,
            "in_reply_to_user_id_str": null,
            "favorited": false,
            "text": "Starbucks did not employ Twitter user threatening to spit in Trump supporters\u2019 drinks\n\nhttps://t.co/eg6lipGE4Q https://t.co/g0rRPdt4PB",
            "created_at": "Tue Nov 22 13:55:01 +0000 2016",
            "possibly_sensitive": false,
            "geo": null,
            "user": {
                "profile_banner_url": "https://pbs.twimg.com/profile_banners/11612722/1347986577",
                "notifications": false,
                "profile_background_image_url_https": "https://pbs.twimg.com/profile_background_images/4279994/twitter_kycom_bkg2.gif",
                "friends_count": 11620,
                "profile_background_color": "005A92",
                "profile_link_color": "B40200",
                "profile_background_tile": true,
                "id": 11612722,
                "id_str": "11612722",
                "favourites_count": 1355,
                "profile_sidebar_border_color": "020318",
                "utc_offset": -18000,
                "contributors_enabled": false,
                "description": "Follow us for news from the Lexington Herald-Leader and http://t.co/IiNXXuNJx6. Also follow @kentuckysports, @hlpublicsafety, @BGPolitics, @LexGoKy",
                "is_translator": false,
                "follow_request_sent": false,
                "profile_use_background_image": true,
                "profile_image_url": "http://pbs.twimg.com/profile_images/423570413499584513/EMkUK9dK_normal.png",
                "profile_text_color": "333333",
                "is_translation_enabled": false,
                "profile_sidebar_fill_color": "FF9900",
                "has_extended_profile": false,
                "listed_count": 848,
                "url": "http://t.co/B9FfuRoSIt",
                "lang": "en",
                "statuses_count": 113802,
                "screen_name": "heraldleader",
                "protected": false,
                "name": "heraldleader",
                "translator_type": "none",
                "following": false,
                "followers_count": 48146,
                "default_profile": false,
                "profile_background_image_url": "http://pbs.twimg.com/profile_background_images/4279994/twitter_kycom_bkg2.gif",
                "entities": {
                    "url": {
                        "urls": [
                            {
                                "expanded_url": "http://www.kentucky.com",
                                "display_url": "kentucky.com",
                                "url": "http://t.co/B9FfuRoSIt",
                                "indices": [
                                    0,
                                    22
                                ]
                            }
                        ]
                    },
                    "description": {
                        "urls": [
                            {
                                "expanded_url": "http://Kentucky.com",
                                "display_url": "Kentucky.com",
                                "url": "http://t.co/IiNXXuNJx6",
                                "indices": [
                                    56,
                                    78
                                ]
                            }
                        ]
                    }
                },
                "verified": true,
                "location": "Lexington, Kentucky",
                "profile_image_url_https": "https://pbs.twimg.com/profile_images/423570413499584513/EMkUK9dK_normal.png",
                "time_zone": "Eastern Time (US & Canada)",
                "created_at": "Fri Dec 28 22:22:39 +0000 2007",
                "geo_enabled": true,
                "default_profile_image": false
            },
            "entities": {
                "hashtags": [],
                "urls": [
                    {
                        "expanded_url": "http://www.kentucky.com/news/local/counties/fayette-county/article116286783.html",
                        "display_url": "kentucky.com/news/local/cou\u2026",
                        "url": "https://t.co/eg6lipGE4Q",
                        "indices": [
                            87,
                            110
                        ]
                    }
                ],
                "user_mentions": [],
                "symbols": [],
                "media": [
                    {
                        "id_str": "801051148329381888",
                        "expanded_url": "https://twitter.com/heraldleader/status/801061424344813570/photo/1",
                        "display_url": "pic.twitter.com/g0rRPdt4PB",
                        "url": "https://t.co/g0rRPdt4PB",
                        "sizes": {
                            "large": {
                                "h": 639,
                                "resize": "fit",
                                "w": 960
                            },
                            "small": {
                                "h": 453,
                                "resize": "fit",
                                "w": 680
                            },
                            "medium": {
                                "h": 639,
                                "resize": "fit",
                                "w": 960
                            },
                            "thumb": {
                                "h": 150,
                                "resize": "crop",
                                "w": 150
                            }
                        },
                        "media_url": "http://pbs.twimg.com/media/Cx3nxncXcAAeEFV.jpg",
                        "media_url_https": "https://pbs.twimg.com/media/Cx3nxncXcAAeEFV.jpg",
                        "id": 801051148329381888,
                        "type": "photo",
                        "indices": [
                            111,
                            134
                        ]
                    }
                ]
            },
            "extended_entities": {
                "media": [
                    {
                        "id_str": "801051148329381888",
                        "expanded_url": "https://twitter.com/heraldleader/status/801061424344813570/photo/1",
                        "display_url": "pic.twitter.com/g0rRPdt4PB",
                        "url": "https://t.co/g0rRPdt4PB",
                        "sizes": {
                            "large": {
                                "h": 639,
                                "resize": "fit",
                                "w": 960
                            },
                            "small": {
                                "h": 453,
                                "resize": "fit",
                                "w": 680
                            },
                            "medium": {
                                "h": 639,
                                "resize": "fit",
                                "w": 960
                            },
                            "thumb": {
                                "h": 150,
                                "resize": "crop",
                                "w": 150
                            }
                        },
                        "media_url": "http://pbs.twimg.com/media/Cx3nxncXcAAeEFV.jpg",
                        "media_url_https": "https://pbs.twimg.com/media/Cx3nxncXcAAeEFV.jpg",
                        "id": 801051148329381888,
                        "type": "photo",
                        "indices": [
                            111,
                            134
                        ]
                    }
                ]
            },
            "retweeted": false,
            "in_reply_to_status_id_str": null,
            "truncated": false
        },
        {
            "favorite_count": 0,
            "id": 800885261697568768,
            "place": null,
            "is_quote_status": false,
            "id_str": "800885261697568768",
            "contributors": null,
            "metadata": {
                "iso_language_code": "en",
                "result_type": "recent"
            },
            "in_reply_to_user_id": null,
            "source": "<a href=\"https://about.twitter.com/products/tweetdeck\" rel=\"nofollow\">TweetDeck</a>",
            "in_reply_to_status_id": null,
            "in_reply_to_screen_name": null,
            "retweet_count": 0,
            "lang": "en",
            "coordinates": null,
            "in_reply_to_user_id_str": null,
            "favorited": false,
            "text": "EPA chief: Progress under Obama won't be undone by Trump. https://t.co/U4XYeoiQdm https://t.co/oYOnPBfz3B",
            "created_at": "Tue Nov 22 02:15:00 +0000 2016",
            "possibly_sensitive": false,
            "geo": null,
            "user": {
                "profile_banner_url": "https://pbs.twimg.com/profile_banners/11612722/1347986577",
                "notifications": false,
                "profile_background_image_url_https": "https://pbs.twimg.com/profile_background_images/4279994/twitter_kycom_bkg2.gif",
                "friends_count": 11620,
                "profile_background_color": "005A92",
                "profile_link_color": "B40200",
                "profile_background_tile": true,
                "id": 11612722,
                "id_str": "11612722",
                "favourites_count": 1355,
                "profile_sidebar_border_color": "020318",
                "utc_offset": -18000,
                "contributors_enabled": false,
                "description": "Follow us for news from the Lexington Herald-Leader and http://t.co/IiNXXuNJx6. Also follow @kentuckysports, @hlpublicsafety, @BGPolitics, @LexGoKy",
                "is_translator": false,
                "follow_request_sent": false,
                "profile_use_background_image": true,
                "profile_image_url": "http://pbs.twimg.com/profile_images/423570413499584513/EMkUK9dK_normal.png",
                "profile_text_color": "333333",
                "is_translation_enabled": false,
                "profile_sidebar_fill_color": "FF9900",
                "has_extended_profile": false,
                "listed_count": 848,
                "url": "http://t.co/B9FfuRoSIt",
                "lang": "en",
                "statuses_count": 113802,
                "screen_name": "heraldleader",
                "protected": false,
                "name": "heraldleader",
                "translator_type": "none",
                "following": false,
                "followers_count": 48146,
                "default_profile": false,
                "profile_background_image_url": "http://pbs.twimg.com/profile_background_images/4279994/twitter_kycom_bkg2.gif",
                "entities": {
                    "url": {
                        "urls": [
                            {
                                "expanded_url": "http://www.kentucky.com",
                                "display_url": "kentucky.com",
                                "url": "http://t.co/B9FfuRoSIt",
                                "indices": [
                                    0,
                                    22
                                ]
                            }
                        ]
                    },
                    "description": {
                        "urls": [
                            {
                                "expanded_url": "http://Kentucky.com",
                                "display_url": "Kentucky.com",
                                "url": "http://t.co/IiNXXuNJx6",
                                "indices": [
                                    56,
                                    78
                                ]
                            }
                        ]
                    }
                },
                "verified": true,
                "location": "Lexington, Kentucky",
                "profile_image_url_https": "https://pbs.twimg.com/profile_images/423570413499584513/EMkUK9dK_normal.png",
                "time_zone": "Eastern Time (US & Canada)",
                "created_at": "Fri Dec 28 22:22:39 +0000 2007",
                "geo_enabled": true,
                "default_profile_image": false
            },
            "entities": {
                "hashtags": [],
                "urls": [
                    {
                        "expanded_url": "http://bit.ly/2gw697V",
                        "display_url": "bit.ly/2gw697V",
                        "url": "https://t.co/U4XYeoiQdm",
                        "indices": [
                            58,
                            81
                        ]
                    }
                ],
                "user_mentions": [],
                "symbols": [],
                "media": [
                    {
                        "id_str": "800822482278051840",
                        "expanded_url": "https://twitter.com/heraldleader/status/800885261697568768/photo/1",
                        "display_url": "pic.twitter.com/oYOnPBfz3B",
                        "url": "https://t.co/oYOnPBfz3B",
                        "sizes": {
                            "large": {
                                "h": 671,
                                "resize": "fit",
                                "w": 960
                            },
                            "small": {
                                "h": 475,
                                "resize": "fit",
                                "w": 680
                            },
                            "medium": {
                                "h": 671,
                                "resize": "fit",
                                "w": 960
                            },
                            "thumb": {
                                "h": 150,
                                "resize": "crop",
                                "w": 150
                            }
                        },
                        "media_url": "http://pbs.twimg.com/media/Cx0XzgBUcAAxNS9.jpg",
                        "media_url_https": "https://pbs.twimg.com/media/Cx0XzgBUcAAxNS9.jpg",
                        "id": 800822482278051840,
                        "type": "photo",
                        "indices": [
                            82,
                            105
                        ]
                    }
                ]
            },
            "extended_entities": {
                "media": [
                    {
                        "id_str": "800822482278051840",
                        "expanded_url": "https://twitter.com/heraldleader/status/800885261697568768/photo/1",
                        "display_url": "pic.twitter.com/oYOnPBfz3B",
                        "url": "https://t.co/oYOnPBfz3B",
                        "sizes": {
                            "large": {
                                "h": 671,
                                "resize": "fit",
                                "w": 960
                            },
                            "small": {
                                "h": 475,
                                "resize": "fit",
                                "w": 680
                            },
                            "medium": {
                                "h": 671,
                                "resize": "fit",
                                "w": 960
                            },
                            "thumb": {
                                "h": 150,
                                "resize": "crop",
                                "w": 150
                            }
                        },
                        "media_url": "http://pbs.twimg.com/media/Cx0XzgBUcAAxNS9.jpg",
                        "media_url_https": "https://pbs.twimg.com/media/Cx0XzgBUcAAxNS9.jpg",
                        "id": 800822482278051840,
                        "type": "photo",
                        "indices": [
                            82,
                            105
                        ]
                    }
                ]
            },
            "retweeted": false,
            "in_reply_to_status_id_str": null,
            "truncated": false
        }
    ]
}