{
    "search_metadata": {
        "since_id": 0,
        "completed_in": 0.057,
        "refresh_url": "?since_id=800867897887363072&q=Trump%20from%3Anhregister%20since%3A2016-11-22%20until%3A2016-11-23%20filter%3Alinks%20-%40nhregister&include_entities=1",
        "count": 100,
        "query": "Trump+from%3Anhregister+since%3A2016-11-22+until%3A2016-11-23+filter%3Alinks+-%40nhregister",
        "max_id_str": "800867897887363072",
        "since_id_str": "0",
        "max_id": 800867897887363072
    },
    "statuses": [
        {
            "favorite_count": 2,
            "id": 800867897887363072,
            "place": null,
            "is_quote_status": false,
            "id_str": "800867897887363072",
            "contributors": null,
            "metadata": {
                "iso_language_code": "en",
                "result_type": "recent"
            },
            "in_reply_to_user_id": null,
            "source": "<a href=\"https://about.twitter.com/products/tweetdeck\" rel=\"nofollow\">TweetDeck</a>",
            "in_reply_to_status_id": null,
            "in_reply_to_screen_name": null,
            "retweet_count": 0,
            "lang": "en",
            "coordinates": null,
            "in_reply_to_user_id_str": null,
            "favorited": false,
            "text": "EUGENE ROBINSON: Far from draining the swamp, Trump seems poised to deepen the muck. https://t.co/TLIODmiIFb",
            "created_at": "Tue Nov 22 01:06:00 +0000 2016",
            "possibly_sensitive": false,
            "geo": null,
            "user": {
                "profile_text_color": "090707",
                "notifications": false,
                "profile_background_image_url_https": "https://pbs.twimg.com/profile_background_images/24848102/CT_NHR.jpg",
                "friends_count": 6170,
                "profile_background_color": "CFCFCF",
                "profile_link_color": "080E11",
                "profile_background_tile": false,
                "id": 34956062,
                "id_str": "34956062",
                "favourites_count": 736,
                "profile_sidebar_border_color": "FFFFFF",
                "utc_offset": null,
                "contributors_enabled": false,
                "description": "A digital first multimedia news organization in Greater New Haven, Connecticut since 1812. Call in news tips: 203-789-5708",
                "is_translator": false,
                "follow_request_sent": false,
                "profile_use_background_image": false,
                "profile_image_url": "http://pbs.twimg.com/profile_images/3760081022/298ec1da0ffea485a6b6a0cb6be7d04c_normal.jpeg",
                "is_translation_enabled": false,
                "profile_sidebar_fill_color": "D2120F",
                "has_extended_profile": false,
                "listed_count": 905,
                "url": "https://t.co/2cox044c9b",
                "lang": "en",
                "statuses_count": 64676,
                "screen_name": "nhregister",
                "protected": false,
                "name": "New Haven Register",
                "translator_type": "none",
                "following": false,
                "followers_count": 52057,
                "default_profile": false,
                "profile_background_image_url": "http://pbs.twimg.com/profile_background_images/24848102/CT_NHR.jpg",
                "entities": {
                    "url": {
                        "urls": [
                            {
                                "expanded_url": "http://www.nhregister.com/",
                                "display_url": "nhregister.com",
                                "url": "https://t.co/2cox044c9b",
                                "indices": [
                                    0,
                                    23
                                ]
                            }
                        ]
                    },
                    "description": {
                        "urls": []
                    }
                },
                "verified": false,
                "location": "New Haven, Connecticut",
                "profile_image_url_https": "https://pbs.twimg.com/profile_images/3760081022/298ec1da0ffea485a6b6a0cb6be7d04c_normal.jpeg",
                "time_zone": null,
                "created_at": "Fri Apr 24 15:38:22 +0000 2009",
                "geo_enabled": true,
                "default_profile_image": false
            },
            "entities": {
                "hashtags": [],
                "urls": [
                    {
                        "expanded_url": "http://bit.ly/2geBs4D",
                        "display_url": "bit.ly/2geBs4D",
                        "url": "https://t.co/TLIODmiIFb",
                        "indices": [
                            85,
                            108
                        ]
                    }
                ],
                "user_mentions": [],
                "symbols": []
            },
            "retweeted": false,
            "in_reply_to_status_id_str": null,
            "truncated": false
        }
    ]
}