{
    "search_metadata": {
        "since_id": 0,
        "completed_in": 0.037,
        "refresh_url": "?since_id=801108055786143744&q=Trump%20from%3Anwi%20since%3A2016-11-22%20until%3A2016-11-23%20filter%3Alinks%20-%40nwi&include_entities=1",
        "count": 100,
        "query": "Trump+from%3Anwi+since%3A2016-11-22+until%3A2016-11-23+filter%3Alinks+-%40nwi",
        "max_id_str": "801108055786143744",
        "since_id_str": "0",
        "max_id": 801108055786143744
    },
    "statuses": [
        {
            "favorite_count": 0,
            "id": 801108055786143744,
            "place": null,
            "is_quote_status": false,
            "id_str": "801108055786143744",
            "contributors": null,
            "metadata": {
                "iso_language_code": "en",
                "result_type": "recent"
            },
            "in_reply_to_user_id": null,
            "source": "<a href=\"http://bufferapp.com\" rel=\"nofollow\">Buffer</a>",
            "in_reply_to_status_id": null,
            "in_reply_to_screen_name": null,
            "retweet_count": 1,
            "lang": "en",
            "coordinates": null,
            "in_reply_to_user_id_str": null,
            "favorited": false,
            "text": "Conway: Trump not interested in further Clinton probe: https://t.co/kkXUYbXWAC https://t.co/DecKE3nmTf",
            "created_at": "Tue Nov 22 17:00:19 +0000 2016",
            "possibly_sensitive": false,
            "geo": null,
            "user": {
                "profile_banner_url": "https://pbs.twimg.com/profile_banners/5508672/1469150282",
                "notifications": false,
                "profile_background_image_url_https": "https://pbs.twimg.com/profile_background_images/104628393/logo_big.jpg",
                "friends_count": 2535,
                "profile_background_color": "FFFFFF",
                "profile_link_color": "2E436D",
                "profile_background_tile": true,
                "id": 5508672,
                "id_str": "5508672",
                "favourites_count": 370,
                "profile_sidebar_border_color": "84ABD4",
                "utc_offset": -21600,
                "contributors_enabled": false,
                "description": "Bringing news, information and entertainment to residents of #nwindiana. Also big believers that #civilitycounts.",
                "is_translator": false,
                "follow_request_sent": false,
                "profile_use_background_image": true,
                "profile_image_url": "http://pbs.twimg.com/profile_images/589830004713783296/TxKajIMq_normal.jpg",
                "profile_text_color": "000000",
                "is_translation_enabled": false,
                "profile_sidebar_fill_color": "EFF3F6",
                "has_extended_profile": false,
                "listed_count": 473,
                "url": "https://t.co/OVDinPlrCH",
                "lang": "en",
                "statuses_count": 91374,
                "screen_name": "nwi",
                "protected": false,
                "name": "nwi.com",
                "translator_type": "none",
                "following": false,
                "followers_count": 38525,
                "default_profile": false,
                "profile_background_image_url": "http://pbs.twimg.com/profile_background_images/104628393/logo_big.jpg",
                "entities": {
                    "url": {
                        "urls": [
                            {
                                "expanded_url": "http://nwi.com",
                                "display_url": "nwi.com",
                                "url": "https://t.co/OVDinPlrCH",
                                "indices": [
                                    0,
                                    23
                                ]
                            }
                        ]
                    },
                    "description": {
                        "urls": []
                    }
                },
                "verified": false,
                "location": "Munster, IN",
                "profile_image_url_https": "https://pbs.twimg.com/profile_images/589830004713783296/TxKajIMq_normal.jpg",
                "time_zone": "Central Time (US & Canada)",
                "created_at": "Wed Apr 25 21:07:09 +0000 2007",
                "geo_enabled": true,
                "default_profile_image": false
            },
            "entities": {
                "hashtags": [],
                "urls": [
                    {
                        "expanded_url": "http://buff.ly/2fBH9rS",
                        "display_url": "buff.ly/2fBH9rS",
                        "url": "https://t.co/kkXUYbXWAC",
                        "indices": [
                            55,
                            78
                        ]
                    }
                ],
                "user_mentions": [],
                "symbols": [],
                "media": [
                    {
                        "id_str": "801108053768556544",
                        "expanded_url": "https://twitter.com/nwi/status/801108055786143744/photo/1",
                        "display_url": "pic.twitter.com/DecKE3nmTf",
                        "url": "https://t.co/DecKE3nmTf",
                        "sizes": {
                            "large": {
                                "h": 369,
                                "resize": "fit",
                                "w": 512
                            },
                            "small": {
                                "h": 369,
                                "resize": "fit",
                                "w": 512
                            },
                            "thumb": {
                                "h": 150,
                                "resize": "crop",
                                "w": 150
                            },
                            "medium": {
                                "h": 369,
                                "resize": "fit",
                                "w": 512
                            }
                        },
                        "media_url": "http://pbs.twimg.com/media/Cx4bh8uUUAAkQ-B.jpg",
                        "media_url_https": "https://pbs.twimg.com/media/Cx4bh8uUUAAkQ-B.jpg",
                        "id": 801108053768556544,
                        "type": "photo",
                        "indices": [
                            79,
                            102
                        ]
                    }
                ]
            },
            "extended_entities": {
                "media": [
                    {
                        "id_str": "801108053768556544",
                        "expanded_url": "https://twitter.com/nwi/status/801108055786143744/photo/1",
                        "display_url": "pic.twitter.com/DecKE3nmTf",
                        "url": "https://t.co/DecKE3nmTf",
                        "sizes": {
                            "large": {
                                "h": 369,
                                "resize": "fit",
                                "w": 512
                            },
                            "small": {
                                "h": 369,
                                "resize": "fit",
                                "w": 512
                            },
                            "thumb": {
                                "h": 150,
                                "resize": "crop",
                                "w": 150
                            },
                            "medium": {
                                "h": 369,
                                "resize": "fit",
                                "w": 512
                            }
                        },
                        "media_url": "http://pbs.twimg.com/media/Cx4bh8uUUAAkQ-B.jpg",
                        "media_url_https": "https://pbs.twimg.com/media/Cx4bh8uUUAAkQ-B.jpg",
                        "id": 801108053768556544,
                        "type": "photo",
                        "indices": [
                            79,
                            102
                        ]
                    }
                ]
            },
            "retweeted": false,
            "in_reply_to_status_id_str": null,
            "truncated": false
        },
        {
            "favorite_count": 0,
            "id": 801088154451132420,
            "place": null,
            "is_quote_status": false,
            "id_str": "801088154451132420",
            "contributors": null,
            "metadata": {
                "iso_language_code": "en",
                "result_type": "recent"
            },
            "in_reply_to_user_id": null,
            "source": "<a href=\"http://bufferapp.com\" rel=\"nofollow\">Buffer</a>",
            "in_reply_to_status_id": null,
            "in_reply_to_screen_name": null,
            "retweet_count": 0,
            "lang": "en",
            "coordinates": null,
            "in_reply_to_user_id_str": null,
            "favorited": false,
            "text": "Trump's pick for Justice Dept could influence immigration: https://t.co/5DgHc6PjS2 https://t.co/sfvI6jHO5t",
            "created_at": "Tue Nov 22 15:41:14 +0000 2016",
            "possibly_sensitive": false,
            "geo": null,
            "user": {
                "profile_banner_url": "https://pbs.twimg.com/profile_banners/5508672/1469150282",
                "notifications": false,
                "profile_background_image_url_https": "https://pbs.twimg.com/profile_background_images/104628393/logo_big.jpg",
                "friends_count": 2535,
                "profile_background_color": "FFFFFF",
                "profile_link_color": "2E436D",
                "profile_background_tile": true,
                "id": 5508672,
                "id_str": "5508672",
                "favourites_count": 370,
                "profile_sidebar_border_color": "84ABD4",
                "utc_offset": -21600,
                "contributors_enabled": false,
                "description": "Bringing news, information and entertainment to residents of #nwindiana. Also big believers that #civilitycounts.",
                "is_translator": false,
                "follow_request_sent": false,
                "profile_use_background_image": true,
                "profile_image_url": "http://pbs.twimg.com/profile_images/589830004713783296/TxKajIMq_normal.jpg",
                "profile_text_color": "000000",
                "is_translation_enabled": false,
                "profile_sidebar_fill_color": "EFF3F6",
                "has_extended_profile": false,
                "listed_count": 473,
                "url": "https://t.co/OVDinPlrCH",
                "lang": "en",
                "statuses_count": 91374,
                "screen_name": "nwi",
                "protected": false,
                "name": "nwi.com",
                "translator_type": "none",
                "following": false,
                "followers_count": 38525,
                "default_profile": false,
                "profile_background_image_url": "http://pbs.twimg.com/profile_background_images/104628393/logo_big.jpg",
                "entities": {
                    "url": {
                        "urls": [
                            {
                                "expanded_url": "http://nwi.com",
                                "display_url": "nwi.com",
                                "url": "https://t.co/OVDinPlrCH",
                                "indices": [
                                    0,
                                    23
                                ]
                            }
                        ]
                    },
                    "description": {
                        "urls": []
                    }
                },
                "verified": false,
                "location": "Munster, IN",
                "profile_image_url_https": "https://pbs.twimg.com/profile_images/589830004713783296/TxKajIMq_normal.jpg",
                "time_zone": "Central Time (US & Canada)",
                "created_at": "Wed Apr 25 21:07:09 +0000 2007",
                "geo_enabled": true,
                "default_profile_image": false
            },
            "entities": {
                "hashtags": [],
                "urls": [
                    {
                        "expanded_url": "http://buff.ly/2ggLHVP",
                        "display_url": "buff.ly/2ggLHVP",
                        "url": "https://t.co/5DgHc6PjS2",
                        "indices": [
                            59,
                            82
                        ]
                    }
                ],
                "user_mentions": [],
                "symbols": [],
                "media": [
                    {
                        "id_str": "801088149623443456",
                        "expanded_url": "https://twitter.com/nwi/status/801088154451132420/photo/1",
                        "display_url": "pic.twitter.com/sfvI6jHO5t",
                        "url": "https://t.co/sfvI6jHO5t",
                        "sizes": {
                            "large": {
                                "h": 360,
                                "resize": "fit",
                                "w": 512
                            },
                            "small": {
                                "h": 360,
                                "resize": "fit",
                                "w": 512
                            },
                            "thumb": {
                                "h": 150,
                                "resize": "crop",
                                "w": 150
                            },
                            "medium": {
                                "h": 360,
                                "resize": "fit",
                                "w": 512
                            }
                        },
                        "media_url": "http://pbs.twimg.com/media/Cx4JbYAUkAAsr8m.jpg",
                        "media_url_https": "https://pbs.twimg.com/media/Cx4JbYAUkAAsr8m.jpg",
                        "id": 801088149623443456,
                        "type": "photo",
                        "indices": [
                            83,
                            106
                        ]
                    }
                ]
            },
            "extended_entities": {
                "media": [
                    {
                        "id_str": "801088149623443456",
                        "expanded_url": "https://twitter.com/nwi/status/801088154451132420/photo/1",
                        "display_url": "pic.twitter.com/sfvI6jHO5t",
                        "url": "https://t.co/sfvI6jHO5t",
                        "sizes": {
                            "large": {
                                "h": 360,
                                "resize": "fit",
                                "w": 512
                            },
                            "small": {
                                "h": 360,
                                "resize": "fit",
                                "w": 512
                            },
                            "thumb": {
                                "h": 150,
                                "resize": "crop",
                                "w": 150
                            },
                            "medium": {
                                "h": 360,
                                "resize": "fit",
                                "w": 512
                            }
                        },
                        "media_url": "http://pbs.twimg.com/media/Cx4JbYAUkAAsr8m.jpg",
                        "media_url_https": "https://pbs.twimg.com/media/Cx4JbYAUkAAsr8m.jpg",
                        "id": 801088149623443456,
                        "type": "photo",
                        "indices": [
                            83,
                            106
                        ]
                    }
                ]
            },
            "retweeted": false,
            "in_reply_to_status_id_str": null,
            "truncated": false
        }
    ]
}