{
    "search_metadata": {
        "since_id": 0,
        "completed_in": 0.018,
        "refresh_url": "?since_id=803052649138356225&q=Trump%20from%3APioneerPress%20since%3A2016-11-22%20until%3A2016-11-23%20filter%3Alinks%20-%40PioneerPress&include_entities=1",
        "count": 100,
        "query": "Trump+from%3APioneerPress+since%3A2016-11-22+until%3A2016-11-23+filter%3Alinks+-%40PioneerPress",
        "max_id_str": "803052649138356225",
        "since_id_str": "0",
        "max_id": 803052649138356225
    },
    "statuses": []
}