{
    "search_metadata": {
        "since_id": 0,
        "completed_in": 0.034,
        "refresh_url": "?since_id=801153278499094528&q=Trump%20from%3Asunjournal%20since%3A2016-11-22%20until%3A2016-11-23%20filter%3Alinks%20-%40sunjournal&include_entities=1",
        "count": 100,
        "query": "Trump+from%3Asunjournal+since%3A2016-11-22+until%3A2016-11-23+filter%3Alinks+-%40sunjournal",
        "max_id_str": "801153278499094528",
        "since_id_str": "0",
        "max_id": 801153278499094528
    },
    "statuses": [
        {
            "favorite_count": 0,
            "id": 801153278499094528,
            "place": null,
            "is_quote_status": false,
            "id_str": "801153278499094528",
            "contributors": null,
            "metadata": {
                "iso_language_code": "en",
                "result_type": "recent"
            },
            "in_reply_to_user_id": null,
            "source": "<a href=\"https://about.twitter.com/products/tweetdeck\" rel=\"nofollow\">TweetDeck</a>",
            "in_reply_to_status_id": null,
            "in_reply_to_screen_name": null,
            "retweet_count": 0,
            "lang": "en",
            "coordinates": null,
            "in_reply_to_user_id_str": null,
            "favorited": false,
            "text": ".@realDonaldTrump vs. the media: Trump, @nytimes to meet after cancellation https://t.co/B1kdUQER4r https://t.co/cXtoFLaOve",
            "created_at": "Tue Nov 22 20:00:00 +0000 2016",
            "possibly_sensitive": false,
            "geo": null,
            "user": {
                "profile_banner_url": "https://pbs.twimg.com/profile_banners/8729092/1480257563",
                "notifications": false,
                "profile_background_image_url_https": "https://abs.twimg.com/images/themes/theme2/bg.gif",
                "friends_count": 2483,
                "profile_background_color": "C6E2EE",
                "profile_link_color": "1F98C7",
                "profile_background_tile": false,
                "id": 8729092,
                "id_str": "8729092",
                "favourites_count": 460,
                "profile_sidebar_border_color": "C6E2EE",
                "utc_offset": -18000,
                "contributors_enabled": false,
                "description": "News and conversations from Maine since 1847. Send breaking news: breaking@sunjournal.com",
                "is_translator": false,
                "follow_request_sent": false,
                "profile_use_background_image": true,
                "profile_image_url": "http://pbs.twimg.com/profile_images/707249051130003456/KfksyOzx_normal.jpg",
                "profile_text_color": "663B12",
                "is_translation_enabled": false,
                "profile_sidebar_fill_color": "DAECF4",
                "has_extended_profile": false,
                "listed_count": 530,
                "url": "http://t.co/g6rua9MqV4",
                "lang": "en",
                "statuses_count": 57358,
                "screen_name": "sunjournal",
                "protected": false,
                "name": "Sun Journal",
                "translator_type": "none",
                "following": false,
                "followers_count": 28098,
                "default_profile": false,
                "profile_background_image_url": "http://abs.twimg.com/images/themes/theme2/bg.gif",
                "entities": {
                    "url": {
                        "urls": [
                            {
                                "expanded_url": "http://www.sunjournal.com",
                                "display_url": "sunjournal.com",
                                "url": "http://t.co/g6rua9MqV4",
                                "indices": [
                                    0,
                                    22
                                ]
                            }
                        ]
                    },
                    "description": {
                        "urls": []
                    }
                },
                "verified": false,
                "location": "Lewiston/Auburn, Maine",
                "profile_image_url_https": "https://pbs.twimg.com/profile_images/707249051130003456/KfksyOzx_normal.jpg",
                "time_zone": "Eastern Time (US & Canada)",
                "created_at": "Fri Sep 07 17:48:02 +0000 2007",
                "geo_enabled": true,
                "default_profile_image": false
            },
            "entities": {
                "hashtags": [],
                "urls": [
                    {
                        "expanded_url": "http://www.sunjournal.com/news/nation/2016/11/22/donald-trump-vs-media-trump-new-york-times-meet-after-cancellation/2033960",
                        "display_url": "sunjournal.com/news/nation/20\u2026",
                        "url": "https://t.co/B1kdUQER4r",
                        "indices": [
                            76,
                            99
                        ]
                    }
                ],
                "user_mentions": [
                    {
                        "id_str": "25073877",
                        "name": "Donald J. Trump",
                        "id": 25073877,
                        "indices": [
                            1,
                            17
                        ],
                        "screen_name": "realDonaldTrump"
                    },
                    {
                        "id_str": "807095",
                        "name": "The New York Times",
                        "id": 807095,
                        "indices": [
                            40,
                            48
                        ],
                        "screen_name": "nytimes"
                    }
                ],
                "symbols": [],
                "media": [
                    {
                        "id_str": "801107050675716097",
                        "expanded_url": "https://twitter.com/sunjournal/status/801153278499094528/photo/1",
                        "display_url": "pic.twitter.com/cXtoFLaOve",
                        "url": "https://t.co/cXtoFLaOve",
                        "sizes": {
                            "large": {
                                "h": 341,
                                "resize": "fit",
                                "w": 512
                            },
                            "small": {
                                "h": 341,
                                "resize": "fit",
                                "w": 512
                            },
                            "medium": {
                                "h": 341,
                                "resize": "fit",
                                "w": 512
                            },
                            "thumb": {
                                "h": 150,
                                "resize": "crop",
                                "w": 150
                            }
                        },
                        "media_url": "http://pbs.twimg.com/media/Cx4anj6WQAEdCZl.jpg",
                        "media_url_https": "https://pbs.twimg.com/media/Cx4anj6WQAEdCZl.jpg",
                        "id": 801107050675716097,
                        "type": "photo",
                        "indices": [
                            100,
                            123
                        ]
                    }
                ]
            },
            "extended_entities": {
                "media": [
                    {
                        "id_str": "801107050675716097",
                        "expanded_url": "https://twitter.com/sunjournal/status/801153278499094528/photo/1",
                        "display_url": "pic.twitter.com/cXtoFLaOve",
                        "url": "https://t.co/cXtoFLaOve",
                        "sizes": {
                            "large": {
                                "h": 341,
                                "resize": "fit",
                                "w": 512
                            },
                            "small": {
                                "h": 341,
                                "resize": "fit",
                                "w": 512
                            },
                            "medium": {
                                "h": 341,
                                "resize": "fit",
                                "w": 512
                            },
                            "thumb": {
                                "h": 150,
                                "resize": "crop",
                                "w": 150
                            }
                        },
                        "media_url": "http://pbs.twimg.com/media/Cx4anj6WQAEdCZl.jpg",
                        "media_url_https": "https://pbs.twimg.com/media/Cx4anj6WQAEdCZl.jpg",
                        "id": 801107050675716097,
                        "type": "photo",
                        "indices": [
                            100,
                            123
                        ]
                    }
                ]
            },
            "retweeted": false,
            "in_reply_to_status_id_str": null,
            "truncated": false
        },
        {
            "favorite_count": 2,
            "id": 801148246059937792,
            "place": null,
            "is_quote_status": false,
            "id_str": "801148246059937792",
            "contributors": null,
            "metadata": {
                "iso_language_code": "en",
                "result_type": "recent"
            },
            "in_reply_to_user_id": null,
            "source": "<a href=\"https://about.twitter.com/products/tweetdeck\" rel=\"nofollow\">TweetDeck</a>",
            "in_reply_to_status_id": null,
            "in_reply_to_screen_name": null,
            "retweet_count": 1,
            "lang": "en",
            "coordinates": null,
            "in_reply_to_user_id_str": null,
            "favorited": false,
            "text": ".@realDonaldTrump outlines plan for 1st 100 days of presidency https://t.co/jGymvP3u6m https://t.co/fkYlaPEDi4",
            "created_at": "Tue Nov 22 19:40:01 +0000 2016",
            "possibly_sensitive": false,
            "geo": null,
            "user": {
                "profile_banner_url": "https://pbs.twimg.com/profile_banners/8729092/1480257563",
                "notifications": false,
                "profile_background_image_url_https": "https://abs.twimg.com/images/themes/theme2/bg.gif",
                "friends_count": 2483,
                "profile_background_color": "C6E2EE",
                "profile_link_color": "1F98C7",
                "profile_background_tile": false,
                "id": 8729092,
                "id_str": "8729092",
                "favourites_count": 460,
                "profile_sidebar_border_color": "C6E2EE",
                "utc_offset": -18000,
                "contributors_enabled": false,
                "description": "News and conversations from Maine since 1847. Send breaking news: breaking@sunjournal.com",
                "is_translator": false,
                "follow_request_sent": false,
                "profile_use_background_image": true,
                "profile_image_url": "http://pbs.twimg.com/profile_images/707249051130003456/KfksyOzx_normal.jpg",
                "profile_text_color": "663B12",
                "is_translation_enabled": false,
                "profile_sidebar_fill_color": "DAECF4",
                "has_extended_profile": false,
                "listed_count": 530,
                "url": "http://t.co/g6rua9MqV4",
                "lang": "en",
                "statuses_count": 57358,
                "screen_name": "sunjournal",
                "protected": false,
                "name": "Sun Journal",
                "translator_type": "none",
                "following": false,
                "followers_count": 28098,
                "default_profile": false,
                "profile_background_image_url": "http://abs.twimg.com/images/themes/theme2/bg.gif",
                "entities": {
                    "url": {
                        "urls": [
                            {
                                "expanded_url": "http://www.sunjournal.com",
                                "display_url": "sunjournal.com",
                                "url": "http://t.co/g6rua9MqV4",
                                "indices": [
                                    0,
                                    22
                                ]
                            }
                        ]
                    },
                    "description": {
                        "urls": []
                    }
                },
                "verified": false,
                "location": "Lewiston/Auburn, Maine",
                "profile_image_url_https": "https://pbs.twimg.com/profile_images/707249051130003456/KfksyOzx_normal.jpg",
                "time_zone": "Eastern Time (US & Canada)",
                "created_at": "Fri Sep 07 17:48:02 +0000 2007",
                "geo_enabled": true,
                "default_profile_image": false
            },
            "entities": {
                "hashtags": [],
                "urls": [
                    {
                        "expanded_url": "http://www.sunjournal.com/news/0001/11/30/donald-trump-outlines-plan-1st-100-days-presidency/2033956",
                        "display_url": "sunjournal.com/news/0001/11/3\u2026",
                        "url": "https://t.co/jGymvP3u6m",
                        "indices": [
                            63,
                            86
                        ]
                    }
                ],
                "user_mentions": [
                    {
                        "id_str": "25073877",
                        "name": "Donald J. Trump",
                        "id": 25073877,
                        "indices": [
                            1,
                            17
                        ],
                        "screen_name": "realDonaldTrump"
                    }
                ],
                "symbols": [],
                "media": [
                    {
                        "id_str": "801074504852262912",
                        "expanded_url": "https://twitter.com/sunjournal/status/801148246059937792/photo/1",
                        "display_url": "pic.twitter.com/fkYlaPEDi4",
                        "url": "https://t.co/fkYlaPEDi4",
                        "sizes": {
                            "large": {
                                "h": 812,
                                "resize": "fit",
                                "w": 1874
                            },
                            "small": {
                                "h": 295,
                                "resize": "fit",
                                "w": 680
                            },
                            "medium": {
                                "h": 520,
                                "resize": "fit",
                                "w": 1200
                            },
                            "thumb": {
                                "h": 150,
                                "resize": "crop",
                                "w": 150
                            }
                        },
                        "media_url": "http://pbs.twimg.com/media/Cx39BJRXUAAS48e.jpg",
                        "media_url_https": "https://pbs.twimg.com/media/Cx39BJRXUAAS48e.jpg",
                        "id": 801074504852262912,
                        "type": "photo",
                        "indices": [
                            87,
                            110
                        ]
                    }
                ]
            },
            "extended_entities": {
                "media": [
                    {
                        "id_str": "801074504852262912",
                        "expanded_url": "https://twitter.com/sunjournal/status/801148246059937792/photo/1",
                        "display_url": "pic.twitter.com/fkYlaPEDi4",
                        "url": "https://t.co/fkYlaPEDi4",
                        "sizes": {
                            "large": {
                                "h": 812,
                                "resize": "fit",
                                "w": 1874
                            },
                            "small": {
                                "h": 295,
                                "resize": "fit",
                                "w": 680
                            },
                            "medium": {
                                "h": 520,
                                "resize": "fit",
                                "w": 1200
                            },
                            "thumb": {
                                "h": 150,
                                "resize": "crop",
                                "w": 150
                            }
                        },
                        "media_url": "http://pbs.twimg.com/media/Cx39BJRXUAAS48e.jpg",
                        "media_url_https": "https://pbs.twimg.com/media/Cx39BJRXUAAS48e.jpg",
                        "id": 801074504852262912,
                        "type": "photo",
                        "indices": [
                            87,
                            110
                        ]
                    }
                ]
            },
            "retweeted": false,
            "in_reply_to_status_id_str": null,
            "truncated": false
        },
        {
            "favorite_count": 0,
            "id": 801100429341900800,
            "place": null,
            "is_quote_status": false,
            "id_str": "801100429341900800",
            "contributors": null,
            "metadata": {
                "iso_language_code": "en",
                "result_type": "recent"
            },
            "in_reply_to_user_id": null,
            "source": "<a href=\"https://about.twitter.com/products/tweetdeck\" rel=\"nofollow\">TweetDeck</a>",
            "in_reply_to_status_id": null,
            "in_reply_to_screen_name": null,
            "retweet_count": 0,
            "lang": "en",
            "coordinates": null,
            "in_reply_to_user_id_str": null,
            "favorited": false,
            "text": "Aide says @realDonaldTrump not likely to pursue prosecution of @HillaryClinton https://t.co/COgnf7NQ5i https://t.co/zR5EFw0gT3",
            "created_at": "Tue Nov 22 16:30:00 +0000 2016",
            "possibly_sensitive": false,
            "geo": null,
            "user": {
                "profile_banner_url": "https://pbs.twimg.com/profile_banners/8729092/1480257563",
                "notifications": false,
                "profile_background_image_url_https": "https://abs.twimg.com/images/themes/theme2/bg.gif",
                "friends_count": 2483,
                "profile_background_color": "C6E2EE",
                "profile_link_color": "1F98C7",
                "profile_background_tile": false,
                "id": 8729092,
                "id_str": "8729092",
                "favourites_count": 460,
                "profile_sidebar_border_color": "C6E2EE",
                "utc_offset": -18000,
                "contributors_enabled": false,
                "description": "News and conversations from Maine since 1847. Send breaking news: breaking@sunjournal.com",
                "is_translator": false,
                "follow_request_sent": false,
                "profile_use_background_image": true,
                "profile_image_url": "http://pbs.twimg.com/profile_images/707249051130003456/KfksyOzx_normal.jpg",
                "profile_text_color": "663B12",
                "is_translation_enabled": false,
                "profile_sidebar_fill_color": "DAECF4",
                "has_extended_profile": false,
                "listed_count": 530,
                "url": "http://t.co/g6rua9MqV4",
                "lang": "en",
                "statuses_count": 57358,
                "screen_name": "sunjournal",
                "protected": false,
                "name": "Sun Journal",
                "translator_type": "none",
                "following": false,
                "followers_count": 28098,
                "default_profile": false,
                "profile_background_image_url": "http://abs.twimg.com/images/themes/theme2/bg.gif",
                "entities": {
                    "url": {
                        "urls": [
                            {
                                "expanded_url": "http://www.sunjournal.com",
                                "display_url": "sunjournal.com",
                                "url": "http://t.co/g6rua9MqV4",
                                "indices": [
                                    0,
                                    22
                                ]
                            }
                        ]
                    },
                    "description": {
                        "urls": []
                    }
                },
                "verified": false,
                "location": "Lewiston/Auburn, Maine",
                "profile_image_url_https": "https://pbs.twimg.com/profile_images/707249051130003456/KfksyOzx_normal.jpg",
                "time_zone": "Eastern Time (US & Canada)",
                "created_at": "Fri Sep 07 17:48:02 +0000 2007",
                "geo_enabled": true,
                "default_profile_image": false
            },
            "entities": {
                "hashtags": [],
                "urls": [
                    {
                        "expanded_url": "http://www.sunjournal.com/news/nation/2016/11/22/aide-says-donald-trump-not-likely-pursue-prosecution-hillary-clinton/2033974",
                        "display_url": "sunjournal.com/news/nation/20\u2026",
                        "url": "https://t.co/COgnf7NQ5i",
                        "indices": [
                            79,
                            102
                        ]
                    }
                ],
                "user_mentions": [
                    {
                        "id_str": "25073877",
                        "name": "Donald J. Trump",
                        "id": 25073877,
                        "indices": [
                            10,
                            26
                        ],
                        "screen_name": "realDonaldTrump"
                    },
                    {
                        "id_str": "1339835893",
                        "name": "Hillary Clinton",
                        "id": 1339835893,
                        "indices": [
                            63,
                            78
                        ],
                        "screen_name": "HillaryClinton"
                    }
                ],
                "symbols": [],
                "media": [
                    {
                        "id_str": "801096266893684748",
                        "expanded_url": "https://twitter.com/sunjournal/status/801100429341900800/photo/1",
                        "display_url": "pic.twitter.com/zR5EFw0gT3",
                        "url": "https://t.co/zR5EFw0gT3",
                        "sizes": {
                            "large": {
                                "h": 413,
                                "resize": "fit",
                                "w": 620
                            },
                            "small": {
                                "h": 413,
                                "resize": "fit",
                                "w": 620
                            },
                            "thumb": {
                                "h": 150,
                                "resize": "crop",
                                "w": 150
                            },
                            "medium": {
                                "h": 413,
                                "resize": "fit",
                                "w": 620
                            }
                        },
                        "media_url": "http://pbs.twimg.com/media/Cx4Qz3MW8AwNVGr.jpg",
                        "media_url_https": "https://pbs.twimg.com/media/Cx4Qz3MW8AwNVGr.jpg",
                        "id": 801096266893684748,
                        "type": "photo",
                        "indices": [
                            103,
                            126
                        ]
                    }
                ]
            },
            "extended_entities": {
                "media": [
                    {
                        "id_str": "801096266893684748",
                        "expanded_url": "https://twitter.com/sunjournal/status/801100429341900800/photo/1",
                        "display_url": "pic.twitter.com/zR5EFw0gT3",
                        "url": "https://t.co/zR5EFw0gT3",
                        "sizes": {
                            "large": {
                                "h": 413,
                                "resize": "fit",
                                "w": 620
                            },
                            "small": {
                                "h": 413,
                                "resize": "fit",
                                "w": 620
                            },
                            "thumb": {
                                "h": 150,
                                "resize": "crop",
                                "w": 150
                            },
                            "medium": {
                                "h": 413,
                                "resize": "fit",
                                "w": 620
                            }
                        },
                        "media_url": "http://pbs.twimg.com/media/Cx4Qz3MW8AwNVGr.jpg",
                        "media_url_https": "https://pbs.twimg.com/media/Cx4Qz3MW8AwNVGr.jpg",
                        "id": 801096266893684748,
                        "type": "photo",
                        "indices": [
                            103,
                            126
                        ]
                    }
                ]
            },
            "retweeted": false,
            "in_reply_to_status_id_str": null,
            "truncated": false
        },
        {
            "favorite_count": 1,
            "id": 801090364056735744,
            "place": null,
            "is_quote_status": false,
            "id_str": "801090364056735744",
            "contributors": null,
            "metadata": {
                "iso_language_code": "en",
                "result_type": "recent"
            },
            "in_reply_to_user_id": null,
            "source": "<a href=\"https://about.twitter.com/products/tweetdeck\" rel=\"nofollow\">TweetDeck</a>",
            "in_reply_to_status_id": null,
            "in_reply_to_screen_name": null,
            "retweet_count": 1,
            "lang": "en",
            "coordinates": null,
            "in_reply_to_user_id_str": null,
            "favorited": false,
            "text": "Trump Foundation filing apparently admits to violating ban on 'self-dealing' https://t.co/iKSG7sfXU4 via\u2026 https://t.co/OfYq2INIAF",
            "created_at": "Tue Nov 22 15:50:00 +0000 2016",
            "possibly_sensitive": false,
            "geo": null,
            "user": {
                "profile_banner_url": "https://pbs.twimg.com/profile_banners/8729092/1480257563",
                "notifications": false,
                "profile_background_image_url_https": "https://abs.twimg.com/images/themes/theme2/bg.gif",
                "friends_count": 2483,
                "profile_background_color": "C6E2EE",
                "profile_link_color": "1F98C7",
                "profile_background_tile": false,
                "id": 8729092,
                "id_str": "8729092",
                "favourites_count": 460,
                "profile_sidebar_border_color": "C6E2EE",
                "utc_offset": -18000,
                "contributors_enabled": false,
                "description": "News and conversations from Maine since 1847. Send breaking news: breaking@sunjournal.com",
                "is_translator": false,
                "follow_request_sent": false,
                "profile_use_background_image": true,
                "profile_image_url": "http://pbs.twimg.com/profile_images/707249051130003456/KfksyOzx_normal.jpg",
                "profile_text_color": "663B12",
                "is_translation_enabled": false,
                "profile_sidebar_fill_color": "DAECF4",
                "has_extended_profile": false,
                "listed_count": 530,
                "url": "http://t.co/g6rua9MqV4",
                "lang": "en",
                "statuses_count": 57358,
                "screen_name": "sunjournal",
                "protected": false,
                "name": "Sun Journal",
                "translator_type": "none",
                "following": false,
                "followers_count": 28098,
                "default_profile": false,
                "profile_background_image_url": "http://abs.twimg.com/images/themes/theme2/bg.gif",
                "entities": {
                    "url": {
                        "urls": [
                            {
                                "expanded_url": "http://www.sunjournal.com",
                                "display_url": "sunjournal.com",
                                "url": "http://t.co/g6rua9MqV4",
                                "indices": [
                                    0,
                                    22
                                ]
                            }
                        ]
                    },
                    "description": {
                        "urls": []
                    }
                },
                "verified": false,
                "location": "Lewiston/Auburn, Maine",
                "profile_image_url_https": "https://pbs.twimg.com/profile_images/707249051130003456/KfksyOzx_normal.jpg",
                "time_zone": "Eastern Time (US & Canada)",
                "created_at": "Fri Sep 07 17:48:02 +0000 2007",
                "geo_enabled": true,
                "default_profile_image": false
            },
            "entities": {
                "hashtags": [],
                "urls": [
                    {
                        "expanded_url": "http://www.sunjournal.com/news/0001/11/30/trump-foundation-filing-apparently-admits-violating-ban-self-dealing/2034007",
                        "display_url": "sunjournal.com/news/0001/11/3\u2026",
                        "url": "https://t.co/iKSG7sfXU4",
                        "indices": [
                            77,
                            100
                        ]
                    },
                    {
                        "expanded_url": "https://twitter.com/i/web/status/801090364056735744",
                        "display_url": "twitter.com/i/web/status/8\u2026",
                        "url": "https://t.co/OfYq2INIAF",
                        "indices": [
                            106,
                            129
                        ]
                    }
                ],
                "user_mentions": [],
                "symbols": []
            },
            "retweeted": false,
            "in_reply_to_status_id_str": null,
            "truncated": true
        },
        {
            "favorite_count": 0,
            "id": 800866450286268417,
            "place": null,
            "is_quote_status": false,
            "id_str": "800866450286268417",
            "contributors": null,
            "metadata": {
                "iso_language_code": "en",
                "result_type": "recent"
            },
            "in_reply_to_user_id": null,
            "source": "<a href=\"http://bufferapp.com\" rel=\"nofollow\">Buffer</a>",
            "in_reply_to_status_id": null,
            "in_reply_to_screen_name": null,
            "retweet_count": 0,
            "lang": "en",
            "coordinates": null,
            "in_reply_to_user_id_str": null,
            "favorited": false,
            "text": "Donald Trump continues meetings, building administration at Trump Tower https://t.co/zjMDxjfKWF",
            "created_at": "Tue Nov 22 01:00:15 +0000 2016",
            "possibly_sensitive": false,
            "geo": null,
            "user": {
                "profile_banner_url": "https://pbs.twimg.com/profile_banners/8729092/1480257563",
                "notifications": false,
                "profile_background_image_url_https": "https://abs.twimg.com/images/themes/theme2/bg.gif",
                "friends_count": 2483,
                "profile_background_color": "C6E2EE",
                "profile_link_color": "1F98C7",
                "profile_background_tile": false,
                "id": 8729092,
                "id_str": "8729092",
                "favourites_count": 460,
                "profile_sidebar_border_color": "C6E2EE",
                "utc_offset": -18000,
                "contributors_enabled": false,
                "description": "News and conversations from Maine since 1847. Send breaking news: breaking@sunjournal.com",
                "is_translator": false,
                "follow_request_sent": false,
                "profile_use_background_image": true,
                "profile_image_url": "http://pbs.twimg.com/profile_images/707249051130003456/KfksyOzx_normal.jpg",
                "profile_text_color": "663B12",
                "is_translation_enabled": false,
                "profile_sidebar_fill_color": "DAECF4",
                "has_extended_profile": false,
                "listed_count": 530,
                "url": "http://t.co/g6rua9MqV4",
                "lang": "en",
                "statuses_count": 57358,
                "screen_name": "sunjournal",
                "protected": false,
                "name": "Sun Journal",
                "translator_type": "none",
                "following": false,
                "followers_count": 28098,
                "default_profile": false,
                "profile_background_image_url": "http://abs.twimg.com/images/themes/theme2/bg.gif",
                "entities": {
                    "url": {
                        "urls": [
                            {
                                "expanded_url": "http://www.sunjournal.com",
                                "display_url": "sunjournal.com",
                                "url": "http://t.co/g6rua9MqV4",
                                "indices": [
                                    0,
                                    22
                                ]
                            }
                        ]
                    },
                    "description": {
                        "urls": []
                    }
                },
                "verified": false,
                "location": "Lewiston/Auburn, Maine",
                "profile_image_url_https": "https://pbs.twimg.com/profile_images/707249051130003456/KfksyOzx_normal.jpg",
                "time_zone": "Eastern Time (US & Canada)",
                "created_at": "Fri Sep 07 17:48:02 +0000 2007",
                "geo_enabled": true,
                "default_profile_image": false
            },
            "entities": {
                "hashtags": [],
                "urls": [
                    {
                        "expanded_url": "http://ift.tt/2fjeSoS",
                        "display_url": "ift.tt/2fjeSoS",
                        "url": "https://t.co/zjMDxjfKWF",
                        "indices": [
                            72,
                            95
                        ]
                    }
                ],
                "user_mentions": [],
                "symbols": []
            },
            "retweeted": false,
            "in_reply_to_status_id_str": null,
            "truncated": false
        }
    ]
}