{
    "search_metadata": {
        "since_id": 0,
        "completed_in": 0.05,
        "refresh_url": "?since_id=800855114189864960&q=Trump%20from%3ATimesRecord%20since%3A2016-11-22%20until%3A2016-11-23%20filter%3Alinks%20-%40TimesRecord&include_entities=1",
        "count": 100,
        "query": "Trump+from%3ATimesRecord+since%3A2016-11-22+until%3A2016-11-23+filter%3Alinks+-%40TimesRecord",
        "max_id_str": "800855114189864960",
        "since_id_str": "0",
        "max_id": 800855114189864960
    },
    "statuses": [
        {
            "favorite_count": 0,
            "id": 800855114189864960,
            "place": null,
            "is_quote_status": false,
            "id_str": "800855114189864960",
            "contributors": null,
            "metadata": {
                "iso_language_code": "en",
                "result_type": "recent"
            },
            "in_reply_to_user_id": null,
            "source": "<a href=\"http://www.hootsuite.com\" rel=\"nofollow\">Hootsuite</a>",
            "in_reply_to_status_id": null,
            "in_reply_to_screen_name": null,
            "retweet_count": 0,
            "lang": "en",
            "coordinates": null,
            "in_reply_to_user_id_str": null,
            "favorited": false,
            "text": "5 rising stars of the GOP as Trump begins his first term   https://t.co/iHwVeQIjsm https://t.co/oYuY9oxw9r",
            "created_at": "Tue Nov 22 00:15:13 +0000 2016",
            "possibly_sensitive": false,
            "geo": null,
            "user": {
                "profile_banner_url": "https://pbs.twimg.com/profile_banners/24790910/1423247919",
                "notifications": false,
                "profile_background_image_url_https": "https://pbs.twimg.com/profile_background_images/58593191/TR-Building.png",
                "friends_count": 669,
                "profile_background_color": "FAFFFE",
                "profile_link_color": "DD2E44",
                "profile_background_tile": false,
                "id": 24790910,
                "id_str": "24790910",
                "favourites_count": 738,
                "profile_sidebar_border_color": "BDDCAD",
                "utc_offset": -21600,
                "contributors_enabled": false,
                "description": "The local news source for Fort Smith, western Arkansas and eastern Oklahoma since 1884.",
                "is_translator": false,
                "follow_request_sent": false,
                "profile_use_background_image": true,
                "profile_image_url": "http://pbs.twimg.com/profile_images/2227117596/TRTwitter180x180_normal.jpg",
                "profile_text_color": "333333",
                "is_translation_enabled": false,
                "profile_sidebar_fill_color": "DDFFCC",
                "has_extended_profile": false,
                "listed_count": 265,
                "url": "http://t.co/muKqFxtYqb",
                "lang": "en",
                "statuses_count": 73520,
                "screen_name": "TimesRecord",
                "protected": false,
                "name": "Times Record",
                "translator_type": "none",
                "following": false,
                "followers_count": 9974,
                "default_profile": false,
                "profile_background_image_url": "http://pbs.twimg.com/profile_background_images/58593191/TR-Building.png",
                "entities": {
                    "url": {
                        "urls": [
                            {
                                "expanded_url": "http://www.swtimes.com",
                                "display_url": "swtimes.com",
                                "url": "http://t.co/muKqFxtYqb",
                                "indices": [
                                    0,
                                    22
                                ]
                            }
                        ]
                    },
                    "description": {
                        "urls": []
                    }
                },
                "verified": false,
                "location": "Fort Smith, Arkansas",
                "profile_image_url_https": "https://pbs.twimg.com/profile_images/2227117596/TRTwitter180x180_normal.jpg",
                "time_zone": "Central Time (US & Canada)",
                "created_at": "Mon Mar 16 23:05:48 +0000 2009",
                "geo_enabled": true,
                "default_profile_image": false
            },
            "entities": {
                "hashtags": [],
                "urls": [
                    {
                        "expanded_url": "http://ow.ly/ZzzL306oOaI",
                        "display_url": "ow.ly/ZzzL306oOaI",
                        "url": "https://t.co/iHwVeQIjsm",
                        "indices": [
                            59,
                            82
                        ]
                    }
                ],
                "user_mentions": [],
                "symbols": [],
                "media": [
                    {
                        "id_str": "800855111526449154",
                        "expanded_url": "https://twitter.com/TimesRecord/status/800855114189864960/photo/1",
                        "display_url": "pic.twitter.com/oYuY9oxw9r",
                        "url": "https://t.co/oYuY9oxw9r",
                        "sizes": {
                            "large": {
                                "h": 630,
                                "resize": "fit",
                                "w": 945
                            },
                            "small": {
                                "h": 453,
                                "resize": "fit",
                                "w": 680
                            },
                            "medium": {
                                "h": 630,
                                "resize": "fit",
                                "w": 945
                            },
                            "thumb": {
                                "h": 150,
                                "resize": "crop",
                                "w": 150
                            }
                        },
                        "media_url": "http://pbs.twimg.com/media/Cx01excXAAIfDzr.jpg",
                        "media_url_https": "https://pbs.twimg.com/media/Cx01excXAAIfDzr.jpg",
                        "id": 800855111526449154,
                        "type": "photo",
                        "indices": [
                            83,
                            106
                        ]
                    }
                ]
            },
            "extended_entities": {
                "media": [
                    {
                        "id_str": "800855111526449154",
                        "expanded_url": "https://twitter.com/TimesRecord/status/800855114189864960/photo/1",
                        "display_url": "pic.twitter.com/oYuY9oxw9r",
                        "url": "https://t.co/oYuY9oxw9r",
                        "sizes": {
                            "large": {
                                "h": 630,
                                "resize": "fit",
                                "w": 945
                            },
                            "small": {
                                "h": 453,
                                "resize": "fit",
                                "w": 680
                            },
                            "medium": {
                                "h": 630,
                                "resize": "fit",
                                "w": 945
                            },
                            "thumb": {
                                "h": 150,
                                "resize": "crop",
                                "w": 150
                            }
                        },
                        "media_url": "http://pbs.twimg.com/media/Cx01excXAAIfDzr.jpg",
                        "media_url_https": "https://pbs.twimg.com/media/Cx01excXAAIfDzr.jpg",
                        "id": 800855111526449154,
                        "type": "photo",
                        "indices": [
                            83,
                            106
                        ]
                    }
                ]
            },
            "retweeted": false,
            "in_reply_to_status_id_str": null,
            "truncated": false
        }
    ]
}