{
    "search_metadata": {
        "since_id": 0,
        "completed_in": 0.038,
        "refresh_url": "?since_id=801086613891620864&q=Trump%20from%3ATucsonStar%20since%3A2016-11-22%20until%3A2016-11-23%20filter%3Alinks%20-%40TucsonStar&include_entities=1",
        "count": 100,
        "query": "Trump+from%3ATucsonStar+since%3A2016-11-22+until%3A2016-11-23+filter%3Alinks+-%40TucsonStar",
        "max_id_str": "801086613891620864",
        "since_id_str": "0",
        "max_id": 801086613891620864
    },
    "statuses": [
        {
            "favorite_count": 3,
            "id": 801086613891620864,
            "place": null,
            "is_quote_status": false,
            "id_str": "801086613891620864",
            "contributors": null,
            "metadata": {
                "iso_language_code": "en",
                "result_type": "recent"
            },
            "in_reply_to_user_id": null,
            "source": "<a href=\"http://tucson.com/\" rel=\"nofollow\">StarNet Labs</a>",
            "in_reply_to_status_id": null,
            "in_reply_to_screen_name": null,
            "retweet_count": 2,
            "lang": "en",
            "coordinates": null,
            "in_reply_to_user_id_str": null,
            "favorited": false,
            "text": "Texans who live near border say Trump's wall is unwelcome https://t.co/9wW3MOIgER https://t.co/NqLA5jj9on",
            "created_at": "Tue Nov 22 15:35:06 +0000 2016",
            "possibly_sensitive": false,
            "geo": null,
            "user": {
                "profile_banner_url": "https://pbs.twimg.com/profile_banners/3952661/1405105163",
                "notifications": false,
                "profile_background_image_url_https": "https://pbs.twimg.com/profile_background_images/1347572/sn_background1.gif",
                "friends_count": 4961,
                "profile_background_color": "FFFFFF",
                "profile_link_color": "B87333",
                "profile_background_tile": true,
                "id": 3952661,
                "id_str": "3952661",
                "favourites_count": 332,
                "profile_sidebar_border_color": "FFFFFF",
                "utc_offset": -25200,
                "contributors_enabled": false,
                "description": "The Arizona Daily Star is Tucson's main source for local news. We cover the issues that Southern Arizonans care about most.",
                "is_translator": false,
                "follow_request_sent": false,
                "profile_use_background_image": false,
                "profile_image_url": "http://pbs.twimg.com/profile_images/543482959592828928/_-9aHXUq_normal.png",
                "profile_text_color": "000000",
                "is_translation_enabled": false,
                "profile_sidebar_fill_color": "FFFFFF",
                "has_extended_profile": false,
                "listed_count": 882,
                "url": "http://t.co/ZGB0gZXZ56",
                "lang": "en",
                "statuses_count": 108158,
                "screen_name": "TucsonStar",
                "protected": false,
                "name": "Arizona Daily Star",
                "translator_type": "none",
                "following": false,
                "followers_count": 47972,
                "default_profile": false,
                "profile_background_image_url": "http://pbs.twimg.com/profile_background_images/1347572/sn_background1.gif",
                "entities": {
                    "url": {
                        "urls": [
                            {
                                "expanded_url": "http://tucson.com",
                                "display_url": "tucson.com",
                                "url": "http://t.co/ZGB0gZXZ56",
                                "indices": [
                                    0,
                                    22
                                ]
                            }
                        ]
                    },
                    "description": {
                        "urls": []
                    }
                },
                "verified": true,
                "location": "Tucson, Arizona",
                "profile_image_url_https": "https://pbs.twimg.com/profile_images/543482959592828928/_-9aHXUq_normal.png",
                "time_zone": "Arizona",
                "created_at": "Mon Apr 09 23:04:05 +0000 2007",
                "geo_enabled": true,
                "default_profile_image": false
            },
            "entities": {
                "hashtags": [],
                "urls": [
                    {
                        "expanded_url": "http://tucne.ws/fnl",
                        "display_url": "tucne.ws/fnl",
                        "url": "https://t.co/9wW3MOIgER",
                        "indices": [
                            58,
                            81
                        ]
                    }
                ],
                "user_mentions": [],
                "symbols": [],
                "media": [
                    {
                        "id_str": "801086612075491328",
                        "expanded_url": "https://twitter.com/TucsonStar/status/801086613891620864/photo/1",
                        "display_url": "pic.twitter.com/NqLA5jj9on",
                        "url": "https://t.co/NqLA5jj9on",
                        "sizes": {
                            "large": {
                                "h": 302,
                                "resize": "fit",
                                "w": 512
                            },
                            "small": {
                                "h": 302,
                                "resize": "fit",
                                "w": 512
                            },
                            "thumb": {
                                "h": 150,
                                "resize": "crop",
                                "w": 150
                            },
                            "medium": {
                                "h": 302,
                                "resize": "fit",
                                "w": 512
                            }
                        },
                        "media_url": "http://pbs.twimg.com/media/Cx4IB4MUsAASnXY.jpg",
                        "media_url_https": "https://pbs.twimg.com/media/Cx4IB4MUsAASnXY.jpg",
                        "id": 801086612075491328,
                        "type": "photo",
                        "indices": [
                            82,
                            105
                        ]
                    }
                ]
            },
            "extended_entities": {
                "media": [
                    {
                        "id_str": "801086612075491328",
                        "expanded_url": "https://twitter.com/TucsonStar/status/801086613891620864/photo/1",
                        "display_url": "pic.twitter.com/NqLA5jj9on",
                        "url": "https://t.co/NqLA5jj9on",
                        "sizes": {
                            "large": {
                                "h": 302,
                                "resize": "fit",
                                "w": 512
                            },
                            "small": {
                                "h": 302,
                                "resize": "fit",
                                "w": 512
                            },
                            "thumb": {
                                "h": 150,
                                "resize": "crop",
                                "w": 150
                            },
                            "medium": {
                                "h": 302,
                                "resize": "fit",
                                "w": 512
                            }
                        },
                        "media_url": "http://pbs.twimg.com/media/Cx4IB4MUsAASnXY.jpg",
                        "media_url_https": "https://pbs.twimg.com/media/Cx4IB4MUsAASnXY.jpg",
                        "id": 801086612075491328,
                        "type": "photo",
                        "indices": [
                            82,
                            105
                        ]
                    }
                ]
            },
            "retweeted": false,
            "in_reply_to_status_id_str": null,
            "truncated": false
        }
    ]
}