{
    "search_metadata": {
        "since_id": 0,
        "completed_in": 0.027,
        "refresh_url": "?since_id=801109992120188928&q=Trump%20from%3Atuscaloosanews%20since%3A2016-11-22%20until%3A2016-11-23%20filter%3Alinks%20-%40tuscaloosanews&include_entities=1",
        "count": 100,
        "query": "Trump+from%3Atuscaloosanews+since%3A2016-11-22+until%3A2016-11-23+filter%3Alinks+-%40tuscaloosanews",
        "max_id_str": "801109992120188928",
        "since_id_str": "0",
        "max_id": 801109992120188928
    },
    "statuses": [
        {
            "favorite_count": 5,
            "id": 801109992120188928,
            "place": null,
            "is_quote_status": false,
            "id_str": "801109992120188928",
            "contributors": null,
            "metadata": {
                "iso_language_code": "en",
                "result_type": "recent"
            },
            "in_reply_to_user_id": null,
            "source": "<a href=\"https://about.twitter.com/products/tweetdeck\" rel=\"nofollow\">TweetDeck</a>",
            "in_reply_to_status_id": null,
            "in_reply_to_screen_name": null,
            "retweet_count": 1,
            "lang": "en",
            "coordinates": null,
            "in_reply_to_user_id_str": null,
            "favorited": false,
            "text": "Richard Shelby, 6-term senator from #Tuscaloosa, says he's ready to work with Donald Trump.\nhttps://t.co/uvqFwS6sXv https://t.co/0wFogRF87i",
            "created_at": "Tue Nov 22 17:08:00 +0000 2016",
            "possibly_sensitive": false,
            "geo": null,
            "user": {
                "profile_banner_url": "https://pbs.twimg.com/profile_banners/18949107/1417982214",
                "notifications": false,
                "profile_background_image_url_https": "https://pbs.twimg.com/profile_background_images/3891545/logo2.gif",
                "friends_count": 279,
                "profile_background_color": "F1EAD7",
                "profile_link_color": "0084B4",
                "profile_background_tile": false,
                "id": 18949107,
                "id_str": "18949107",
                "favourites_count": 52,
                "profile_sidebar_border_color": "BDDCAD",
                "utc_offset": -21600,
                "contributors_enabled": false,
                "description": "The online source for West Alabama",
                "is_translator": false,
                "follow_request_sent": false,
                "profile_use_background_image": true,
                "profile_image_url": "http://pbs.twimg.com/profile_images/1759943782/Twitter_TNews_Logo_normal.jpg",
                "profile_text_color": "333333",
                "is_translation_enabled": false,
                "profile_sidebar_fill_color": "F1EAD7",
                "has_extended_profile": false,
                "listed_count": 507,
                "url": "https://t.co/achyW9rJ5F",
                "lang": "en",
                "statuses_count": 28883,
                "screen_name": "tuscaloosanews",
                "protected": false,
                "name": "The Tuscaloosa News",
                "translator_type": "none",
                "following": false,
                "followers_count": 42765,
                "default_profile": false,
                "profile_background_image_url": "http://pbs.twimg.com/profile_background_images/3891545/logo2.gif",
                "entities": {
                    "url": {
                        "urls": [
                            {
                                "expanded_url": "http://www.tuscaloosanews.com",
                                "display_url": "tuscaloosanews.com",
                                "url": "https://t.co/achyW9rJ5F",
                                "indices": [
                                    0,
                                    23
                                ]
                            }
                        ]
                    },
                    "description": {
                        "urls": []
                    }
                },
                "verified": false,
                "location": "Tuscaloosa, AL",
                "profile_image_url_https": "https://pbs.twimg.com/profile_images/1759943782/Twitter_TNews_Logo_normal.jpg",
                "time_zone": "Central Time (US & Canada)",
                "created_at": "Tue Jan 13 19:20:02 +0000 2009",
                "geo_enabled": true,
                "default_profile_image": false
            },
            "entities": {
                "hashtags": [
                    {
                        "text": "Tuscaloosa",
                        "indices": [
                            36,
                            47
                        ]
                    }
                ],
                "urls": [
                    {
                        "expanded_url": "http://bit.ly/2fjVZlH",
                        "display_url": "bit.ly/2fjVZlH",
                        "url": "https://t.co/uvqFwS6sXv",
                        "indices": [
                            92,
                            115
                        ]
                    }
                ],
                "user_mentions": [],
                "symbols": [],
                "media": [
                    {
                        "id_str": "800923878306422784",
                        "expanded_url": "https://twitter.com/tuscaloosanews/status/801109992120188928/photo/1",
                        "display_url": "pic.twitter.com/0wFogRF87i",
                        "url": "https://t.co/0wFogRF87i",
                        "sizes": {
                            "large": {
                                "h": 552,
                                "resize": "fit",
                                "w": 831
                            },
                            "small": {
                                "h": 452,
                                "resize": "fit",
                                "w": 680
                            },
                            "medium": {
                                "h": 552,
                                "resize": "fit",
                                "w": 831
                            },
                            "thumb": {
                                "h": 150,
                                "resize": "crop",
                                "w": 150
                            }
                        },
                        "media_url": "http://pbs.twimg.com/media/Cx10BhqVIAAYot6.jpg",
                        "media_url_https": "https://pbs.twimg.com/media/Cx10BhqVIAAYot6.jpg",
                        "id": 800923878306422784,
                        "type": "photo",
                        "indices": [
                            116,
                            139
                        ]
                    }
                ]
            },
            "extended_entities": {
                "media": [
                    {
                        "id_str": "800923878306422784",
                        "expanded_url": "https://twitter.com/tuscaloosanews/status/801109992120188928/photo/1",
                        "display_url": "pic.twitter.com/0wFogRF87i",
                        "url": "https://t.co/0wFogRF87i",
                        "sizes": {
                            "large": {
                                "h": 552,
                                "resize": "fit",
                                "w": 831
                            },
                            "small": {
                                "h": 452,
                                "resize": "fit",
                                "w": 680
                            },
                            "medium": {
                                "h": 552,
                                "resize": "fit",
                                "w": 831
                            },
                            "thumb": {
                                "h": 150,
                                "resize": "crop",
                                "w": 150
                            }
                        },
                        "media_url": "http://pbs.twimg.com/media/Cx10BhqVIAAYot6.jpg",
                        "media_url_https": "https://pbs.twimg.com/media/Cx10BhqVIAAYot6.jpg",
                        "id": 800923878306422784,
                        "type": "photo",
                        "indices": [
                            116,
                            139
                        ]
                    }
                ]
            },
            "retweeted": false,
            "in_reply_to_status_id_str": null,
            "truncated": false
        }
    ]
}