{
    "statuses": [],
    "search_metadata": {
        "completed_in": 0.037,
        "refresh_url": "?since_id=803053753477824513&q=Trump%20from%3ABaltimore_Times%20since%3A2016-11-23%20until%3A2016-11-24%20filter%3Alinks%20-%40Baltimore_Times&include_entities=1",
        "since_id_str": "0",
        "max_id": 803053753477824513,
        "query": "Trump+from%3ABaltimore_Times+since%3A2016-11-23+until%3A2016-11-24+filter%3Alinks+-%40Baltimore_Times",
        "count": 100,
        "since_id": 0,
        "max_id_str": "803053753477824513"
    }
}