{
    "statuses": [
        {
            "in_reply_to_user_id_str": null,
            "in_reply_to_screen_name": null,
            "lang": "en",
            "user": {
                "is_translator": false,
                "profile_background_image_url": "http://pbs.twimg.com/profile_background_images/585532601131110400/8tDplQzV.jpg",
                "friends_count": 751,
                "profile_banner_url": "https://pbs.twimg.com/profile_banners/7313362/1479647725",
                "lang": "en",
                "screen_name": "chicagotribune",
                "follow_request_sent": false,
                "geo_enabled": false,
                "profile_image_url": "http://pbs.twimg.com/profile_images/497063779952099328/kwXnsWCE_normal.jpeg",
                "protected": false,
                "notifications": false,
                "default_profile_image": false,
                "listed_count": 10268,
                "description": "Chicago Tribune news, features and so much more live from our newsroom. A part of your life since 1847.",
                "profile_sidebar_border_color": "FFFFFF",
                "has_extended_profile": false,
                "id": 7313362,
                "profile_use_background_image": false,
                "location": "Chicago, IL",
                "url": "https://t.co/gaVbUBEf0t",
                "statuses_count": 112841,
                "profile_image_url_https": "https://pbs.twimg.com/profile_images/497063779952099328/kwXnsWCE_normal.jpeg",
                "profile_link_color": "336699",
                "id_str": "7313362",
                "translator_type": "regular",
                "followers_count": 742304,
                "utc_offset": -21600,
                "default_profile": false,
                "profile_text_color": "414141",
                "is_translation_enabled": false,
                "profile_background_tile": false,
                "favourites_count": 300,
                "profile_background_color": "E1E1E1",
                "verified": true,
                "profile_sidebar_fill_color": "E8F3F7",
                "name": "Chicago Tribune",
                "following": true,
                "profile_background_image_url_https": "https://pbs.twimg.com/profile_background_images/585532601131110400/8tDplQzV.jpg",
                "contributors_enabled": false,
                "created_at": "Sat Jul 07 14:10:07 +0000 2007",
                "entities": {
                    "description": {
                        "urls": []
                    },
                    "url": {
                        "urls": [
                            {
                                "display_url": "chicagotribune.com",
                                "indices": [
                                    0,
                                    23
                                ],
                                "expanded_url": "http://chicagotribune.com",
                                "url": "https://t.co/gaVbUBEf0t"
                            }
                        ]
                    }
                },
                "time_zone": "Central Time (US & Canada)"
            },
            "contributors": null,
            "metadata": {
                "result_type": "recent",
                "iso_language_code": "en"
            },
            "retweet_count": 21,
            "id": 801498264658907136,
            "geo": null,
            "id_str": "801498264658907136",
            "favorite_count": 16,
            "source": "<a href=\"https://about.twitter.com/products/tweetdeck\" rel=\"nofollow\">TweetDeck</a>",
            "in_reply_to_user_id": null,
            "is_quote_status": false,
            "retweeted": false,
            "truncated": true,
            "in_reply_to_status_id_str": null,
            "text": "AP: 5 Trump business ties that pose conflicts: \n\n-New hotel\n-Foreign affairs\n-Lender\n-Tax audit\n-Flurry of lawsuits\u2026 https://t.co/H2LeKTGiPv",
            "in_reply_to_status_id": null,
            "favorited": false,
            "place": null,
            "created_at": "Wed Nov 23 18:50:52 +0000 2016",
            "coordinates": null,
            "possibly_sensitive": false,
            "entities": {
                "user_mentions": [],
                "urls": [
                    {
                        "display_url": "twitter.com/i/web/status/8\u2026",
                        "indices": [
                            117,
                            140
                        ],
                        "expanded_url": "https://twitter.com/i/web/status/801498264658907136",
                        "url": "https://t.co/H2LeKTGiPv"
                    }
                ],
                "hashtags": [],
                "symbols": []
            }
        },
        {
            "in_reply_to_user_id_str": null,
            "in_reply_to_screen_name": null,
            "lang": "en",
            "user": {
                "is_translator": false,
                "profile_background_image_url": "http://pbs.twimg.com/profile_background_images/585532601131110400/8tDplQzV.jpg",
                "friends_count": 751,
                "profile_banner_url": "https://pbs.twimg.com/profile_banners/7313362/1479647725",
                "lang": "en",
                "screen_name": "chicagotribune",
                "follow_request_sent": false,
                "geo_enabled": false,
                "profile_image_url": "http://pbs.twimg.com/profile_images/497063779952099328/kwXnsWCE_normal.jpeg",
                "protected": false,
                "notifications": false,
                "default_profile_image": false,
                "listed_count": 10268,
                "description": "Chicago Tribune news, features and so much more live from our newsroom. A part of your life since 1847.",
                "profile_sidebar_border_color": "FFFFFF",
                "has_extended_profile": false,
                "id": 7313362,
                "profile_use_background_image": false,
                "location": "Chicago, IL",
                "url": "https://t.co/gaVbUBEf0t",
                "statuses_count": 112841,
                "profile_image_url_https": "https://pbs.twimg.com/profile_images/497063779952099328/kwXnsWCE_normal.jpeg",
                "profile_link_color": "336699",
                "id_str": "7313362",
                "translator_type": "regular",
                "followers_count": 742304,
                "utc_offset": -21600,
                "default_profile": false,
                "profile_text_color": "414141",
                "is_translation_enabled": false,
                "profile_background_tile": false,
                "favourites_count": 300,
                "profile_background_color": "E1E1E1",
                "verified": true,
                "profile_sidebar_fill_color": "E8F3F7",
                "name": "Chicago Tribune",
                "following": true,
                "profile_background_image_url_https": "https://pbs.twimg.com/profile_background_images/585532601131110400/8tDplQzV.jpg",
                "contributors_enabled": false,
                "created_at": "Sat Jul 07 14:10:07 +0000 2007",
                "entities": {
                    "description": {
                        "urls": []
                    },
                    "url": {
                        "urls": [
                            {
                                "display_url": "chicagotribune.com",
                                "indices": [
                                    0,
                                    23
                                ],
                                "expanded_url": "http://chicagotribune.com",
                                "url": "https://t.co/gaVbUBEf0t"
                            }
                        ]
                    }
                },
                "time_zone": "Central Time (US & Canada)"
            },
            "contributors": null,
            "metadata": {
                "result_type": "recent",
                "iso_language_code": "en"
            },
            "retweet_count": 11,
            "id": 801493651247525888,
            "geo": null,
            "id_str": "801493651247525888",
            "favorite_count": 12,
            "source": "<a href=\"https://about.twitter.com/products/tweetdeck\" rel=\"nofollow\">TweetDeck</a>",
            "in_reply_to_user_id": null,
            "is_quote_status": false,
            "retweeted": false,
            "truncated": true,
            "in_reply_to_status_id_str": null,
            "text": "President-elect Donald Trump nominates first women for top-level posts in new administration.\u2026 https://t.co/TRz1mWeBdK",
            "in_reply_to_status_id": null,
            "favorited": false,
            "place": null,
            "created_at": "Wed Nov 23 18:32:32 +0000 2016",
            "coordinates": null,
            "possibly_sensitive": false,
            "entities": {
                "user_mentions": [],
                "urls": [
                    {
                        "display_url": "twitter.com/i/web/status/8\u2026",
                        "indices": [
                            95,
                            118
                        ],
                        "expanded_url": "https://twitter.com/i/web/status/801493651247525888",
                        "url": "https://t.co/TRz1mWeBdK"
                    }
                ],
                "hashtags": [],
                "symbols": []
            }
        },
        {
            "in_reply_to_user_id_str": null,
            "in_reply_to_screen_name": null,
            "lang": "en",
            "user": {
                "is_translator": false,
                "profile_background_image_url": "http://pbs.twimg.com/profile_background_images/585532601131110400/8tDplQzV.jpg",
                "friends_count": 751,
                "profile_banner_url": "https://pbs.twimg.com/profile_banners/7313362/1479647725",
                "lang": "en",
                "screen_name": "chicagotribune",
                "follow_request_sent": false,
                "geo_enabled": false,
                "profile_image_url": "http://pbs.twimg.com/profile_images/497063779952099328/kwXnsWCE_normal.jpeg",
                "protected": false,
                "notifications": false,
                "default_profile_image": false,
                "listed_count": 10268,
                "description": "Chicago Tribune news, features and so much more live from our newsroom. A part of your life since 1847.",
                "profile_sidebar_border_color": "FFFFFF",
                "has_extended_profile": false,
                "id": 7313362,
                "profile_use_background_image": false,
                "location": "Chicago, IL",
                "url": "https://t.co/gaVbUBEf0t",
                "statuses_count": 112841,
                "profile_image_url_https": "https://pbs.twimg.com/profile_images/497063779952099328/kwXnsWCE_normal.jpeg",
                "profile_link_color": "336699",
                "id_str": "7313362",
                "translator_type": "regular",
                "followers_count": 742304,
                "utc_offset": -21600,
                "default_profile": false,
                "profile_text_color": "414141",
                "is_translation_enabled": false,
                "profile_background_tile": false,
                "favourites_count": 300,
                "profile_background_color": "E1E1E1",
                "verified": true,
                "profile_sidebar_fill_color": "E8F3F7",
                "name": "Chicago Tribune",
                "following": true,
                "profile_background_image_url_https": "https://pbs.twimg.com/profile_background_images/585532601131110400/8tDplQzV.jpg",
                "contributors_enabled": false,
                "created_at": "Sat Jul 07 14:10:07 +0000 2007",
                "entities": {
                    "description": {
                        "urls": []
                    },
                    "url": {
                        "urls": [
                            {
                                "display_url": "chicagotribune.com",
                                "indices": [
                                    0,
                                    23
                                ],
                                "expanded_url": "http://chicagotribune.com",
                                "url": "https://t.co/gaVbUBEf0t"
                            }
                        ]
                    }
                },
                "time_zone": "Central Time (US & Canada)"
            },
            "contributors": null,
            "metadata": {
                "result_type": "recent",
                "iso_language_code": "en"
            },
            "retweet_count": 14,
            "id": 801448259353018368,
            "geo": null,
            "id_str": "801448259353018368",
            "place": null,
            "source": "<a href=\"https://about.twitter.com/products/tweetdeck\" rel=\"nofollow\">TweetDeck</a>",
            "in_reply_to_user_id": null,
            "is_quote_status": false,
            "text": "Trump adviser Stephen Bannon  received $376,000 from charity while steering Breitbart News https://t.co/8mPH0hKLKM https://t.co/a8DzYw2rpj",
            "retweeted": false,
            "truncated": false,
            "in_reply_to_status_id_str": null,
            "extended_entities": {
                "media": [
                    {
                        "display_url": "pic.twitter.com/a8DzYw2rpj",
                        "indices": [
                            115,
                            138
                        ],
                        "expanded_url": "https://twitter.com/chicagotribune/status/801448259353018368/photo/1",
                        "media_url": "http://pbs.twimg.com/media/Cx9Qh26XEAEVe_R.jpg",
                        "url": "https://t.co/a8DzYw2rpj",
                        "id": 801447801301438465,
                        "sizes": {
                            "thumb": {
                                "w": 150,
                                "resize": "crop",
                                "h": 150
                            },
                            "small": {
                                "w": 680,
                                "resize": "fit",
                                "h": 383
                            },
                            "large": {
                                "w": 750,
                                "resize": "fit",
                                "h": 422
                            },
                            "medium": {
                                "w": 750,
                                "resize": "fit",
                                "h": 422
                            }
                        },
                        "id_str": "801447801301438465",
                        "type": "photo",
                        "media_url_https": "https://pbs.twimg.com/media/Cx9Qh26XEAEVe_R.jpg"
                    }
                ]
            },
            "in_reply_to_status_id": null,
            "favorited": false,
            "favorite_count": 2,
            "created_at": "Wed Nov 23 15:32:09 +0000 2016",
            "coordinates": null,
            "possibly_sensitive": false,
            "entities": {
                "media": [
                    {
                        "display_url": "pic.twitter.com/a8DzYw2rpj",
                        "indices": [
                            115,
                            138
                        ],
                        "expanded_url": "https://twitter.com/chicagotribune/status/801448259353018368/photo/1",
                        "media_url": "http://pbs.twimg.com/media/Cx9Qh26XEAEVe_R.jpg",
                        "url": "https://t.co/a8DzYw2rpj",
                        "id": 801447801301438465,
                        "sizes": {
                            "thumb": {
                                "w": 150,
                                "resize": "crop",
                                "h": 150
                            },
                            "small": {
                                "w": 680,
                                "resize": "fit",
                                "h": 383
                            },
                            "large": {
                                "w": 750,
                                "resize": "fit",
                                "h": 422
                            },
                            "medium": {
                                "w": 750,
                                "resize": "fit",
                                "h": 422
                            }
                        },
                        "id_str": "801447801301438465",
                        "type": "photo",
                        "media_url_https": "https://pbs.twimg.com/media/Cx9Qh26XEAEVe_R.jpg"
                    }
                ],
                "user_mentions": [],
                "urls": [
                    {
                        "display_url": "trib.in/2glR4mk",
                        "indices": [
                            91,
                            114
                        ],
                        "expanded_url": "http://trib.in/2glR4mk",
                        "url": "https://t.co/8mPH0hKLKM"
                    }
                ],
                "hashtags": [],
                "symbols": []
            }
        },
        {
            "in_reply_to_user_id_str": null,
            "in_reply_to_screen_name": null,
            "lang": "en",
            "user": {
                "is_translator": false,
                "profile_background_image_url": "http://pbs.twimg.com/profile_background_images/585532601131110400/8tDplQzV.jpg",
                "friends_count": 751,
                "profile_banner_url": "https://pbs.twimg.com/profile_banners/7313362/1479647725",
                "lang": "en",
                "screen_name": "chicagotribune",
                "follow_request_sent": false,
                "geo_enabled": false,
                "profile_image_url": "http://pbs.twimg.com/profile_images/497063779952099328/kwXnsWCE_normal.jpeg",
                "protected": false,
                "notifications": false,
                "default_profile_image": false,
                "listed_count": 10268,
                "description": "Chicago Tribune news, features and so much more live from our newsroom. A part of your life since 1847.",
                "profile_sidebar_border_color": "FFFFFF",
                "has_extended_profile": false,
                "id": 7313362,
                "profile_use_background_image": false,
                "location": "Chicago, IL",
                "url": "https://t.co/gaVbUBEf0t",
                "statuses_count": 112841,
                "profile_image_url_https": "https://pbs.twimg.com/profile_images/497063779952099328/kwXnsWCE_normal.jpeg",
                "profile_link_color": "336699",
                "id_str": "7313362",
                "translator_type": "regular",
                "followers_count": 742304,
                "utc_offset": -21600,
                "default_profile": false,
                "profile_text_color": "414141",
                "is_translation_enabled": false,
                "profile_background_tile": false,
                "favourites_count": 300,
                "profile_background_color": "E1E1E1",
                "verified": true,
                "profile_sidebar_fill_color": "E8F3F7",
                "name": "Chicago Tribune",
                "following": true,
                "profile_background_image_url_https": "https://pbs.twimg.com/profile_background_images/585532601131110400/8tDplQzV.jpg",
                "contributors_enabled": false,
                "created_at": "Sat Jul 07 14:10:07 +0000 2007",
                "entities": {
                    "description": {
                        "urls": []
                    },
                    "url": {
                        "urls": [
                            {
                                "display_url": "chicagotribune.com",
                                "indices": [
                                    0,
                                    23
                                ],
                                "expanded_url": "http://chicagotribune.com",
                                "url": "https://t.co/gaVbUBEf0t"
                            }
                        ]
                    }
                },
                "time_zone": "Central Time (US & Canada)"
            },
            "contributors": null,
            "metadata": {
                "result_type": "recent",
                "iso_language_code": "en"
            },
            "retweet_count": 8,
            "id": 801440986224267264,
            "geo": null,
            "id_str": "801440986224267264",
            "place": null,
            "source": "<a href=\"https://about.twitter.com/products/tweetdeck\" rel=\"nofollow\">TweetDeck</a>",
            "in_reply_to_user_id": null,
            "is_quote_status": false,
            "text": "RT @Trib_ed_board: Will conservatives in the GOP stand up to Trump? https://t.co/P16L7JhSlH https://t.co/uWjcIHrtuy",
            "retweeted": false,
            "retweeted_status": {
                "in_reply_to_user_id_str": null,
                "in_reply_to_screen_name": null,
                "lang": "en",
                "user": {
                    "is_translator": false,
                    "profile_background_image_url": "http://pbs.twimg.com/profile_background_images/772632010/79b7d2bce42af5cca819f65d74ceccc2.jpeg",
                    "friends_count": 773,
                    "profile_banner_url": "https://pbs.twimg.com/profile_banners/23555906/1399665171",
                    "lang": "en",
                    "screen_name": "Trib_ed_board",
                    "follow_request_sent": false,
                    "geo_enabled": false,
                    "profile_image_url": "http://pbs.twimg.com/profile_images/471743894908960768/f6L0C5Nn_normal.jpeg",
                    "protected": false,
                    "notifications": false,
                    "default_profile_image": false,
                    "listed_count": 514,
                    "description": "Editorials, op-eds, blog posts and letters to the editor from the @chicagotribune opinion pages.",
                    "profile_sidebar_border_color": "FFFFFF",
                    "has_extended_profile": false,
                    "id": 23555906,
                    "profile_use_background_image": false,
                    "location": "435 North Michigan Ave.",
                    "url": "http://t.co/s4G55wfbP6",
                    "statuses_count": 15074,
                    "profile_image_url_https": "https://pbs.twimg.com/profile_images/471743894908960768/f6L0C5Nn_normal.jpeg",
                    "profile_link_color": "009999",
                    "id_str": "23555906",
                    "translator_type": "none",
                    "followers_count": 10268,
                    "utc_offset": -21600,
                    "default_profile": false,
                    "profile_text_color": "333333",
                    "is_translation_enabled": false,
                    "profile_background_tile": true,
                    "favourites_count": 88,
                    "profile_background_color": "F9FCF2",
                    "verified": true,
                    "profile_sidebar_fill_color": "EFEFEF",
                    "name": "Tribune Edit Board",
                    "following": false,
                    "profile_background_image_url_https": "https://pbs.twimg.com/profile_background_images/772632010/79b7d2bce42af5cca819f65d74ceccc2.jpeg",
                    "contributors_enabled": false,
                    "created_at": "Tue Mar 10 04:20:30 +0000 2009",
                    "entities": {
                        "description": {
                            "urls": []
                        },
                        "url": {
                            "urls": [
                                {
                                    "display_url": "chicagotribune.com/news/opinion/",
                                    "indices": [
                                        0,
                                        22
                                    ],
                                    "expanded_url": "http://www.chicagotribune.com/news/opinion/",
                                    "url": "http://t.co/s4G55wfbP6"
                                }
                            ]
                        }
                    },
                    "time_zone": "Central Time (US & Canada)"
                },
                "contributors": null,
                "metadata": {
                    "result_type": "recent",
                    "iso_language_code": "en"
                },
                "retweet_count": 8,
                "id": 801439774930272256,
                "geo": null,
                "id_str": "801439774930272256",
                "place": null,
                "source": "<a href=\"https://about.twitter.com/products/tweetdeck\" rel=\"nofollow\">TweetDeck</a>",
                "in_reply_to_user_id": null,
                "is_quote_status": false,
                "text": "Will conservatives in the GOP stand up to Trump? https://t.co/P16L7JhSlH https://t.co/uWjcIHrtuy",
                "retweeted": false,
                "truncated": false,
                "in_reply_to_status_id_str": null,
                "extended_entities": {
                    "media": [
                        {
                            "display_url": "pic.twitter.com/uWjcIHrtuy",
                            "indices": [
                                73,
                                96
                            ],
                            "expanded_url": "https://twitter.com/Trib_ed_board/status/801439774930272256/photo/1",
                            "media_url": "http://pbs.twimg.com/media/Cx9JN7tWgAAVGEi.jpg",
                            "url": "https://t.co/uWjcIHrtuy",
                            "id": 801439762410274816,
                            "sizes": {
                                "thumb": {
                                    "w": 150,
                                    "resize": "crop",
                                    "h": 150
                                },
                                "medium": {
                                    "w": 750,
                                    "resize": "fit",
                                    "h": 422
                                },
                                "large": {
                                    "w": 750,
                                    "resize": "fit",
                                    "h": 422
                                },
                                "small": {
                                    "w": 680,
                                    "resize": "fit",
                                    "h": 383
                                }
                            },
                            "id_str": "801439762410274816",
                            "type": "photo",
                            "media_url_https": "https://pbs.twimg.com/media/Cx9JN7tWgAAVGEi.jpg"
                        }
                    ]
                },
                "in_reply_to_status_id": null,
                "favorited": false,
                "favorite_count": 6,
                "created_at": "Wed Nov 23 14:58:27 +0000 2016",
                "coordinates": null,
                "possibly_sensitive": false,
                "entities": {
                    "media": [
                        {
                            "display_url": "pic.twitter.com/uWjcIHrtuy",
                            "indices": [
                                73,
                                96
                            ],
                            "expanded_url": "https://twitter.com/Trib_ed_board/status/801439774930272256/photo/1",
                            "media_url": "http://pbs.twimg.com/media/Cx9JN7tWgAAVGEi.jpg",
                            "url": "https://t.co/uWjcIHrtuy",
                            "id": 801439762410274816,
                            "sizes": {
                                "thumb": {
                                    "w": 150,
                                    "resize": "crop",
                                    "h": 150
                                },
                                "medium": {
                                    "w": 750,
                                    "resize": "fit",
                                    "h": 422
                                },
                                "large": {
                                    "w": 750,
                                    "resize": "fit",
                                    "h": 422
                                },
                                "small": {
                                    "w": 680,
                                    "resize": "fit",
                                    "h": 383
                                }
                            },
                            "id_str": "801439762410274816",
                            "type": "photo",
                            "media_url_https": "https://pbs.twimg.com/media/Cx9JN7tWgAAVGEi.jpg"
                        }
                    ],
                    "user_mentions": [],
                    "urls": [
                        {
                            "display_url": "trib.in/2ggTFAt",
                            "indices": [
                                49,
                                72
                            ],
                            "expanded_url": "http://trib.in/2ggTFAt",
                            "url": "https://t.co/P16L7JhSlH"
                        }
                    ],
                    "hashtags": [],
                    "symbols": []
                }
            },
            "truncated": false,
            "in_reply_to_status_id_str": null,
            "extended_entities": {
                "media": [
                    {
                        "source_status_id": 801439774930272256,
                        "media_url": "http://pbs.twimg.com/media/Cx9JN7tWgAAVGEi.jpg",
                        "expanded_url": "https://twitter.com/Trib_ed_board/status/801439774930272256/photo/1",
                        "sizes": {
                            "thumb": {
                                "w": 150,
                                "resize": "crop",
                                "h": 150
                            },
                            "medium": {
                                "w": 750,
                                "resize": "fit",
                                "h": 422
                            },
                            "large": {
                                "w": 750,
                                "resize": "fit",
                                "h": 422
                            },
                            "small": {
                                "w": 680,
                                "resize": "fit",
                                "h": 383
                            }
                        },
                        "source_user_id_str": "23555906",
                        "type": "photo",
                        "media_url_https": "https://pbs.twimg.com/media/Cx9JN7tWgAAVGEi.jpg",
                        "display_url": "pic.twitter.com/uWjcIHrtuy",
                        "source_status_id_str": "801439774930272256",
                        "indices": [
                            92,
                            115
                        ],
                        "url": "https://t.co/uWjcIHrtuy",
                        "id": 801439762410274816,
                        "id_str": "801439762410274816",
                        "source_user_id": 23555906
                    }
                ]
            },
            "in_reply_to_status_id": null,
            "favorited": false,
            "favorite_count": 0,
            "created_at": "Wed Nov 23 15:03:15 +0000 2016",
            "coordinates": null,
            "possibly_sensitive": false,
            "entities": {
                "media": [
                    {
                        "source_status_id": 801439774930272256,
                        "media_url": "http://pbs.twimg.com/media/Cx9JN7tWgAAVGEi.jpg",
                        "expanded_url": "https://twitter.com/Trib_ed_board/status/801439774930272256/photo/1",
                        "sizes": {
                            "thumb": {
                                "w": 150,
                                "resize": "crop",
                                "h": 150
                            },
                            "medium": {
                                "w": 750,
                                "resize": "fit",
                                "h": 422
                            },
                            "large": {
                                "w": 750,
                                "resize": "fit",
                                "h": 422
                            },
                            "small": {
                                "w": 680,
                                "resize": "fit",
                                "h": 383
                            }
                        },
                        "source_user_id_str": "23555906",
                        "type": "photo",
                        "media_url_https": "https://pbs.twimg.com/media/Cx9JN7tWgAAVGEi.jpg",
                        "display_url": "pic.twitter.com/uWjcIHrtuy",
                        "source_status_id_str": "801439774930272256",
                        "indices": [
                            92,
                            115
                        ],
                        "url": "https://t.co/uWjcIHrtuy",
                        "id": 801439762410274816,
                        "id_str": "801439762410274816",
                        "source_user_id": 23555906
                    }
                ],
                "user_mentions": [
                    {
                        "name": "Tribune Edit Board",
                        "id_str": "23555906",
                        "id": 23555906,
                        "indices": [
                            3,
                            17
                        ],
                        "screen_name": "Trib_ed_board"
                    }
                ],
                "urls": [
                    {
                        "display_url": "trib.in/2ggTFAt",
                        "indices": [
                            68,
                            91
                        ],
                        "expanded_url": "http://trib.in/2ggTFAt",
                        "url": "https://t.co/P16L7JhSlH"
                    }
                ],
                "hashtags": [],
                "symbols": []
            }
        },
        {
            "in_reply_to_user_id_str": null,
            "in_reply_to_screen_name": null,
            "lang": "en",
            "user": {
                "is_translator": false,
                "profile_background_image_url": "http://pbs.twimg.com/profile_background_images/585532601131110400/8tDplQzV.jpg",
                "friends_count": 751,
                "profile_banner_url": "https://pbs.twimg.com/profile_banners/7313362/1479647725",
                "lang": "en",
                "screen_name": "chicagotribune",
                "follow_request_sent": false,
                "geo_enabled": false,
                "profile_image_url": "http://pbs.twimg.com/profile_images/497063779952099328/kwXnsWCE_normal.jpeg",
                "protected": false,
                "notifications": false,
                "default_profile_image": false,
                "listed_count": 10268,
                "description": "Chicago Tribune news, features and so much more live from our newsroom. A part of your life since 1847.",
                "profile_sidebar_border_color": "FFFFFF",
                "has_extended_profile": false,
                "id": 7313362,
                "profile_use_background_image": false,
                "location": "Chicago, IL",
                "url": "https://t.co/gaVbUBEf0t",
                "statuses_count": 112841,
                "profile_image_url_https": "https://pbs.twimg.com/profile_images/497063779952099328/kwXnsWCE_normal.jpeg",
                "profile_link_color": "336699",
                "id_str": "7313362",
                "translator_type": "regular",
                "followers_count": 742304,
                "utc_offset": -21600,
                "default_profile": false,
                "profile_text_color": "414141",
                "is_translation_enabled": false,
                "profile_background_tile": false,
                "favourites_count": 300,
                "profile_background_color": "E1E1E1",
                "verified": true,
                "profile_sidebar_fill_color": "E8F3F7",
                "name": "Chicago Tribune",
                "following": true,
                "profile_background_image_url_https": "https://pbs.twimg.com/profile_background_images/585532601131110400/8tDplQzV.jpg",
                "contributors_enabled": false,
                "created_at": "Sat Jul 07 14:10:07 +0000 2007",
                "entities": {
                    "description": {
                        "urls": []
                    },
                    "url": {
                        "urls": [
                            {
                                "display_url": "chicagotribune.com",
                                "indices": [
                                    0,
                                    23
                                ],
                                "expanded_url": "http://chicagotribune.com",
                                "url": "https://t.co/gaVbUBEf0t"
                            }
                        ]
                    }
                },
                "time_zone": "Central Time (US & Canada)"
            },
            "contributors": null,
            "metadata": {
                "result_type": "recent",
                "iso_language_code": "en"
            },
            "retweet_count": 6,
            "id": 801423220394037249,
            "geo": null,
            "id_str": "801423220394037249",
            "favorite_count": 13,
            "source": "<a href=\"http://twitter.com\" rel=\"nofollow\">Twitter Web Client</a>",
            "in_reply_to_user_id": null,
            "is_quote_status": false,
            "retweeted": false,
            "truncated": true,
            "in_reply_to_status_id_str": null,
            "text": "Ben Carson reportedly offered secretary of Housing and Urban Development post in Donald Trump's cabinet.\u2026 https://t.co/15Ubh0V8ad",
            "in_reply_to_status_id": null,
            "favorited": false,
            "place": null,
            "created_at": "Wed Nov 23 13:52:40 +0000 2016",
            "coordinates": null,
            "possibly_sensitive": false,
            "entities": {
                "user_mentions": [],
                "urls": [
                    {
                        "display_url": "twitter.com/i/web/status/8\u2026",
                        "indices": [
                            106,
                            129
                        ],
                        "expanded_url": "https://twitter.com/i/web/status/801423220394037249",
                        "url": "https://t.co/15Ubh0V8ad"
                    }
                ],
                "hashtags": [],
                "symbols": []
            }
        },
        {
            "in_reply_to_user_id_str": null,
            "in_reply_to_screen_name": null,
            "lang": "en",
            "user": {
                "is_translator": false,
                "profile_background_image_url": "http://pbs.twimg.com/profile_background_images/585532601131110400/8tDplQzV.jpg",
                "friends_count": 751,
                "profile_banner_url": "https://pbs.twimg.com/profile_banners/7313362/1479647725",
                "lang": "en",
                "screen_name": "chicagotribune",
                "follow_request_sent": false,
                "geo_enabled": false,
                "profile_image_url": "http://pbs.twimg.com/profile_images/497063779952099328/kwXnsWCE_normal.jpeg",
                "protected": false,
                "notifications": false,
                "default_profile_image": false,
                "listed_count": 10268,
                "description": "Chicago Tribune news, features and so much more live from our newsroom. A part of your life since 1847.",
                "profile_sidebar_border_color": "FFFFFF",
                "has_extended_profile": false,
                "id": 7313362,
                "profile_use_background_image": false,
                "location": "Chicago, IL",
                "url": "https://t.co/gaVbUBEf0t",
                "statuses_count": 112841,
                "profile_image_url_https": "https://pbs.twimg.com/profile_images/497063779952099328/kwXnsWCE_normal.jpeg",
                "profile_link_color": "336699",
                "id_str": "7313362",
                "translator_type": "regular",
                "followers_count": 742304,
                "utc_offset": -21600,
                "default_profile": false,
                "profile_text_color": "414141",
                "is_translation_enabled": false,
                "profile_background_tile": false,
                "favourites_count": 300,
                "profile_background_color": "E1E1E1",
                "verified": true,
                "profile_sidebar_fill_color": "E8F3F7",
                "name": "Chicago Tribune",
                "following": true,
                "profile_background_image_url_https": "https://pbs.twimg.com/profile_background_images/585532601131110400/8tDplQzV.jpg",
                "contributors_enabled": false,
                "created_at": "Sat Jul 07 14:10:07 +0000 2007",
                "entities": {
                    "description": {
                        "urls": []
                    },
                    "url": {
                        "urls": [
                            {
                                "display_url": "chicagotribune.com",
                                "indices": [
                                    0,
                                    23
                                ],
                                "expanded_url": "http://chicagotribune.com",
                                "url": "https://t.co/gaVbUBEf0t"
                            }
                        ]
                    }
                },
                "time_zone": "Central Time (US & Canada)"
            },
            "contributors": null,
            "metadata": {
                "result_type": "recent",
                "iso_language_code": "en"
            },
            "retweet_count": 12,
            "id": 801416697685086208,
            "geo": null,
            "id_str": "801416697685086208",
            "favorite_count": 25,
            "source": "<a href=\"http://twitter.com\" rel=\"nofollow\">Twitter Web Client</a>",
            "in_reply_to_user_id": null,
            "is_quote_status": false,
            "retweeted": false,
            "truncated": false,
            "in_reply_to_status_id_str": null,
            "text": "Democratic lawmakers unveil legislation that would bar state pensions from investing in Trump's Mexican border wall. https://t.co/YoA4oWJack",
            "in_reply_to_status_id": null,
            "favorited": false,
            "place": null,
            "created_at": "Wed Nov 23 13:26:44 +0000 2016",
            "coordinates": null,
            "possibly_sensitive": false,
            "entities": {
                "user_mentions": [],
                "urls": [
                    {
                        "display_url": "trib.in/2gk1MKF",
                        "indices": [
                            117,
                            140
                        ],
                        "expanded_url": "http://trib.in/2gk1MKF",
                        "url": "https://t.co/YoA4oWJack"
                    }
                ],
                "hashtags": [],
                "symbols": []
            }
        },
        {
            "in_reply_to_user_id_str": null,
            "in_reply_to_screen_name": null,
            "lang": "en",
            "user": {
                "is_translator": false,
                "profile_background_image_url": "http://pbs.twimg.com/profile_background_images/585532601131110400/8tDplQzV.jpg",
                "friends_count": 751,
                "profile_banner_url": "https://pbs.twimg.com/profile_banners/7313362/1479647725",
                "lang": "en",
                "screen_name": "chicagotribune",
                "follow_request_sent": false,
                "geo_enabled": false,
                "profile_image_url": "http://pbs.twimg.com/profile_images/497063779952099328/kwXnsWCE_normal.jpeg",
                "protected": false,
                "notifications": false,
                "default_profile_image": false,
                "listed_count": 10268,
                "description": "Chicago Tribune news, features and so much more live from our newsroom. A part of your life since 1847.",
                "profile_sidebar_border_color": "FFFFFF",
                "has_extended_profile": false,
                "id": 7313362,
                "profile_use_background_image": false,
                "location": "Chicago, IL",
                "url": "https://t.co/gaVbUBEf0t",
                "statuses_count": 112841,
                "profile_image_url_https": "https://pbs.twimg.com/profile_images/497063779952099328/kwXnsWCE_normal.jpeg",
                "profile_link_color": "336699",
                "id_str": "7313362",
                "translator_type": "regular",
                "followers_count": 742304,
                "utc_offset": -21600,
                "default_profile": false,
                "profile_text_color": "414141",
                "is_translation_enabled": false,
                "profile_background_tile": false,
                "favourites_count": 300,
                "profile_background_color": "E1E1E1",
                "verified": true,
                "profile_sidebar_fill_color": "E8F3F7",
                "name": "Chicago Tribune",
                "following": true,
                "profile_background_image_url_https": "https://pbs.twimg.com/profile_background_images/585532601131110400/8tDplQzV.jpg",
                "contributors_enabled": false,
                "created_at": "Sat Jul 07 14:10:07 +0000 2007",
                "entities": {
                    "description": {
                        "urls": []
                    },
                    "url": {
                        "urls": [
                            {
                                "display_url": "chicagotribune.com",
                                "indices": [
                                    0,
                                    23
                                ],
                                "expanded_url": "http://chicagotribune.com",
                                "url": "https://t.co/gaVbUBEf0t"
                            }
                        ]
                    }
                },
                "time_zone": "Central Time (US & Canada)"
            },
            "contributors": null,
            "metadata": {
                "result_type": "recent",
                "iso_language_code": "en"
            },
            "retweet_count": 1,
            "id": 801404330087694336,
            "geo": null,
            "id_str": "801404330087694336",
            "favorite_count": 5,
            "source": "<a href=\"http://twitter.com\" rel=\"nofollow\">Twitter Web Client</a>",
            "in_reply_to_user_id": null,
            "is_quote_status": false,
            "retweeted": false,
            "truncated": true,
            "in_reply_to_status_id_str": null,
            "text": "South Carolina Gov. Nikki Haley is Donald Trump's pick for U.S. ambassador to the United Nations, AP sources say.\u2026 https://t.co/wHzV8w43cg",
            "in_reply_to_status_id": null,
            "favorited": false,
            "place": null,
            "created_at": "Wed Nov 23 12:37:36 +0000 2016",
            "coordinates": null,
            "possibly_sensitive": false,
            "entities": {
                "user_mentions": [],
                "urls": [
                    {
                        "display_url": "twitter.com/i/web/status/8\u2026",
                        "indices": [
                            115,
                            138
                        ],
                        "expanded_url": "https://twitter.com/i/web/status/801404330087694336",
                        "url": "https://t.co/wHzV8w43cg"
                    }
                ],
                "hashtags": [],
                "symbols": []
            }
        },
        {
            "in_reply_to_user_id_str": null,
            "in_reply_to_screen_name": null,
            "lang": "en",
            "user": {
                "is_translator": false,
                "profile_background_image_url": "http://pbs.twimg.com/profile_background_images/585532601131110400/8tDplQzV.jpg",
                "friends_count": 751,
                "profile_banner_url": "https://pbs.twimg.com/profile_banners/7313362/1479647725",
                "lang": "en",
                "screen_name": "chicagotribune",
                "follow_request_sent": false,
                "geo_enabled": false,
                "profile_image_url": "http://pbs.twimg.com/profile_images/497063779952099328/kwXnsWCE_normal.jpeg",
                "protected": false,
                "notifications": false,
                "default_profile_image": false,
                "listed_count": 10268,
                "description": "Chicago Tribune news, features and so much more live from our newsroom. A part of your life since 1847.",
                "profile_sidebar_border_color": "FFFFFF",
                "has_extended_profile": false,
                "id": 7313362,
                "profile_use_background_image": false,
                "location": "Chicago, IL",
                "url": "https://t.co/gaVbUBEf0t",
                "statuses_count": 112841,
                "profile_image_url_https": "https://pbs.twimg.com/profile_images/497063779952099328/kwXnsWCE_normal.jpeg",
                "profile_link_color": "336699",
                "id_str": "7313362",
                "translator_type": "regular",
                "followers_count": 742304,
                "utc_offset": -21600,
                "default_profile": false,
                "profile_text_color": "414141",
                "is_translation_enabled": false,
                "profile_background_tile": false,
                "favourites_count": 300,
                "profile_background_color": "E1E1E1",
                "verified": true,
                "profile_sidebar_fill_color": "E8F3F7",
                "name": "Chicago Tribune",
                "following": true,
                "profile_background_image_url_https": "https://pbs.twimg.com/profile_background_images/585532601131110400/8tDplQzV.jpg",
                "contributors_enabled": false,
                "created_at": "Sat Jul 07 14:10:07 +0000 2007",
                "entities": {
                    "description": {
                        "urls": []
                    },
                    "url": {
                        "urls": [
                            {
                                "display_url": "chicagotribune.com",
                                "indices": [
                                    0,
                                    23
                                ],
                                "expanded_url": "http://chicagotribune.com",
                                "url": "https://t.co/gaVbUBEf0t"
                            }
                        ]
                    }
                },
                "time_zone": "Central Time (US & Canada)"
            },
            "contributors": null,
            "metadata": {
                "result_type": "recent",
                "iso_language_code": "en"
            },
            "retweet_count": 5,
            "id": 801335750218383361,
            "geo": null,
            "id_str": "801335750218383361",
            "favorite_count": 2,
            "source": "<a href=\"http://trueanthem.com/\" rel=\"nofollow\">trueAnthem</a>",
            "in_reply_to_user_id": null,
            "is_quote_status": false,
            "retweeted": false,
            "truncated": true,
            "in_reply_to_status_id_str": null,
            "text": "Trump says the president \"can't have a conflict of interest,\" suggests he could continue to run his company\u2026 https://t.co/yKHRsMdbA6",
            "in_reply_to_status_id": null,
            "favorited": false,
            "place": null,
            "created_at": "Wed Nov 23 08:05:05 +0000 2016",
            "coordinates": null,
            "possibly_sensitive": false,
            "entities": {
                "user_mentions": [],
                "urls": [
                    {
                        "display_url": "twitter.com/i/web/status/8\u2026",
                        "indices": [
                            109,
                            132
                        ],
                        "expanded_url": "https://twitter.com/i/web/status/801335750218383361",
                        "url": "https://t.co/yKHRsMdbA6"
                    }
                ],
                "hashtags": [],
                "symbols": []
            }
        },
        {
            "in_reply_to_user_id_str": null,
            "in_reply_to_screen_name": null,
            "lang": "en",
            "user": {
                "is_translator": false,
                "profile_background_image_url": "http://pbs.twimg.com/profile_background_images/585532601131110400/8tDplQzV.jpg",
                "friends_count": 751,
                "profile_banner_url": "https://pbs.twimg.com/profile_banners/7313362/1479647725",
                "lang": "en",
                "screen_name": "chicagotribune",
                "follow_request_sent": false,
                "geo_enabled": false,
                "profile_image_url": "http://pbs.twimg.com/profile_images/497063779952099328/kwXnsWCE_normal.jpeg",
                "protected": false,
                "notifications": false,
                "default_profile_image": false,
                "listed_count": 10268,
                "description": "Chicago Tribune news, features and so much more live from our newsroom. A part of your life since 1847.",
                "profile_sidebar_border_color": "FFFFFF",
                "has_extended_profile": false,
                "id": 7313362,
                "profile_use_background_image": false,
                "location": "Chicago, IL",
                "url": "https://t.co/gaVbUBEf0t",
                "statuses_count": 112841,
                "profile_image_url_https": "https://pbs.twimg.com/profile_images/497063779952099328/kwXnsWCE_normal.jpeg",
                "profile_link_color": "336699",
                "id_str": "7313362",
                "translator_type": "regular",
                "followers_count": 742304,
                "utc_offset": -21600,
                "default_profile": false,
                "profile_text_color": "414141",
                "is_translation_enabled": false,
                "profile_background_tile": false,
                "favourites_count": 300,
                "profile_background_color": "E1E1E1",
                "verified": true,
                "profile_sidebar_fill_color": "E8F3F7",
                "name": "Chicago Tribune",
                "following": true,
                "profile_background_image_url_https": "https://pbs.twimg.com/profile_background_images/585532601131110400/8tDplQzV.jpg",
                "contributors_enabled": false,
                "created_at": "Sat Jul 07 14:10:07 +0000 2007",
                "entities": {
                    "description": {
                        "urls": []
                    },
                    "url": {
                        "urls": [
                            {
                                "display_url": "chicagotribune.com",
                                "indices": [
                                    0,
                                    23
                                ],
                                "expanded_url": "http://chicagotribune.com",
                                "url": "https://t.co/gaVbUBEf0t"
                            }
                        ]
                    }
                },
                "time_zone": "Central Time (US & Canada)"
            },
            "contributors": null,
            "metadata": {
                "result_type": "recent",
                "iso_language_code": "en"
            },
            "retweet_count": 27,
            "id": 801297225150296065,
            "geo": null,
            "id_str": "801297225150296065",
            "favorite_count": 46,
            "source": "<a href=\"https://about.twitter.com/products/tweetdeck\" rel=\"nofollow\">TweetDeck</a>",
            "in_reply_to_user_id": null,
            "is_quote_status": false,
            "retweeted": false,
            "truncated": true,
            "in_reply_to_status_id_str": null,
            "text": "Commentary: What TV journalists did wrong - and the New York Times did right - in meeting with Trump\u2026 https://t.co/0oZqBuTcq4",
            "in_reply_to_status_id": null,
            "favorited": false,
            "place": null,
            "created_at": "Wed Nov 23 05:32:00 +0000 2016",
            "coordinates": null,
            "possibly_sensitive": false,
            "entities": {
                "user_mentions": [],
                "urls": [
                    {
                        "display_url": "twitter.com/i/web/status/8\u2026",
                        "indices": [
                            102,
                            125
                        ],
                        "expanded_url": "https://twitter.com/i/web/status/801297225150296065",
                        "url": "https://t.co/0oZqBuTcq4"
                    }
                ],
                "hashtags": [],
                "symbols": []
            }
        },
        {
            "in_reply_to_user_id_str": null,
            "in_reply_to_screen_name": null,
            "lang": "en",
            "user": {
                "is_translator": false,
                "profile_background_image_url": "http://pbs.twimg.com/profile_background_images/585532601131110400/8tDplQzV.jpg",
                "friends_count": 751,
                "profile_banner_url": "https://pbs.twimg.com/profile_banners/7313362/1479647725",
                "lang": "en",
                "screen_name": "chicagotribune",
                "follow_request_sent": false,
                "geo_enabled": false,
                "profile_image_url": "http://pbs.twimg.com/profile_images/497063779952099328/kwXnsWCE_normal.jpeg",
                "protected": false,
                "notifications": false,
                "default_profile_image": false,
                "listed_count": 10268,
                "description": "Chicago Tribune news, features and so much more live from our newsroom. A part of your life since 1847.",
                "profile_sidebar_border_color": "FFFFFF",
                "has_extended_profile": false,
                "id": 7313362,
                "profile_use_background_image": false,
                "location": "Chicago, IL",
                "url": "https://t.co/gaVbUBEf0t",
                "statuses_count": 112841,
                "profile_image_url_https": "https://pbs.twimg.com/profile_images/497063779952099328/kwXnsWCE_normal.jpeg",
                "profile_link_color": "336699",
                "id_str": "7313362",
                "translator_type": "regular",
                "followers_count": 742304,
                "utc_offset": -21600,
                "default_profile": false,
                "profile_text_color": "414141",
                "is_translation_enabled": false,
                "profile_background_tile": false,
                "favourites_count": 300,
                "profile_background_color": "E1E1E1",
                "verified": true,
                "profile_sidebar_fill_color": "E8F3F7",
                "name": "Chicago Tribune",
                "following": true,
                "profile_background_image_url_https": "https://pbs.twimg.com/profile_background_images/585532601131110400/8tDplQzV.jpg",
                "contributors_enabled": false,
                "created_at": "Sat Jul 07 14:10:07 +0000 2007",
                "entities": {
                    "description": {
                        "urls": []
                    },
                    "url": {
                        "urls": [
                            {
                                "display_url": "chicagotribune.com",
                                "indices": [
                                    0,
                                    23
                                ],
                                "expanded_url": "http://chicagotribune.com",
                                "url": "https://t.co/gaVbUBEf0t"
                            }
                        ]
                    }
                },
                "time_zone": "Central Time (US & Canada)"
            },
            "contributors": null,
            "metadata": {
                "result_type": "recent",
                "iso_language_code": "en"
            },
            "retweet_count": 25,
            "id": 801283120951595008,
            "geo": null,
            "id_str": "801283120951595008",
            "place": null,
            "source": "<a href=\"https://about.twitter.com/products/tweetdeck\" rel=\"nofollow\">TweetDeck</a>",
            "in_reply_to_user_id": null,
            "is_quote_status": false,
            "text": "Don't normalize Donald Trump, \"abnormalize\" him, says @cptime https://t.co/2BwP4FSGxJ https://t.co/2CJvaSCfvy",
            "retweeted": false,
            "truncated": false,
            "in_reply_to_status_id_str": null,
            "extended_entities": {
                "media": [
                    {
                        "display_url": "pic.twitter.com/2CJvaSCfvy",
                        "indices": [
                            86,
                            109
                        ],
                        "expanded_url": "https://twitter.com/chicagotribune/status/801283120951595008/photo/1",
                        "media_url": "http://pbs.twimg.com/media/Cx66qk6XAAAiDRe.jpg",
                        "url": "https://t.co/2CJvaSCfvy",
                        "id": 801283024344252416,
                        "sizes": {
                            "thumb": {
                                "w": 150,
                                "resize": "crop",
                                "h": 150
                            },
                            "small": {
                                "w": 680,
                                "resize": "fit",
                                "h": 383
                            },
                            "large": {
                                "w": 1050,
                                "resize": "fit",
                                "h": 591
                            },
                            "medium": {
                                "w": 1050,
                                "resize": "fit",
                                "h": 591
                            }
                        },
                        "id_str": "801283024344252416",
                        "type": "photo",
                        "media_url_https": "https://pbs.twimg.com/media/Cx66qk6XAAAiDRe.jpg"
                    }
                ]
            },
            "in_reply_to_status_id": null,
            "favorited": false,
            "favorite_count": 59,
            "created_at": "Wed Nov 23 04:35:57 +0000 2016",
            "coordinates": null,
            "possibly_sensitive": false,
            "entities": {
                "media": [
                    {
                        "display_url": "pic.twitter.com/2CJvaSCfvy",
                        "indices": [
                            86,
                            109
                        ],
                        "expanded_url": "https://twitter.com/chicagotribune/status/801283120951595008/photo/1",
                        "media_url": "http://pbs.twimg.com/media/Cx66qk6XAAAiDRe.jpg",
                        "url": "https://t.co/2CJvaSCfvy",
                        "id": 801283024344252416,
                        "sizes": {
                            "thumb": {
                                "w": 150,
                                "resize": "crop",
                                "h": 150
                            },
                            "small": {
                                "w": 680,
                                "resize": "fit",
                                "h": 383
                            },
                            "large": {
                                "w": 1050,
                                "resize": "fit",
                                "h": 591
                            },
                            "medium": {
                                "w": 1050,
                                "resize": "fit",
                                "h": 591
                            }
                        },
                        "id_str": "801283024344252416",
                        "type": "photo",
                        "media_url_https": "https://pbs.twimg.com/media/Cx66qk6XAAAiDRe.jpg"
                    }
                ],
                "user_mentions": [
                    {
                        "name": "Clarence Page",
                        "id_str": "18199523",
                        "id": 18199523,
                        "indices": [
                            54,
                            61
                        ],
                        "screen_name": "cptime"
                    }
                ],
                "urls": [
                    {
                        "display_url": "trib.in/2gIRCH1",
                        "indices": [
                            62,
                            85
                        ],
                        "expanded_url": "http://trib.in/2gIRCH1",
                        "url": "https://t.co/2BwP4FSGxJ"
                    }
                ],
                "hashtags": [],
                "symbols": []
            }
        },
        {
            "in_reply_to_user_id_str": null,
            "in_reply_to_screen_name": null,
            "lang": "en",
            "user": {
                "is_translator": false,
                "profile_background_image_url": "http://pbs.twimg.com/profile_background_images/585532601131110400/8tDplQzV.jpg",
                "friends_count": 751,
                "profile_banner_url": "https://pbs.twimg.com/profile_banners/7313362/1479647725",
                "lang": "en",
                "screen_name": "chicagotribune",
                "follow_request_sent": false,
                "geo_enabled": false,
                "profile_image_url": "http://pbs.twimg.com/profile_images/497063779952099328/kwXnsWCE_normal.jpeg",
                "protected": false,
                "notifications": false,
                "default_profile_image": false,
                "listed_count": 10268,
                "description": "Chicago Tribune news, features and so much more live from our newsroom. A part of your life since 1847.",
                "profile_sidebar_border_color": "FFFFFF",
                "has_extended_profile": false,
                "id": 7313362,
                "profile_use_background_image": false,
                "location": "Chicago, IL",
                "url": "https://t.co/gaVbUBEf0t",
                "statuses_count": 112841,
                "profile_image_url_https": "https://pbs.twimg.com/profile_images/497063779952099328/kwXnsWCE_normal.jpeg",
                "profile_link_color": "336699",
                "id_str": "7313362",
                "translator_type": "regular",
                "followers_count": 742304,
                "utc_offset": -21600,
                "default_profile": false,
                "profile_text_color": "414141",
                "is_translation_enabled": false,
                "profile_background_tile": false,
                "favourites_count": 300,
                "profile_background_color": "E1E1E1",
                "verified": true,
                "profile_sidebar_fill_color": "E8F3F7",
                "name": "Chicago Tribune",
                "following": true,
                "profile_background_image_url_https": "https://pbs.twimg.com/profile_background_images/585532601131110400/8tDplQzV.jpg",
                "contributors_enabled": false,
                "created_at": "Sat Jul 07 14:10:07 +0000 2007",
                "entities": {
                    "description": {
                        "urls": []
                    },
                    "url": {
                        "urls": [
                            {
                                "display_url": "chicagotribune.com",
                                "indices": [
                                    0,
                                    23
                                ],
                                "expanded_url": "http://chicagotribune.com",
                                "url": "https://t.co/gaVbUBEf0t"
                            }
                        ]
                    }
                },
                "time_zone": "Central Time (US & Canada)"
            },
            "contributors": null,
            "metadata": {
                "result_type": "recent",
                "iso_language_code": "en"
            },
            "retweet_count": 2,
            "id": 801249494260125697,
            "geo": null,
            "id_str": "801249494260125697",
            "place": null,
            "source": "<a href=\"https://about.twitter.com/products/tweetdeck\" rel=\"nofollow\">TweetDeck</a>",
            "in_reply_to_user_id": null,
            "is_quote_status": false,
            "text": "Trump begins to back away from campaign vows on Clinton investigation, climate change https://t.co/6NHY51Ur5Z https://t.co/9D6H1Fpi4W",
            "retweeted": false,
            "truncated": false,
            "in_reply_to_status_id_str": null,
            "extended_entities": {
                "media": [
                    {
                        "display_url": "pic.twitter.com/9D6H1Fpi4W",
                        "indices": [
                            110,
                            133
                        ],
                        "expanded_url": "https://twitter.com/chicagotribune/status/801249494260125697/photo/1",
                        "media_url": "http://pbs.twimg.com/media/Cx6cKdCXUAAhMBw.jpg",
                        "url": "https://t.co/9D6H1Fpi4W",
                        "id": 801249487125696512,
                        "sizes": {
                            "thumb": {
                                "w": 150,
                                "resize": "crop",
                                "h": 150
                            },
                            "small": {
                                "w": 680,
                                "resize": "fit",
                                "h": 383
                            },
                            "large": {
                                "w": 1050,
                                "resize": "fit",
                                "h": 591
                            },
                            "medium": {
                                "w": 1050,
                                "resize": "fit",
                                "h": 591
                            }
                        },
                        "id_str": "801249487125696512",
                        "type": "photo",
                        "media_url_https": "https://pbs.twimg.com/media/Cx6cKdCXUAAhMBw.jpg"
                    }
                ]
            },
            "in_reply_to_status_id": null,
            "favorited": false,
            "favorite_count": 14,
            "created_at": "Wed Nov 23 02:22:20 +0000 2016",
            "coordinates": null,
            "possibly_sensitive": false,
            "entities": {
                "media": [
                    {
                        "display_url": "pic.twitter.com/9D6H1Fpi4W",
                        "indices": [
                            110,
                            133
                        ],
                        "expanded_url": "https://twitter.com/chicagotribune/status/801249494260125697/photo/1",
                        "media_url": "http://pbs.twimg.com/media/Cx6cKdCXUAAhMBw.jpg",
                        "url": "https://t.co/9D6H1Fpi4W",
                        "id": 801249487125696512,
                        "sizes": {
                            "thumb": {
                                "w": 150,
                                "resize": "crop",
                                "h": 150
                            },
                            "small": {
                                "w": 680,
                                "resize": "fit",
                                "h": 383
                            },
                            "large": {
                                "w": 1050,
                                "resize": "fit",
                                "h": 591
                            },
                            "medium": {
                                "w": 1050,
                                "resize": "fit",
                                "h": 591
                            }
                        },
                        "id_str": "801249487125696512",
                        "type": "photo",
                        "media_url_https": "https://pbs.twimg.com/media/Cx6cKdCXUAAhMBw.jpg"
                    }
                ],
                "user_mentions": [],
                "urls": [
                    {
                        "display_url": "trib.in/2gICcCu",
                        "indices": [
                            86,
                            109
                        ],
                        "expanded_url": "http://trib.in/2gICcCu",
                        "url": "https://t.co/6NHY51Ur5Z"
                    }
                ],
                "hashtags": [],
                "symbols": []
            }
        },
        {
            "in_reply_to_user_id_str": null,
            "in_reply_to_screen_name": null,
            "lang": "en",
            "user": {
                "is_translator": false,
                "profile_background_image_url": "http://pbs.twimg.com/profile_background_images/585532601131110400/8tDplQzV.jpg",
                "friends_count": 751,
                "profile_banner_url": "https://pbs.twimg.com/profile_banners/7313362/1479647725",
                "lang": "en",
                "screen_name": "chicagotribune",
                "follow_request_sent": false,
                "geo_enabled": false,
                "profile_image_url": "http://pbs.twimg.com/profile_images/497063779952099328/kwXnsWCE_normal.jpeg",
                "protected": false,
                "notifications": false,
                "default_profile_image": false,
                "listed_count": 10268,
                "description": "Chicago Tribune news, features and so much more live from our newsroom. A part of your life since 1847.",
                "profile_sidebar_border_color": "FFFFFF",
                "has_extended_profile": false,
                "id": 7313362,
                "profile_use_background_image": false,
                "location": "Chicago, IL",
                "url": "https://t.co/gaVbUBEf0t",
                "statuses_count": 112841,
                "profile_image_url_https": "https://pbs.twimg.com/profile_images/497063779952099328/kwXnsWCE_normal.jpeg",
                "profile_link_color": "336699",
                "id_str": "7313362",
                "translator_type": "regular",
                "followers_count": 742304,
                "utc_offset": -21600,
                "default_profile": false,
                "profile_text_color": "414141",
                "is_translation_enabled": false,
                "profile_background_tile": false,
                "favourites_count": 300,
                "profile_background_color": "E1E1E1",
                "verified": true,
                "profile_sidebar_fill_color": "E8F3F7",
                "name": "Chicago Tribune",
                "following": true,
                "profile_background_image_url_https": "https://pbs.twimg.com/profile_background_images/585532601131110400/8tDplQzV.jpg",
                "contributors_enabled": false,
                "created_at": "Sat Jul 07 14:10:07 +0000 2007",
                "entities": {
                    "description": {
                        "urls": []
                    },
                    "url": {
                        "urls": [
                            {
                                "display_url": "chicagotribune.com",
                                "indices": [
                                    0,
                                    23
                                ],
                                "expanded_url": "http://chicagotribune.com",
                                "url": "https://t.co/gaVbUBEf0t"
                            }
                        ]
                    }
                },
                "time_zone": "Central Time (US & Canada)"
            },
            "contributors": null,
            "metadata": {
                "result_type": "recent",
                "iso_language_code": "en"
            },
            "retweet_count": 7,
            "id": 801228701279010816,
            "geo": null,
            "id_str": "801228701279010816",
            "place": null,
            "source": "<a href=\"https://about.twitter.com/products/tweetdeck\" rel=\"nofollow\">TweetDeck</a>",
            "in_reply_to_user_id": null,
            "is_quote_status": false,
            "text": "Mayor Emanuel said Chicago police reform efforts won't change under President-elect Trump https://t.co/FtsE8i86zs https://t.co/vOrMtnT8Cd",
            "retweeted": false,
            "truncated": false,
            "in_reply_to_status_id_str": null,
            "extended_entities": {
                "media": [
                    {
                        "display_url": "pic.twitter.com/vOrMtnT8Cd",
                        "indices": [
                            114,
                            137
                        ],
                        "expanded_url": "https://twitter.com/chicagotribune/status/801228701279010816/photo/1",
                        "media_url": "http://pbs.twimg.com/media/Cx6I6jzWQAAiFVO.jpg",
                        "url": "https://t.co/vOrMtnT8Cd",
                        "id": 801228323342925824,
                        "sizes": {
                            "thumb": {
                                "w": 150,
                                "resize": "crop",
                                "h": 150
                            },
                            "small": {
                                "w": 589,
                                "resize": "fit",
                                "h": 397
                            },
                            "large": {
                                "w": 589,
                                "resize": "fit",
                                "h": 397
                            },
                            "medium": {
                                "w": 589,
                                "resize": "fit",
                                "h": 397
                            }
                        },
                        "id_str": "801228323342925824",
                        "type": "photo",
                        "media_url_https": "https://pbs.twimg.com/media/Cx6I6jzWQAAiFVO.jpg"
                    }
                ]
            },
            "in_reply_to_status_id": null,
            "favorited": false,
            "favorite_count": 5,
            "created_at": "Wed Nov 23 00:59:43 +0000 2016",
            "coordinates": null,
            "possibly_sensitive": false,
            "entities": {
                "media": [
                    {
                        "display_url": "pic.twitter.com/vOrMtnT8Cd",
                        "indices": [
                            114,
                            137
                        ],
                        "expanded_url": "https://twitter.com/chicagotribune/status/801228701279010816/photo/1",
                        "media_url": "http://pbs.twimg.com/media/Cx6I6jzWQAAiFVO.jpg",
                        "url": "https://t.co/vOrMtnT8Cd",
                        "id": 801228323342925824,
                        "sizes": {
                            "thumb": {
                                "w": 150,
                                "resize": "crop",
                                "h": 150
                            },
                            "small": {
                                "w": 589,
                                "resize": "fit",
                                "h": 397
                            },
                            "large": {
                                "w": 589,
                                "resize": "fit",
                                "h": 397
                            },
                            "medium": {
                                "w": 589,
                                "resize": "fit",
                                "h": 397
                            }
                        },
                        "id_str": "801228323342925824",
                        "type": "photo",
                        "media_url_https": "https://pbs.twimg.com/media/Cx6I6jzWQAAiFVO.jpg"
                    }
                ],
                "user_mentions": [],
                "urls": [
                    {
                        "display_url": "trib.in/2gImTcL",
                        "indices": [
                            90,
                            113
                        ],
                        "expanded_url": "http://trib.in/2gImTcL",
                        "url": "https://t.co/FtsE8i86zs"
                    }
                ],
                "hashtags": [],
                "symbols": []
            }
        }
    ],
    "search_metadata": {
        "completed_in": 0.074,
        "refresh_url": "?since_id=801498264658907136&q=Trump%20from%3Achicagotribune%20since%3A2016-11-23%20until%3A2016-11-24%20filter%3Alinks%20-%40chicagotribune&include_entities=1",
        "since_id_str": "0",
        "max_id": 801498264658907136,
        "query": "Trump+from%3Achicagotribune+since%3A2016-11-23+until%3A2016-11-24+filter%3Alinks+-%40chicagotribune",
        "count": 100,
        "since_id": 0,
        "max_id_str": "801498264658907136"
    }
}