{
    "statuses": [
        {
            "in_reply_to_user_id_str": null,
            "in_reply_to_screen_name": null,
            "lang": "en",
            "user": {
                "is_translator": false,
                "profile_background_image_url": "http://abs.twimg.com/images/themes/theme14/bg.gif",
                "friends_count": 2850,
                "profile_banner_url": "https://pbs.twimg.com/profile_banners/12837932/1432672048",
                "lang": "en",
                "screen_name": "csgazette",
                "follow_request_sent": false,
                "geo_enabled": true,
                "profile_image_url": "http://pbs.twimg.com/profile_images/704378890030952448/qDdbY0RO_normal.jpg",
                "protected": false,
                "notifications": false,
                "default_profile_image": false,
                "listed_count": 1049,
                "description": "2014 Pulitzer Prize winner and #Colorado's second-largest newspaper, delivering the news from #COSprings. News tips:  https://t.co/oysvESA2t5",
                "profile_sidebar_border_color": "FFFFFF",
                "has_extended_profile": false,
                "id": 12837932,
                "profile_use_background_image": true,
                "location": "Colorado Springs",
                "url": "http://t.co/wQTvR4mDC8",
                "statuses_count": 124151,
                "profile_image_url_https": "https://pbs.twimg.com/profile_images/704378890030952448/qDdbY0RO_normal.jpg",
                "profile_link_color": "009999",
                "id_str": "12837932",
                "translator_type": "none",
                "followers_count": 48417,
                "utc_offset": -25200,
                "default_profile": false,
                "profile_text_color": "333333",
                "is_translation_enabled": false,
                "profile_background_tile": true,
                "favourites_count": 466,
                "profile_background_color": "131516",
                "verified": true,
                "profile_sidebar_fill_color": "EFEFEF",
                "name": "The Gazette",
                "following": false,
                "profile_background_image_url_https": "https://abs.twimg.com/images/themes/theme14/bg.gif",
                "contributors_enabled": false,
                "created_at": "Tue Jan 29 17:46:48 +0000 2008",
                "entities": {
                    "description": {
                        "urls": [
                            {
                                "display_url": "gazette.com/newstip",
                                "indices": [
                                    118,
                                    141
                                ],
                                "expanded_url": "http://gazette.com/newstip",
                                "url": "https://t.co/oysvESA2t5"
                            }
                        ]
                    },
                    "url": {
                        "urls": [
                            {
                                "display_url": "gazette.com",
                                "indices": [
                                    0,
                                    22
                                ],
                                "expanded_url": "http://www.gazette.com",
                                "url": "http://t.co/wQTvR4mDC8"
                            }
                        ]
                    }
                },
                "time_zone": "Mountain Time (US & Canada)"
            },
            "contributors": null,
            "metadata": {
                "result_type": "recent",
                "iso_language_code": "en"
            },
            "retweet_count": 0,
            "id": 801532380930592768,
            "geo": null,
            "id_str": "801532380930592768",
            "place": null,
            "source": "<a href=\"http://www.socialnewsdesk.com\" rel=\"nofollow\">SocialNewsDesk</a>",
            "in_reply_to_user_id": null,
            "is_quote_status": false,
            "text": ".@DalaiLama: 'I have no worries' about #Trump's election: https://t.co/z2d00iWLdT https://t.co/nqdN87yDqY",
            "retweeted": false,
            "truncated": false,
            "in_reply_to_status_id_str": null,
            "extended_entities": {
                "media": [
                    {
                        "display_url": "pic.twitter.com/nqdN87yDqY",
                        "indices": [
                            82,
                            105
                        ],
                        "expanded_url": "https://twitter.com/csgazette/status/801532380930592768/photo/1",
                        "media_url": "http://pbs.twimg.com/media/Cx-dc8vWQAAUbNA.jpg",
                        "url": "https://t.co/nqdN87yDqY",
                        "id": 801532379361853440,
                        "sizes": {
                            "thumb": {
                                "w": 150,
                                "resize": "crop",
                                "h": 150
                            },
                            "small": {
                                "w": 620,
                                "resize": "fit",
                                "h": 413
                            },
                            "large": {
                                "w": 620,
                                "resize": "fit",
                                "h": 413
                            },
                            "medium": {
                                "w": 620,
                                "resize": "fit",
                                "h": 413
                            }
                        },
                        "id_str": "801532379361853440",
                        "type": "photo",
                        "media_url_https": "https://pbs.twimg.com/media/Cx-dc8vWQAAUbNA.jpg"
                    }
                ]
            },
            "in_reply_to_status_id": null,
            "favorited": false,
            "favorite_count": 1,
            "created_at": "Wed Nov 23 21:06:26 +0000 2016",
            "coordinates": null,
            "possibly_sensitive": false,
            "entities": {
                "media": [
                    {
                        "display_url": "pic.twitter.com/nqdN87yDqY",
                        "indices": [
                            82,
                            105
                        ],
                        "expanded_url": "https://twitter.com/csgazette/status/801532380930592768/photo/1",
                        "media_url": "http://pbs.twimg.com/media/Cx-dc8vWQAAUbNA.jpg",
                        "url": "https://t.co/nqdN87yDqY",
                        "id": 801532379361853440,
                        "sizes": {
                            "thumb": {
                                "w": 150,
                                "resize": "crop",
                                "h": 150
                            },
                            "small": {
                                "w": 620,
                                "resize": "fit",
                                "h": 413
                            },
                            "large": {
                                "w": 620,
                                "resize": "fit",
                                "h": 413
                            },
                            "medium": {
                                "w": 620,
                                "resize": "fit",
                                "h": 413
                            }
                        },
                        "id_str": "801532379361853440",
                        "type": "photo",
                        "media_url_https": "https://pbs.twimg.com/media/Cx-dc8vWQAAUbNA.jpg"
                    }
                ],
                "user_mentions": [
                    {
                        "name": "Dalai Lama",
                        "id_str": "20609518",
                        "id": 20609518,
                        "indices": [
                            1,
                            11
                        ],
                        "screen_name": "DalaiLama"
                    }
                ],
                "urls": [
                    {
                        "display_url": "gazette.com/article/1590856",
                        "indices": [
                            58,
                            81
                        ],
                        "expanded_url": "http://gazette.com/article/1590856",
                        "url": "https://t.co/z2d00iWLdT"
                    }
                ],
                "hashtags": [
                    {
                        "text": "Trump",
                        "indices": [
                            39,
                            45
                        ]
                    }
                ],
                "symbols": []
            }
        },
        {
            "in_reply_to_user_id_str": null,
            "in_reply_to_screen_name": null,
            "lang": "en",
            "user": {
                "is_translator": false,
                "profile_background_image_url": "http://abs.twimg.com/images/themes/theme14/bg.gif",
                "friends_count": 2850,
                "profile_banner_url": "https://pbs.twimg.com/profile_banners/12837932/1432672048",
                "lang": "en",
                "screen_name": "csgazette",
                "follow_request_sent": false,
                "geo_enabled": true,
                "profile_image_url": "http://pbs.twimg.com/profile_images/704378890030952448/qDdbY0RO_normal.jpg",
                "protected": false,
                "notifications": false,
                "default_profile_image": false,
                "listed_count": 1049,
                "description": "2014 Pulitzer Prize winner and #Colorado's second-largest newspaper, delivering the news from #COSprings. News tips:  https://t.co/oysvESA2t5",
                "profile_sidebar_border_color": "FFFFFF",
                "has_extended_profile": false,
                "id": 12837932,
                "profile_use_background_image": true,
                "location": "Colorado Springs",
                "url": "http://t.co/wQTvR4mDC8",
                "statuses_count": 124151,
                "profile_image_url_https": "https://pbs.twimg.com/profile_images/704378890030952448/qDdbY0RO_normal.jpg",
                "profile_link_color": "009999",
                "id_str": "12837932",
                "translator_type": "none",
                "followers_count": 48417,
                "utc_offset": -25200,
                "default_profile": false,
                "profile_text_color": "333333",
                "is_translation_enabled": false,
                "profile_background_tile": true,
                "favourites_count": 466,
                "profile_background_color": "131516",
                "verified": true,
                "profile_sidebar_fill_color": "EFEFEF",
                "name": "The Gazette",
                "following": false,
                "profile_background_image_url_https": "https://abs.twimg.com/images/themes/theme14/bg.gif",
                "contributors_enabled": false,
                "created_at": "Tue Jan 29 17:46:48 +0000 2008",
                "entities": {
                    "description": {
                        "urls": [
                            {
                                "display_url": "gazette.com/newstip",
                                "indices": [
                                    118,
                                    141
                                ],
                                "expanded_url": "http://gazette.com/newstip",
                                "url": "https://t.co/oysvESA2t5"
                            }
                        ]
                    },
                    "url": {
                        "urls": [
                            {
                                "display_url": "gazette.com",
                                "indices": [
                                    0,
                                    22
                                ],
                                "expanded_url": "http://www.gazette.com",
                                "url": "http://t.co/wQTvR4mDC8"
                            }
                        ]
                    }
                },
                "time_zone": "Mountain Time (US & Canada)"
            },
            "contributors": null,
            "metadata": {
                "result_type": "recent",
                "iso_language_code": "en"
            },
            "retweet_count": 1,
            "id": 801436523208015872,
            "geo": null,
            "id_str": "801436523208015872",
            "place": null,
            "source": "<a href=\"http://www.socialnewsdesk.com\" rel=\"nofollow\">SocialNewsDesk</a>",
            "in_reply_to_user_id": null,
            "is_quote_status": false,
            "text": "#Trump taps SC Gov Nikki Haley to be ambassador to UN: https://t.co/mI4KMWMdmX https://t.co/ZJsFqIZDxf",
            "retweeted": false,
            "truncated": false,
            "in_reply_to_status_id_str": null,
            "extended_entities": {
                "media": [
                    {
                        "display_url": "pic.twitter.com/ZJsFqIZDxf",
                        "indices": [
                            79,
                            102
                        ],
                        "expanded_url": "https://twitter.com/csgazette/status/801436523208015872/photo/1",
                        "media_url": "http://pbs.twimg.com/media/Cx9GRMOW8AAkgCn.jpg",
                        "url": "https://t.co/ZJsFqIZDxf",
                        "id": 801436519848407040,
                        "sizes": {
                            "thumb": {
                                "w": 150,
                                "resize": "crop",
                                "h": 150
                            },
                            "small": {
                                "w": 680,
                                "resize": "fit",
                                "h": 453
                            },
                            "large": {
                                "w": 2048,
                                "resize": "fit",
                                "h": 1365
                            },
                            "medium": {
                                "w": 1200,
                                "resize": "fit",
                                "h": 800
                            }
                        },
                        "id_str": "801436519848407040",
                        "type": "photo",
                        "media_url_https": "https://pbs.twimg.com/media/Cx9GRMOW8AAkgCn.jpg"
                    }
                ]
            },
            "in_reply_to_status_id": null,
            "favorited": false,
            "favorite_count": 1,
            "created_at": "Wed Nov 23 14:45:31 +0000 2016",
            "coordinates": null,
            "possibly_sensitive": false,
            "entities": {
                "media": [
                    {
                        "display_url": "pic.twitter.com/ZJsFqIZDxf",
                        "indices": [
                            79,
                            102
                        ],
                        "expanded_url": "https://twitter.com/csgazette/status/801436523208015872/photo/1",
                        "media_url": "http://pbs.twimg.com/media/Cx9GRMOW8AAkgCn.jpg",
                        "url": "https://t.co/ZJsFqIZDxf",
                        "id": 801436519848407040,
                        "sizes": {
                            "thumb": {
                                "w": 150,
                                "resize": "crop",
                                "h": 150
                            },
                            "small": {
                                "w": 680,
                                "resize": "fit",
                                "h": 453
                            },
                            "large": {
                                "w": 2048,
                                "resize": "fit",
                                "h": 1365
                            },
                            "medium": {
                                "w": 1200,
                                "resize": "fit",
                                "h": 800
                            }
                        },
                        "id_str": "801436519848407040",
                        "type": "photo",
                        "media_url_https": "https://pbs.twimg.com/media/Cx9GRMOW8AAkgCn.jpg"
                    }
                ],
                "user_mentions": [],
                "urls": [
                    {
                        "display_url": "gazette.com/article/1590823",
                        "indices": [
                            55,
                            78
                        ],
                        "expanded_url": "http://gazette.com/article/1590823",
                        "url": "https://t.co/mI4KMWMdmX"
                    }
                ],
                "hashtags": [
                    {
                        "text": "Trump",
                        "indices": [
                            0,
                            6
                        ]
                    }
                ],
                "symbols": []
            }
        },
        {
            "in_reply_to_user_id_str": null,
            "in_reply_to_screen_name": null,
            "lang": "en",
            "user": {
                "is_translator": false,
                "profile_background_image_url": "http://abs.twimg.com/images/themes/theme14/bg.gif",
                "friends_count": 2850,
                "profile_banner_url": "https://pbs.twimg.com/profile_banners/12837932/1432672048",
                "lang": "en",
                "screen_name": "csgazette",
                "follow_request_sent": false,
                "geo_enabled": true,
                "profile_image_url": "http://pbs.twimg.com/profile_images/704378890030952448/qDdbY0RO_normal.jpg",
                "protected": false,
                "notifications": false,
                "default_profile_image": false,
                "listed_count": 1049,
                "description": "2014 Pulitzer Prize winner and #Colorado's second-largest newspaper, delivering the news from #COSprings. News tips:  https://t.co/oysvESA2t5",
                "profile_sidebar_border_color": "FFFFFF",
                "has_extended_profile": false,
                "id": 12837932,
                "profile_use_background_image": true,
                "location": "Colorado Springs",
                "url": "http://t.co/wQTvR4mDC8",
                "statuses_count": 124151,
                "profile_image_url_https": "https://pbs.twimg.com/profile_images/704378890030952448/qDdbY0RO_normal.jpg",
                "profile_link_color": "009999",
                "id_str": "12837932",
                "translator_type": "none",
                "followers_count": 48417,
                "utc_offset": -25200,
                "default_profile": false,
                "profile_text_color": "333333",
                "is_translation_enabled": false,
                "profile_background_tile": true,
                "favourites_count": 466,
                "profile_background_color": "131516",
                "verified": true,
                "profile_sidebar_fill_color": "EFEFEF",
                "name": "The Gazette",
                "following": false,
                "profile_background_image_url_https": "https://abs.twimg.com/images/themes/theme14/bg.gif",
                "contributors_enabled": false,
                "created_at": "Tue Jan 29 17:46:48 +0000 2008",
                "entities": {
                    "description": {
                        "urls": [
                            {
                                "display_url": "gazette.com/newstip",
                                "indices": [
                                    118,
                                    141
                                ],
                                "expanded_url": "http://gazette.com/newstip",
                                "url": "https://t.co/oysvESA2t5"
                            }
                        ]
                    },
                    "url": {
                        "urls": [
                            {
                                "display_url": "gazette.com",
                                "indices": [
                                    0,
                                    22
                                ],
                                "expanded_url": "http://www.gazette.com",
                                "url": "http://t.co/wQTvR4mDC8"
                            }
                        ]
                    }
                },
                "time_zone": "Mountain Time (US & Canada)"
            },
            "contributors": null,
            "metadata": {
                "result_type": "recent",
                "iso_language_code": "en"
            },
            "retweet_count": 0,
            "id": 801310680070635520,
            "geo": null,
            "id_str": "801310680070635520",
            "place": null,
            "source": "<a href=\"http://www.socialnewsdesk.com\" rel=\"nofollow\">SocialNewsDesk</a>",
            "in_reply_to_user_id": null,
            "is_quote_status": false,
            "text": "Most voters want Trump to shutter his personal Twitter account: https://t.co/FEo2DPXFL5 via @washingtonpost https://t.co/azgTIsFu7F",
            "retweeted": false,
            "truncated": false,
            "in_reply_to_status_id_str": null,
            "extended_entities": {
                "media": [
                    {
                        "display_url": "pic.twitter.com/azgTIsFu7F",
                        "indices": [
                            108,
                            131
                        ],
                        "expanded_url": "https://twitter.com/csgazette/status/801310680070635520/photo/1",
                        "media_url": "http://pbs.twimg.com/media/Cx7T0P7XEAE7cvG.jpg",
                        "url": "https://t.co/azgTIsFu7F",
                        "id": 801310678300692481,
                        "sizes": {
                            "thumb": {
                                "w": 150,
                                "resize": "crop",
                                "h": 150
                            },
                            "small": {
                                "w": 620,
                                "resize": "fit",
                                "h": 413
                            },
                            "large": {
                                "w": 620,
                                "resize": "fit",
                                "h": 413
                            },
                            "medium": {
                                "w": 620,
                                "resize": "fit",
                                "h": 413
                            }
                        },
                        "id_str": "801310678300692481",
                        "type": "photo",
                        "media_url_https": "https://pbs.twimg.com/media/Cx7T0P7XEAE7cvG.jpg"
                    }
                ]
            },
            "in_reply_to_status_id": null,
            "favorited": false,
            "favorite_count": 3,
            "created_at": "Wed Nov 23 06:25:28 +0000 2016",
            "coordinates": null,
            "possibly_sensitive": false,
            "entities": {
                "media": [
                    {
                        "display_url": "pic.twitter.com/azgTIsFu7F",
                        "indices": [
                            108,
                            131
                        ],
                        "expanded_url": "https://twitter.com/csgazette/status/801310680070635520/photo/1",
                        "media_url": "http://pbs.twimg.com/media/Cx7T0P7XEAE7cvG.jpg",
                        "url": "https://t.co/azgTIsFu7F",
                        "id": 801310678300692481,
                        "sizes": {
                            "thumb": {
                                "w": 150,
                                "resize": "crop",
                                "h": 150
                            },
                            "small": {
                                "w": 620,
                                "resize": "fit",
                                "h": 413
                            },
                            "large": {
                                "w": 620,
                                "resize": "fit",
                                "h": 413
                            },
                            "medium": {
                                "w": 620,
                                "resize": "fit",
                                "h": 413
                            }
                        },
                        "id_str": "801310678300692481",
                        "type": "photo",
                        "media_url_https": "https://pbs.twimg.com/media/Cx7T0P7XEAE7cvG.jpg"
                    }
                ],
                "user_mentions": [
                    {
                        "name": "Washington Post",
                        "id_str": "2467791",
                        "id": 2467791,
                        "indices": [
                            92,
                            107
                        ],
                        "screen_name": "washingtonpost"
                    }
                ],
                "urls": [
                    {
                        "display_url": "gazette.com/article/159077\u2026",
                        "indices": [
                            64,
                            87
                        ],
                        "expanded_url": "http://gazette.com/article/1590770?utm_medium=social&utm_source=twitter_csgazette",
                        "url": "https://t.co/FEo2DPXFL5"
                    }
                ],
                "hashtags": [],
                "symbols": []
            }
        }
    ],
    "search_metadata": {
        "completed_in": 0.026,
        "refresh_url": "?since_id=801532380930592768&q=Trump%20from%3Acsgazette%20since%3A2016-11-23%20until%3A2016-11-24%20filter%3Alinks%20-%40csgazette&include_entities=1",
        "since_id_str": "0",
        "max_id": 801532380930592768,
        "query": "Trump+from%3Acsgazette+since%3A2016-11-23+until%3A2016-11-24+filter%3Alinks+-%40csgazette",
        "count": 100,
        "since_id": 0,
        "max_id_str": "801532380930592768"
    }
}