{
    "statuses": [
        {
            "in_reply_to_user_id_str": null,
            "in_reply_to_screen_name": null,
            "lang": "en",
            "user": {
                "is_translator": false,
                "profile_background_image_url": "http://pbs.twimg.com/profile_background_images/662745333/ua0fr1vxqje8dgtrwv5x.jpeg",
                "friends_count": 3552,
                "profile_banner_url": "https://pbs.twimg.com/profile_banners/8795772/1406564135",
                "lang": "en",
                "screen_name": "freep",
                "follow_request_sent": false,
                "geo_enabled": true,
                "profile_image_url": "http://pbs.twimg.com/profile_images/765605644254707712/MxgZ4fRN_normal.jpg",
                "protected": false,
                "notifications": false,
                "default_profile_image": false,
                "listed_count": 4176,
                "description": "News from Detroit. w/@aetmanshuschka, @Ash_Detroit @BrianManzullo, @lissa218 and the @Freep web team",
                "profile_sidebar_border_color": "FFFFFF",
                "has_extended_profile": false,
                "id": 8795772,
                "profile_use_background_image": true,
                "location": "Detroit",
                "url": "http://t.co/QaxDeaxx0H",
                "statuses_count": 152901,
                "profile_image_url_https": "https://pbs.twimg.com/profile_images/765605644254707712/MxgZ4fRN_normal.jpg",
                "profile_link_color": "5678A3",
                "id_str": "8795772",
                "translator_type": "none",
                "followers_count": 311776,
                "utc_offset": -18000,
                "default_profile": false,
                "profile_text_color": "000000",
                "is_translation_enabled": false,
                "profile_background_tile": true,
                "favourites_count": 3973,
                "profile_background_color": "496595",
                "verified": true,
                "profile_sidebar_fill_color": "FFFFFF",
                "name": "Detroit Free Press",
                "following": false,
                "profile_background_image_url_https": "https://pbs.twimg.com/profile_background_images/662745333/ua0fr1vxqje8dgtrwv5x.jpeg",
                "contributors_enabled": false,
                "created_at": "Mon Sep 10 21:42:21 +0000 2007",
                "entities": {
                    "description": {
                        "urls": []
                    },
                    "url": {
                        "urls": [
                            {
                                "display_url": "freep.com",
                                "indices": [
                                    0,
                                    22
                                ],
                                "expanded_url": "http://www.freep.com",
                                "url": "http://t.co/QaxDeaxx0H"
                            }
                        ]
                    }
                },
                "time_zone": "Eastern Time (US & Canada)"
            },
            "contributors": null,
            "metadata": {
                "result_type": "recent",
                "iso_language_code": "en"
            },
            "retweet_count": 5,
            "id": 801542134713217026,
            "geo": null,
            "id_str": "801542134713217026",
            "favorite_count": 4,
            "source": "<a href=\"http://www.hootsuite.com\" rel=\"nofollow\">Hootsuite</a>",
            "in_reply_to_user_id": null,
            "is_quote_status": false,
            "retweeted": false,
            "truncated": false,
            "in_reply_to_status_id_str": null,
            "text": "5 things to know about Betsy DeVos, @realDonaldTrump's new education secretary https://t.co/3TTo9NDx2Z",
            "in_reply_to_status_id": null,
            "favorited": false,
            "place": null,
            "created_at": "Wed Nov 23 21:45:11 +0000 2016",
            "coordinates": null,
            "possibly_sensitive": false,
            "entities": {
                "user_mentions": [
                    {
                        "name": "Donald J. Trump",
                        "id_str": "25073877",
                        "id": 25073877,
                        "indices": [
                            36,
                            52
                        ],
                        "screen_name": "realDonaldTrump"
                    }
                ],
                "urls": [
                    {
                        "display_url": "on.freep.com/2f7XIQ1",
                        "indices": [
                            79,
                            102
                        ],
                        "expanded_url": "http://on.freep.com/2f7XIQ1",
                        "url": "https://t.co/3TTo9NDx2Z"
                    }
                ],
                "hashtags": [],
                "symbols": []
            }
        },
        {
            "in_reply_to_user_id_str": null,
            "in_reply_to_screen_name": null,
            "lang": "en",
            "user": {
                "is_translator": false,
                "profile_background_image_url": "http://pbs.twimg.com/profile_background_images/662745333/ua0fr1vxqje8dgtrwv5x.jpeg",
                "friends_count": 3552,
                "profile_banner_url": "https://pbs.twimg.com/profile_banners/8795772/1406564135",
                "lang": "en",
                "screen_name": "freep",
                "follow_request_sent": false,
                "geo_enabled": true,
                "profile_image_url": "http://pbs.twimg.com/profile_images/765605644254707712/MxgZ4fRN_normal.jpg",
                "protected": false,
                "notifications": false,
                "default_profile_image": false,
                "listed_count": 4176,
                "description": "News from Detroit. w/@aetmanshuschka, @Ash_Detroit @BrianManzullo, @lissa218 and the @Freep web team",
                "profile_sidebar_border_color": "FFFFFF",
                "has_extended_profile": false,
                "id": 8795772,
                "profile_use_background_image": true,
                "location": "Detroit",
                "url": "http://t.co/QaxDeaxx0H",
                "statuses_count": 152901,
                "profile_image_url_https": "https://pbs.twimg.com/profile_images/765605644254707712/MxgZ4fRN_normal.jpg",
                "profile_link_color": "5678A3",
                "id_str": "8795772",
                "translator_type": "none",
                "followers_count": 311776,
                "utc_offset": -18000,
                "default_profile": false,
                "profile_text_color": "000000",
                "is_translation_enabled": false,
                "profile_background_tile": true,
                "favourites_count": 3973,
                "profile_background_color": "496595",
                "verified": true,
                "profile_sidebar_fill_color": "FFFFFF",
                "name": "Detroit Free Press",
                "following": false,
                "profile_background_image_url_https": "https://pbs.twimg.com/profile_background_images/662745333/ua0fr1vxqje8dgtrwv5x.jpeg",
                "contributors_enabled": false,
                "created_at": "Mon Sep 10 21:42:21 +0000 2007",
                "entities": {
                    "description": {
                        "urls": []
                    },
                    "url": {
                        "urls": [
                            {
                                "display_url": "freep.com",
                                "indices": [
                                    0,
                                    22
                                ],
                                "expanded_url": "http://www.freep.com",
                                "url": "http://t.co/QaxDeaxx0H"
                            }
                        ]
                    }
                },
                "time_zone": "Eastern Time (US & Canada)"
            },
            "contributors": null,
            "metadata": {
                "result_type": "recent",
                "iso_language_code": "en"
            },
            "retweet_count": 16,
            "id": 801491293243342848,
            "geo": null,
            "id_str": "801491293243342848",
            "favorite_count": 14,
            "source": "<a href=\"http://www.hootsuite.com\" rel=\"nofollow\">Hootsuite</a>",
            "in_reply_to_user_id": null,
            "is_quote_status": false,
            "retweeted": false,
            "truncated": false,
            "in_reply_to_status_id_str": null,
            "text": "Michigan's Betsy DeVos tapped by @realDonaldTrump for education secretary https://t.co/G91HqQ8H00",
            "in_reply_to_status_id": null,
            "favorited": false,
            "place": null,
            "created_at": "Wed Nov 23 18:23:09 +0000 2016",
            "coordinates": null,
            "possibly_sensitive": false,
            "entities": {
                "user_mentions": [
                    {
                        "name": "Donald J. Trump",
                        "id_str": "25073877",
                        "id": 25073877,
                        "indices": [
                            33,
                            49
                        ],
                        "screen_name": "realDonaldTrump"
                    }
                ],
                "urls": [
                    {
                        "display_url": "on.freep.com/2fG0yI9",
                        "indices": [
                            74,
                            97
                        ],
                        "expanded_url": "http://on.freep.com/2fG0yI9",
                        "url": "https://t.co/G91HqQ8H00"
                    }
                ],
                "hashtags": [],
                "symbols": []
            }
        },
        {
            "in_reply_to_user_id_str": null,
            "in_reply_to_screen_name": null,
            "lang": "en",
            "user": {
                "is_translator": false,
                "profile_background_image_url": "http://pbs.twimg.com/profile_background_images/662745333/ua0fr1vxqje8dgtrwv5x.jpeg",
                "friends_count": 3552,
                "profile_banner_url": "https://pbs.twimg.com/profile_banners/8795772/1406564135",
                "lang": "en",
                "screen_name": "freep",
                "follow_request_sent": false,
                "geo_enabled": true,
                "profile_image_url": "http://pbs.twimg.com/profile_images/765605644254707712/MxgZ4fRN_normal.jpg",
                "protected": false,
                "notifications": false,
                "default_profile_image": false,
                "listed_count": 4176,
                "description": "News from Detroit. w/@aetmanshuschka, @Ash_Detroit @BrianManzullo, @lissa218 and the @Freep web team",
                "profile_sidebar_border_color": "FFFFFF",
                "has_extended_profile": false,
                "id": 8795772,
                "profile_use_background_image": true,
                "location": "Detroit",
                "url": "http://t.co/QaxDeaxx0H",
                "statuses_count": 152901,
                "profile_image_url_https": "https://pbs.twimg.com/profile_images/765605644254707712/MxgZ4fRN_normal.jpg",
                "profile_link_color": "5678A3",
                "id_str": "8795772",
                "translator_type": "none",
                "followers_count": 311776,
                "utc_offset": -18000,
                "default_profile": false,
                "profile_text_color": "000000",
                "is_translation_enabled": false,
                "profile_background_tile": true,
                "favourites_count": 3973,
                "profile_background_color": "496595",
                "verified": true,
                "profile_sidebar_fill_color": "FFFFFF",
                "name": "Detroit Free Press",
                "following": false,
                "profile_background_image_url_https": "https://pbs.twimg.com/profile_background_images/662745333/ua0fr1vxqje8dgtrwv5x.jpeg",
                "contributors_enabled": false,
                "created_at": "Mon Sep 10 21:42:21 +0000 2007",
                "entities": {
                    "description": {
                        "urls": []
                    },
                    "url": {
                        "urls": [
                            {
                                "display_url": "freep.com",
                                "indices": [
                                    0,
                                    22
                                ],
                                "expanded_url": "http://www.freep.com",
                                "url": "http://t.co/QaxDeaxx0H"
                            }
                        ]
                    }
                },
                "time_zone": "Eastern Time (US & Canada)"
            },
            "contributors": null,
            "metadata": {
                "result_type": "recent",
                "iso_language_code": "en"
            },
            "retweet_count": 10,
            "id": 801478002081230848,
            "geo": null,
            "id_str": "801478002081230848",
            "favorite_count": 11,
            "source": "<a href=\"http://www.hootsuite.com\" rel=\"nofollow\">Hootsuite</a>",
            "in_reply_to_user_id": null,
            "is_quote_status": false,
            "retweeted": false,
            "truncated": false,
            "in_reply_to_status_id_str": null,
            "text": "Presidential vote closer in Michigan, but @realDonaldTrump still wins by 9,528. https://t.co/mnjgbYv7Z4",
            "in_reply_to_status_id": null,
            "favorited": false,
            "place": null,
            "created_at": "Wed Nov 23 17:30:21 +0000 2016",
            "coordinates": null,
            "possibly_sensitive": false,
            "entities": {
                "user_mentions": [
                    {
                        "name": "Donald J. Trump",
                        "id_str": "25073877",
                        "id": 25073877,
                        "indices": [
                            42,
                            58
                        ],
                        "screen_name": "realDonaldTrump"
                    }
                ],
                "urls": [
                    {
                        "display_url": "on.freep.com/2gg3CKC",
                        "indices": [
                            80,
                            103
                        ],
                        "expanded_url": "http://on.freep.com/2gg3CKC",
                        "url": "https://t.co/mnjgbYv7Z4"
                    }
                ],
                "hashtags": [],
                "symbols": []
            }
        },
        {
            "in_reply_to_user_id_str": null,
            "in_reply_to_screen_name": null,
            "lang": "en",
            "user": {
                "is_translator": false,
                "profile_background_image_url": "http://pbs.twimg.com/profile_background_images/662745333/ua0fr1vxqje8dgtrwv5x.jpeg",
                "friends_count": 3552,
                "profile_banner_url": "https://pbs.twimg.com/profile_banners/8795772/1406564135",
                "lang": "en",
                "screen_name": "freep",
                "follow_request_sent": false,
                "geo_enabled": true,
                "profile_image_url": "http://pbs.twimg.com/profile_images/765605644254707712/MxgZ4fRN_normal.jpg",
                "protected": false,
                "notifications": false,
                "default_profile_image": false,
                "listed_count": 4176,
                "description": "News from Detroit. w/@aetmanshuschka, @Ash_Detroit @BrianManzullo, @lissa218 and the @Freep web team",
                "profile_sidebar_border_color": "FFFFFF",
                "has_extended_profile": false,
                "id": 8795772,
                "profile_use_background_image": true,
                "location": "Detroit",
                "url": "http://t.co/QaxDeaxx0H",
                "statuses_count": 152901,
                "profile_image_url_https": "https://pbs.twimg.com/profile_images/765605644254707712/MxgZ4fRN_normal.jpg",
                "profile_link_color": "5678A3",
                "id_str": "8795772",
                "translator_type": "none",
                "followers_count": 311776,
                "utc_offset": -18000,
                "default_profile": false,
                "profile_text_color": "000000",
                "is_translation_enabled": false,
                "profile_background_tile": true,
                "favourites_count": 3973,
                "profile_background_color": "496595",
                "verified": true,
                "profile_sidebar_fill_color": "FFFFFF",
                "name": "Detroit Free Press",
                "following": false,
                "profile_background_image_url_https": "https://pbs.twimg.com/profile_background_images/662745333/ua0fr1vxqje8dgtrwv5x.jpeg",
                "contributors_enabled": false,
                "created_at": "Mon Sep 10 21:42:21 +0000 2007",
                "entities": {
                    "description": {
                        "urls": []
                    },
                    "url": {
                        "urls": [
                            {
                                "display_url": "freep.com",
                                "indices": [
                                    0,
                                    22
                                ],
                                "expanded_url": "http://www.freep.com",
                                "url": "http://t.co/QaxDeaxx0H"
                            }
                        ]
                    }
                },
                "time_zone": "Eastern Time (US & Canada)"
            },
            "contributors": null,
            "metadata": {
                "result_type": "recent",
                "iso_language_code": "en"
            },
            "retweet_count": 3,
            "id": 801455433819062276,
            "geo": null,
            "id_str": "801455433819062276",
            "favorite_count": 0,
            "source": "<a href=\"http://www.hootsuite.com\" rel=\"nofollow\">Hootsuite</a>",
            "in_reply_to_user_id": null,
            "is_quote_status": false,
            "retweeted": false,
            "truncated": false,
            "in_reply_to_status_id_str": null,
            "text": "Ben Carson mulls @realDonaldTrump's offer to be HUD secretary https://t.co/0z8W2NYbla",
            "in_reply_to_status_id": null,
            "favorited": false,
            "place": null,
            "created_at": "Wed Nov 23 16:00:40 +0000 2016",
            "coordinates": null,
            "possibly_sensitive": false,
            "entities": {
                "user_mentions": [
                    {
                        "name": "Donald J. Trump",
                        "id_str": "25073877",
                        "id": 25073877,
                        "indices": [
                            17,
                            33
                        ],
                        "screen_name": "realDonaldTrump"
                    }
                ],
                "urls": [
                    {
                        "display_url": "on.freep.com/2fR9iOB",
                        "indices": [
                            62,
                            85
                        ],
                        "expanded_url": "http://on.freep.com/2fR9iOB",
                        "url": "https://t.co/0z8W2NYbla"
                    }
                ],
                "hashtags": [],
                "symbols": []
            }
        },
        {
            "in_reply_to_user_id_str": null,
            "in_reply_to_screen_name": null,
            "lang": "en",
            "user": {
                "is_translator": false,
                "profile_background_image_url": "http://pbs.twimg.com/profile_background_images/662745333/ua0fr1vxqje8dgtrwv5x.jpeg",
                "friends_count": 3552,
                "profile_banner_url": "https://pbs.twimg.com/profile_banners/8795772/1406564135",
                "lang": "en",
                "screen_name": "freep",
                "follow_request_sent": false,
                "geo_enabled": true,
                "profile_image_url": "http://pbs.twimg.com/profile_images/765605644254707712/MxgZ4fRN_normal.jpg",
                "protected": false,
                "notifications": false,
                "default_profile_image": false,
                "listed_count": 4176,
                "description": "News from Detroit. w/@aetmanshuschka, @Ash_Detroit @BrianManzullo, @lissa218 and the @Freep web team",
                "profile_sidebar_border_color": "FFFFFF",
                "has_extended_profile": false,
                "id": 8795772,
                "profile_use_background_image": true,
                "location": "Detroit",
                "url": "http://t.co/QaxDeaxx0H",
                "statuses_count": 152901,
                "profile_image_url_https": "https://pbs.twimg.com/profile_images/765605644254707712/MxgZ4fRN_normal.jpg",
                "profile_link_color": "5678A3",
                "id_str": "8795772",
                "translator_type": "none",
                "followers_count": 311776,
                "utc_offset": -18000,
                "default_profile": false,
                "profile_text_color": "000000",
                "is_translation_enabled": false,
                "profile_background_tile": true,
                "favourites_count": 3973,
                "profile_background_color": "496595",
                "verified": true,
                "profile_sidebar_fill_color": "FFFFFF",
                "name": "Detroit Free Press",
                "following": false,
                "profile_background_image_url_https": "https://pbs.twimg.com/profile_background_images/662745333/ua0fr1vxqje8dgtrwv5x.jpeg",
                "contributors_enabled": false,
                "created_at": "Mon Sep 10 21:42:21 +0000 2007",
                "entities": {
                    "description": {
                        "urls": []
                    },
                    "url": {
                        "urls": [
                            {
                                "display_url": "freep.com",
                                "indices": [
                                    0,
                                    22
                                ],
                                "expanded_url": "http://www.freep.com",
                                "url": "http://t.co/QaxDeaxx0H"
                            }
                        ]
                    }
                },
                "time_zone": "Eastern Time (US & Canada)"
            },
            "contributors": null,
            "metadata": {
                "result_type": "recent",
                "iso_language_code": "en"
            },
            "retweet_count": 4,
            "id": 801247676100710400,
            "geo": null,
            "id_str": "801247676100710400",
            "favorite_count": 8,
            "source": "<a href=\"http://www.hootsuite.com\" rel=\"nofollow\">Hootsuite</a>",
            "in_reply_to_user_id": null,
            "is_quote_status": false,
            "retweeted": false,
            "truncated": false,
            "in_reply_to_status_id_str": null,
            "text": "Presidential race closer in #Michigan, but Donald Trump still winner https://t.co/cDM2W3RA8o",
            "in_reply_to_status_id": null,
            "favorited": false,
            "place": null,
            "created_at": "Wed Nov 23 02:15:07 +0000 2016",
            "coordinates": null,
            "possibly_sensitive": false,
            "entities": {
                "user_mentions": [],
                "urls": [
                    {
                        "display_url": "on.freep.com/2g11O9d",
                        "indices": [
                            69,
                            92
                        ],
                        "expanded_url": "http://on.freep.com/2g11O9d",
                        "url": "https://t.co/cDM2W3RA8o"
                    }
                ],
                "hashtags": [
                    {
                        "text": "Michigan",
                        "indices": [
                            28,
                            37
                        ]
                    }
                ],
                "symbols": []
            }
        }
    ],
    "search_metadata": {
        "completed_in": 0.036,
        "refresh_url": "?since_id=801542134713217026&q=Trump%20from%3Afreep%20since%3A2016-11-23%20until%3A2016-11-24%20filter%3Alinks%20-%40freep&include_entities=1",
        "since_id_str": "0",
        "max_id": 801542134713217026,
        "query": "Trump+from%3Afreep+since%3A2016-11-23+until%3A2016-11-24+filter%3Alinks+-%40freep",
        "count": 100,
        "since_id": 0,
        "max_id_str": "801542134713217026"
    }
}