{
    "statuses": [
        {
            "in_reply_to_user_id_str": null,
            "in_reply_to_screen_name": null,
            "lang": "en",
            "user": {
                "is_translator": false,
                "profile_background_image_url": "http://pbs.twimg.com/profile_background_images/378800000013900789/a5a81b70f38bf7124af93439787031d0.jpeg",
                "friends_count": 804,
                "profile_banner_url": "https://pbs.twimg.com/profile_banners/14085040/1401331083",
                "lang": "en",
                "screen_name": "MiamiHerald",
                "follow_request_sent": false,
                "geo_enabled": true,
                "profile_image_url": "http://pbs.twimg.com/profile_images/528285037498609664/JCw0pEvY_normal.jpeg",
                "protected": false,
                "notifications": false,
                "default_profile_image": false,
                "listed_count": 5553,
                "description": "The news. Every day. Your way.\nInstagram: https://t.co/EBuss8QhEl\nFacebook: https://t.co/C8sShSEs0S\nSnapchat: miamiherald",
                "profile_sidebar_border_color": "FFFFFF",
                "has_extended_profile": false,
                "id": 14085040,
                "profile_use_background_image": true,
                "location": "Miami, FL",
                "url": "http://t.co/6KpRmDdPe2",
                "statuses_count": 128319,
                "profile_image_url_https": "https://pbs.twimg.com/profile_images/528285037498609664/JCw0pEvY_normal.jpeg",
                "profile_link_color": "0060AF",
                "id_str": "14085040",
                "translator_type": "none",
                "followers_count": 308952,
                "utc_offset": -18000,
                "default_profile": false,
                "profile_text_color": "333333",
                "is_translation_enabled": false,
                "profile_background_tile": false,
                "favourites_count": 287,
                "profile_background_color": "FFFFFF",
                "verified": true,
                "profile_sidebar_fill_color": "EBECED",
                "name": "Miami Herald",
                "following": false,
                "profile_background_image_url_https": "https://pbs.twimg.com/profile_background_images/378800000013900789/a5a81b70f38bf7124af93439787031d0.jpeg",
                "contributors_enabled": false,
                "created_at": "Wed Mar 05 21:04:05 +0000 2008",
                "entities": {
                    "description": {
                        "urls": [
                            {
                                "display_url": "hrld.us/instagram",
                                "indices": [
                                    42,
                                    65
                                ],
                                "expanded_url": "http://hrld.us/instagram",
                                "url": "https://t.co/EBuss8QhEl"
                            },
                            {
                                "display_url": "hrld.us/facebook",
                                "indices": [
                                    76,
                                    99
                                ],
                                "expanded_url": "http://hrld.us/facebook",
                                "url": "https://t.co/C8sShSEs0S"
                            }
                        ]
                    },
                    "url": {
                        "urls": [
                            {
                                "display_url": "miamiherald.com",
                                "indices": [
                                    0,
                                    22
                                ],
                                "expanded_url": "http://www.miamiherald.com",
                                "url": "http://t.co/6KpRmDdPe2"
                            }
                        ]
                    }
                },
                "time_zone": "Eastern Time (US & Canada)"
            },
            "contributors": null,
            "metadata": {
                "result_type": "recent",
                "iso_language_code": "en"
            },
            "retweet_count": 35,
            "id": 801567937685581825,
            "geo": null,
            "id_str": "801567937685581825",
            "favorite_count": 21,
            "source": "<a href=\"https://about.twitter.com/products/tweetdeck\" rel=\"nofollow\">TweetDeck</a>",
            "in_reply_to_user_id": null,
            "is_quote_status": false,
            "retweeted": false,
            "truncated": true,
            "in_reply_to_status_id_str": null,
            "text": "Since his election win, Donald Trump has talked to Vladimir Putin more than any other world leader\u2026 https://t.co/Xo7SbfCq2p",
            "in_reply_to_status_id": null,
            "favorited": false,
            "place": null,
            "created_at": "Wed Nov 23 23:27:43 +0000 2016",
            "coordinates": null,
            "possibly_sensitive": false,
            "entities": {
                "user_mentions": [],
                "urls": [
                    {
                        "display_url": "twitter.com/i/web/status/8\u2026",
                        "indices": [
                            100,
                            123
                        ],
                        "expanded_url": "https://twitter.com/i/web/status/801567937685581825",
                        "url": "https://t.co/Xo7SbfCq2p"
                    }
                ],
                "hashtags": [],
                "symbols": []
            }
        },
        {
            "in_reply_to_user_id_str": null,
            "in_reply_to_screen_name": null,
            "lang": "en",
            "user": {
                "is_translator": false,
                "profile_background_image_url": "http://pbs.twimg.com/profile_background_images/378800000013900789/a5a81b70f38bf7124af93439787031d0.jpeg",
                "friends_count": 804,
                "profile_banner_url": "https://pbs.twimg.com/profile_banners/14085040/1401331083",
                "lang": "en",
                "screen_name": "MiamiHerald",
                "follow_request_sent": false,
                "geo_enabled": true,
                "profile_image_url": "http://pbs.twimg.com/profile_images/528285037498609664/JCw0pEvY_normal.jpeg",
                "protected": false,
                "notifications": false,
                "default_profile_image": false,
                "listed_count": 5553,
                "description": "The news. Every day. Your way.\nInstagram: https://t.co/EBuss8QhEl\nFacebook: https://t.co/C8sShSEs0S\nSnapchat: miamiherald",
                "profile_sidebar_border_color": "FFFFFF",
                "has_extended_profile": false,
                "id": 14085040,
                "profile_use_background_image": true,
                "location": "Miami, FL",
                "url": "http://t.co/6KpRmDdPe2",
                "statuses_count": 128319,
                "profile_image_url_https": "https://pbs.twimg.com/profile_images/528285037498609664/JCw0pEvY_normal.jpeg",
                "profile_link_color": "0060AF",
                "id_str": "14085040",
                "translator_type": "none",
                "followers_count": 308952,
                "utc_offset": -18000,
                "default_profile": false,
                "profile_text_color": "333333",
                "is_translation_enabled": false,
                "profile_background_tile": false,
                "favourites_count": 287,
                "profile_background_color": "FFFFFF",
                "verified": true,
                "profile_sidebar_fill_color": "EBECED",
                "name": "Miami Herald",
                "following": false,
                "profile_background_image_url_https": "https://pbs.twimg.com/profile_background_images/378800000013900789/a5a81b70f38bf7124af93439787031d0.jpeg",
                "contributors_enabled": false,
                "created_at": "Wed Mar 05 21:04:05 +0000 2008",
                "entities": {
                    "description": {
                        "urls": [
                            {
                                "display_url": "hrld.us/instagram",
                                "indices": [
                                    42,
                                    65
                                ],
                                "expanded_url": "http://hrld.us/instagram",
                                "url": "https://t.co/EBuss8QhEl"
                            },
                            {
                                "display_url": "hrld.us/facebook",
                                "indices": [
                                    76,
                                    99
                                ],
                                "expanded_url": "http://hrld.us/facebook",
                                "url": "https://t.co/C8sShSEs0S"
                            }
                        ]
                    },
                    "url": {
                        "urls": [
                            {
                                "display_url": "miamiherald.com",
                                "indices": [
                                    0,
                                    22
                                ],
                                "expanded_url": "http://www.miamiherald.com",
                                "url": "http://t.co/6KpRmDdPe2"
                            }
                        ]
                    }
                },
                "time_zone": "Eastern Time (US & Canada)"
            },
            "contributors": null,
            "metadata": {
                "result_type": "recent",
                "iso_language_code": "en"
            },
            "retweet_count": 10,
            "id": 801516168917827585,
            "geo": null,
            "id_str": "801516168917827585",
            "place": null,
            "source": "<a href=\"https://about.twitter.com/products/tweetdeck\" rel=\"nofollow\">TweetDeck</a>",
            "in_reply_to_user_id": null,
            "is_quote_status": false,
            "text": "Trump doesn\u2019t need a deportation machine. Obama\u2019s already built it https://t.co/ok8sJdscpD https://t.co/H8iV5kFryZ",
            "retweeted": false,
            "truncated": false,
            "in_reply_to_status_id_str": null,
            "extended_entities": {
                "media": [
                    {
                        "display_url": "pic.twitter.com/H8iV5kFryZ",
                        "indices": [
                            91,
                            114
                        ],
                        "expanded_url": "https://twitter.com/MiamiHerald/status/801516168917827585/photo/1",
                        "media_url": "http://pbs.twimg.com/media/Cx-KP6KXAAQXtor.jpg",
                        "url": "https://t.co/H8iV5kFryZ",
                        "id": 801511264610615300,
                        "sizes": {
                            "thumb": {
                                "w": 150,
                                "resize": "crop",
                                "h": 150
                            },
                            "medium": {
                                "w": 960,
                                "resize": "fit",
                                "h": 664
                            },
                            "large": {
                                "w": 960,
                                "resize": "fit",
                                "h": 664
                            },
                            "small": {
                                "w": 680,
                                "resize": "fit",
                                "h": 470
                            }
                        },
                        "id_str": "801511264610615300",
                        "type": "photo",
                        "media_url_https": "https://pbs.twimg.com/media/Cx-KP6KXAAQXtor.jpg"
                    }
                ]
            },
            "in_reply_to_status_id": null,
            "favorited": false,
            "favorite_count": 11,
            "created_at": "Wed Nov 23 20:02:00 +0000 2016",
            "coordinates": null,
            "possibly_sensitive": false,
            "entities": {
                "media": [
                    {
                        "display_url": "pic.twitter.com/H8iV5kFryZ",
                        "indices": [
                            91,
                            114
                        ],
                        "expanded_url": "https://twitter.com/MiamiHerald/status/801516168917827585/photo/1",
                        "media_url": "http://pbs.twimg.com/media/Cx-KP6KXAAQXtor.jpg",
                        "url": "https://t.co/H8iV5kFryZ",
                        "id": 801511264610615300,
                        "sizes": {
                            "thumb": {
                                "w": 150,
                                "resize": "crop",
                                "h": 150
                            },
                            "medium": {
                                "w": 960,
                                "resize": "fit",
                                "h": 664
                            },
                            "large": {
                                "w": 960,
                                "resize": "fit",
                                "h": 664
                            },
                            "small": {
                                "w": 680,
                                "resize": "fit",
                                "h": 470
                            }
                        },
                        "id_str": "801511264610615300",
                        "type": "photo",
                        "media_url_https": "https://pbs.twimg.com/media/Cx-KP6KXAAQXtor.jpg"
                    }
                ],
                "user_mentions": [],
                "urls": [
                    {
                        "display_url": "hrld.us/2fpBynr",
                        "indices": [
                            67,
                            90
                        ],
                        "expanded_url": "http://hrld.us/2fpBynr",
                        "url": "https://t.co/ok8sJdscpD"
                    }
                ],
                "hashtags": [],
                "symbols": []
            }
        },
        {
            "in_reply_to_user_id_str": null,
            "in_reply_to_screen_name": null,
            "lang": "en",
            "user": {
                "is_translator": false,
                "profile_background_image_url": "http://pbs.twimg.com/profile_background_images/378800000013900789/a5a81b70f38bf7124af93439787031d0.jpeg",
                "friends_count": 804,
                "profile_banner_url": "https://pbs.twimg.com/profile_banners/14085040/1401331083",
                "lang": "en",
                "screen_name": "MiamiHerald",
                "follow_request_sent": false,
                "geo_enabled": true,
                "profile_image_url": "http://pbs.twimg.com/profile_images/528285037498609664/JCw0pEvY_normal.jpeg",
                "protected": false,
                "notifications": false,
                "default_profile_image": false,
                "listed_count": 5553,
                "description": "The news. Every day. Your way.\nInstagram: https://t.co/EBuss8QhEl\nFacebook: https://t.co/C8sShSEs0S\nSnapchat: miamiherald",
                "profile_sidebar_border_color": "FFFFFF",
                "has_extended_profile": false,
                "id": 14085040,
                "profile_use_background_image": true,
                "location": "Miami, FL",
                "url": "http://t.co/6KpRmDdPe2",
                "statuses_count": 128319,
                "profile_image_url_https": "https://pbs.twimg.com/profile_images/528285037498609664/JCw0pEvY_normal.jpeg",
                "profile_link_color": "0060AF",
                "id_str": "14085040",
                "translator_type": "none",
                "followers_count": 308952,
                "utc_offset": -18000,
                "default_profile": false,
                "profile_text_color": "333333",
                "is_translation_enabled": false,
                "profile_background_tile": false,
                "favourites_count": 287,
                "profile_background_color": "FFFFFF",
                "verified": true,
                "profile_sidebar_fill_color": "EBECED",
                "name": "Miami Herald",
                "following": false,
                "profile_background_image_url_https": "https://pbs.twimg.com/profile_background_images/378800000013900789/a5a81b70f38bf7124af93439787031d0.jpeg",
                "contributors_enabled": false,
                "created_at": "Wed Mar 05 21:04:05 +0000 2008",
                "entities": {
                    "description": {
                        "urls": [
                            {
                                "display_url": "hrld.us/instagram",
                                "indices": [
                                    42,
                                    65
                                ],
                                "expanded_url": "http://hrld.us/instagram",
                                "url": "https://t.co/EBuss8QhEl"
                            },
                            {
                                "display_url": "hrld.us/facebook",
                                "indices": [
                                    76,
                                    99
                                ],
                                "expanded_url": "http://hrld.us/facebook",
                                "url": "https://t.co/C8sShSEs0S"
                            }
                        ]
                    },
                    "url": {
                        "urls": [
                            {
                                "display_url": "miamiherald.com",
                                "indices": [
                                    0,
                                    22
                                ],
                                "expanded_url": "http://www.miamiherald.com",
                                "url": "http://t.co/6KpRmDdPe2"
                            }
                        ]
                    }
                },
                "time_zone": "Eastern Time (US & Canada)"
            },
            "contributors": null,
            "metadata": {
                "result_type": "recent",
                "iso_language_code": "en"
            },
            "retweet_count": 2,
            "id": 801485719147409408,
            "geo": null,
            "id_str": "801485719147409408",
            "favorite_count": 2,
            "source": "<a href=\"https://about.twitter.com/products/tweetdeck\" rel=\"nofollow\">TweetDeck</a>",
            "in_reply_to_user_id": null,
            "is_quote_status": false,
            "retweeted": false,
            "truncated": true,
            "in_reply_to_status_id_str": null,
            "text": "President-elect Donald Trump has received nearly 150,000 ideas on how to \"make America great again\"\u2026 https://t.co/4oFaGmMNIW",
            "in_reply_to_status_id": null,
            "favorited": false,
            "place": null,
            "created_at": "Wed Nov 23 18:01:00 +0000 2016",
            "coordinates": null,
            "possibly_sensitive": false,
            "entities": {
                "user_mentions": [],
                "urls": [
                    {
                        "display_url": "twitter.com/i/web/status/8\u2026",
                        "indices": [
                            101,
                            124
                        ],
                        "expanded_url": "https://twitter.com/i/web/status/801485719147409408",
                        "url": "https://t.co/4oFaGmMNIW"
                    }
                ],
                "hashtags": [],
                "symbols": []
            }
        },
        {
            "in_reply_to_user_id_str": null,
            "in_reply_to_screen_name": null,
            "lang": "en",
            "user": {
                "is_translator": false,
                "profile_background_image_url": "http://pbs.twimg.com/profile_background_images/378800000013900789/a5a81b70f38bf7124af93439787031d0.jpeg",
                "friends_count": 804,
                "profile_banner_url": "https://pbs.twimg.com/profile_banners/14085040/1401331083",
                "lang": "en",
                "screen_name": "MiamiHerald",
                "follow_request_sent": false,
                "geo_enabled": true,
                "profile_image_url": "http://pbs.twimg.com/profile_images/528285037498609664/JCw0pEvY_normal.jpeg",
                "protected": false,
                "notifications": false,
                "default_profile_image": false,
                "listed_count": 5553,
                "description": "The news. Every day. Your way.\nInstagram: https://t.co/EBuss8QhEl\nFacebook: https://t.co/C8sShSEs0S\nSnapchat: miamiherald",
                "profile_sidebar_border_color": "FFFFFF",
                "has_extended_profile": false,
                "id": 14085040,
                "profile_use_background_image": true,
                "location": "Miami, FL",
                "url": "http://t.co/6KpRmDdPe2",
                "statuses_count": 128319,
                "profile_image_url_https": "https://pbs.twimg.com/profile_images/528285037498609664/JCw0pEvY_normal.jpeg",
                "profile_link_color": "0060AF",
                "id_str": "14085040",
                "translator_type": "none",
                "followers_count": 308952,
                "utc_offset": -18000,
                "default_profile": false,
                "profile_text_color": "333333",
                "is_translation_enabled": false,
                "profile_background_tile": false,
                "favourites_count": 287,
                "profile_background_color": "FFFFFF",
                "verified": true,
                "profile_sidebar_fill_color": "EBECED",
                "name": "Miami Herald",
                "following": false,
                "profile_background_image_url_https": "https://pbs.twimg.com/profile_background_images/378800000013900789/a5a81b70f38bf7124af93439787031d0.jpeg",
                "contributors_enabled": false,
                "created_at": "Wed Mar 05 21:04:05 +0000 2008",
                "entities": {
                    "description": {
                        "urls": [
                            {
                                "display_url": "hrld.us/instagram",
                                "indices": [
                                    42,
                                    65
                                ],
                                "expanded_url": "http://hrld.us/instagram",
                                "url": "https://t.co/EBuss8QhEl"
                            },
                            {
                                "display_url": "hrld.us/facebook",
                                "indices": [
                                    76,
                                    99
                                ],
                                "expanded_url": "http://hrld.us/facebook",
                                "url": "https://t.co/C8sShSEs0S"
                            }
                        ]
                    },
                    "url": {
                        "urls": [
                            {
                                "display_url": "miamiherald.com",
                                "indices": [
                                    0,
                                    22
                                ],
                                "expanded_url": "http://www.miamiherald.com",
                                "url": "http://t.co/6KpRmDdPe2"
                            }
                        ]
                    }
                },
                "time_zone": "Eastern Time (US & Canada)"
            },
            "contributors": null,
            "metadata": {
                "result_type": "recent",
                "iso_language_code": "en"
            },
            "retweet_count": 13,
            "id": 801391049801400320,
            "geo": null,
            "id_str": "801391049801400320",
            "favorite_count": 12,
            "source": "<a href=\"https://about.twitter.com/products/tweetdeck\" rel=\"nofollow\">TweetDeck</a>",
            "in_reply_to_user_id": null,
            "is_quote_status": false,
            "retweeted": false,
            "truncated": true,
            "in_reply_to_status_id_str": null,
            "text": "#BREAKING: President-elect Donald Trump taps South Carolina Gov. Nikki Haley to be U.N. ambassador, first woman he'\u2026 https://t.co/61mysHP5eX",
            "in_reply_to_status_id": null,
            "favorited": false,
            "place": null,
            "created_at": "Wed Nov 23 11:44:50 +0000 2016",
            "coordinates": null,
            "possibly_sensitive": false,
            "entities": {
                "user_mentions": [],
                "urls": [
                    {
                        "display_url": "twitter.com/i/web/status/8\u2026",
                        "indices": [
                            117,
                            140
                        ],
                        "expanded_url": "https://twitter.com/i/web/status/801391049801400320",
                        "url": "https://t.co/61mysHP5eX"
                    }
                ],
                "hashtags": [
                    {
                        "text": "BREAKING",
                        "indices": [
                            0,
                            9
                        ]
                    }
                ],
                "symbols": []
            }
        }
    ],
    "search_metadata": {
        "completed_in": 0.03,
        "refresh_url": "?since_id=801567937685581825&q=Trump%20from%3AMiamiHerald%20since%3A2016-11-23%20until%3A2016-11-24%20filter%3Alinks%20-%40MiamiHerald&include_entities=1",
        "since_id_str": "0",
        "max_id": 801567937685581825,
        "query": "Trump+from%3AMiamiHerald+since%3A2016-11-23+until%3A2016-11-24+filter%3Alinks+-%40MiamiHerald",
        "count": 100,
        "since_id": 0,
        "max_id_str": "801567937685581825"
    }
}