{
    "statuses": [],
    "search_metadata": {
        "completed_in": 0.06,
        "refresh_url": "?since_id=803053737753407490&q=Trump%20from%3AMidWeekHawaii%20since%3A2016-11-23%20until%3A2016-11-24%20filter%3Alinks%20-%40MidWeekHawaii&include_entities=1",
        "since_id_str": "0",
        "max_id": 803053737753407490,
        "query": "Trump+from%3AMidWeekHawaii+since%3A2016-11-23+until%3A2016-11-24+filter%3Alinks+-%40MidWeekHawaii",
        "count": 100,
        "since_id": 0,
        "max_id_str": "803053737753407490"
    }
}