{
    "statuses": [
        {
            "in_reply_to_user_id_str": null,
            "in_reply_to_screen_name": null,
            "lang": "en",
            "user": {
                "is_translator": false,
                "profile_background_image_url": "http://pbs.twimg.com/profile_background_images/24848102/CT_NHR.jpg",
                "friends_count": 6170,
                "lang": "en",
                "screen_name": "nhregister",
                "follow_request_sent": false,
                "geo_enabled": true,
                "profile_image_url": "http://pbs.twimg.com/profile_images/3760081022/298ec1da0ffea485a6b6a0cb6be7d04c_normal.jpeg",
                "protected": false,
                "notifications": false,
                "default_profile_image": false,
                "listed_count": 905,
                "description": "A digital first multimedia news organization in Greater New Haven, Connecticut since 1812. Call in news tips: 203-789-5708",
                "profile_sidebar_border_color": "FFFFFF",
                "has_extended_profile": false,
                "id": 34956062,
                "profile_use_background_image": false,
                "location": "New Haven, Connecticut",
                "url": "https://t.co/2cox044c9b",
                "statuses_count": 64676,
                "profile_image_url_https": "https://pbs.twimg.com/profile_images/3760081022/298ec1da0ffea485a6b6a0cb6be7d04c_normal.jpeg",
                "profile_link_color": "080E11",
                "id_str": "34956062",
                "translator_type": "none",
                "followers_count": 52058,
                "utc_offset": null,
                "default_profile": false,
                "profile_text_color": "090707",
                "is_translation_enabled": false,
                "profile_background_tile": false,
                "favourites_count": 736,
                "profile_background_color": "CFCFCF",
                "verified": false,
                "profile_sidebar_fill_color": "D2120F",
                "name": "New Haven Register",
                "following": false,
                "profile_background_image_url_https": "https://pbs.twimg.com/profile_background_images/24848102/CT_NHR.jpg",
                "contributors_enabled": false,
                "created_at": "Fri Apr 24 15:38:22 +0000 2009",
                "entities": {
                    "description": {
                        "urls": []
                    },
                    "url": {
                        "urls": [
                            {
                                "display_url": "nhregister.com",
                                "indices": [
                                    0,
                                    23
                                ],
                                "expanded_url": "http://www.nhregister.com/",
                                "url": "https://t.co/2cox044c9b"
                            }
                        ]
                    }
                },
                "time_zone": null
            },
            "contributors": null,
            "metadata": {
                "result_type": "recent",
                "iso_language_code": "en"
            },
            "retweet_count": 0,
            "id": 801430016059985920,
            "geo": null,
            "id_str": "801430016059985920",
            "place": null,
            "source": "<a href=\"https://about.twitter.com/products/tweetdeck\" rel=\"nofollow\">TweetDeck</a>",
            "in_reply_to_user_id": null,
            "is_quote_status": false,
            "text": "AP Sources: Trump taps Gov. Nikki Haley for ambassador to UN https://t.co/J7GODf73Xw https://t.co/4BC8TRO1lz",
            "retweeted": false,
            "truncated": false,
            "in_reply_to_status_id_str": null,
            "extended_entities": {
                "media": [
                    {
                        "display_url": "pic.twitter.com/4BC8TRO1lz",
                        "indices": [
                            85,
                            108
                        ],
                        "expanded_url": "https://twitter.com/nhregister/status/801430016059985920/photo/1",
                        "media_url": "http://pbs.twimg.com/media/Cx9AV3NW8AQBjBQ.jpg",
                        "url": "https://t.co/4BC8TRO1lz",
                        "id": 801430003036647428,
                        "sizes": {
                            "thumb": {
                                "w": 150,
                                "resize": "crop",
                                "h": 150
                            },
                            "medium": {
                                "w": 600,
                                "resize": "fit",
                                "h": 400
                            },
                            "large": {
                                "w": 600,
                                "resize": "fit",
                                "h": 400
                            },
                            "small": {
                                "w": 600,
                                "resize": "fit",
                                "h": 400
                            }
                        },
                        "id_str": "801430003036647428",
                        "type": "photo",
                        "media_url_https": "https://pbs.twimg.com/media/Cx9AV3NW8AQBjBQ.jpg"
                    }
                ]
            },
            "in_reply_to_status_id": null,
            "favorited": false,
            "favorite_count": 0,
            "created_at": "Wed Nov 23 14:19:40 +0000 2016",
            "coordinates": null,
            "possibly_sensitive": false,
            "entities": {
                "media": [
                    {
                        "display_url": "pic.twitter.com/4BC8TRO1lz",
                        "indices": [
                            85,
                            108
                        ],
                        "expanded_url": "https://twitter.com/nhregister/status/801430016059985920/photo/1",
                        "media_url": "http://pbs.twimg.com/media/Cx9AV3NW8AQBjBQ.jpg",
                        "url": "https://t.co/4BC8TRO1lz",
                        "id": 801430003036647428,
                        "sizes": {
                            "thumb": {
                                "w": 150,
                                "resize": "crop",
                                "h": 150
                            },
                            "medium": {
                                "w": 600,
                                "resize": "fit",
                                "h": 400
                            },
                            "large": {
                                "w": 600,
                                "resize": "fit",
                                "h": 400
                            },
                            "small": {
                                "w": 600,
                                "resize": "fit",
                                "h": 400
                            }
                        },
                        "id_str": "801430003036647428",
                        "type": "photo",
                        "media_url_https": "https://pbs.twimg.com/media/Cx9AV3NW8AQBjBQ.jpg"
                    }
                ],
                "user_mentions": [],
                "urls": [
                    {
                        "display_url": "bit.ly/2gk9DaQ",
                        "indices": [
                            61,
                            84
                        ],
                        "expanded_url": "http://bit.ly/2gk9DaQ",
                        "url": "https://t.co/J7GODf73Xw"
                    }
                ],
                "hashtags": [],
                "symbols": []
            }
        },
        {
            "in_reply_to_user_id_str": null,
            "in_reply_to_screen_name": null,
            "lang": "en",
            "user": {
                "is_translator": false,
                "profile_background_image_url": "http://pbs.twimg.com/profile_background_images/24848102/CT_NHR.jpg",
                "friends_count": 6170,
                "lang": "en",
                "screen_name": "nhregister",
                "follow_request_sent": false,
                "geo_enabled": true,
                "profile_image_url": "http://pbs.twimg.com/profile_images/3760081022/298ec1da0ffea485a6b6a0cb6be7d04c_normal.jpeg",
                "protected": false,
                "notifications": false,
                "default_profile_image": false,
                "listed_count": 905,
                "description": "A digital first multimedia news organization in Greater New Haven, Connecticut since 1812. Call in news tips: 203-789-5708",
                "profile_sidebar_border_color": "FFFFFF",
                "has_extended_profile": false,
                "id": 34956062,
                "profile_use_background_image": false,
                "location": "New Haven, Connecticut",
                "url": "https://t.co/2cox044c9b",
                "statuses_count": 64676,
                "profile_image_url_https": "https://pbs.twimg.com/profile_images/3760081022/298ec1da0ffea485a6b6a0cb6be7d04c_normal.jpeg",
                "profile_link_color": "080E11",
                "id_str": "34956062",
                "translator_type": "none",
                "followers_count": 52058,
                "utc_offset": null,
                "default_profile": false,
                "profile_text_color": "090707",
                "is_translation_enabled": false,
                "profile_background_tile": false,
                "favourites_count": 736,
                "profile_background_color": "CFCFCF",
                "verified": false,
                "profile_sidebar_fill_color": "D2120F",
                "name": "New Haven Register",
                "following": false,
                "profile_background_image_url_https": "https://pbs.twimg.com/profile_background_images/24848102/CT_NHR.jpg",
                "contributors_enabled": false,
                "created_at": "Fri Apr 24 15:38:22 +0000 2009",
                "entities": {
                    "description": {
                        "urls": []
                    },
                    "url": {
                        "urls": [
                            {
                                "display_url": "nhregister.com",
                                "indices": [
                                    0,
                                    23
                                ],
                                "expanded_url": "http://www.nhregister.com/",
                                "url": "https://t.co/2cox044c9b"
                            }
                        ]
                    }
                },
                "time_zone": null
            },
            "contributors": null,
            "metadata": {
                "result_type": "recent",
                "iso_language_code": "en"
            },
            "retweet_count": 2,
            "id": 801248613682778112,
            "geo": null,
            "id_str": "801248613682778112",
            "place": null,
            "source": "<a href=\"https://about.twitter.com/products/tweetdeck\" rel=\"nofollow\">TweetDeck</a>",
            "in_reply_to_user_id": null,
            "is_quote_status": false,
            "text": "Connecticut will sue if money withheld by #Trump, Malloy says https://t.co/xCgLsP8WWB https://t.co/CM7es3eluN",
            "retweeted": false,
            "truncated": false,
            "in_reply_to_status_id_str": null,
            "extended_entities": {
                "media": [
                    {
                        "display_url": "pic.twitter.com/CM7es3eluN",
                        "indices": [
                            86,
                            109
                        ],
                        "expanded_url": "https://twitter.com/nhregister/status/801248613682778112/photo/1",
                        "media_url": "http://pbs.twimg.com/media/Cx6bWMGXAAAvjni.jpg",
                        "url": "https://t.co/CM7es3eluN",
                        "id": 801248589225852928,
                        "sizes": {
                            "small": {
                                "w": 566,
                                "resize": "fit",
                                "h": 393
                            },
                            "medium": {
                                "w": 566,
                                "resize": "fit",
                                "h": 393
                            },
                            "large": {
                                "w": 566,
                                "resize": "fit",
                                "h": 393
                            },
                            "thumb": {
                                "w": 150,
                                "resize": "crop",
                                "h": 150
                            }
                        },
                        "id_str": "801248589225852928",
                        "type": "photo",
                        "media_url_https": "https://pbs.twimg.com/media/Cx6bWMGXAAAvjni.jpg"
                    }
                ]
            },
            "in_reply_to_status_id": null,
            "favorited": false,
            "favorite_count": 1,
            "created_at": "Wed Nov 23 02:18:50 +0000 2016",
            "coordinates": null,
            "possibly_sensitive": false,
            "entities": {
                "media": [
                    {
                        "display_url": "pic.twitter.com/CM7es3eluN",
                        "indices": [
                            86,
                            109
                        ],
                        "expanded_url": "https://twitter.com/nhregister/status/801248613682778112/photo/1",
                        "media_url": "http://pbs.twimg.com/media/Cx6bWMGXAAAvjni.jpg",
                        "url": "https://t.co/CM7es3eluN",
                        "id": 801248589225852928,
                        "sizes": {
                            "small": {
                                "w": 566,
                                "resize": "fit",
                                "h": 393
                            },
                            "medium": {
                                "w": 566,
                                "resize": "fit",
                                "h": 393
                            },
                            "large": {
                                "w": 566,
                                "resize": "fit",
                                "h": 393
                            },
                            "thumb": {
                                "w": 150,
                                "resize": "crop",
                                "h": 150
                            }
                        },
                        "id_str": "801248589225852928",
                        "type": "photo",
                        "media_url_https": "https://pbs.twimg.com/media/Cx6bWMGXAAAvjni.jpg"
                    }
                ],
                "user_mentions": [],
                "urls": [
                    {
                        "display_url": "bit.ly/2fpkktA",
                        "indices": [
                            62,
                            85
                        ],
                        "expanded_url": "http://bit.ly/2fpkktA",
                        "url": "https://t.co/xCgLsP8WWB"
                    }
                ],
                "hashtags": [
                    {
                        "text": "Trump",
                        "indices": [
                            42,
                            48
                        ]
                    }
                ],
                "symbols": []
            }
        }
    ],
    "search_metadata": {
        "completed_in": 0.031,
        "refresh_url": "?since_id=801430016059985920&q=Trump%20from%3Anhregister%20since%3A2016-11-23%20until%3A2016-11-24%20filter%3Alinks%20-%40nhregister&include_entities=1",
        "since_id_str": "0",
        "max_id": 801430016059985920,
        "query": "Trump+from%3Anhregister+since%3A2016-11-23+until%3A2016-11-24+filter%3Alinks+-%40nhregister",
        "count": 100,
        "since_id": 0,
        "max_id_str": "801430016059985920"
    }
}