{
    "statuses": [
        {
            "in_reply_to_user_id_str": null,
            "in_reply_to_screen_name": null,
            "lang": "en",
            "user": {
                "is_translator": false,
                "profile_background_image_url": "http://pbs.twimg.com/profile_background_images/104628393/logo_big.jpg",
                "friends_count": 2535,
                "profile_banner_url": "https://pbs.twimg.com/profile_banners/5508672/1469150282",
                "lang": "en",
                "screen_name": "nwi",
                "follow_request_sent": false,
                "geo_enabled": true,
                "profile_image_url": "http://pbs.twimg.com/profile_images/589830004713783296/TxKajIMq_normal.jpg",
                "protected": false,
                "notifications": false,
                "default_profile_image": false,
                "listed_count": 473,
                "description": "Bringing news, information and entertainment to residents of #nwindiana. Also big believers that #civilitycounts.",
                "profile_sidebar_border_color": "84ABD4",
                "has_extended_profile": false,
                "id": 5508672,
                "profile_use_background_image": true,
                "location": "Munster, IN",
                "url": "https://t.co/OVDinPlrCH",
                "statuses_count": 91374,
                "profile_image_url_https": "https://pbs.twimg.com/profile_images/589830004713783296/TxKajIMq_normal.jpg",
                "profile_link_color": "2E436D",
                "id_str": "5508672",
                "translator_type": "none",
                "followers_count": 38526,
                "utc_offset": -21600,
                "default_profile": false,
                "profile_text_color": "000000",
                "is_translation_enabled": false,
                "profile_background_tile": true,
                "favourites_count": 370,
                "profile_background_color": "FFFFFF",
                "verified": false,
                "profile_sidebar_fill_color": "EFF3F6",
                "name": "nwi.com",
                "following": false,
                "profile_background_image_url_https": "https://pbs.twimg.com/profile_background_images/104628393/logo_big.jpg",
                "contributors_enabled": false,
                "created_at": "Wed Apr 25 21:07:09 +0000 2007",
                "entities": {
                    "description": {
                        "urls": []
                    },
                    "url": {
                        "urls": [
                            {
                                "display_url": "nwi.com",
                                "indices": [
                                    0,
                                    23
                                ],
                                "expanded_url": "http://nwi.com",
                                "url": "https://t.co/OVDinPlrCH"
                            }
                        ]
                    }
                },
                "time_zone": "Central Time (US & Canada)"
            },
            "contributors": null,
            "metadata": {
                "result_type": "recent",
                "iso_language_code": "en"
            },
            "retweet_count": 0,
            "id": 801417554493341696,
            "geo": null,
            "id_str": "801417554493341696",
            "place": null,
            "source": "<a href=\"http://bufferapp.com\" rel=\"nofollow\">Buffer</a>",
            "in_reply_to_user_id": null,
            "is_quote_status": false,
            "text": "AP Sources: Trump taps Gov. Nikki Haley for ambassador to UN. https://t.co/hjXknQD5H5 https://t.co/paTr1oSmI7",
            "retweeted": false,
            "truncated": false,
            "in_reply_to_status_id_str": null,
            "extended_entities": {
                "media": [
                    {
                        "display_url": "pic.twitter.com/paTr1oSmI7",
                        "indices": [
                            86,
                            109
                        ],
                        "expanded_url": "https://twitter.com/nwi/status/801417554493341696/photo/1",
                        "media_url": "http://pbs.twimg.com/media/Cx81BJFXAAAfypP.jpg",
                        "url": "https://t.co/paTr1oSmI7",
                        "id": 801417552429776896,
                        "sizes": {
                            "thumb": {
                                "w": 150,
                                "resize": "crop",
                                "h": 150
                            },
                            "medium": {
                                "w": 512,
                                "resize": "fit",
                                "h": 288
                            },
                            "large": {
                                "w": 512,
                                "resize": "fit",
                                "h": 288
                            },
                            "small": {
                                "w": 512,
                                "resize": "fit",
                                "h": 288
                            }
                        },
                        "id_str": "801417552429776896",
                        "type": "photo",
                        "media_url_https": "https://pbs.twimg.com/media/Cx81BJFXAAAfypP.jpg"
                    }
                ]
            },
            "in_reply_to_status_id": null,
            "favorited": false,
            "favorite_count": 1,
            "created_at": "Wed Nov 23 13:30:09 +0000 2016",
            "coordinates": null,
            "possibly_sensitive": false,
            "entities": {
                "media": [
                    {
                        "display_url": "pic.twitter.com/paTr1oSmI7",
                        "indices": [
                            86,
                            109
                        ],
                        "expanded_url": "https://twitter.com/nwi/status/801417554493341696/photo/1",
                        "media_url": "http://pbs.twimg.com/media/Cx81BJFXAAAfypP.jpg",
                        "url": "https://t.co/paTr1oSmI7",
                        "id": 801417552429776896,
                        "sizes": {
                            "thumb": {
                                "w": 150,
                                "resize": "crop",
                                "h": 150
                            },
                            "medium": {
                                "w": 512,
                                "resize": "fit",
                                "h": 288
                            },
                            "large": {
                                "w": 512,
                                "resize": "fit",
                                "h": 288
                            },
                            "small": {
                                "w": 512,
                                "resize": "fit",
                                "h": 288
                            }
                        },
                        "id_str": "801417552429776896",
                        "type": "photo",
                        "media_url_https": "https://pbs.twimg.com/media/Cx81BJFXAAAfypP.jpg"
                    }
                ],
                "user_mentions": [],
                "urls": [
                    {
                        "display_url": "buff.ly/2fEY90p",
                        "indices": [
                            62,
                            85
                        ],
                        "expanded_url": "http://buff.ly/2fEY90p",
                        "url": "https://t.co/hjXknQD5H5"
                    }
                ],
                "hashtags": [],
                "symbols": []
            }
        }
    ],
    "search_metadata": {
        "completed_in": 0.023,
        "refresh_url": "?since_id=801417554493341696&q=Trump%20from%3Anwi%20since%3A2016-11-23%20until%3A2016-11-24%20filter%3Alinks%20-%40nwi&include_entities=1",
        "since_id_str": "0",
        "max_id": 801417554493341696,
        "query": "Trump+from%3Anwi+since%3A2016-11-23+until%3A2016-11-24+filter%3Alinks+-%40nwi",
        "count": 100,
        "since_id": 0,
        "max_id_str": "801417554493341696"
    }
}