{
    "statuses": [
        {
            "in_reply_to_user_id_str": null,
            "in_reply_to_screen_name": null,
            "lang": "en",
            "user": {
                "is_translator": false,
                "profile_background_image_url": "http://pbs.twimg.com/profile_background_images/378800000167425621/KsGhbXdn.jpeg",
                "friends_count": 584,
                "profile_banner_url": "https://pbs.twimg.com/profile_banners/1429761/1429874320",
                "lang": "en",
                "screen_name": "orlandosentinel",
                "follow_request_sent": false,
                "geo_enabled": true,
                "profile_image_url": "http://pbs.twimg.com/profile_images/511895715086225409/gkbtKjFU_normal.png",
                "protected": false,
                "notifications": false,
                "default_profile_image": false,
                "listed_count": 3103,
                "description": "The Orlando Sentinel is the most comprehensive news source of the Central Florida region.",
                "profile_sidebar_border_color": "FFFFFF",
                "has_extended_profile": false,
                "id": 1429761,
                "profile_use_background_image": false,
                "location": "Orlando, FL",
                "url": "http://t.co/4aB05T4abC",
                "statuses_count": 114535,
                "profile_image_url_https": "https://pbs.twimg.com/profile_images/511895715086225409/gkbtKjFU_normal.png",
                "profile_link_color": "00B5CC",
                "id_str": "1429761",
                "translator_type": "none",
                "followers_count": 214267,
                "utc_offset": -18000,
                "default_profile": false,
                "profile_text_color": "333333",
                "is_translation_enabled": false,
                "profile_background_tile": false,
                "favourites_count": 670,
                "profile_background_color": "F9ED2E",
                "verified": true,
                "profile_sidebar_fill_color": "A0C5C7",
                "name": "Orlando Sentinel",
                "following": false,
                "profile_background_image_url_https": "https://pbs.twimg.com/profile_background_images/378800000167425621/KsGhbXdn.jpeg",
                "contributors_enabled": false,
                "created_at": "Sun Mar 18 18:02:20 +0000 2007",
                "entities": {
                    "description": {
                        "urls": []
                    },
                    "url": {
                        "urls": [
                            {
                                "display_url": "orlandosentinel.com",
                                "indices": [
                                    0,
                                    22
                                ],
                                "expanded_url": "http://www.orlandosentinel.com",
                                "url": "http://t.co/4aB05T4abC"
                            }
                        ]
                    }
                },
                "time_zone": "Eastern Time (US & Canada)"
            },
            "contributors": null,
            "metadata": {
                "result_type": "recent",
                "iso_language_code": "en"
            },
            "retweet_count": 6,
            "id": 801560753065119755,
            "geo": null,
            "id_str": "801560753065119755",
            "place": null,
            "source": "<a href=\"http://www.socialflow.com\" rel=\"nofollow\">SocialFlow</a>",
            "in_reply_to_user_id": null,
            "is_quote_status": false,
            "text": "Betsy DeVos, Orlando Magic part owner, is now in Trump\u2019s cabinet\nhttps://t.co/l14KDVhyKe https://t.co/4m1dGQ80uz",
            "retweeted": false,
            "truncated": false,
            "in_reply_to_status_id_str": null,
            "extended_entities": {
                "media": [
                    {
                        "display_url": "pic.twitter.com/4m1dGQ80uz",
                        "indices": [
                            89,
                            112
                        ],
                        "expanded_url": "https://twitter.com/orlandosentinel/status/801560753065119755/photo/1",
                        "media_url": "http://pbs.twimg.com/media/Cx-3QYkXcAAxBBd.jpg",
                        "url": "https://t.co/4m1dGQ80uz",
                        "id": 801560750796009472,
                        "sizes": {
                            "small": {
                                "w": 680,
                                "resize": "fit",
                                "h": 438
                            },
                            "medium": {
                                "w": 959,
                                "resize": "fit",
                                "h": 618
                            },
                            "large": {
                                "w": 959,
                                "resize": "fit",
                                "h": 618
                            },
                            "thumb": {
                                "w": 150,
                                "resize": "crop",
                                "h": 150
                            }
                        },
                        "id_str": "801560750796009472",
                        "type": "photo",
                        "media_url_https": "https://pbs.twimg.com/media/Cx-3QYkXcAAxBBd.jpg"
                    }
                ]
            },
            "in_reply_to_status_id": null,
            "favorited": false,
            "favorite_count": 4,
            "created_at": "Wed Nov 23 22:59:10 +0000 2016",
            "coordinates": null,
            "possibly_sensitive": false,
            "entities": {
                "media": [
                    {
                        "display_url": "pic.twitter.com/4m1dGQ80uz",
                        "indices": [
                            89,
                            112
                        ],
                        "expanded_url": "https://twitter.com/orlandosentinel/status/801560753065119755/photo/1",
                        "media_url": "http://pbs.twimg.com/media/Cx-3QYkXcAAxBBd.jpg",
                        "url": "https://t.co/4m1dGQ80uz",
                        "id": 801560750796009472,
                        "sizes": {
                            "small": {
                                "w": 680,
                                "resize": "fit",
                                "h": 438
                            },
                            "medium": {
                                "w": 959,
                                "resize": "fit",
                                "h": 618
                            },
                            "large": {
                                "w": 959,
                                "resize": "fit",
                                "h": 618
                            },
                            "thumb": {
                                "w": 150,
                                "resize": "crop",
                                "h": 150
                            }
                        },
                        "id_str": "801560750796009472",
                        "type": "photo",
                        "media_url_https": "https://pbs.twimg.com/media/Cx-3QYkXcAAxBBd.jpg"
                    }
                ],
                "user_mentions": [],
                "urls": [
                    {
                        "display_url": "thesent.nl/2giwCoS",
                        "indices": [
                            65,
                            88
                        ],
                        "expanded_url": "http://thesent.nl/2giwCoS",
                        "url": "https://t.co/l14KDVhyKe"
                    }
                ],
                "hashtags": [],
                "symbols": []
            }
        },
        {
            "in_reply_to_user_id_str": null,
            "in_reply_to_screen_name": null,
            "lang": "en",
            "user": {
                "is_translator": false,
                "profile_background_image_url": "http://pbs.twimg.com/profile_background_images/378800000167425621/KsGhbXdn.jpeg",
                "friends_count": 584,
                "profile_banner_url": "https://pbs.twimg.com/profile_banners/1429761/1429874320",
                "lang": "en",
                "screen_name": "orlandosentinel",
                "follow_request_sent": false,
                "geo_enabled": true,
                "profile_image_url": "http://pbs.twimg.com/profile_images/511895715086225409/gkbtKjFU_normal.png",
                "protected": false,
                "notifications": false,
                "default_profile_image": false,
                "listed_count": 3103,
                "description": "The Orlando Sentinel is the most comprehensive news source of the Central Florida region.",
                "profile_sidebar_border_color": "FFFFFF",
                "has_extended_profile": false,
                "id": 1429761,
                "profile_use_background_image": false,
                "location": "Orlando, FL",
                "url": "http://t.co/4aB05T4abC",
                "statuses_count": 114535,
                "profile_image_url_https": "https://pbs.twimg.com/profile_images/511895715086225409/gkbtKjFU_normal.png",
                "profile_link_color": "00B5CC",
                "id_str": "1429761",
                "translator_type": "none",
                "followers_count": 214267,
                "utc_offset": -18000,
                "default_profile": false,
                "profile_text_color": "333333",
                "is_translation_enabled": false,
                "profile_background_tile": false,
                "favourites_count": 670,
                "profile_background_color": "F9ED2E",
                "verified": true,
                "profile_sidebar_fill_color": "A0C5C7",
                "name": "Orlando Sentinel",
                "following": false,
                "profile_background_image_url_https": "https://pbs.twimg.com/profile_background_images/378800000167425621/KsGhbXdn.jpeg",
                "contributors_enabled": false,
                "created_at": "Sun Mar 18 18:02:20 +0000 2007",
                "entities": {
                    "description": {
                        "urls": []
                    },
                    "url": {
                        "urls": [
                            {
                                "display_url": "orlandosentinel.com",
                                "indices": [
                                    0,
                                    22
                                ],
                                "expanded_url": "http://www.orlandosentinel.com",
                                "url": "http://t.co/4aB05T4abC"
                            }
                        ]
                    }
                },
                "time_zone": "Eastern Time (US & Canada)"
            },
            "contributors": null,
            "metadata": {
                "result_type": "recent",
                "iso_language_code": "en"
            },
            "retweet_count": 6,
            "id": 801515351800479748,
            "geo": null,
            "id_str": "801515351800479748",
            "place": null,
            "source": "<a href=\"http://www.socialflow.com\" rel=\"nofollow\">SocialFlow</a>",
            "in_reply_to_user_id": null,
            "is_quote_status": false,
            "text": "Trump adviser received salary from charity while steering Breitbart News https://t.co/LD4ZfmO20b https://t.co/ynhXPzHOx0",
            "retweeted": false,
            "truncated": false,
            "in_reply_to_status_id_str": null,
            "extended_entities": {
                "media": [
                    {
                        "display_url": "pic.twitter.com/ynhXPzHOx0",
                        "indices": [
                            97,
                            120
                        ],
                        "expanded_url": "https://twitter.com/orlandosentinel/status/801515351800479748/photo/1",
                        "media_url": "http://pbs.twimg.com/media/Cx-N9rZWQAA1Tuz.jpg",
                        "url": "https://t.co/ynhXPzHOx0",
                        "id": 801515349455814656,
                        "sizes": {
                            "thumb": {
                                "w": 150,
                                "resize": "crop",
                                "h": 150
                            },
                            "small": {
                                "w": 680,
                                "resize": "fit",
                                "h": 453
                            },
                            "large": {
                                "w": 2048,
                                "resize": "fit",
                                "h": 1365
                            },
                            "medium": {
                                "w": 1200,
                                "resize": "fit",
                                "h": 800
                            }
                        },
                        "id_str": "801515349455814656",
                        "type": "photo",
                        "media_url_https": "https://pbs.twimg.com/media/Cx-N9rZWQAA1Tuz.jpg"
                    }
                ]
            },
            "in_reply_to_status_id": null,
            "favorited": false,
            "favorite_count": 2,
            "created_at": "Wed Nov 23 19:58:45 +0000 2016",
            "coordinates": null,
            "possibly_sensitive": false,
            "entities": {
                "media": [
                    {
                        "display_url": "pic.twitter.com/ynhXPzHOx0",
                        "indices": [
                            97,
                            120
                        ],
                        "expanded_url": "https://twitter.com/orlandosentinel/status/801515351800479748/photo/1",
                        "media_url": "http://pbs.twimg.com/media/Cx-N9rZWQAA1Tuz.jpg",
                        "url": "https://t.co/ynhXPzHOx0",
                        "id": 801515349455814656,
                        "sizes": {
                            "thumb": {
                                "w": 150,
                                "resize": "crop",
                                "h": 150
                            },
                            "small": {
                                "w": 680,
                                "resize": "fit",
                                "h": 453
                            },
                            "large": {
                                "w": 2048,
                                "resize": "fit",
                                "h": 1365
                            },
                            "medium": {
                                "w": 1200,
                                "resize": "fit",
                                "h": 800
                            }
                        },
                        "id_str": "801515349455814656",
                        "type": "photo",
                        "media_url_https": "https://pbs.twimg.com/media/Cx-N9rZWQAA1Tuz.jpg"
                    }
                ],
                "user_mentions": [],
                "urls": [
                    {
                        "display_url": "thesent.nl/2gBoHnb",
                        "indices": [
                            73,
                            96
                        ],
                        "expanded_url": "http://thesent.nl/2gBoHnb",
                        "url": "https://t.co/LD4ZfmO20b"
                    }
                ],
                "hashtags": [],
                "symbols": []
            }
        },
        {
            "in_reply_to_user_id_str": null,
            "in_reply_to_screen_name": null,
            "lang": "en",
            "user": {
                "is_translator": false,
                "profile_background_image_url": "http://pbs.twimg.com/profile_background_images/378800000167425621/KsGhbXdn.jpeg",
                "friends_count": 584,
                "profile_banner_url": "https://pbs.twimg.com/profile_banners/1429761/1429874320",
                "lang": "en",
                "screen_name": "orlandosentinel",
                "follow_request_sent": false,
                "geo_enabled": true,
                "profile_image_url": "http://pbs.twimg.com/profile_images/511895715086225409/gkbtKjFU_normal.png",
                "protected": false,
                "notifications": false,
                "default_profile_image": false,
                "listed_count": 3103,
                "description": "The Orlando Sentinel is the most comprehensive news source of the Central Florida region.",
                "profile_sidebar_border_color": "FFFFFF",
                "has_extended_profile": false,
                "id": 1429761,
                "profile_use_background_image": false,
                "location": "Orlando, FL",
                "url": "http://t.co/4aB05T4abC",
                "statuses_count": 114535,
                "profile_image_url_https": "https://pbs.twimg.com/profile_images/511895715086225409/gkbtKjFU_normal.png",
                "profile_link_color": "00B5CC",
                "id_str": "1429761",
                "translator_type": "none",
                "followers_count": 214267,
                "utc_offset": -18000,
                "default_profile": false,
                "profile_text_color": "333333",
                "is_translation_enabled": false,
                "profile_background_tile": false,
                "favourites_count": 670,
                "profile_background_color": "F9ED2E",
                "verified": true,
                "profile_sidebar_fill_color": "A0C5C7",
                "name": "Orlando Sentinel",
                "following": false,
                "profile_background_image_url_https": "https://pbs.twimg.com/profile_background_images/378800000167425621/KsGhbXdn.jpeg",
                "contributors_enabled": false,
                "created_at": "Sun Mar 18 18:02:20 +0000 2007",
                "entities": {
                    "description": {
                        "urls": []
                    },
                    "url": {
                        "urls": [
                            {
                                "display_url": "orlandosentinel.com",
                                "indices": [
                                    0,
                                    22
                                ],
                                "expanded_url": "http://www.orlandosentinel.com",
                                "url": "http://t.co/4aB05T4abC"
                            }
                        ]
                    }
                },
                "time_zone": "Eastern Time (US & Canada)"
            },
            "contributors": null,
            "metadata": {
                "result_type": "recent",
                "iso_language_code": "en"
            },
            "retweet_count": 3,
            "id": 801496374659416064,
            "geo": null,
            "id_str": "801496374659416064",
            "favorite_count": 1,
            "source": "<a href=\"https://about.twitter.com/products/tweetdeck\" rel=\"nofollow\">TweetDeck</a>",
            "in_reply_to_user_id": null,
            "is_quote_status": false,
            "retweeted": false,
            "truncated": false,
            "in_reply_to_status_id_str": null,
            "text": "Trump chooses Betsy DeVos as education secretary and S.C. Gov. Nikki Haley as U.S. ambassador to the United Nations  https://t.co/xvRMLJQrv3",
            "in_reply_to_status_id": null,
            "favorited": false,
            "place": null,
            "created_at": "Wed Nov 23 18:43:21 +0000 2016",
            "coordinates": null,
            "possibly_sensitive": false,
            "entities": {
                "user_mentions": [],
                "urls": [
                    {
                        "display_url": "thesent.nl/2ggroX1",
                        "indices": [
                            117,
                            140
                        ],
                        "expanded_url": "http://thesent.nl/2ggroX1",
                        "url": "https://t.co/xvRMLJQrv3"
                    }
                ],
                "hashtags": [],
                "symbols": []
            }
        },
        {
            "in_reply_to_user_id_str": null,
            "in_reply_to_screen_name": null,
            "lang": "en",
            "user": {
                "is_translator": false,
                "profile_background_image_url": "http://pbs.twimg.com/profile_background_images/378800000167425621/KsGhbXdn.jpeg",
                "friends_count": 584,
                "profile_banner_url": "https://pbs.twimg.com/profile_banners/1429761/1429874320",
                "lang": "en",
                "screen_name": "orlandosentinel",
                "follow_request_sent": false,
                "geo_enabled": true,
                "profile_image_url": "http://pbs.twimg.com/profile_images/511895715086225409/gkbtKjFU_normal.png",
                "protected": false,
                "notifications": false,
                "default_profile_image": false,
                "listed_count": 3103,
                "description": "The Orlando Sentinel is the most comprehensive news source of the Central Florida region.",
                "profile_sidebar_border_color": "FFFFFF",
                "has_extended_profile": false,
                "id": 1429761,
                "profile_use_background_image": false,
                "location": "Orlando, FL",
                "url": "http://t.co/4aB05T4abC",
                "statuses_count": 114535,
                "profile_image_url_https": "https://pbs.twimg.com/profile_images/511895715086225409/gkbtKjFU_normal.png",
                "profile_link_color": "00B5CC",
                "id_str": "1429761",
                "translator_type": "none",
                "followers_count": 214267,
                "utc_offset": -18000,
                "default_profile": false,
                "profile_text_color": "333333",
                "is_translation_enabled": false,
                "profile_background_tile": false,
                "favourites_count": 670,
                "profile_background_color": "F9ED2E",
                "verified": true,
                "profile_sidebar_fill_color": "A0C5C7",
                "name": "Orlando Sentinel",
                "following": false,
                "profile_background_image_url_https": "https://pbs.twimg.com/profile_background_images/378800000167425621/KsGhbXdn.jpeg",
                "contributors_enabled": false,
                "created_at": "Sun Mar 18 18:02:20 +0000 2007",
                "entities": {
                    "description": {
                        "urls": []
                    },
                    "url": {
                        "urls": [
                            {
                                "display_url": "orlandosentinel.com",
                                "indices": [
                                    0,
                                    22
                                ],
                                "expanded_url": "http://www.orlandosentinel.com",
                                "url": "http://t.co/4aB05T4abC"
                            }
                        ]
                    }
                },
                "time_zone": "Eastern Time (US & Canada)"
            },
            "contributors": null,
            "metadata": {
                "result_type": "recent",
                "iso_language_code": "en"
            },
            "retweet_count": 2,
            "id": 801463946511257601,
            "geo": null,
            "id_str": "801463946511257601",
            "place": null,
            "source": "<a href=\"http://www.socialflow.com\" rel=\"nofollow\">SocialFlow</a>",
            "in_reply_to_user_id": null,
            "is_quote_status": false,
            "text": "Donald Trump reportedly offers Ben Carson housing secretary post https://t.co/1rQ7cctSNv https://t.co/siSWCZ3Vvb",
            "retweeted": false,
            "truncated": false,
            "in_reply_to_status_id_str": null,
            "extended_entities": {
                "media": [
                    {
                        "display_url": "pic.twitter.com/siSWCZ3Vvb",
                        "indices": [
                            89,
                            112
                        ],
                        "expanded_url": "https://twitter.com/orlandosentinel/status/801463946511257601/photo/1",
                        "media_url": "http://pbs.twimg.com/media/Cx9fNbVXgAAz8HZ.jpg",
                        "url": "https://t.co/siSWCZ3Vvb",
                        "id": 801463942975553536,
                        "sizes": {
                            "small": {
                                "w": 680,
                                "resize": "fit",
                                "h": 453
                            },
                            "medium": {
                                "w": 1200,
                                "resize": "fit",
                                "h": 800
                            },
                            "large": {
                                "w": 2048,
                                "resize": "fit",
                                "h": 1365
                            },
                            "thumb": {
                                "w": 150,
                                "resize": "crop",
                                "h": 150
                            }
                        },
                        "id_str": "801463942975553536",
                        "type": "photo",
                        "media_url_https": "https://pbs.twimg.com/media/Cx9fNbVXgAAz8HZ.jpg"
                    }
                ]
            },
            "in_reply_to_status_id": null,
            "favorited": false,
            "favorite_count": 3,
            "created_at": "Wed Nov 23 16:34:29 +0000 2016",
            "coordinates": null,
            "possibly_sensitive": false,
            "entities": {
                "media": [
                    {
                        "display_url": "pic.twitter.com/siSWCZ3Vvb",
                        "indices": [
                            89,
                            112
                        ],
                        "expanded_url": "https://twitter.com/orlandosentinel/status/801463946511257601/photo/1",
                        "media_url": "http://pbs.twimg.com/media/Cx9fNbVXgAAz8HZ.jpg",
                        "url": "https://t.co/siSWCZ3Vvb",
                        "id": 801463942975553536,
                        "sizes": {
                            "small": {
                                "w": 680,
                                "resize": "fit",
                                "h": 453
                            },
                            "medium": {
                                "w": 1200,
                                "resize": "fit",
                                "h": 800
                            },
                            "large": {
                                "w": 2048,
                                "resize": "fit",
                                "h": 1365
                            },
                            "thumb": {
                                "w": 150,
                                "resize": "crop",
                                "h": 150
                            }
                        },
                        "id_str": "801463942975553536",
                        "type": "photo",
                        "media_url_https": "https://pbs.twimg.com/media/Cx9fNbVXgAAz8HZ.jpg"
                    }
                ],
                "user_mentions": [],
                "urls": [
                    {
                        "display_url": "thesent.nl/2gB9J0q",
                        "indices": [
                            65,
                            88
                        ],
                        "expanded_url": "http://thesent.nl/2gB9J0q",
                        "url": "https://t.co/1rQ7cctSNv"
                    }
                ],
                "hashtags": [],
                "symbols": []
            }
        },
        {
            "in_reply_to_user_id_str": null,
            "in_reply_to_screen_name": null,
            "lang": "en",
            "user": {
                "is_translator": false,
                "profile_background_image_url": "http://pbs.twimg.com/profile_background_images/378800000167425621/KsGhbXdn.jpeg",
                "friends_count": 584,
                "profile_banner_url": "https://pbs.twimg.com/profile_banners/1429761/1429874320",
                "lang": "en",
                "screen_name": "orlandosentinel",
                "follow_request_sent": false,
                "geo_enabled": true,
                "profile_image_url": "http://pbs.twimg.com/profile_images/511895715086225409/gkbtKjFU_normal.png",
                "protected": false,
                "notifications": false,
                "default_profile_image": false,
                "listed_count": 3103,
                "description": "The Orlando Sentinel is the most comprehensive news source of the Central Florida region.",
                "profile_sidebar_border_color": "FFFFFF",
                "has_extended_profile": false,
                "id": 1429761,
                "profile_use_background_image": false,
                "location": "Orlando, FL",
                "url": "http://t.co/4aB05T4abC",
                "statuses_count": 114535,
                "profile_image_url_https": "https://pbs.twimg.com/profile_images/511895715086225409/gkbtKjFU_normal.png",
                "profile_link_color": "00B5CC",
                "id_str": "1429761",
                "translator_type": "none",
                "followers_count": 214267,
                "utc_offset": -18000,
                "default_profile": false,
                "profile_text_color": "333333",
                "is_translation_enabled": false,
                "profile_background_tile": false,
                "favourites_count": 670,
                "profile_background_color": "F9ED2E",
                "verified": true,
                "profile_sidebar_fill_color": "A0C5C7",
                "name": "Orlando Sentinel",
                "following": false,
                "profile_background_image_url_https": "https://pbs.twimg.com/profile_background_images/378800000167425621/KsGhbXdn.jpeg",
                "contributors_enabled": false,
                "created_at": "Sun Mar 18 18:02:20 +0000 2007",
                "entities": {
                    "description": {
                        "urls": []
                    },
                    "url": {
                        "urls": [
                            {
                                "display_url": "orlandosentinel.com",
                                "indices": [
                                    0,
                                    22
                                ],
                                "expanded_url": "http://www.orlandosentinel.com",
                                "url": "http://t.co/4aB05T4abC"
                            }
                        ]
                    }
                },
                "time_zone": "Eastern Time (US & Canada)"
            },
            "contributors": null,
            "metadata": {
                "result_type": "recent",
                "iso_language_code": "en"
            },
            "retweet_count": 2,
            "id": 801421025753923584,
            "geo": null,
            "id_str": "801421025753923584",
            "place": null,
            "source": "<a href=\"http://www.socialflow.com\" rel=\"nofollow\">SocialFlow</a>",
            "in_reply_to_user_id": null,
            "is_quote_status": false,
            "text": "Dalai Lama has 'no worries' about a Trump presidency https://t.co/FJrInaoVJ8 https://t.co/q5URVsJnSu",
            "retweeted": false,
            "truncated": false,
            "in_reply_to_status_id_str": null,
            "extended_entities": {
                "media": [
                    {
                        "display_url": "pic.twitter.com/q5URVsJnSu",
                        "indices": [
                            77,
                            100
                        ],
                        "expanded_url": "https://twitter.com/orlandosentinel/status/801421025753923584/photo/1",
                        "media_url": "http://pbs.twimg.com/media/Cx84LMOWEAAysSq.jpg",
                        "url": "https://t.co/q5URVsJnSu",
                        "id": 801421023606345728,
                        "sizes": {
                            "small": {
                                "w": 680,
                                "resize": "fit",
                                "h": 445
                            },
                            "medium": {
                                "w": 1200,
                                "resize": "fit",
                                "h": 785
                            },
                            "large": {
                                "w": 1300,
                                "resize": "fit",
                                "h": 850
                            },
                            "thumb": {
                                "w": 150,
                                "resize": "crop",
                                "h": 150
                            }
                        },
                        "id_str": "801421023606345728",
                        "type": "photo",
                        "media_url_https": "https://pbs.twimg.com/media/Cx84LMOWEAAysSq.jpg"
                    }
                ]
            },
            "in_reply_to_status_id": null,
            "favorited": false,
            "favorite_count": 5,
            "created_at": "Wed Nov 23 13:43:56 +0000 2016",
            "coordinates": null,
            "possibly_sensitive": false,
            "entities": {
                "media": [
                    {
                        "display_url": "pic.twitter.com/q5URVsJnSu",
                        "indices": [
                            77,
                            100
                        ],
                        "expanded_url": "https://twitter.com/orlandosentinel/status/801421025753923584/photo/1",
                        "media_url": "http://pbs.twimg.com/media/Cx84LMOWEAAysSq.jpg",
                        "url": "https://t.co/q5URVsJnSu",
                        "id": 801421023606345728,
                        "sizes": {
                            "small": {
                                "w": 680,
                                "resize": "fit",
                                "h": 445
                            },
                            "medium": {
                                "w": 1200,
                                "resize": "fit",
                                "h": 785
                            },
                            "large": {
                                "w": 1300,
                                "resize": "fit",
                                "h": 850
                            },
                            "thumb": {
                                "w": 150,
                                "resize": "crop",
                                "h": 150
                            }
                        },
                        "id_str": "801421023606345728",
                        "type": "photo",
                        "media_url_https": "https://pbs.twimg.com/media/Cx84LMOWEAAysSq.jpg"
                    }
                ],
                "user_mentions": [],
                "urls": [
                    {
                        "display_url": "thesent.nl/2gljBsd",
                        "indices": [
                            53,
                            76
                        ],
                        "expanded_url": "http://thesent.nl/2gljBsd",
                        "url": "https://t.co/FJrInaoVJ8"
                    }
                ],
                "hashtags": [],
                "symbols": []
            }
        },
        {
            "in_reply_to_user_id_str": null,
            "in_reply_to_screen_name": null,
            "lang": "en",
            "user": {
                "is_translator": false,
                "profile_background_image_url": "http://pbs.twimg.com/profile_background_images/378800000167425621/KsGhbXdn.jpeg",
                "friends_count": 584,
                "profile_banner_url": "https://pbs.twimg.com/profile_banners/1429761/1429874320",
                "lang": "en",
                "screen_name": "orlandosentinel",
                "follow_request_sent": false,
                "geo_enabled": true,
                "profile_image_url": "http://pbs.twimg.com/profile_images/511895715086225409/gkbtKjFU_normal.png",
                "protected": false,
                "notifications": false,
                "default_profile_image": false,
                "listed_count": 3103,
                "description": "The Orlando Sentinel is the most comprehensive news source of the Central Florida region.",
                "profile_sidebar_border_color": "FFFFFF",
                "has_extended_profile": false,
                "id": 1429761,
                "profile_use_background_image": false,
                "location": "Orlando, FL",
                "url": "http://t.co/4aB05T4abC",
                "statuses_count": 114535,
                "profile_image_url_https": "https://pbs.twimg.com/profile_images/511895715086225409/gkbtKjFU_normal.png",
                "profile_link_color": "00B5CC",
                "id_str": "1429761",
                "translator_type": "none",
                "followers_count": 214267,
                "utc_offset": -18000,
                "default_profile": false,
                "profile_text_color": "333333",
                "is_translation_enabled": false,
                "profile_background_tile": false,
                "favourites_count": 670,
                "profile_background_color": "F9ED2E",
                "verified": true,
                "profile_sidebar_fill_color": "A0C5C7",
                "name": "Orlando Sentinel",
                "following": false,
                "profile_background_image_url_https": "https://pbs.twimg.com/profile_background_images/378800000167425621/KsGhbXdn.jpeg",
                "contributors_enabled": false,
                "created_at": "Sun Mar 18 18:02:20 +0000 2007",
                "entities": {
                    "description": {
                        "urls": []
                    },
                    "url": {
                        "urls": [
                            {
                                "display_url": "orlandosentinel.com",
                                "indices": [
                                    0,
                                    22
                                ],
                                "expanded_url": "http://www.orlandosentinel.com",
                                "url": "http://t.co/4aB05T4abC"
                            }
                        ]
                    }
                },
                "time_zone": "Eastern Time (US & Canada)"
            },
            "contributors": null,
            "metadata": {
                "result_type": "recent",
                "iso_language_code": "en"
            },
            "retweet_count": 0,
            "id": 801401090075979776,
            "geo": null,
            "id_str": "801401090075979776",
            "place": null,
            "source": "<a href=\"http://www.socialflow.com\" rel=\"nofollow\">SocialFlow</a>",
            "in_reply_to_user_id": null,
            "is_quote_status": false,
            "text": "Sources: Trump taps South Carolina Gov. Nikki Haley for ambassador to UN https://t.co/yokFzxSUsO https://t.co/zb9diSqfF7",
            "retweeted": false,
            "truncated": false,
            "in_reply_to_status_id_str": null,
            "extended_entities": {
                "media": [
                    {
                        "display_url": "pic.twitter.com/zb9diSqfF7",
                        "indices": [
                            97,
                            120
                        ],
                        "expanded_url": "https://twitter.com/orlandosentinel/status/801401090075979776/photo/1",
                        "media_url": "http://pbs.twimg.com/media/Cx8mCv5XEAAymb-.jpg",
                        "url": "https://t.co/zb9diSqfF7",
                        "id": 801401087353884672,
                        "sizes": {
                            "thumb": {
                                "w": 150,
                                "resize": "crop",
                                "h": 150
                            },
                            "small": {
                                "w": 680,
                                "resize": "fit",
                                "h": 453
                            },
                            "large": {
                                "w": 2048,
                                "resize": "fit",
                                "h": 1365
                            },
                            "medium": {
                                "w": 1200,
                                "resize": "fit",
                                "h": 800
                            }
                        },
                        "id_str": "801401087353884672",
                        "type": "photo",
                        "media_url_https": "https://pbs.twimg.com/media/Cx8mCv5XEAAymb-.jpg"
                    }
                ]
            },
            "in_reply_to_status_id": null,
            "favorited": false,
            "favorite_count": 2,
            "created_at": "Wed Nov 23 12:24:43 +0000 2016",
            "coordinates": null,
            "possibly_sensitive": false,
            "entities": {
                "media": [
                    {
                        "display_url": "pic.twitter.com/zb9diSqfF7",
                        "indices": [
                            97,
                            120
                        ],
                        "expanded_url": "https://twitter.com/orlandosentinel/status/801401090075979776/photo/1",
                        "media_url": "http://pbs.twimg.com/media/Cx8mCv5XEAAymb-.jpg",
                        "url": "https://t.co/zb9diSqfF7",
                        "id": 801401087353884672,
                        "sizes": {
                            "thumb": {
                                "w": 150,
                                "resize": "crop",
                                "h": 150
                            },
                            "small": {
                                "w": 680,
                                "resize": "fit",
                                "h": 453
                            },
                            "large": {
                                "w": 2048,
                                "resize": "fit",
                                "h": 1365
                            },
                            "medium": {
                                "w": 1200,
                                "resize": "fit",
                                "h": 800
                            }
                        },
                        "id_str": "801401087353884672",
                        "type": "photo",
                        "media_url_https": "https://pbs.twimg.com/media/Cx8mCv5XEAAymb-.jpg"
                    }
                ],
                "user_mentions": [],
                "urls": [
                    {
                        "display_url": "thesent.nl/2gfi2ee",
                        "indices": [
                            73,
                            96
                        ],
                        "expanded_url": "http://thesent.nl/2gfi2ee",
                        "url": "https://t.co/yokFzxSUsO"
                    }
                ],
                "hashtags": [],
                "symbols": []
            }
        },
        {
            "in_reply_to_user_id_str": null,
            "in_reply_to_screen_name": null,
            "lang": "en",
            "user": {
                "is_translator": false,
                "profile_background_image_url": "http://pbs.twimg.com/profile_background_images/378800000167425621/KsGhbXdn.jpeg",
                "friends_count": 584,
                "profile_banner_url": "https://pbs.twimg.com/profile_banners/1429761/1429874320",
                "lang": "en",
                "screen_name": "orlandosentinel",
                "follow_request_sent": false,
                "geo_enabled": true,
                "profile_image_url": "http://pbs.twimg.com/profile_images/511895715086225409/gkbtKjFU_normal.png",
                "protected": false,
                "notifications": false,
                "default_profile_image": false,
                "listed_count": 3103,
                "description": "The Orlando Sentinel is the most comprehensive news source of the Central Florida region.",
                "profile_sidebar_border_color": "FFFFFF",
                "has_extended_profile": false,
                "id": 1429761,
                "profile_use_background_image": false,
                "location": "Orlando, FL",
                "url": "http://t.co/4aB05T4abC",
                "statuses_count": 114535,
                "profile_image_url_https": "https://pbs.twimg.com/profile_images/511895715086225409/gkbtKjFU_normal.png",
                "profile_link_color": "00B5CC",
                "id_str": "1429761",
                "translator_type": "none",
                "followers_count": 214267,
                "utc_offset": -18000,
                "default_profile": false,
                "profile_text_color": "333333",
                "is_translation_enabled": false,
                "profile_background_tile": false,
                "favourites_count": 670,
                "profile_background_color": "F9ED2E",
                "verified": true,
                "profile_sidebar_fill_color": "A0C5C7",
                "name": "Orlando Sentinel",
                "following": false,
                "profile_background_image_url_https": "https://pbs.twimg.com/profile_background_images/378800000167425621/KsGhbXdn.jpeg",
                "contributors_enabled": false,
                "created_at": "Sun Mar 18 18:02:20 +0000 2007",
                "entities": {
                    "description": {
                        "urls": []
                    },
                    "url": {
                        "urls": [
                            {
                                "display_url": "orlandosentinel.com",
                                "indices": [
                                    0,
                                    22
                                ],
                                "expanded_url": "http://www.orlandosentinel.com",
                                "url": "http://t.co/4aB05T4abC"
                            }
                        ]
                    }
                },
                "time_zone": "Eastern Time (US & Canada)"
            },
            "contributors": null,
            "metadata": {
                "result_type": "recent",
                "iso_language_code": "en"
            },
            "retweet_count": 0,
            "id": 801360622306914304,
            "geo": null,
            "id_str": "801360622306914304",
            "place": null,
            "source": "<a href=\"http://www.socialflow.com\" rel=\"nofollow\">SocialFlow</a>",
            "in_reply_to_user_id": null,
            "is_quote_status": false,
            "text": "Trump's vow to bring back coal gives hope to weary regions https://t.co/DvAJWOXWeE https://t.co/P63l8N815j",
            "retweeted": false,
            "truncated": false,
            "in_reply_to_status_id_str": null,
            "extended_entities": {
                "media": [
                    {
                        "display_url": "pic.twitter.com/P63l8N815j",
                        "indices": [
                            83,
                            106
                        ],
                        "expanded_url": "https://twitter.com/orlandosentinel/status/801360622306914304/photo/1",
                        "media_url": "http://pbs.twimg.com/media/Cx8BPOjWQAAXlVj.jpg",
                        "url": "https://t.co/P63l8N815j",
                        "id": 801360619811258368,
                        "sizes": {
                            "small": {
                                "w": 680,
                                "resize": "fit",
                                "h": 485
                            },
                            "medium": {
                                "w": 1200,
                                "resize": "fit",
                                "h": 855
                            },
                            "large": {
                                "w": 2048,
                                "resize": "fit",
                                "h": 1460
                            },
                            "thumb": {
                                "w": 150,
                                "resize": "crop",
                                "h": 150
                            }
                        },
                        "id_str": "801360619811258368",
                        "type": "photo",
                        "media_url_https": "https://pbs.twimg.com/media/Cx8BPOjWQAAXlVj.jpg"
                    }
                ]
            },
            "in_reply_to_status_id": null,
            "favorited": false,
            "favorite_count": 3,
            "created_at": "Wed Nov 23 09:43:55 +0000 2016",
            "coordinates": null,
            "possibly_sensitive": false,
            "entities": {
                "media": [
                    {
                        "display_url": "pic.twitter.com/P63l8N815j",
                        "indices": [
                            83,
                            106
                        ],
                        "expanded_url": "https://twitter.com/orlandosentinel/status/801360622306914304/photo/1",
                        "media_url": "http://pbs.twimg.com/media/Cx8BPOjWQAAXlVj.jpg",
                        "url": "https://t.co/P63l8N815j",
                        "id": 801360619811258368,
                        "sizes": {
                            "small": {
                                "w": 680,
                                "resize": "fit",
                                "h": 485
                            },
                            "medium": {
                                "w": 1200,
                                "resize": "fit",
                                "h": 855
                            },
                            "large": {
                                "w": 2048,
                                "resize": "fit",
                                "h": 1460
                            },
                            "thumb": {
                                "w": 150,
                                "resize": "crop",
                                "h": 150
                            }
                        },
                        "id_str": "801360619811258368",
                        "type": "photo",
                        "media_url_https": "https://pbs.twimg.com/media/Cx8BPOjWQAAXlVj.jpg"
                    }
                ],
                "user_mentions": [],
                "urls": [
                    {
                        "display_url": "thesent.nl/2fliQ04",
                        "indices": [
                            59,
                            82
                        ],
                        "expanded_url": "http://thesent.nl/2fliQ04",
                        "url": "https://t.co/DvAJWOXWeE"
                    }
                ],
                "hashtags": [],
                "symbols": []
            }
        },
        {
            "in_reply_to_user_id_str": null,
            "in_reply_to_screen_name": null,
            "lang": "en",
            "user": {
                "is_translator": false,
                "profile_background_image_url": "http://pbs.twimg.com/profile_background_images/378800000167425621/KsGhbXdn.jpeg",
                "friends_count": 584,
                "profile_banner_url": "https://pbs.twimg.com/profile_banners/1429761/1429874320",
                "lang": "en",
                "screen_name": "orlandosentinel",
                "follow_request_sent": false,
                "geo_enabled": true,
                "profile_image_url": "http://pbs.twimg.com/profile_images/511895715086225409/gkbtKjFU_normal.png",
                "protected": false,
                "notifications": false,
                "default_profile_image": false,
                "listed_count": 3103,
                "description": "The Orlando Sentinel is the most comprehensive news source of the Central Florida region.",
                "profile_sidebar_border_color": "FFFFFF",
                "has_extended_profile": false,
                "id": 1429761,
                "profile_use_background_image": false,
                "location": "Orlando, FL",
                "url": "http://t.co/4aB05T4abC",
                "statuses_count": 114535,
                "profile_image_url_https": "https://pbs.twimg.com/profile_images/511895715086225409/gkbtKjFU_normal.png",
                "profile_link_color": "00B5CC",
                "id_str": "1429761",
                "translator_type": "none",
                "followers_count": 214267,
                "utc_offset": -18000,
                "default_profile": false,
                "profile_text_color": "333333",
                "is_translation_enabled": false,
                "profile_background_tile": false,
                "favourites_count": 670,
                "profile_background_color": "F9ED2E",
                "verified": true,
                "profile_sidebar_fill_color": "A0C5C7",
                "name": "Orlando Sentinel",
                "following": false,
                "profile_background_image_url_https": "https://pbs.twimg.com/profile_background_images/378800000167425621/KsGhbXdn.jpeg",
                "contributors_enabled": false,
                "created_at": "Sun Mar 18 18:02:20 +0000 2007",
                "entities": {
                    "description": {
                        "urls": []
                    },
                    "url": {
                        "urls": [
                            {
                                "display_url": "orlandosentinel.com",
                                "indices": [
                                    0,
                                    22
                                ],
                                "expanded_url": "http://www.orlandosentinel.com",
                                "url": "http://t.co/4aB05T4abC"
                            }
                        ]
                    }
                },
                "time_zone": "Eastern Time (US & Canada)"
            },
            "contributors": null,
            "metadata": {
                "result_type": "recent",
                "iso_language_code": "en"
            },
            "retweet_count": 3,
            "id": 801213784995966976,
            "geo": null,
            "id_str": "801213784995966976",
            "favorite_count": 2,
            "source": "<a href=\"http://www.socialflow.com\" rel=\"nofollow\">SocialFlow</a>",
            "in_reply_to_user_id": null,
            "is_quote_status": false,
            "retweeted": false,
            "truncated": true,
            "in_reply_to_status_id_str": null,
            "text": "Trump says president 'can't have a conflict of interest,' suggests he could continue to run company\u2026 https://t.co/S80A8ixL2q",
            "in_reply_to_status_id": null,
            "favorited": false,
            "place": null,
            "created_at": "Wed Nov 23 00:00:26 +0000 2016",
            "coordinates": null,
            "possibly_sensitive": false,
            "entities": {
                "user_mentions": [],
                "urls": [
                    {
                        "display_url": "twitter.com/i/web/status/8\u2026",
                        "indices": [
                            101,
                            124
                        ],
                        "expanded_url": "https://twitter.com/i/web/status/801213784995966976",
                        "url": "https://t.co/S80A8ixL2q"
                    }
                ],
                "hashtags": [],
                "symbols": []
            }
        }
    ],
    "search_metadata": {
        "completed_in": 0.044,
        "refresh_url": "?since_id=801560753065119755&q=Trump%20from%3Aorlandosentinel%20since%3A2016-11-23%20until%3A2016-11-24%20filter%3Alinks%20-%40orlandosentinel&include_entities=1",
        "since_id_str": "0",
        "max_id": 801560753065119755,
        "query": "Trump+from%3Aorlandosentinel+since%3A2016-11-23+until%3A2016-11-24+filter%3Alinks+-%40orlandosentinel",
        "count": 100,
        "since_id": 0,
        "max_id_str": "801560753065119755"
    }
}