{
    "statuses": [
        {
            "in_reply_to_user_id_str": null,
            "in_reply_to_screen_name": null,
            "lang": "en",
            "user": {
                "is_translator": false,
                "profile_background_image_url": "http://abs.twimg.com/images/themes/theme15/bg.png",
                "friends_count": 156,
                "profile_banner_url": "https://pbs.twimg.com/profile_banners/121597316/1431378314",
                "lang": "en",
                "screen_name": "sfchronicle",
                "follow_request_sent": false,
                "geo_enabled": false,
                "profile_image_url": "http://pbs.twimg.com/profile_images/695773573919543296/Q1mS960c_normal.jpg",
                "protected": false,
                "notifications": false,
                "default_profile_image": false,
                "listed_count": 2172,
                "description": "The Voice of the West. The Voice of San Francisco and the Bay Area.",
                "profile_sidebar_border_color": "000000",
                "has_extended_profile": false,
                "id": 121597316,
                "profile_use_background_image": false,
                "location": "San Francisco, CA",
                "url": "https://t.co/CV0gqM16Hp",
                "statuses_count": 46968,
                "profile_image_url_https": "https://pbs.twimg.com/profile_images/695773573919543296/Q1mS960c_normal.jpg",
                "profile_link_color": "FA743E",
                "id_str": "121597316",
                "translator_type": "none",
                "followers_count": 102128,
                "utc_offset": -28800,
                "default_profile": false,
                "profile_text_color": "000000",
                "is_translation_enabled": false,
                "profile_background_tile": false,
                "favourites_count": 2576,
                "profile_background_color": "000000",
                "verified": true,
                "profile_sidebar_fill_color": "000000",
                "name": "SFChronicle",
                "following": false,
                "profile_background_image_url_https": "https://abs.twimg.com/images/themes/theme15/bg.png",
                "contributors_enabled": false,
                "created_at": "Wed Mar 10 00:44:07 +0000 2010",
                "entities": {
                    "description": {
                        "urls": []
                    },
                    "url": {
                        "urls": [
                            {
                                "display_url": "SFChronicle.com",
                                "indices": [
                                    0,
                                    23
                                ],
                                "expanded_url": "http://SFChronicle.com",
                                "url": "https://t.co/CV0gqM16Hp"
                            }
                        ]
                    }
                },
                "time_zone": "Pacific Time (US & Canada)"
            },
            "contributors": null,
            "metadata": {
                "result_type": "recent",
                "iso_language_code": "en"
            },
            "retweet_count": 2,
            "id": 801459201964789761,
            "geo": null,
            "id_str": "801459201964789761",
            "place": null,
            "source": "<a href=\"https://about.twitter.com/products/tweetdeck\" rel=\"nofollow\">TweetDeck</a>",
            "in_reply_to_user_id": null,
            "is_quote_status": false,
            "text": "Trump chooses SC Gov Nikki Haley to be ambassador to UN.  https://t.co/QP4ELAtu0a https://t.co/SV3d13Q2kx",
            "retweeted": false,
            "truncated": false,
            "in_reply_to_status_id_str": null,
            "extended_entities": {
                "media": [
                    {
                        "display_url": "pic.twitter.com/SV3d13Q2kx",
                        "indices": [
                            82,
                            105
                        ],
                        "expanded_url": "https://twitter.com/sfchronicle/status/801459201964789761/photo/1",
                        "media_url": "http://pbs.twimg.com/media/Cx9a4OTUcAAYuQV.jpg",
                        "url": "https://t.co/SV3d13Q2kx",
                        "id": 801459180653539328,
                        "sizes": {
                            "thumb": {
                                "w": 150,
                                "resize": "crop",
                                "h": 150
                            },
                            "small": {
                                "w": 598,
                                "resize": "fit",
                                "h": 386
                            },
                            "large": {
                                "w": 598,
                                "resize": "fit",
                                "h": 386
                            },
                            "medium": {
                                "w": 598,
                                "resize": "fit",
                                "h": 386
                            }
                        },
                        "id_str": "801459180653539328",
                        "type": "photo",
                        "media_url_https": "https://pbs.twimg.com/media/Cx9a4OTUcAAYuQV.jpg"
                    }
                ]
            },
            "in_reply_to_status_id": null,
            "favorited": false,
            "favorite_count": 2,
            "created_at": "Wed Nov 23 16:15:38 +0000 2016",
            "coordinates": null,
            "possibly_sensitive": false,
            "entities": {
                "media": [
                    {
                        "display_url": "pic.twitter.com/SV3d13Q2kx",
                        "indices": [
                            82,
                            105
                        ],
                        "expanded_url": "https://twitter.com/sfchronicle/status/801459201964789761/photo/1",
                        "media_url": "http://pbs.twimg.com/media/Cx9a4OTUcAAYuQV.jpg",
                        "url": "https://t.co/SV3d13Q2kx",
                        "id": 801459180653539328,
                        "sizes": {
                            "thumb": {
                                "w": 150,
                                "resize": "crop",
                                "h": 150
                            },
                            "small": {
                                "w": 598,
                                "resize": "fit",
                                "h": 386
                            },
                            "large": {
                                "w": 598,
                                "resize": "fit",
                                "h": 386
                            },
                            "medium": {
                                "w": 598,
                                "resize": "fit",
                                "h": 386
                            }
                        },
                        "id_str": "801459180653539328",
                        "type": "photo",
                        "media_url_https": "https://pbs.twimg.com/media/Cx9a4OTUcAAYuQV.jpg"
                    }
                ],
                "user_mentions": [],
                "urls": [
                    {
                        "display_url": "sfchronicle.com/news/politics/\u2026",
                        "indices": [
                            58,
                            81
                        ],
                        "expanded_url": "http://www.sfchronicle.com/news/politics/article/AP-Sources-Trump-taps-Gov-Nikki-Haley-for-10632211.php?t=a5946b583c&cmpid=twitter-premium",
                        "url": "https://t.co/QP4ELAtu0a"
                    }
                ],
                "hashtags": [],
                "symbols": []
            }
        },
        {
            "in_reply_to_user_id_str": null,
            "in_reply_to_screen_name": null,
            "lang": "en",
            "user": {
                "is_translator": false,
                "profile_background_image_url": "http://abs.twimg.com/images/themes/theme15/bg.png",
                "friends_count": 156,
                "profile_banner_url": "https://pbs.twimg.com/profile_banners/121597316/1431378314",
                "lang": "en",
                "screen_name": "sfchronicle",
                "follow_request_sent": false,
                "geo_enabled": false,
                "profile_image_url": "http://pbs.twimg.com/profile_images/695773573919543296/Q1mS960c_normal.jpg",
                "protected": false,
                "notifications": false,
                "default_profile_image": false,
                "listed_count": 2172,
                "description": "The Voice of the West. The Voice of San Francisco and the Bay Area.",
                "profile_sidebar_border_color": "000000",
                "has_extended_profile": false,
                "id": 121597316,
                "profile_use_background_image": false,
                "location": "San Francisco, CA",
                "url": "https://t.co/CV0gqM16Hp",
                "statuses_count": 46968,
                "profile_image_url_https": "https://pbs.twimg.com/profile_images/695773573919543296/Q1mS960c_normal.jpg",
                "profile_link_color": "FA743E",
                "id_str": "121597316",
                "translator_type": "none",
                "followers_count": 102128,
                "utc_offset": -28800,
                "default_profile": false,
                "profile_text_color": "000000",
                "is_translation_enabled": false,
                "profile_background_tile": false,
                "favourites_count": 2576,
                "profile_background_color": "000000",
                "verified": true,
                "profile_sidebar_fill_color": "000000",
                "name": "SFChronicle",
                "following": false,
                "profile_background_image_url_https": "https://abs.twimg.com/images/themes/theme15/bg.png",
                "contributors_enabled": false,
                "created_at": "Wed Mar 10 00:44:07 +0000 2010",
                "entities": {
                    "description": {
                        "urls": []
                    },
                    "url": {
                        "urls": [
                            {
                                "display_url": "SFChronicle.com",
                                "indices": [
                                    0,
                                    23
                                ],
                                "expanded_url": "http://SFChronicle.com",
                                "url": "https://t.co/CV0gqM16Hp"
                            }
                        ]
                    }
                },
                "time_zone": "Pacific Time (US & Canada)"
            },
            "contributors": null,
            "metadata": {
                "result_type": "recent",
                "iso_language_code": "en"
            },
            "retweet_count": 7,
            "id": 801235092777467904,
            "geo": null,
            "id_str": "801235092777467904",
            "place": null,
            "source": "<a href=\"https://about.twitter.com/products/tweetdeck\" rel=\"nofollow\">TweetDeck</a>",
            "in_reply_to_user_id": null,
            "is_quote_status": false,
            "text": "Lawsuit, not Trump, threatens California\u2019s cap-and-trade system. via @DavidBakerSF https://t.co/8fOz8JbP94 https://t.co/LQbM4JN9M5",
            "retweeted": false,
            "truncated": false,
            "in_reply_to_status_id_str": null,
            "extended_entities": {
                "media": [
                    {
                        "display_url": "pic.twitter.com/LQbM4JN9M5",
                        "indices": [
                            107,
                            130
                        ],
                        "expanded_url": "https://twitter.com/sfchronicle/status/801235092777467904/photo/1",
                        "media_url": "http://pbs.twimg.com/media/Cx6PCLsUUAAWkXr.jpg",
                        "url": "https://t.co/LQbM4JN9M5",
                        "id": 801235051379707904,
                        "sizes": {
                            "small": {
                                "w": 680,
                                "resize": "fit",
                                "h": 454
                            },
                            "thumb": {
                                "w": 150,
                                "resize": "crop",
                                "h": 150
                            },
                            "large": {
                                "w": 920,
                                "resize": "fit",
                                "h": 614
                            },
                            "medium": {
                                "w": 920,
                                "resize": "fit",
                                "h": 614
                            }
                        },
                        "id_str": "801235051379707904",
                        "type": "photo",
                        "media_url_https": "https://pbs.twimg.com/media/Cx6PCLsUUAAWkXr.jpg"
                    }
                ]
            },
            "in_reply_to_status_id": null,
            "favorited": false,
            "favorite_count": 4,
            "created_at": "Wed Nov 23 01:25:07 +0000 2016",
            "coordinates": null,
            "possibly_sensitive": false,
            "entities": {
                "media": [
                    {
                        "display_url": "pic.twitter.com/LQbM4JN9M5",
                        "indices": [
                            107,
                            130
                        ],
                        "expanded_url": "https://twitter.com/sfchronicle/status/801235092777467904/photo/1",
                        "media_url": "http://pbs.twimg.com/media/Cx6PCLsUUAAWkXr.jpg",
                        "url": "https://t.co/LQbM4JN9M5",
                        "id": 801235051379707904,
                        "sizes": {
                            "small": {
                                "w": 680,
                                "resize": "fit",
                                "h": 454
                            },
                            "thumb": {
                                "w": 150,
                                "resize": "crop",
                                "h": 150
                            },
                            "large": {
                                "w": 920,
                                "resize": "fit",
                                "h": 614
                            },
                            "medium": {
                                "w": 920,
                                "resize": "fit",
                                "h": 614
                            }
                        },
                        "id_str": "801235051379707904",
                        "type": "photo",
                        "media_url_https": "https://pbs.twimg.com/media/Cx6PCLsUUAAWkXr.jpg"
                    }
                ],
                "user_mentions": [
                    {
                        "name": "David R. Baker",
                        "id_str": "394268358",
                        "id": 394268358,
                        "indices": [
                            69,
                            82
                        ],
                        "screen_name": "DavidBakerSF"
                    }
                ],
                "urls": [
                    {
                        "display_url": "sfchronicle.com/business/artic\u2026",
                        "indices": [
                            83,
                            106
                        ],
                        "expanded_url": "http://www.sfchronicle.com/business/article/Lawsuit-not-Trump-threatens-California-s-10631542.php",
                        "url": "https://t.co/8fOz8JbP94"
                    }
                ],
                "hashtags": [],
                "symbols": []
            }
        }
    ],
    "search_metadata": {
        "completed_in": 0.019,
        "refresh_url": "?since_id=801459201964789761&q=Trump%20from%3Asfchronicle%20since%3A2016-11-23%20until%3A2016-11-24%20filter%3Alinks%20-%40sfchronicle&include_entities=1",
        "since_id_str": "0",
        "max_id": 801459201964789761,
        "query": "Trump+from%3Asfchronicle+since%3A2016-11-23+until%3A2016-11-24+filter%3Alinks+-%40sfchronicle",
        "count": 100,
        "since_id": 0,
        "max_id_str": "801459201964789761"
    }
}