{
    "statuses": [
        {
            "in_reply_to_user_id_str": null,
            "in_reply_to_screen_name": null,
            "lang": "en",
            "user": {
                "is_translator": false,
                "profile_background_image_url": "http://pbs.twimg.com/profile_background_images/3557043/twitter_background.jpg",
                "friends_count": 755,
                "lang": "en",
                "screen_name": "shreveporttimes",
                "follow_request_sent": false,
                "geo_enabled": true,
                "profile_image_url": "http://pbs.twimg.com/profile_images/669166583206408192/xJ56S9sJ_normal.jpg",
                "protected": false,
                "notifications": false,
                "default_profile_image": false,
                "listed_count": 307,
                "description": "Latest news from northwest Louisiana and beyond. RTs do not = endorsements",
                "profile_sidebar_border_color": "D3D2CF",
                "has_extended_profile": false,
                "id": 17870317,
                "profile_use_background_image": true,
                "location": "Shreveport, LA",
                "url": "https://t.co/7vcucPJIik",
                "statuses_count": 82967,
                "profile_image_url_https": "https://pbs.twimg.com/profile_images/669166583206408192/xJ56S9sJ_normal.jpg",
                "profile_link_color": "0765DF",
                "id_str": "17870317",
                "translator_type": "none",
                "followers_count": 26758,
                "utc_offset": -21600,
                "default_profile": false,
                "profile_text_color": "634047",
                "is_translation_enabled": false,
                "profile_background_tile": false,
                "favourites_count": 335,
                "profile_background_color": "EDECE9",
                "verified": true,
                "profile_sidebar_fill_color": "E3E2DE",
                "name": "The Shreveport Times",
                "following": false,
                "profile_background_image_url_https": "https://pbs.twimg.com/profile_background_images/3557043/twitter_background.jpg",
                "contributors_enabled": false,
                "created_at": "Thu Dec 04 15:45:50 +0000 2008",
                "entities": {
                    "description": {
                        "urls": []
                    },
                    "url": {
                        "urls": [
                            {
                                "display_url": "shreveporttimes.com",
                                "indices": [
                                    0,
                                    23
                                ],
                                "expanded_url": "http://www.shreveporttimes.com",
                                "url": "https://t.co/7vcucPJIik"
                            }
                        ]
                    }
                },
                "time_zone": "Central Time (US & Canada)"
            },
            "contributors": null,
            "metadata": {
                "result_type": "recent",
                "iso_language_code": "en"
            },
            "retweet_count": 0,
            "id": 801531453980823552,
            "geo": null,
            "id_str": "801531453980823552",
            "favorite_count": 0,
            "source": "<a href=\"http://dlvr.it\" rel=\"nofollow\">dlvr.it</a>",
            "in_reply_to_user_id": null,
            "is_quote_status": false,
            "retweeted": false,
            "truncated": false,
            "in_reply_to_status_id_str": null,
            "text": "Trump picks DeVos to be Education secretary https://t.co/brofPS2P7C",
            "in_reply_to_status_id": null,
            "favorited": false,
            "place": null,
            "created_at": "Wed Nov 23 21:02:45 +0000 2016",
            "coordinates": null,
            "possibly_sensitive": false,
            "entities": {
                "user_mentions": [],
                "urls": [
                    {
                        "display_url": "bit.ly/2gifnUO",
                        "indices": [
                            44,
                            67
                        ],
                        "expanded_url": "http://bit.ly/2gifnUO",
                        "url": "https://t.co/brofPS2P7C"
                    }
                ],
                "hashtags": [],
                "symbols": []
            }
        },
        {
            "in_reply_to_user_id_str": null,
            "in_reply_to_screen_name": null,
            "lang": "en",
            "user": {
                "is_translator": false,
                "profile_background_image_url": "http://pbs.twimg.com/profile_background_images/3557043/twitter_background.jpg",
                "friends_count": 755,
                "lang": "en",
                "screen_name": "shreveporttimes",
                "follow_request_sent": false,
                "geo_enabled": true,
                "profile_image_url": "http://pbs.twimg.com/profile_images/669166583206408192/xJ56S9sJ_normal.jpg",
                "protected": false,
                "notifications": false,
                "default_profile_image": false,
                "listed_count": 307,
                "description": "Latest news from northwest Louisiana and beyond. RTs do not = endorsements",
                "profile_sidebar_border_color": "D3D2CF",
                "has_extended_profile": false,
                "id": 17870317,
                "profile_use_background_image": true,
                "location": "Shreveport, LA",
                "url": "https://t.co/7vcucPJIik",
                "statuses_count": 82967,
                "profile_image_url_https": "https://pbs.twimg.com/profile_images/669166583206408192/xJ56S9sJ_normal.jpg",
                "profile_link_color": "0765DF",
                "id_str": "17870317",
                "translator_type": "none",
                "followers_count": 26758,
                "utc_offset": -21600,
                "default_profile": false,
                "profile_text_color": "634047",
                "is_translation_enabled": false,
                "profile_background_tile": false,
                "favourites_count": 335,
                "profile_background_color": "EDECE9",
                "verified": true,
                "profile_sidebar_fill_color": "E3E2DE",
                "name": "The Shreveport Times",
                "following": false,
                "profile_background_image_url_https": "https://pbs.twimg.com/profile_background_images/3557043/twitter_background.jpg",
                "contributors_enabled": false,
                "created_at": "Thu Dec 04 15:45:50 +0000 2008",
                "entities": {
                    "description": {
                        "urls": []
                    },
                    "url": {
                        "urls": [
                            {
                                "display_url": "shreveporttimes.com",
                                "indices": [
                                    0,
                                    23
                                ],
                                "expanded_url": "http://www.shreveporttimes.com",
                                "url": "https://t.co/7vcucPJIik"
                            }
                        ]
                    }
                },
                "time_zone": "Central Time (US & Canada)"
            },
            "contributors": null,
            "metadata": {
                "result_type": "recent",
                "iso_language_code": "en"
            },
            "retweet_count": 0,
            "id": 801421594119716864,
            "geo": null,
            "id_str": "801421594119716864",
            "favorite_count": 0,
            "source": "<a href=\"http://dlvr.it\" rel=\"nofollow\">dlvr.it</a>",
            "in_reply_to_user_id": null,
            "is_quote_status": false,
            "retweeted": false,
            "truncated": false,
            "in_reply_to_status_id_str": null,
            "text": "Trump to tap S.C. Gov. Nikki Haley as U.N. ambassador https://t.co/lBYiu4Ymr5",
            "in_reply_to_status_id": null,
            "favorited": false,
            "place": null,
            "created_at": "Wed Nov 23 13:46:12 +0000 2016",
            "coordinates": null,
            "possibly_sensitive": false,
            "entities": {
                "user_mentions": [],
                "urls": [
                    {
                        "display_url": "bit.ly/2gKFHIG",
                        "indices": [
                            54,
                            77
                        ],
                        "expanded_url": "http://bit.ly/2gKFHIG",
                        "url": "https://t.co/lBYiu4Ymr5"
                    }
                ],
                "hashtags": [],
                "symbols": []
            }
        }
    ],
    "search_metadata": {
        "completed_in": 0.087,
        "refresh_url": "?since_id=801531453980823552&q=Trump%20from%3Ashreveporttimes%20since%3A2016-11-23%20until%3A2016-11-24%20filter%3Alinks%20-%40shreveporttimes&include_entities=1",
        "since_id_str": "0",
        "max_id": 801531453980823552,
        "query": "Trump+from%3Ashreveporttimes+since%3A2016-11-23+until%3A2016-11-24+filter%3Alinks+-%40shreveporttimes",
        "count": 100,
        "since_id": 0,
        "max_id_str": "801531453980823552"
    }
}