{
    "statuses": [
        {
            "in_reply_to_user_id_str": null,
            "in_reply_to_screen_name": null,
            "lang": "en",
            "user": {
                "is_translator": false,
                "profile_background_image_url": "http://abs.twimg.com/images/themes/theme2/bg.gif",
                "friends_count": 2483,
                "profile_banner_url": "https://pbs.twimg.com/profile_banners/8729092/1480257563",
                "lang": "en",
                "screen_name": "sunjournal",
                "follow_request_sent": false,
                "geo_enabled": true,
                "profile_image_url": "http://pbs.twimg.com/profile_images/707249051130003456/KfksyOzx_normal.jpg",
                "protected": false,
                "notifications": false,
                "default_profile_image": false,
                "listed_count": 530,
                "description": "News and conversations from Maine since 1847. Send breaking news: breaking@sunjournal.com",
                "profile_sidebar_border_color": "C6E2EE",
                "has_extended_profile": false,
                "id": 8729092,
                "profile_use_background_image": true,
                "location": "Lewiston/Auburn, Maine",
                "url": "http://t.co/g6rua9MqV4",
                "statuses_count": 57357,
                "profile_image_url_https": "https://pbs.twimg.com/profile_images/707249051130003456/KfksyOzx_normal.jpg",
                "profile_link_color": "1F98C7",
                "id_str": "8729092",
                "translator_type": "none",
                "followers_count": 28099,
                "utc_offset": -18000,
                "default_profile": false,
                "profile_text_color": "663B12",
                "is_translation_enabled": false,
                "profile_background_tile": false,
                "favourites_count": 460,
                "profile_background_color": "C6E2EE",
                "verified": false,
                "profile_sidebar_fill_color": "DAECF4",
                "name": "Sun Journal",
                "following": false,
                "profile_background_image_url_https": "https://abs.twimg.com/images/themes/theme2/bg.gif",
                "contributors_enabled": false,
                "created_at": "Fri Sep 07 17:48:02 +0000 2007",
                "entities": {
                    "description": {
                        "urls": []
                    },
                    "url": {
                        "urls": [
                            {
                                "display_url": "sunjournal.com",
                                "indices": [
                                    0,
                                    22
                                ],
                                "expanded_url": "http://www.sunjournal.com",
                                "url": "http://t.co/g6rua9MqV4"
                            }
                        ]
                    }
                },
                "time_zone": "Eastern Time (US & Canada)"
            },
            "contributors": null,
            "metadata": {
                "result_type": "recent",
                "iso_language_code": "en"
            },
            "retweet_count": 0,
            "id": 801571023732805632,
            "geo": null,
            "id_str": "801571023732805632",
            "favorite_count": 0,
            "source": "<a href=\"http://bufferapp.com\" rel=\"nofollow\">Buffer</a>",
            "in_reply_to_user_id": null,
            "is_quote_status": false,
            "retweeted": false,
            "truncated": false,
            "in_reply_to_status_id_str": null,
            "text": "Donald Trump to name Nikki Haley U.S. ambassador to United Nations https://t.co/PItUTohVpJ",
            "in_reply_to_status_id": null,
            "favorited": false,
            "place": null,
            "created_at": "Wed Nov 23 23:39:59 +0000 2016",
            "coordinates": null,
            "possibly_sensitive": false,
            "entities": {
                "user_mentions": [],
                "urls": [
                    {
                        "display_url": "ift.tt/2gkbdty",
                        "indices": [
                            67,
                            90
                        ],
                        "expanded_url": "http://ift.tt/2gkbdty",
                        "url": "https://t.co/PItUTohVpJ"
                    }
                ],
                "hashtags": [],
                "symbols": []
            }
        },
        {
            "in_reply_to_user_id_str": null,
            "in_reply_to_screen_name": null,
            "lang": "en",
            "user": {
                "is_translator": false,
                "profile_background_image_url": "http://abs.twimg.com/images/themes/theme2/bg.gif",
                "friends_count": 2483,
                "profile_banner_url": "https://pbs.twimg.com/profile_banners/8729092/1480257563",
                "lang": "en",
                "screen_name": "sunjournal",
                "follow_request_sent": false,
                "geo_enabled": true,
                "profile_image_url": "http://pbs.twimg.com/profile_images/707249051130003456/KfksyOzx_normal.jpg",
                "protected": false,
                "notifications": false,
                "default_profile_image": false,
                "listed_count": 530,
                "description": "News and conversations from Maine since 1847. Send breaking news: breaking@sunjournal.com",
                "profile_sidebar_border_color": "C6E2EE",
                "has_extended_profile": false,
                "id": 8729092,
                "profile_use_background_image": true,
                "location": "Lewiston/Auburn, Maine",
                "url": "http://t.co/g6rua9MqV4",
                "statuses_count": 57357,
                "profile_image_url_https": "https://pbs.twimg.com/profile_images/707249051130003456/KfksyOzx_normal.jpg",
                "profile_link_color": "1F98C7",
                "id_str": "8729092",
                "translator_type": "none",
                "followers_count": 28099,
                "utc_offset": -18000,
                "default_profile": false,
                "profile_text_color": "663B12",
                "is_translation_enabled": false,
                "profile_background_tile": false,
                "favourites_count": 460,
                "profile_background_color": "C6E2EE",
                "verified": false,
                "profile_sidebar_fill_color": "DAECF4",
                "name": "Sun Journal",
                "following": false,
                "profile_background_image_url_https": "https://abs.twimg.com/images/themes/theme2/bg.gif",
                "contributors_enabled": false,
                "created_at": "Fri Sep 07 17:48:02 +0000 2007",
                "entities": {
                    "description": {
                        "urls": []
                    },
                    "url": {
                        "urls": [
                            {
                                "display_url": "sunjournal.com",
                                "indices": [
                                    0,
                                    22
                                ],
                                "expanded_url": "http://www.sunjournal.com",
                                "url": "http://t.co/g6rua9MqV4"
                            }
                        ]
                    }
                },
                "time_zone": "Eastern Time (US & Canada)"
            },
            "contributors": null,
            "metadata": {
                "result_type": "recent",
                "iso_language_code": "en"
            },
            "retweet_count": 2,
            "id": 801483621228019716,
            "geo": null,
            "id_str": "801483621228019716",
            "favorite_count": 0,
            "source": "<a href=\"https://about.twitter.com/products/tweetdeck\" rel=\"nofollow\">TweetDeck</a>",
            "in_reply_to_user_id": null,
            "is_quote_status": false,
            "retweeted": false,
            "truncated": true,
            "in_reply_to_status_id_str": null,
            "text": ".@realDonaldTrump credits Electoral College for his #Maine rallies https://t.co/4LExtcfG0Y via @SteveCollinsSJ\u2026 https://t.co/XRX46v2GS4",
            "in_reply_to_status_id": null,
            "favorited": false,
            "place": null,
            "created_at": "Wed Nov 23 17:52:40 +0000 2016",
            "coordinates": null,
            "possibly_sensitive": false,
            "entities": {
                "user_mentions": [
                    {
                        "name": "Donald J. Trump",
                        "id_str": "25073877",
                        "id": 25073877,
                        "indices": [
                            1,
                            17
                        ],
                        "screen_name": "realDonaldTrump"
                    },
                    {
                        "name": "Steve Collins",
                        "id_str": "783299724367495168",
                        "id": 783299724367495168,
                        "indices": [
                            95,
                            110
                        ],
                        "screen_name": "SteveCollinsSJ"
                    }
                ],
                "urls": [
                    {
                        "display_url": "sunjournal.com/news/maine/201\u2026",
                        "indices": [
                            67,
                            90
                        ],
                        "expanded_url": "http://www.sunjournal.com/news/maine/2016/11/23/trump-credits-electoral-college-his-maine-rallies/2034986",
                        "url": "https://t.co/4LExtcfG0Y"
                    },
                    {
                        "display_url": "twitter.com/i/web/status/8\u2026",
                        "indices": [
                            112,
                            135
                        ],
                        "expanded_url": "https://twitter.com/i/web/status/801483621228019716",
                        "url": "https://t.co/XRX46v2GS4"
                    }
                ],
                "hashtags": [
                    {
                        "text": "Maine",
                        "indices": [
                            52,
                            58
                        ]
                    }
                ],
                "symbols": []
            }
        },
        {
            "in_reply_to_user_id_str": null,
            "in_reply_to_screen_name": null,
            "lang": "en",
            "user": {
                "is_translator": false,
                "profile_background_image_url": "http://abs.twimg.com/images/themes/theme2/bg.gif",
                "friends_count": 2483,
                "profile_banner_url": "https://pbs.twimg.com/profile_banners/8729092/1480257563",
                "lang": "en",
                "screen_name": "sunjournal",
                "follow_request_sent": false,
                "geo_enabled": true,
                "profile_image_url": "http://pbs.twimg.com/profile_images/707249051130003456/KfksyOzx_normal.jpg",
                "protected": false,
                "notifications": false,
                "default_profile_image": false,
                "listed_count": 530,
                "description": "News and conversations from Maine since 1847. Send breaking news: breaking@sunjournal.com",
                "profile_sidebar_border_color": "C6E2EE",
                "has_extended_profile": false,
                "id": 8729092,
                "profile_use_background_image": true,
                "location": "Lewiston/Auburn, Maine",
                "url": "http://t.co/g6rua9MqV4",
                "statuses_count": 57357,
                "profile_image_url_https": "https://pbs.twimg.com/profile_images/707249051130003456/KfksyOzx_normal.jpg",
                "profile_link_color": "1F98C7",
                "id_str": "8729092",
                "translator_type": "none",
                "followers_count": 28099,
                "utc_offset": -18000,
                "default_profile": false,
                "profile_text_color": "663B12",
                "is_translation_enabled": false,
                "profile_background_tile": false,
                "favourites_count": 460,
                "profile_background_color": "C6E2EE",
                "verified": false,
                "profile_sidebar_fill_color": "DAECF4",
                "name": "Sun Journal",
                "following": false,
                "profile_background_image_url_https": "https://abs.twimg.com/images/themes/theme2/bg.gif",
                "contributors_enabled": false,
                "created_at": "Fri Sep 07 17:48:02 +0000 2007",
                "entities": {
                    "description": {
                        "urls": []
                    },
                    "url": {
                        "urls": [
                            {
                                "display_url": "sunjournal.com",
                                "indices": [
                                    0,
                                    22
                                ],
                                "expanded_url": "http://www.sunjournal.com",
                                "url": "http://t.co/g6rua9MqV4"
                            }
                        ]
                    }
                },
                "time_zone": "Eastern Time (US & Canada)"
            },
            "contributors": null,
            "metadata": {
                "result_type": "recent",
                "iso_language_code": "en"
            },
            "retweet_count": 0,
            "id": 801450235083923456,
            "geo": null,
            "id_str": "801450235083923456",
            "place": null,
            "source": "<a href=\"https://about.twitter.com/products/tweetdeck\" rel=\"nofollow\">TweetDeck</a>",
            "in_reply_to_user_id": null,
            "is_quote_status": false,
            "text": ".@realDonaldTrump to name @nikkihaley U.S. ambassador to United Nations https://t.co/H0JnUCF5wg https://t.co/cMbCqx7t3g",
            "retweeted": false,
            "truncated": false,
            "in_reply_to_status_id_str": null,
            "extended_entities": {
                "media": [
                    {
                        "display_url": "pic.twitter.com/cMbCqx7t3g",
                        "indices": [
                            96,
                            119
                        ],
                        "expanded_url": "https://twitter.com/sunjournal/status/801450235083923456/photo/1",
                        "media_url": "http://pbs.twimg.com/media/Cx9A4FWWIAAy-ww.jpg",
                        "url": "https://t.co/cMbCqx7t3g",
                        "id": 801430590947991552,
                        "sizes": {
                            "small": {
                                "w": 512,
                                "resize": "fit",
                                "h": 341
                            },
                            "thumb": {
                                "w": 150,
                                "resize": "crop",
                                "h": 150
                            },
                            "large": {
                                "w": 512,
                                "resize": "fit",
                                "h": 341
                            },
                            "medium": {
                                "w": 512,
                                "resize": "fit",
                                "h": 341
                            }
                        },
                        "id_str": "801430590947991552",
                        "type": "photo",
                        "media_url_https": "https://pbs.twimg.com/media/Cx9A4FWWIAAy-ww.jpg"
                    }
                ]
            },
            "in_reply_to_status_id": null,
            "favorited": false,
            "favorite_count": 0,
            "created_at": "Wed Nov 23 15:40:00 +0000 2016",
            "coordinates": null,
            "possibly_sensitive": false,
            "entities": {
                "media": [
                    {
                        "display_url": "pic.twitter.com/cMbCqx7t3g",
                        "indices": [
                            96,
                            119
                        ],
                        "expanded_url": "https://twitter.com/sunjournal/status/801450235083923456/photo/1",
                        "media_url": "http://pbs.twimg.com/media/Cx9A4FWWIAAy-ww.jpg",
                        "url": "https://t.co/cMbCqx7t3g",
                        "id": 801430590947991552,
                        "sizes": {
                            "small": {
                                "w": 512,
                                "resize": "fit",
                                "h": 341
                            },
                            "thumb": {
                                "w": 150,
                                "resize": "crop",
                                "h": 150
                            },
                            "large": {
                                "w": 512,
                                "resize": "fit",
                                "h": 341
                            },
                            "medium": {
                                "w": 512,
                                "resize": "fit",
                                "h": 341
                            }
                        },
                        "id_str": "801430590947991552",
                        "type": "photo",
                        "media_url_https": "https://pbs.twimg.com/media/Cx9A4FWWIAAy-ww.jpg"
                    }
                ],
                "user_mentions": [
                    {
                        "name": "Donald J. Trump",
                        "id_str": "25073877",
                        "id": 25073877,
                        "indices": [
                            1,
                            17
                        ],
                        "screen_name": "realDonaldTrump"
                    },
                    {
                        "name": "Nikki Haley",
                        "id_str": "37666984",
                        "id": 37666984,
                        "indices": [
                            26,
                            37
                        ],
                        "screen_name": "nikkihaley"
                    }
                ],
                "urls": [
                    {
                        "display_url": "sunjournal.com/news/0001/11/3\u2026",
                        "indices": [
                            72,
                            95
                        ],
                        "expanded_url": "http://www.sunjournal.com/news/0001/11/30/donald-trump-name-nikki-haley-us-ambassador-united-nations/2034840",
                        "url": "https://t.co/H0JnUCF5wg"
                    }
                ],
                "hashtags": [],
                "symbols": []
            }
        }
    ],
    "search_metadata": {
        "completed_in": 0.031,
        "refresh_url": "?since_id=801571023732805632&q=Trump%20from%3Asunjournal%20since%3A2016-11-23%20until%3A2016-11-24%20filter%3Alinks%20-%40sunjournal&include_entities=1",
        "since_id_str": "0",
        "max_id": 801571023732805632,
        "query": "Trump+from%3Asunjournal+since%3A2016-11-23+until%3A2016-11-24+filter%3Alinks+-%40sunjournal",
        "count": 100,
        "since_id": 0,
        "max_id_str": "801571023732805632"
    }
}