{
    "statuses": [
        {
            "in_reply_to_user_id_str": null,
            "in_reply_to_screen_name": null,
            "lang": "en",
            "user": {
                "is_translator": false,
                "profile_background_image_url": "http://pbs.twimg.com/profile_background_images/874939025/23ec7fd34abab86bf249b96848ab8a8b.jpeg",
                "friends_count": 777,
                "profile_banner_url": "https://pbs.twimg.com/profile_banners/133816716/1423950270",
                "lang": "en",
                "screen_name": "twinfallstn",
                "follow_request_sent": false,
                "geo_enabled": true,
                "profile_image_url": "http://pbs.twimg.com/profile_images/684167578688827392/C5sK_grC_normal.jpg",
                "protected": false,
                "notifications": false,
                "default_profile_image": false,
                "listed_count": 158,
                "description": "Award-winning news organization covering southern Idaho and surrounding areas. Talk to us - we talk back.",
                "profile_sidebar_border_color": "FFFFFF",
                "has_extended_profile": false,
                "id": 133816716,
                "profile_use_background_image": true,
                "location": "Twin Falls, Idaho",
                "url": "http://t.co/jYbxcHqYvI",
                "statuses_count": 28332,
                "profile_image_url_https": "https://pbs.twimg.com/profile_images/684167578688827392/C5sK_grC_normal.jpg",
                "profile_link_color": "8C290F",
                "id_str": "133816716",
                "translator_type": "none",
                "followers_count": 3974,
                "utc_offset": -25200,
                "default_profile": false,
                "profile_text_color": "333333",
                "is_translation_enabled": false,
                "profile_background_tile": false,
                "favourites_count": 1453,
                "profile_background_color": "030303",
                "verified": false,
                "profile_sidebar_fill_color": "EFEFEF",
                "name": "Times-News",
                "following": false,
                "profile_background_image_url_https": "https://pbs.twimg.com/profile_background_images/874939025/23ec7fd34abab86bf249b96848ab8a8b.jpeg",
                "contributors_enabled": false,
                "created_at": "Fri Apr 16 18:13:13 +0000 2010",
                "entities": {
                    "description": {
                        "urls": []
                    },
                    "url": {
                        "urls": [
                            {
                                "display_url": "magicvalley.com",
                                "indices": [
                                    0,
                                    22
                                ],
                                "expanded_url": "http://www.magicvalley.com",
                                "url": "http://t.co/jYbxcHqYvI"
                            }
                        ]
                    }
                },
                "time_zone": "Mountain Time (US & Canada)"
            },
            "contributors": null,
            "metadata": {
                "result_type": "recent",
                "iso_language_code": "en"
            },
            "retweet_count": 0,
            "id": 801488446476976128,
            "geo": null,
            "id_str": "801488446476976128",
            "favorite_count": 1,
            "source": "<a href=\"http://bufferapp.com\" rel=\"nofollow\">Buffer</a>",
            "in_reply_to_user_id": null,
            "is_quote_status": false,
            "retweeted": false,
            "truncated": false,
            "in_reply_to_status_id_str": null,
            "text": "Interior Secretary Otter? Idaho governor mentioned in Trump transition speculation\n  https://t.co/qrdEkxDkOk",
            "in_reply_to_status_id": null,
            "favorited": false,
            "place": null,
            "created_at": "Wed Nov 23 18:11:51 +0000 2016",
            "coordinates": null,
            "possibly_sensitive": false,
            "entities": {
                "user_mentions": [],
                "urls": [
                    {
                        "display_url": "buff.ly/2frTQI9",
                        "indices": [
                            85,
                            108
                        ],
                        "expanded_url": "http://buff.ly/2frTQI9",
                        "url": "https://t.co/qrdEkxDkOk"
                    }
                ],
                "hashtags": [],
                "symbols": []
            }
        }
    ],
    "search_metadata": {
        "completed_in": 0.026,
        "refresh_url": "?since_id=801488446476976128&q=Trump%20from%3Atwinfallstn%20since%3A2016-11-23%20until%3A2016-11-24%20filter%3Alinks%20-%40twinfallstn&include_entities=1",
        "since_id_str": "0",
        "max_id": 801488446476976128,
        "query": "Trump+from%3Atwinfallstn+since%3A2016-11-23+until%3A2016-11-24+filter%3Alinks+-%40twinfallstn",
        "count": 100,
        "since_id": 0,
        "max_id_str": "801488446476976128"
    }
}