{
    "statuses": [],
    "search_metadata": {
        "refresh_url": "?since_id=803509857420619776&q=marihuana%20from%3AABQJournal%20since%3A2016-11-27%20until%3A2016-11-28%20filter%3Alinks%20-%40ABQJournal&include_entities=1",
        "completed_in": 0.015,
        "query": "marihuana+from%3AABQJournal+since%3A2016-11-27+until%3A2016-11-28+filter%3Alinks+-%40ABQJournal",
        "since_id_str": "0",
        "max_id": 803509857420619776,
        "max_id_str": "803509857420619776",
        "since_id": 0,
        "count": 100
    }
}