{
    "search_metadata": {
        "count": 100,
        "since_id": 0,
        "max_id_str": "803669519126274048",
        "max_id": 803669519126274048,
        "since_id_str": "0",
        "refresh_url": "?since_id=803669519126274048&q=marihuana%20from%3Aajc%20since%3A2016-11-27%20until%3A2016-11-28%20filter%3Alinks%20-%40ajc&include_entities=1",
        "query": "marihuana+from%3Aajc+since%3A2016-11-27+until%3A2016-11-28+filter%3Alinks+-%40ajc",
        "completed_in": 0.041
    },
    "statuses": []
}