{
    "statuses": [],
    "search_metadata": {
        "refresh_url": "?since_id=803509887271473152&q=marihuana%20from%3Aargusleader%20since%3A2016-11-27%20until%3A2016-11-28%20filter%3Alinks%20-%40argusleader&include_entities=1",
        "completed_in": 0.033,
        "query": "marihuana+from%3Aargusleader+since%3A2016-11-27+until%3A2016-11-28+filter%3Alinks+-%40argusleader",
        "since_id_str": "0",
        "max_id": 803509887271473152,
        "max_id_str": "803509887271473152",
        "since_id": 0,
        "count": 100
    }
}