{
    "search_metadata": {
        "count": 100,
        "since_id": 0,
        "max_id_str": "803669506937606144",
        "max_id": 803669506937606144,
        "since_id_str": "0",
        "refresh_url": "?since_id=803669506937606144&q=marihuana%20from%3Aarizonarepublic%20since%3A2016-11-27%20until%3A2016-11-28%20filter%3Alinks%20-%40arizonarepublic&include_entities=1",
        "query": "marihuana+from%3Aarizonarepublic+since%3A2016-11-27+until%3A2016-11-28+filter%3Alinks+-%40arizonarepublic",
        "completed_in": 0.016
    },
    "statuses": []
}