{
    "search_metadata": {
        "count": 100,
        "since_id": 0,
        "max_id_str": "803669526910902272",
        "max_id": 803669526910902272,
        "since_id_str": "0",
        "refresh_url": "?since_id=803669526910902272&q=marihuana%20from%3Abaltimoresun%20since%3A2016-11-27%20until%3A2016-11-28%20filter%3Alinks%20-%40baltimoresun&include_entities=1",
        "query": "marihuana+from%3Abaltimoresun+since%3A2016-11-27+until%3A2016-11-28+filter%3Alinks+-%40baltimoresun",
        "completed_in": 0.019
    },
    "statuses": []
}