{
    "statuses": [],
    "search_metadata": {
        "refresh_url": "?since_id=803509899955011584&q=marihuana%20from%3Abfp_news%20since%3A2016-11-27%20until%3A2016-11-28%20filter%3Alinks%20-%40bfp_news&include_entities=1",
        "completed_in": 0.035,
        "query": "marihuana+from%3Abfp_news+since%3A2016-11-27+until%3A2016-11-28+filter%3Alinks+-%40bfp_news",
        "since_id_str": "0",
        "max_id": 803509899955011584,
        "max_id_str": "803509899955011584",
        "since_id": 0,
        "count": 100
    }
}