{
    "statuses": [],
    "search_metadata": {
        "refresh_url": "?since_id=803509842090528768&q=marihuana%20from%3Abillingsgazette%20since%3A2016-11-27%20until%3A2016-11-28%20filter%3Alinks%20-%40billingsgazette&include_entities=1",
        "completed_in": 0.017,
        "query": "marihuana+from%3Abillingsgazette+since%3A2016-11-27+until%3A2016-11-28+filter%3Alinks+-%40billingsgazette",
        "since_id_str": "0",
        "max_id": 803509842090528768,
        "max_id_str": "803509842090528768",
        "since_id": 0,
        "count": 100
    }
}