{
    "statuses": [],
    "search_metadata": {
        "refresh_url": "?since_id=803509867780669440&q=marihuana%20from%3Abistrib%20since%3A2016-11-27%20until%3A2016-11-28%20filter%3Alinks%20-%40bistrib&include_entities=1",
        "completed_in": 0.037,
        "query": "marihuana+from%3Abistrib+since%3A2016-11-27+until%3A2016-11-28+filter%3Alinks+-%40bistrib",
        "since_id_str": "0",
        "max_id": 803509867780669440,
        "max_id_str": "803509867780669440",
        "since_id": 0,
        "count": 100
    }
}