{
    "statuses": [
        {
            "is_quote_status": false,
            "source": "<a href=\"https://about.twitter.com/products/tweetdeck\" rel=\"nofollow\">TweetDeck</a>",
            "coordinates": null,
            "metadata": {
                "result_type": "recent",
                "iso_language_code": "en"
            },
            "user": {
                "profile_banner_url": "https://pbs.twimg.com/profile_banners/7313362/1479647725",
                "default_profile": false,
                "contributors_enabled": false,
                "description": "Chicago Tribune news, features and so much more live from our newsroom. A part of your life since 1847.",
                "has_extended_profile": false,
                "following": true,
                "translator_type": "regular",
                "protected": false,
                "profile_image_url": "http://pbs.twimg.com/profile_images/497063779952099328/kwXnsWCE_normal.jpeg",
                "profile_background_color": "E1E1E1",
                "favourites_count": 300,
                "profile_sidebar_border_color": "FFFFFF",
                "lang": "en",
                "verified": true,
                "followers_count": 742327,
                "url": "https://t.co/gaVbUBEf0t",
                "profile_image_url_https": "https://pbs.twimg.com/profile_images/497063779952099328/kwXnsWCE_normal.jpeg",
                "id": 7313362,
                "id_str": "7313362",
                "profile_use_background_image": false,
                "screen_name": "chicagotribune",
                "is_translation_enabled": false,
                "location": "Chicago, IL",
                "profile_background_image_url": "http://pbs.twimg.com/profile_background_images/585532601131110400/8tDplQzV.jpg",
                "default_profile_image": false,
                "profile_text_color": "414141",
                "statuses_count": 112842,
                "is_translator": false,
                "follow_request_sent": false,
                "time_zone": "Central Time (US & Canada)",
                "profile_sidebar_fill_color": "E8F3F7",
                "friends_count": 751,
                "profile_link_color": "336699",
                "entities": {
                    "description": {
                        "urls": []
                    },
                    "url": {
                        "urls": [
                            {
                                "display_url": "chicagotribune.com",
                                "indices": [
                                    0,
                                    23
                                ],
                                "url": "https://t.co/gaVbUBEf0t",
                                "expanded_url": "http://chicagotribune.com"
                            }
                        ]
                    }
                },
                "profile_background_image_url_https": "https://pbs.twimg.com/profile_background_images/585532601131110400/8tDplQzV.jpg",
                "geo_enabled": false,
                "created_at": "Sat Jul 07 14:10:07 +0000 2007",
                "notifications": false,
                "name": "Chicago Tribune",
                "profile_background_tile": false,
                "utc_offset": -21600,
                "listed_count": 10268
            },
            "truncated": false,
            "text": "Trump begins to back away from campaign vows on Clinton investigation, climate change https://t.co/6NHY51Ur5Z https://t.co/9D6H1Fpi4W",
            "in_reply_to_status_id": null,
            "lang": "en",
            "in_reply_to_screen_name": null,
            "extended_entities": {
                "media": [
                    {
                        "display_url": "pic.twitter.com/9D6H1Fpi4W",
                        "type": "photo",
                        "expanded_url": "https://twitter.com/chicagotribune/status/801249494260125697/photo/1",
                        "media_url_https": "https://pbs.twimg.com/media/Cx6cKdCXUAAhMBw.jpg",
                        "media_url": "http://pbs.twimg.com/media/Cx6cKdCXUAAhMBw.jpg",
                        "sizes": {
                            "thumb": {
                                "h": 150,
                                "resize": "crop",
                                "w": 150
                            },
                            "medium": {
                                "h": 591,
                                "resize": "fit",
                                "w": 1050
                            },
                            "large": {
                                "h": 591,
                                "resize": "fit",
                                "w": 1050
                            },
                            "small": {
                                "h": 383,
                                "resize": "fit",
                                "w": 680
                            }
                        },
                        "id": 801249487125696512,
                        "id_str": "801249487125696512",
                        "indices": [
                            110,
                            133
                        ],
                        "url": "https://t.co/9D6H1Fpi4W"
                    }
                ]
            },
            "place": null,
            "id": 801249494260125697,
            "id_str": "801249494260125697",
            "in_reply_to_status_id_str": null,
            "retweeted": false,
            "favorite_count": 14,
            "geo": null,
            "in_reply_to_user_id": null,
            "retweet_count": 2,
            "possibly_sensitive": false,
            "in_reply_to_user_id_str": null,
            "contributors": null,
            "created_at": "Wed Nov 23 02:22:20 +0000 2016",
            "entities": {
                "media": [
                    {
                        "display_url": "pic.twitter.com/9D6H1Fpi4W",
                        "type": "photo",
                        "expanded_url": "https://twitter.com/chicagotribune/status/801249494260125697/photo/1",
                        "media_url_https": "https://pbs.twimg.com/media/Cx6cKdCXUAAhMBw.jpg",
                        "media_url": "http://pbs.twimg.com/media/Cx6cKdCXUAAhMBw.jpg",
                        "sizes": {
                            "thumb": {
                                "h": 150,
                                "resize": "crop",
                                "w": 150
                            },
                            "medium": {
                                "h": 591,
                                "resize": "fit",
                                "w": 1050
                            },
                            "large": {
                                "h": 591,
                                "resize": "fit",
                                "w": 1050
                            },
                            "small": {
                                "h": 383,
                                "resize": "fit",
                                "w": 680
                            }
                        },
                        "id": 801249487125696512,
                        "id_str": "801249487125696512",
                        "indices": [
                            110,
                            133
                        ],
                        "url": "https://t.co/9D6H1Fpi4W"
                    }
                ],
                "urls": [
                    {
                        "display_url": "trib.in/2gICcCu",
                        "indices": [
                            86,
                            109
                        ],
                        "url": "https://t.co/6NHY51Ur5Z",
                        "expanded_url": "http://trib.in/2gICcCu"
                    }
                ],
                "symbols": [],
                "hashtags": [],
                "user_mentions": []
            },
            "favorited": false
        }
    ],
    "search_metadata": {
        "max_id": 801249494260125697,
        "completed_in": 0.022,
        "refresh_url": "?since_id=801249494260125697&q=Hillary%20OR%20Clinton%20from%3Achicagotribune%20since%3A2016-11-23%20until%3A2016-11-24%20filter%3Alinks%20-%40chicagotribune&include_entities=1",
        "count": 100,
        "since_id_str": "0",
        "since_id": 0,
        "max_id_str": "801249494260125697",
        "query": "Hillary+OR+Clinton+from%3Achicagotribune+since%3A2016-11-23+until%3A2016-11-24+filter%3Alinks+-%40chicagotribune"
    }
}