{
    "statuses": [
        {
            "is_quote_status": false,
            "source": "<a href=\"http://www.hootsuite.com\" rel=\"nofollow\">Hootsuite</a>",
            "coordinates": null,
            "metadata": {
                "result_type": "recent",
                "iso_language_code": "en"
            },
            "user": {
                "profile_banner_url": "https://pbs.twimg.com/profile_banners/13657922/1398290852",
                "default_profile": false,
                "contributors_enabled": false,
                "description": "Latest headlines from The Des Moines Register",
                "has_extended_profile": false,
                "following": false,
                "translator_type": "none",
                "protected": false,
                "profile_image_url": "http://pbs.twimg.com/profile_images/651111022976086016/52Fga2lp_normal.jpg",
                "profile_background_color": "FFFFFF",
                "favourites_count": 729,
                "profile_sidebar_border_color": "87BC44",
                "lang": "en",
                "verified": true,
                "followers_count": 120597,
                "url": "http://t.co/RmnjvtAsaP",
                "profile_image_url_https": "https://pbs.twimg.com/profile_images/651111022976086016/52Fga2lp_normal.jpg",
                "id": 13657922,
                "id_str": "13657922",
                "profile_use_background_image": true,
                "screen_name": "DMRegister",
                "is_translation_enabled": false,
                "location": "Des Moines, Iowa, USA",
                "profile_background_image_url": "http://pbs.twimg.com/profile_background_images/2548271/reglogo.jpg",
                "default_profile_image": false,
                "profile_text_color": "000000",
                "statuses_count": 56892,
                "is_translator": false,
                "follow_request_sent": false,
                "time_zone": "Central Time (US & Canada)",
                "profile_sidebar_fill_color": "E0FF92",
                "friends_count": 5104,
                "profile_link_color": "0000FF",
                "entities": {
                    "description": {
                        "urls": []
                    },
                    "url": {
                        "urls": [
                            {
                                "display_url": "desmoinesregister.com",
                                "indices": [
                                    0,
                                    22
                                ],
                                "url": "http://t.co/RmnjvtAsaP",
                                "expanded_url": "http://www.desmoinesregister.com"
                            }
                        ]
                    }
                },
                "profile_background_image_url_https": "https://pbs.twimg.com/profile_background_images/2548271/reglogo.jpg",
                "geo_enabled": true,
                "created_at": "Tue Feb 19 04:56:13 +0000 2008",
                "notifications": false,
                "name": "Des Moines Register",
                "profile_background_tile": false,
                "utc_offset": -21600,
                "listed_count": 2229
            },
            "truncated": false,
            "text": "@Susan_Eggert We are monitoring it. Here's a story that appeared on our website yesterday: https://t.co/B7mjRyMx4X",
            "in_reply_to_status_id": 801438494941970432,
            "lang": "en",
            "in_reply_to_screen_name": "Susan_Eggert",
            "favorited": false,
            "place": null,
            "id": 801468731910221824,
            "favorite_count": 0,
            "in_reply_to_status_id_str": "801438494941970432",
            "retweeted": false,
            "id_str": "801468731910221824",
            "geo": null,
            "in_reply_to_user_id": 2425806452,
            "retweet_count": 1,
            "possibly_sensitive": false,
            "in_reply_to_user_id_str": "2425806452",
            "contributors": null,
            "created_at": "Wed Nov 23 16:53:30 +0000 2016",
            "entities": {
                "urls": [
                    {
                        "display_url": "dmreg.co/2gg6Wpb",
                        "indices": [
                            91,
                            114
                        ],
                        "url": "https://t.co/B7mjRyMx4X",
                        "expanded_url": "http://dmreg.co/2gg6Wpb"
                    }
                ],
                "symbols": [],
                "hashtags": [],
                "user_mentions": [
                    {
                        "id_str": "2425806452",
                        "id": 2425806452,
                        "name": "Susan Eggert",
                        "indices": [
                            0,
                            13
                        ],
                        "screen_name": "Susan_Eggert"
                    }
                ]
            }
        }
    ],
    "search_metadata": {
        "max_id": 801468731910221824,
        "completed_in": 0.045,
        "refresh_url": "?since_id=801468731910221824&q=Hillary%20OR%20Clinton%20from%3ADMRegister%20since%3A2016-11-23%20until%3A2016-11-24%20filter%3Alinks%20-%40DMRegister&include_entities=1",
        "count": 100,
        "since_id_str": "0",
        "since_id": 0,
        "max_id_str": "801468731910221824",
        "query": "Hillary+OR+Clinton+from%3ADMRegister+since%3A2016-11-23+until%3A2016-11-24+filter%3Alinks+-%40DMRegister"
    }
}