{
    "statuses": [],
    "search_metadata": {
        "max_id": 803060549739315205,
        "completed_in": 0.031,
        "refresh_url": "?since_id=803060549739315205&q=Hillary%20OR%20Clinton%20from%3AMidWeekHawaii%20since%3A2016-11-23%20until%3A2016-11-24%20filter%3Alinks%20-%40MidWeekHawaii&include_entities=1",
        "count": 100,
        "since_id_str": "0",
        "since_id": 0,
        "max_id_str": "803060549739315205",
        "query": "Hillary+OR+Clinton+from%3AMidWeekHawaii+since%3A2016-11-23+until%3A2016-11-24+filter%3Alinks+-%40MidWeekHawaii"
    }
}