{
    "search_metadata": {
        "query": "from%3AABQJournal+filter%3Alinks+since%3A2016-11-22+until%3A2016-11-23+Cuba+OR+Cubans+OR+Castro+or+Fidel+-%40ABQJournal",
        "max_id": 803412255479971840,
        "since_id": 0,
        "max_id_str": "803412255479971840",
        "refresh_url": "?since_id=803412255479971840&q=from%3AABQJournal%20filter%3Alinks%20since%3A2016-11-22%20until%3A2016-11-23%20Cuba%20OR%20Cubans%20OR%20Castro%20or%20Fidel%20-%40ABQJournal&include_entities=1",
        "completed_in": 0.031,
        "count": 100,
        "since_id_str": "0"
    },
    "statuses": []
}