{
    "search_metadata": {
        "query": "from%3APhillyDailyNews+filter%3Alinks+since%3A2016-11-22+until%3A2016-11-23+Cuba+OR+Cubans+OR+Castro+or+Fidel+-%40PhillyDailyNews",
        "max_id": 803412271242190848,
        "since_id": 0,
        "max_id_str": "803412271242190848",
        "refresh_url": "?since_id=803412271242190848&q=from%3APhillyDailyNews%20filter%3Alinks%20since%3A2016-11-22%20until%3A2016-11-23%20Cuba%20OR%20Cubans%20OR%20Castro%20or%20Fidel%20-%40PhillyDailyNews&include_entities=1",
        "completed_in": 0.018,
        "count": 100,
        "since_id_str": "0"
    },
    "statuses": []
}