{
    "search_metadata": {
        "query": "from%3Areviewjournal+filter%3Alinks+since%3A2016-11-22+until%3A2016-11-23+Cuba+OR+Cubans+OR+Castro+or+Fidel+-%40reviewjournal",
        "max_id": 803412244671426561,
        "since_id": 0,
        "max_id_str": "803412244671426561",
        "refresh_url": "?since_id=803412244671426561&q=from%3Areviewjournal%20filter%3Alinks%20since%3A2016-11-22%20until%3A2016-11-23%20Cuba%20OR%20Cubans%20OR%20Castro%20or%20Fidel%20-%40reviewjournal&include_entities=1",
        "completed_in": 0.034,
        "count": 100,
        "since_id_str": "0"
    },
    "statuses": []
}