{
    "statuses": [],
    "search_metadata": {
        "refresh_url": "?since_id=803414173854089216&q=from%3Astltoday%20filter%3Alinks%20since%3A2016-11-22%20until%3A2016-11-23%20Cuba%20OR%20Cubans%20OR%20Castro%20or%20Fidel%20-%40stltoday&include_entities=1",
        "since_id": 0,
        "since_id_str": "0",
        "query": "from%3Astltoday+filter%3Alinks+since%3A2016-11-22+until%3A2016-11-23+Cuba+OR+Cubans+OR+Castro+or+Fidel+-%40stltoday",
        "completed_in": 0.03,
        "max_id": 803414173854089216,
        "max_id_str": "803414173854089216",
        "count": 100
    }
}