{
    "search_metadata": {
        "since_id": 0,
        "since_id_str": "0",
        "count": 100,
        "refresh_url": "?since_id=802201530367676417&q=Trump%20from%3Aajc%20since%3A2016-11-25%20until%3A2016-11-26%20filter%3Alinks%20-%40ajc&include_entities=1",
        "query": "Trump+from%3Aajc+since%3A2016-11-25+until%3A2016-11-26+filter%3Alinks+-%40ajc",
        "completed_in": 0.03,
        "max_id_str": "802201530367676417",
        "max_id": 802201530367676417
    },
    "statuses": [
        {
            "favorited": false,
            "truncated": false,
            "entities": {
                "user_mentions": [],
                "media": [
                    {
                        "sizes": {
                            "thumb": {
                                "h": 150,
                                "resize": "crop",
                                "w": 150
                            },
                            "large": {
                                "h": 1429,
                                "resize": "fit",
                                "w": 2048
                            },
                            "medium": {
                                "h": 837,
                                "resize": "fit",
                                "w": 1200
                            },
                            "small": {
                                "h": 474,
                                "resize": "fit",
                                "w": 680
                            }
                        },
                        "id": 802201526286565376,
                        "id_str": "802201526286565376",
                        "url": "https://t.co/UkwyQttrjd",
                        "expanded_url": "https://twitter.com/ajc/status/802201530367676417/photo/1",
                        "type": "photo",
                        "media_url_https": "https://pbs.twimg.com/media/CyH-CbSWQAA4wVG.jpg",
                        "indices": [
                            74,
                            97
                        ],
                        "media_url": "http://pbs.twimg.com/media/CyH-CbSWQAA4wVG.jpg",
                        "display_url": "pic.twitter.com/UkwyQttrjd"
                    }
                ],
                "urls": [
                    {
                        "display_url": "on-ajc.com/2gd0d0e",
                        "indices": [
                            50,
                            73
                        ],
                        "expanded_url": "http://on-ajc.com/2gd0d0e",
                        "url": "https://t.co/Z9X1LP1TYA"
                    }
                ],
                "hashtags": [],
                "symbols": []
            },
            "retweeted": false,
            "in_reply_to_status_id": null,
            "place": null,
            "contributors": null,
            "in_reply_to_user_id_str": null,
            "source": "<a href=\"http://www.socialflow.com\" rel=\"nofollow\">SocialFlow</a>",
            "is_quote_status": false,
            "geo": null,
            "id_str": "802201530367676417",
            "lang": "en",
            "metadata": {
                "iso_language_code": "en",
                "result_type": "recent"
            },
            "id": 802201530367676417,
            "favorite_count": 6,
            "in_reply_to_user_id": null,
            "in_reply_to_screen_name": null,
            "in_reply_to_status_id_str": null,
            "text": "Ivanka Trump shares family photos on Thanksgiving https://t.co/Z9X1LP1TYA https://t.co/UkwyQttrjd",
            "possibly_sensitive": false,
            "retweet_count": 0,
            "extended_entities": {
                "media": [
                    {
                        "sizes": {
                            "thumb": {
                                "h": 150,
                                "resize": "crop",
                                "w": 150
                            },
                            "large": {
                                "h": 1429,
                                "resize": "fit",
                                "w": 2048
                            },
                            "medium": {
                                "h": 837,
                                "resize": "fit",
                                "w": 1200
                            },
                            "small": {
                                "h": 474,
                                "resize": "fit",
                                "w": 680
                            }
                        },
                        "id": 802201526286565376,
                        "id_str": "802201526286565376",
                        "url": "https://t.co/UkwyQttrjd",
                        "expanded_url": "https://twitter.com/ajc/status/802201530367676417/photo/1",
                        "type": "photo",
                        "media_url_https": "https://pbs.twimg.com/media/CyH-CbSWQAA4wVG.jpg",
                        "indices": [
                            74,
                            97
                        ],
                        "media_url": "http://pbs.twimg.com/media/CyH-CbSWQAA4wVG.jpg",
                        "display_url": "pic.twitter.com/UkwyQttrjd"
                    }
                ]
            },
            "user": {
                "profile_background_color": "00539B",
                "description": "Atlanta's best source for news.",
                "listed_count": 4576,
                "has_extended_profile": false,
                "notifications": false,
                "followers_count": 611787,
                "entities": {
                    "description": {
                        "urls": []
                    },
                    "url": {
                        "urls": [
                            {
                                "display_url": "ajc.com",
                                "indices": [
                                    0,
                                    22
                                ],
                                "expanded_url": "http://www.ajc.com",
                                "url": "http://t.co/EvK8XZMw4P"
                            }
                        ]
                    }
                },
                "profile_image_url": "http://pbs.twimg.com/profile_images/667060822930145280/ZFty7bte_normal.jpg",
                "geo_enabled": true,
                "follow_request_sent": false,
                "utc_offset": -18000,
                "profile_sidebar_fill_color": "F0F5ED",
                "id": 4170491,
                "profile_sidebar_border_color": "FFFFFF",
                "url": "http://t.co/EvK8XZMw4P",
                "profile_text_color": "333333",
                "screen_name": "ajc",
                "statuses_count": 155958,
                "name": "AJC",
                "profile_background_image_url_https": "https://pbs.twimg.com/profile_background_images/378800000091127693/6d3a47ce57110dc1a703b0110831c19e.jpeg",
                "profile_background_tile": false,
                "default_profile": false,
                "is_translator": false,
                "id_str": "4170491",
                "lang": "en",
                "translator_type": "regular",
                "time_zone": "Eastern Time (US & Canada)",
                "location": "Atlanta, GA",
                "favourites_count": 336,
                "default_profile_image": false,
                "following": false,
                "profile_use_background_image": false,
                "profile_banner_url": "https://pbs.twimg.com/profile_banners/4170491/1425070056",
                "verified": true,
                "protected": false,
                "contributors_enabled": false,
                "profile_image_url_https": "https://pbs.twimg.com/profile_images/667060822930145280/ZFty7bte_normal.jpg",
                "profile_link_color": "00539B",
                "is_translation_enabled": false,
                "friends_count": 58284,
                "profile_background_image_url": "http://pbs.twimg.com/profile_background_images/378800000091127693/6d3a47ce57110dc1a703b0110831c19e.jpeg",
                "created_at": "Wed Apr 11 12:50:15 +0000 2007"
            },
            "coordinates": null,
            "created_at": "Fri Nov 25 17:25:23 +0000 2016"
        },
        {
            "favorited": false,
            "truncated": false,
            "entities": {
                "user_mentions": [],
                "urls": [
                    {
                        "display_url": "on-ajc.com/2fgf25e",
                        "indices": [
                            59,
                            82
                        ],
                        "expanded_url": "http://on-ajc.com/2fgf25e",
                        "url": "https://t.co/ql2CjNnn3x"
                    }
                ],
                "hashtags": [],
                "symbols": []
            },
            "retweeted": false,
            "in_reply_to_status_id": null,
            "place": null,
            "contributors": null,
            "in_reply_to_user_id_str": null,
            "source": "<a href=\"http://www.socialflow.com\" rel=\"nofollow\">SocialFlow</a>",
            "is_quote_status": false,
            "geo": null,
            "id_str": "802175505344643072",
            "lang": "en",
            "metadata": {
                "iso_language_code": "en",
                "result_type": "recent"
            },
            "id": 802175505344643072,
            "favorite_count": 2,
            "in_reply_to_user_id": null,
            "in_reply_to_screen_name": null,
            "in_reply_to_status_id_str": null,
            "text": "Critics are blasting Donald Trump\u2019s new Christmas ornament https://t.co/ql2CjNnn3x",
            "possibly_sensitive": false,
            "retweet_count": 0,
            "user": {
                "profile_background_color": "00539B",
                "description": "Atlanta's best source for news.",
                "listed_count": 4576,
                "has_extended_profile": false,
                "notifications": false,
                "followers_count": 611787,
                "entities": {
                    "description": {
                        "urls": []
                    },
                    "url": {
                        "urls": [
                            {
                                "display_url": "ajc.com",
                                "indices": [
                                    0,
                                    22
                                ],
                                "expanded_url": "http://www.ajc.com",
                                "url": "http://t.co/EvK8XZMw4P"
                            }
                        ]
                    }
                },
                "profile_image_url": "http://pbs.twimg.com/profile_images/667060822930145280/ZFty7bte_normal.jpg",
                "geo_enabled": true,
                "follow_request_sent": false,
                "utc_offset": -18000,
                "profile_sidebar_fill_color": "F0F5ED",
                "id": 4170491,
                "profile_sidebar_border_color": "FFFFFF",
                "url": "http://t.co/EvK8XZMw4P",
                "profile_text_color": "333333",
                "screen_name": "ajc",
                "statuses_count": 155958,
                "name": "AJC",
                "profile_background_image_url_https": "https://pbs.twimg.com/profile_background_images/378800000091127693/6d3a47ce57110dc1a703b0110831c19e.jpeg",
                "profile_background_tile": false,
                "default_profile": false,
                "is_translator": false,
                "id_str": "4170491",
                "lang": "en",
                "translator_type": "regular",
                "time_zone": "Eastern Time (US & Canada)",
                "location": "Atlanta, GA",
                "favourites_count": 336,
                "default_profile_image": false,
                "following": false,
                "profile_use_background_image": false,
                "profile_banner_url": "https://pbs.twimg.com/profile_banners/4170491/1425070056",
                "verified": true,
                "protected": false,
                "contributors_enabled": false,
                "profile_image_url_https": "https://pbs.twimg.com/profile_images/667060822930145280/ZFty7bte_normal.jpg",
                "profile_link_color": "00539B",
                "is_translation_enabled": false,
                "friends_count": 58284,
                "profile_background_image_url": "http://pbs.twimg.com/profile_background_images/378800000091127693/6d3a47ce57110dc1a703b0110831c19e.jpeg",
                "created_at": "Wed Apr 11 12:50:15 +0000 2007"
            },
            "coordinates": null,
            "created_at": "Fri Nov 25 15:41:58 +0000 2016"
        },
        {
            "favorited": false,
            "truncated": false,
            "entities": {
                "user_mentions": [],
                "urls": [
                    {
                        "display_url": "on-ajc.com/2gcqpYB",
                        "indices": [
                            58,
                            81
                        ],
                        "expanded_url": "http://on-ajc.com/2gcqpYB",
                        "url": "https://t.co/eKGU6awyVI"
                    }
                ],
                "hashtags": [],
                "symbols": []
            },
            "retweeted": false,
            "in_reply_to_status_id": null,
            "place": null,
            "contributors": null,
            "in_reply_to_user_id_str": null,
            "source": "<a href=\"http://www.socialflow.com\" rel=\"nofollow\">SocialFlow</a>",
            "is_quote_status": false,
            "geo": null,
            "id_str": "802166959416766464",
            "lang": "en",
            "metadata": {
                "iso_language_code": "en",
                "result_type": "recent"
            },
            "id": 802166959416766464,
            "favorite_count": 4,
            "in_reply_to_user_id": null,
            "in_reply_to_screen_name": null,
            "in_reply_to_status_id_str": null,
            "text": "Donald Trump is selling Christmas ornaments for $149 each https://t.co/eKGU6awyVI",
            "possibly_sensitive": false,
            "retweet_count": 5,
            "user": {
                "profile_background_color": "00539B",
                "description": "Atlanta's best source for news.",
                "listed_count": 4576,
                "has_extended_profile": false,
                "notifications": false,
                "followers_count": 611787,
                "entities": {
                    "description": {
                        "urls": []
                    },
                    "url": {
                        "urls": [
                            {
                                "display_url": "ajc.com",
                                "indices": [
                                    0,
                                    22
                                ],
                                "expanded_url": "http://www.ajc.com",
                                "url": "http://t.co/EvK8XZMw4P"
                            }
                        ]
                    }
                },
                "profile_image_url": "http://pbs.twimg.com/profile_images/667060822930145280/ZFty7bte_normal.jpg",
                "geo_enabled": true,
                "follow_request_sent": false,
                "utc_offset": -18000,
                "profile_sidebar_fill_color": "F0F5ED",
                "id": 4170491,
                "profile_sidebar_border_color": "FFFFFF",
                "url": "http://t.co/EvK8XZMw4P",
                "profile_text_color": "333333",
                "screen_name": "ajc",
                "statuses_count": 155958,
                "name": "AJC",
                "profile_background_image_url_https": "https://pbs.twimg.com/profile_background_images/378800000091127693/6d3a47ce57110dc1a703b0110831c19e.jpeg",
                "profile_background_tile": false,
                "default_profile": false,
                "is_translator": false,
                "id_str": "4170491",
                "lang": "en",
                "translator_type": "regular",
                "time_zone": "Eastern Time (US & Canada)",
                "location": "Atlanta, GA",
                "favourites_count": 336,
                "default_profile_image": false,
                "following": false,
                "profile_use_background_image": false,
                "profile_banner_url": "https://pbs.twimg.com/profile_banners/4170491/1425070056",
                "verified": true,
                "protected": false,
                "contributors_enabled": false,
                "profile_image_url_https": "https://pbs.twimg.com/profile_images/667060822930145280/ZFty7bte_normal.jpg",
                "profile_link_color": "00539B",
                "is_translation_enabled": false,
                "friends_count": 58284,
                "profile_background_image_url": "http://pbs.twimg.com/profile_background_images/378800000091127693/6d3a47ce57110dc1a703b0110831c19e.jpeg",
                "created_at": "Wed Apr 11 12:50:15 +0000 2007"
            },
            "coordinates": null,
            "created_at": "Fri Nov 25 15:08:01 +0000 2016"
        },
        {
            "favorited": false,
            "truncated": false,
            "entities": {
                "user_mentions": [],
                "media": [
                    {
                        "sizes": {
                            "large": {
                                "h": 259,
                                "resize": "fit",
                                "w": 1260
                            },
                            "thumb": {
                                "h": 150,
                                "resize": "crop",
                                "w": 150
                            },
                            "medium": {
                                "h": 247,
                                "resize": "fit",
                                "w": 1200
                            },
                            "small": {
                                "h": 140,
                                "resize": "fit",
                                "w": 680
                            }
                        },
                        "id": 802065692300312576,
                        "id_str": "802065692300312576",
                        "url": "https://t.co/akM5bG7ym2",
                        "expanded_url": "https://twitter.com/ajc/status/802065694473015296/photo/1",
                        "type": "photo",
                        "media_url_https": "https://pbs.twimg.com/media/CyGCf2QWgAAaD77.jpg",
                        "indices": [
                            98,
                            121
                        ],
                        "media_url": "http://pbs.twimg.com/media/CyGCf2QWgAAaD77.jpg",
                        "display_url": "pic.twitter.com/akM5bG7ym2"
                    }
                ],
                "urls": [
                    {
                        "display_url": "on-ajc.com/2gb4od0",
                        "indices": [
                            74,
                            97
                        ],
                        "expanded_url": "http://on-ajc.com/2gb4od0",
                        "url": "https://t.co/Kz2p6sSnZl"
                    }
                ],
                "hashtags": [],
                "symbols": []
            },
            "retweeted": false,
            "in_reply_to_status_id": null,
            "place": null,
            "contributors": null,
            "in_reply_to_user_id_str": null,
            "source": "<a href=\"http://www.socialflow.com\" rel=\"nofollow\">SocialFlow</a>",
            "is_quote_status": false,
            "geo": null,
            "id_str": "802065694473015296",
            "lang": "en",
            "metadata": {
                "iso_language_code": "en",
                "result_type": "recent"
            },
            "id": 802065694473015296,
            "favorite_count": 3,
            "in_reply_to_user_id": null,
            "in_reply_to_screen_name": null,
            "in_reply_to_status_id_str": null,
            "text": "Michigan goes to Trump as Clinton\u2019s popular vote lead goes over 2 million https://t.co/Kz2p6sSnZl https://t.co/akM5bG7ym2",
            "possibly_sensitive": false,
            "retweet_count": 0,
            "extended_entities": {
                "media": [
                    {
                        "sizes": {
                            "large": {
                                "h": 259,
                                "resize": "fit",
                                "w": 1260
                            },
                            "thumb": {
                                "h": 150,
                                "resize": "crop",
                                "w": 150
                            },
                            "medium": {
                                "h": 247,
                                "resize": "fit",
                                "w": 1200
                            },
                            "small": {
                                "h": 140,
                                "resize": "fit",
                                "w": 680
                            }
                        },
                        "id": 802065692300312576,
                        "id_str": "802065692300312576",
                        "url": "https://t.co/akM5bG7ym2",
                        "expanded_url": "https://twitter.com/ajc/status/802065694473015296/photo/1",
                        "type": "photo",
                        "media_url_https": "https://pbs.twimg.com/media/CyGCf2QWgAAaD77.jpg",
                        "indices": [
                            98,
                            121
                        ],
                        "media_url": "http://pbs.twimg.com/media/CyGCf2QWgAAaD77.jpg",
                        "display_url": "pic.twitter.com/akM5bG7ym2"
                    }
                ]
            },
            "user": {
                "profile_background_color": "00539B",
                "description": "Atlanta's best source for news.",
                "listed_count": 4576,
                "has_extended_profile": false,
                "notifications": false,
                "followers_count": 611787,
                "entities": {
                    "description": {
                        "urls": []
                    },
                    "url": {
                        "urls": [
                            {
                                "display_url": "ajc.com",
                                "indices": [
                                    0,
                                    22
                                ],
                                "expanded_url": "http://www.ajc.com",
                                "url": "http://t.co/EvK8XZMw4P"
                            }
                        ]
                    }
                },
                "profile_image_url": "http://pbs.twimg.com/profile_images/667060822930145280/ZFty7bte_normal.jpg",
                "geo_enabled": true,
                "follow_request_sent": false,
                "utc_offset": -18000,
                "profile_sidebar_fill_color": "F0F5ED",
                "id": 4170491,
                "profile_sidebar_border_color": "FFFFFF",
                "url": "http://t.co/EvK8XZMw4P",
                "profile_text_color": "333333",
                "screen_name": "ajc",
                "statuses_count": 155958,
                "name": "AJC",
                "profile_background_image_url_https": "https://pbs.twimg.com/profile_background_images/378800000091127693/6d3a47ce57110dc1a703b0110831c19e.jpeg",
                "profile_background_tile": false,
                "default_profile": false,
                "is_translator": false,
                "id_str": "4170491",
                "lang": "en",
                "translator_type": "regular",
                "time_zone": "Eastern Time (US & Canada)",
                "location": "Atlanta, GA",
                "favourites_count": 336,
                "default_profile_image": false,
                "following": false,
                "profile_use_background_image": false,
                "profile_banner_url": "https://pbs.twimg.com/profile_banners/4170491/1425070056",
                "verified": true,
                "protected": false,
                "contributors_enabled": false,
                "profile_image_url_https": "https://pbs.twimg.com/profile_images/667060822930145280/ZFty7bte_normal.jpg",
                "profile_link_color": "00539B",
                "is_translation_enabled": false,
                "friends_count": 58284,
                "profile_background_image_url": "http://pbs.twimg.com/profile_background_images/378800000091127693/6d3a47ce57110dc1a703b0110831c19e.jpeg",
                "created_at": "Wed Apr 11 12:50:15 +0000 2007"
            },
            "coordinates": null,
            "created_at": "Fri Nov 25 08:25:37 +0000 2016"
        }
    ]
}