{
    "search_metadata": {
        "since_id": 0,
        "since_id_str": "0",
        "count": 100,
        "refresh_url": "?since_id=802273685595885568&q=Trump%20from%3Abostonherald%20since%3A2016-11-25%20until%3A2016-11-26%20filter%3Alinks%20-%40bostonherald&include_entities=1",
        "query": "Trump+from%3Abostonherald+since%3A2016-11-25+until%3A2016-11-26+filter%3Alinks+-%40bostonherald",
        "completed_in": 0.032,
        "max_id_str": "802273685595885568",
        "max_id": 802273685595885568
    },
    "statuses": [
        {
            "favorited": false,
            "truncated": false,
            "entities": {
                "user_mentions": [],
                "media": [
                    {
                        "sizes": {
                            "large": {
                                "h": 800,
                                "resize": "fit",
                                "w": 1133
                            },
                            "thumb": {
                                "h": 150,
                                "resize": "crop",
                                "w": 150
                            },
                            "medium": {
                                "h": 800,
                                "resize": "fit",
                                "w": 1133
                            },
                            "small": {
                                "h": 480,
                                "resize": "fit",
                                "w": 680
                            }
                        },
                        "id": 802273683167449088,
                        "id_str": "802273683167449088",
                        "url": "https://t.co/1T7tM3nJeq",
                        "expanded_url": "https://twitter.com/bostonherald/status/802273685595885568/photo/1",
                        "type": "photo",
                        "media_url_https": "https://pbs.twimg.com/media/CyI_qgnXEAAybAc.jpg",
                        "indices": [
                            79,
                            102
                        ],
                        "media_url": "http://pbs.twimg.com/media/CyI_qgnXEAAybAc.jpg",
                        "display_url": "pic.twitter.com/1T7tM3nJeq"
                    }
                ],
                "urls": [
                    {
                        "display_url": "bhne.ws/0fB6DVA",
                        "indices": [
                            55,
                            78
                        ],
                        "expanded_url": "http://bhne.ws/0fB6DVA",
                        "url": "https://t.co/Sn14BvfLEe"
                    }
                ],
                "hashtags": [],
                "symbols": []
            },
            "retweeted": false,
            "in_reply_to_status_id": null,
            "place": null,
            "contributors": null,
            "in_reply_to_user_id_str": null,
            "source": "<a href=\"http://www.socialflow.com\" rel=\"nofollow\">SocialFlow</a>",
            "is_quote_status": false,
            "geo": null,
            "id_str": "802273685595885568",
            "lang": "en",
            "metadata": {
                "iso_language_code": "en",
                "result_type": "recent"
            },
            "id": 802273685595885568,
            "favorite_count": 2,
            "in_reply_to_user_id": null,
            "in_reply_to_screen_name": null,
            "in_reply_to_status_id_str": null,
            "text": "President-elect Trump works to keep factory in Indiana https://t.co/Sn14BvfLEe https://t.co/1T7tM3nJeq",
            "possibly_sensitive": false,
            "retweet_count": 1,
            "extended_entities": {
                "media": [
                    {
                        "sizes": {
                            "large": {
                                "h": 800,
                                "resize": "fit",
                                "w": 1133
                            },
                            "thumb": {
                                "h": 150,
                                "resize": "crop",
                                "w": 150
                            },
                            "medium": {
                                "h": 800,
                                "resize": "fit",
                                "w": 1133
                            },
                            "small": {
                                "h": 480,
                                "resize": "fit",
                                "w": 680
                            }
                        },
                        "id": 802273683167449088,
                        "id_str": "802273683167449088",
                        "url": "https://t.co/1T7tM3nJeq",
                        "expanded_url": "https://twitter.com/bostonherald/status/802273685595885568/photo/1",
                        "type": "photo",
                        "media_url_https": "https://pbs.twimg.com/media/CyI_qgnXEAAybAc.jpg",
                        "indices": [
                            79,
                            102
                        ],
                        "media_url": "http://pbs.twimg.com/media/CyI_qgnXEAAybAc.jpg",
                        "display_url": "pic.twitter.com/1T7tM3nJeq"
                    }
                ]
            },
            "user": {
                "profile_background_color": "CCCCCC",
                "description": "Starting the conversation every day with passionate journalism, watchdog special reports and the best in NE sports, business and features. Live on @HeraldRadio.",
                "listed_count": 2066,
                "has_extended_profile": false,
                "notifications": false,
                "followers_count": 82160,
                "entities": {
                    "description": {
                        "urls": []
                    },
                    "url": {
                        "urls": [
                            {
                                "display_url": "bostonherald.com",
                                "indices": [
                                    0,
                                    22
                                ],
                                "expanded_url": "http://www.bostonherald.com",
                                "url": "http://t.co/rQemlTr9K2"
                            }
                        ]
                    }
                },
                "profile_image_url": "http://pbs.twimg.com/profile_images/738002515841540097/wvPGrVSj_normal.jpg",
                "geo_enabled": true,
                "follow_request_sent": false,
                "utc_offset": -18000,
                "profile_sidebar_fill_color": "C3E8F7",
                "id": 2488541,
                "profile_sidebar_border_color": "0079AD",
                "url": "http://t.co/rQemlTr9K2",
                "profile_text_color": "3B3B3B",
                "screen_name": "bostonherald",
                "statuses_count": 186671,
                "name": "Boston Herald",
                "profile_background_image_url_https": "https://pbs.twimg.com/profile_background_images/305255570/BH_Twit_BG.jpg",
                "profile_background_tile": false,
                "default_profile": false,
                "is_translator": false,
                "id_str": "2488541",
                "lang": "en",
                "translator_type": "none",
                "time_zone": "Eastern Time (US & Canada)",
                "location": "Boston, MA",
                "favourites_count": 363,
                "default_profile_image": false,
                "following": false,
                "profile_use_background_image": true,
                "profile_banner_url": "https://pbs.twimg.com/profile_banners/2488541/1400102449",
                "verified": true,
                "protected": false,
                "contributors_enabled": false,
                "profile_image_url_https": "https://pbs.twimg.com/profile_images/738002515841540097/wvPGrVSj_normal.jpg",
                "profile_link_color": "0079AD",
                "is_translation_enabled": false,
                "friends_count": 1146,
                "profile_background_image_url": "http://pbs.twimg.com/profile_background_images/305255570/BH_Twit_BG.jpg",
                "created_at": "Tue Mar 27 13:30:45 +0000 2007"
            },
            "coordinates": null,
            "created_at": "Fri Nov 25 22:12:06 +0000 2016"
        },
        {
            "favorited": false,
            "truncated": false,
            "entities": {
                "user_mentions": [],
                "media": [
                    {
                        "sizes": {
                            "large": {
                                "h": 800,
                                "resize": "fit",
                                "w": 912
                            },
                            "thumb": {
                                "h": 150,
                                "resize": "crop",
                                "w": 150
                            },
                            "medium": {
                                "h": 800,
                                "resize": "fit",
                                "w": 912
                            },
                            "small": {
                                "h": 596,
                                "resize": "fit",
                                "w": 680
                            }
                        },
                        "id": 802243287348367360,
                        "id_str": "802243287348367360",
                        "url": "https://t.co/cy2Z6mS27z",
                        "expanded_url": "https://twitter.com/bostonherald/status/802243290313539584/photo/1",
                        "type": "photo",
                        "media_url_https": "https://pbs.twimg.com/media/CyIkBPXXUAANNuA.jpg",
                        "indices": [
                            64,
                            87
                        ],
                        "media_url": "http://pbs.twimg.com/media/CyIkBPXXUAANNuA.jpg",
                        "display_url": "pic.twitter.com/cy2Z6mS27z"
                    }
                ],
                "urls": [
                    {
                        "display_url": "bhne.ws/srvCliD",
                        "indices": [
                            40,
                            63
                        ],
                        "expanded_url": "http://bhne.ws/srvCliD",
                        "url": "https://t.co/bBjx2edZAz"
                    }
                ],
                "hashtags": [],
                "symbols": []
            },
            "retweeted": false,
            "in_reply_to_status_id": null,
            "place": null,
            "contributors": null,
            "in_reply_to_user_id_str": null,
            "source": "<a href=\"http://www.socialflow.com\" rel=\"nofollow\">SocialFlow</a>",
            "is_quote_status": false,
            "geo": null,
            "id_str": "802243290313539584",
            "lang": "en",
            "metadata": {
                "iso_language_code": "en",
                "result_type": "recent"
            },
            "id": 802243290313539584,
            "favorite_count": 0,
            "in_reply_to_user_id": null,
            "in_reply_to_screen_name": null,
            "in_reply_to_status_id_str": null,
            "text": "Trump reveals 2 more staff appointments https://t.co/bBjx2edZAz https://t.co/cy2Z6mS27z",
            "possibly_sensitive": false,
            "retweet_count": 0,
            "extended_entities": {
                "media": [
                    {
                        "sizes": {
                            "large": {
                                "h": 800,
                                "resize": "fit",
                                "w": 912
                            },
                            "thumb": {
                                "h": 150,
                                "resize": "crop",
                                "w": 150
                            },
                            "medium": {
                                "h": 800,
                                "resize": "fit",
                                "w": 912
                            },
                            "small": {
                                "h": 596,
                                "resize": "fit",
                                "w": 680
                            }
                        },
                        "id": 802243287348367360,
                        "id_str": "802243287348367360",
                        "url": "https://t.co/cy2Z6mS27z",
                        "expanded_url": "https://twitter.com/bostonherald/status/802243290313539584/photo/1",
                        "type": "photo",
                        "media_url_https": "https://pbs.twimg.com/media/CyIkBPXXUAANNuA.jpg",
                        "indices": [
                            64,
                            87
                        ],
                        "media_url": "http://pbs.twimg.com/media/CyIkBPXXUAANNuA.jpg",
                        "display_url": "pic.twitter.com/cy2Z6mS27z"
                    }
                ]
            },
            "user": {
                "profile_background_color": "CCCCCC",
                "description": "Starting the conversation every day with passionate journalism, watchdog special reports and the best in NE sports, business and features. Live on @HeraldRadio.",
                "listed_count": 2066,
                "has_extended_profile": false,
                "notifications": false,
                "followers_count": 82160,
                "entities": {
                    "description": {
                        "urls": []
                    },
                    "url": {
                        "urls": [
                            {
                                "display_url": "bostonherald.com",
                                "indices": [
                                    0,
                                    22
                                ],
                                "expanded_url": "http://www.bostonherald.com",
                                "url": "http://t.co/rQemlTr9K2"
                            }
                        ]
                    }
                },
                "profile_image_url": "http://pbs.twimg.com/profile_images/738002515841540097/wvPGrVSj_normal.jpg",
                "geo_enabled": true,
                "follow_request_sent": false,
                "utc_offset": -18000,
                "profile_sidebar_fill_color": "C3E8F7",
                "id": 2488541,
                "profile_sidebar_border_color": "0079AD",
                "url": "http://t.co/rQemlTr9K2",
                "profile_text_color": "3B3B3B",
                "screen_name": "bostonherald",
                "statuses_count": 186671,
                "name": "Boston Herald",
                "profile_background_image_url_https": "https://pbs.twimg.com/profile_background_images/305255570/BH_Twit_BG.jpg",
                "profile_background_tile": false,
                "default_profile": false,
                "is_translator": false,
                "id_str": "2488541",
                "lang": "en",
                "translator_type": "none",
                "time_zone": "Eastern Time (US & Canada)",
                "location": "Boston, MA",
                "favourites_count": 363,
                "default_profile_image": false,
                "following": false,
                "profile_use_background_image": true,
                "profile_banner_url": "https://pbs.twimg.com/profile_banners/2488541/1400102449",
                "verified": true,
                "protected": false,
                "contributors_enabled": false,
                "profile_image_url_https": "https://pbs.twimg.com/profile_images/738002515841540097/wvPGrVSj_normal.jpg",
                "profile_link_color": "0079AD",
                "is_translation_enabled": false,
                "friends_count": 1146,
                "profile_background_image_url": "http://pbs.twimg.com/profile_background_images/305255570/BH_Twit_BG.jpg",
                "created_at": "Tue Mar 27 13:30:45 +0000 2007"
            },
            "coordinates": null,
            "created_at": "Fri Nov 25 20:11:20 +0000 2016"
        },
        {
            "favorited": false,
            "truncated": false,
            "entities": {
                "user_mentions": [],
                "media": [
                    {
                        "sizes": {
                            "thumb": {
                                "h": 150,
                                "resize": "crop",
                                "w": 150
                            },
                            "large": {
                                "h": 800,
                                "resize": "fit",
                                "w": 1063
                            },
                            "medium": {
                                "h": 800,
                                "resize": "fit",
                                "w": 1063
                            },
                            "small": {
                                "h": 512,
                                "resize": "fit",
                                "w": 680
                            }
                        },
                        "id": 802102782417338368,
                        "id_str": "802102782417338368",
                        "url": "https://t.co/Y8qT6D065J",
                        "expanded_url": "https://twitter.com/bostonherald/status/802102785856696321/photo/1",
                        "type": "photo",
                        "media_url_https": "https://pbs.twimg.com/media/CyGkOxtWgAAGsLr.jpg",
                        "indices": [
                            78,
                            101
                        ],
                        "media_url": "http://pbs.twimg.com/media/CyGkOxtWgAAGsLr.jpg",
                        "display_url": "pic.twitter.com/Y8qT6D065J"
                    }
                ],
                "urls": [
                    {
                        "display_url": "bhne.ws/M5OIJ6y",
                        "indices": [
                            54,
                            77
                        ],
                        "expanded_url": "http://bhne.ws/M5OIJ6y",
                        "url": "https://t.co/nZ6S5UBTrv"
                    }
                ],
                "hashtags": [],
                "symbols": []
            },
            "retweeted": false,
            "in_reply_to_status_id": null,
            "place": null,
            "contributors": null,
            "in_reply_to_user_id_str": null,
            "source": "<a href=\"http://www.socialflow.com\" rel=\"nofollow\">SocialFlow</a>",
            "is_quote_status": false,
            "geo": null,
            "id_str": "802102785856696321",
            "lang": "en",
            "metadata": {
                "iso_language_code": "en",
                "result_type": "recent"
            },
            "id": 802102785856696321,
            "favorite_count": 0,
            "in_reply_to_user_id": null,
            "in_reply_to_screen_name": null,
            "in_reply_to_status_id_str": null,
            "text": "Melania Trump is set to be a long-distance first lady https://t.co/nZ6S5UBTrv https://t.co/Y8qT6D065J",
            "possibly_sensitive": false,
            "retweet_count": 0,
            "extended_entities": {
                "media": [
                    {
                        "sizes": {
                            "thumb": {
                                "h": 150,
                                "resize": "crop",
                                "w": 150
                            },
                            "large": {
                                "h": 800,
                                "resize": "fit",
                                "w": 1063
                            },
                            "medium": {
                                "h": 800,
                                "resize": "fit",
                                "w": 1063
                            },
                            "small": {
                                "h": 512,
                                "resize": "fit",
                                "w": 680
                            }
                        },
                        "id": 802102782417338368,
                        "id_str": "802102782417338368",
                        "url": "https://t.co/Y8qT6D065J",
                        "expanded_url": "https://twitter.com/bostonherald/status/802102785856696321/photo/1",
                        "type": "photo",
                        "media_url_https": "https://pbs.twimg.com/media/CyGkOxtWgAAGsLr.jpg",
                        "indices": [
                            78,
                            101
                        ],
                        "media_url": "http://pbs.twimg.com/media/CyGkOxtWgAAGsLr.jpg",
                        "display_url": "pic.twitter.com/Y8qT6D065J"
                    }
                ]
            },
            "user": {
                "profile_background_color": "CCCCCC",
                "description": "Starting the conversation every day with passionate journalism, watchdog special reports and the best in NE sports, business and features. Live on @HeraldRadio.",
                "listed_count": 2066,
                "has_extended_profile": false,
                "notifications": false,
                "followers_count": 82160,
                "entities": {
                    "description": {
                        "urls": []
                    },
                    "url": {
                        "urls": [
                            {
                                "display_url": "bostonherald.com",
                                "indices": [
                                    0,
                                    22
                                ],
                                "expanded_url": "http://www.bostonherald.com",
                                "url": "http://t.co/rQemlTr9K2"
                            }
                        ]
                    }
                },
                "profile_image_url": "http://pbs.twimg.com/profile_images/738002515841540097/wvPGrVSj_normal.jpg",
                "geo_enabled": true,
                "follow_request_sent": false,
                "utc_offset": -18000,
                "profile_sidebar_fill_color": "C3E8F7",
                "id": 2488541,
                "profile_sidebar_border_color": "0079AD",
                "url": "http://t.co/rQemlTr9K2",
                "profile_text_color": "3B3B3B",
                "screen_name": "bostonherald",
                "statuses_count": 186671,
                "name": "Boston Herald",
                "profile_background_image_url_https": "https://pbs.twimg.com/profile_background_images/305255570/BH_Twit_BG.jpg",
                "profile_background_tile": false,
                "default_profile": false,
                "is_translator": false,
                "id_str": "2488541",
                "lang": "en",
                "translator_type": "none",
                "time_zone": "Eastern Time (US & Canada)",
                "location": "Boston, MA",
                "favourites_count": 363,
                "default_profile_image": false,
                "following": false,
                "profile_use_background_image": true,
                "profile_banner_url": "https://pbs.twimg.com/profile_banners/2488541/1400102449",
                "verified": true,
                "protected": false,
                "contributors_enabled": false,
                "profile_image_url_https": "https://pbs.twimg.com/profile_images/738002515841540097/wvPGrVSj_normal.jpg",
                "profile_link_color": "0079AD",
                "is_translation_enabled": false,
                "friends_count": 1146,
                "profile_background_image_url": "http://pbs.twimg.com/profile_background_images/305255570/BH_Twit_BG.jpg",
                "created_at": "Tue Mar 27 13:30:45 +0000 2007"
            },
            "coordinates": null,
            "created_at": "Fri Nov 25 10:53:01 +0000 2016"
        }
    ]
}