{
    "search_metadata": {
        "since_id": 0,
        "since_id_str": "0",
        "count": 100,
        "refresh_url": "?since_id=802249445282824192&q=Trump%20from%3Adetroitnews%20since%3A2016-11-25%20until%3A2016-11-26%20filter%3Alinks%20-%40detroitnews&include_entities=1",
        "query": "Trump+from%3Adetroitnews+since%3A2016-11-25+until%3A2016-11-26+filter%3Alinks+-%40detroitnews",
        "completed_in": 0.024,
        "max_id_str": "802249445282824192",
        "max_id": 802249445282824192
    },
    "statuses": [
        {
            "favorited": false,
            "truncated": false,
            "entities": {
                "user_mentions": [
                    {
                        "screen_name": "dn_nation_world",
                        "indices": [
                            3,
                            19
                        ],
                        "id_str": "3152644679",
                        "id": 3152644679,
                        "name": "Detroit News: Nation"
                    },
                    {
                        "screen_name": "realDonaldTrump",
                        "indices": [
                            22,
                            38
                        ],
                        "id_str": "25073877",
                        "id": 25073877,
                        "name": "Donald J. Trump"
                    }
                ],
                "media": [
                    {
                        "media_url_https": "https://pbs.twimg.com/media/CyHtCzxXgAAiA8j.jpg",
                        "id_str": "802182841161449472",
                        "source_user_id": 3152644679,
                        "source_status_id": 802249249777995777,
                        "expanded_url": "https://twitter.com/dn_nation_world/status/802249249777995777/photo/1",
                        "media_url": "http://pbs.twimg.com/media/CyHtCzxXgAAiA8j.jpg",
                        "indices": [
                            98,
                            121
                        ],
                        "id": 802182841161449472,
                        "url": "https://t.co/HlwNRrmIVO",
                        "sizes": {
                            "thumb": {
                                "h": 150,
                                "resize": "crop",
                                "w": 150
                            },
                            "large": {
                                "h": 401,
                                "resize": "fit",
                                "w": 534
                            },
                            "medium": {
                                "h": 401,
                                "resize": "fit",
                                "w": 534
                            },
                            "small": {
                                "h": 401,
                                "resize": "fit",
                                "w": 534
                            }
                        },
                        "display_url": "pic.twitter.com/HlwNRrmIVO",
                        "type": "photo",
                        "source_user_id_str": "3152644679",
                        "source_status_id_str": "802249249777995777"
                    }
                ],
                "urls": [
                    {
                        "display_url": "detne.ws/2fZ4M0h",
                        "indices": [
                            74,
                            97
                        ],
                        "expanded_url": "http://detne.ws/2fZ4M0h",
                        "url": "https://t.co/2opYRLBTXK"
                    }
                ],
                "hashtags": [],
                "symbols": []
            },
            "retweeted": false,
            "in_reply_to_status_id": null,
            "place": null,
            "contributors": null,
            "in_reply_to_user_id_str": null,
            "source": "<a href=\"https://about.twitter.com/products/tweetdeck\" rel=\"nofollow\">TweetDeck</a>",
            "is_quote_status": false,
            "retweeted_status": {
                "favorited": false,
                "truncated": false,
                "entities": {
                    "user_mentions": [
                        {
                            "screen_name": "realDonaldTrump",
                            "indices": [
                                1,
                                17
                            ],
                            "id_str": "25073877",
                            "id": 25073877,
                            "name": "Donald J. Trump"
                        }
                    ],
                    "media": [
                        {
                            "sizes": {
                                "thumb": {
                                    "h": 150,
                                    "resize": "crop",
                                    "w": 150
                                },
                                "large": {
                                    "h": 401,
                                    "resize": "fit",
                                    "w": 534
                                },
                                "medium": {
                                    "h": 401,
                                    "resize": "fit",
                                    "w": 534
                                },
                                "small": {
                                    "h": 401,
                                    "resize": "fit",
                                    "w": 534
                                }
                            },
                            "id": 802182841161449472,
                            "id_str": "802182841161449472",
                            "url": "https://t.co/HlwNRrmIVO",
                            "expanded_url": "https://twitter.com/dn_nation_world/status/802249249777995777/photo/1",
                            "type": "photo",
                            "media_url_https": "https://pbs.twimg.com/media/CyHtCzxXgAAiA8j.jpg",
                            "indices": [
                                77,
                                100
                            ],
                            "media_url": "http://pbs.twimg.com/media/CyHtCzxXgAAiA8j.jpg",
                            "display_url": "pic.twitter.com/HlwNRrmIVO"
                        }
                    ],
                    "urls": [
                        {
                            "display_url": "detne.ws/2fZ4M0h",
                            "indices": [
                                53,
                                76
                            ],
                            "expanded_url": "http://detne.ws/2fZ4M0h",
                            "url": "https://t.co/2opYRLBTXK"
                        }
                    ],
                    "hashtags": [],
                    "symbols": []
                },
                "retweeted": false,
                "in_reply_to_status_id": null,
                "place": null,
                "contributors": null,
                "in_reply_to_user_id_str": null,
                "source": "<a href=\"https://about.twitter.com/products/tweetdeck\" rel=\"nofollow\">TweetDeck</a>",
                "is_quote_status": false,
                "geo": null,
                "id_str": "802249249777995777",
                "lang": "en",
                "metadata": {
                    "iso_language_code": "en",
                    "result_type": "recent"
                },
                "id": 802249249777995777,
                "favorite_count": 2,
                "in_reply_to_user_id": null,
                "in_reply_to_screen_name": null,
                "in_reply_to_status_id_str": null,
                "text": ".@realDonaldTrump says he\u2019s trying to save U.S. jobs https://t.co/2opYRLBTXK https://t.co/HlwNRrmIVO",
                "possibly_sensitive": false,
                "retweet_count": 2,
                "extended_entities": {
                    "media": [
                        {
                            "sizes": {
                                "thumb": {
                                    "h": 150,
                                    "resize": "crop",
                                    "w": 150
                                },
                                "large": {
                                    "h": 401,
                                    "resize": "fit",
                                    "w": 534
                                },
                                "medium": {
                                    "h": 401,
                                    "resize": "fit",
                                    "w": 534
                                },
                                "small": {
                                    "h": 401,
                                    "resize": "fit",
                                    "w": 534
                                }
                            },
                            "id": 802182841161449472,
                            "id_str": "802182841161449472",
                            "url": "https://t.co/HlwNRrmIVO",
                            "expanded_url": "https://twitter.com/dn_nation_world/status/802249249777995777/photo/1",
                            "type": "photo",
                            "media_url_https": "https://pbs.twimg.com/media/CyHtCzxXgAAiA8j.jpg",
                            "indices": [
                                77,
                                100
                            ],
                            "media_url": "http://pbs.twimg.com/media/CyHtCzxXgAAiA8j.jpg",
                            "display_url": "pic.twitter.com/HlwNRrmIVO"
                        }
                    ]
                },
                "user": {
                    "profile_background_color": "C0DEED",
                    "description": "",
                    "listed_count": 20,
                    "has_extended_profile": false,
                    "notifications": false,
                    "followers_count": 632,
                    "entities": {
                        "description": {
                            "urls": []
                        }
                    },
                    "profile_image_url": "http://pbs.twimg.com/profile_images/593397673236963329/GJr35NIU_normal.jpg",
                    "geo_enabled": false,
                    "follow_request_sent": false,
                    "utc_offset": null,
                    "profile_sidebar_fill_color": "DDEEF6",
                    "id": 3152644679,
                    "profile_sidebar_border_color": "C0DEED",
                    "url": null,
                    "profile_text_color": "333333",
                    "screen_name": "dn_nation_world",
                    "statuses_count": 8426,
                    "name": "Detroit News: Nation",
                    "profile_background_image_url_https": "https://abs.twimg.com/images/themes/theme1/bg.png",
                    "profile_background_tile": false,
                    "default_profile": true,
                    "is_translator": false,
                    "id_str": "3152644679",
                    "lang": "en",
                    "translator_type": "none",
                    "time_zone": null,
                    "location": "",
                    "favourites_count": 3,
                    "default_profile_image": false,
                    "following": false,
                    "profile_use_background_image": true,
                    "profile_banner_url": "https://pbs.twimg.com/profile_banners/3152644679/1430312034",
                    "verified": false,
                    "protected": false,
                    "contributors_enabled": false,
                    "profile_image_url_https": "https://pbs.twimg.com/profile_images/593397673236963329/GJr35NIU_normal.jpg",
                    "profile_link_color": "1DA1F2",
                    "is_translation_enabled": false,
                    "friends_count": 35,
                    "profile_background_image_url": "http://abs.twimg.com/images/themes/theme1/bg.png",
                    "created_at": "Thu Apr 09 20:07:27 +0000 2015"
                },
                "coordinates": null,
                "created_at": "Fri Nov 25 20:35:00 +0000 2016"
            },
            "geo": null,
            "id_str": "802249445282824192",
            "lang": "en",
            "metadata": {
                "iso_language_code": "en",
                "result_type": "recent"
            },
            "id": 802249445282824192,
            "favorite_count": 0,
            "in_reply_to_user_id": null,
            "in_reply_to_screen_name": null,
            "in_reply_to_status_id_str": null,
            "text": "RT @dn_nation_world: .@realDonaldTrump says he\u2019s trying to save U.S. jobs https://t.co/2opYRLBTXK https://t.co/HlwNRrmIVO",
            "possibly_sensitive": false,
            "retweet_count": 2,
            "extended_entities": {
                "media": [
                    {
                        "media_url_https": "https://pbs.twimg.com/media/CyHtCzxXgAAiA8j.jpg",
                        "id_str": "802182841161449472",
                        "source_user_id": 3152644679,
                        "source_status_id": 802249249777995777,
                        "expanded_url": "https://twitter.com/dn_nation_world/status/802249249777995777/photo/1",
                        "media_url": "http://pbs.twimg.com/media/CyHtCzxXgAAiA8j.jpg",
                        "indices": [
                            98,
                            121
                        ],
                        "id": 802182841161449472,
                        "url": "https://t.co/HlwNRrmIVO",
                        "sizes": {
                            "thumb": {
                                "h": 150,
                                "resize": "crop",
                                "w": 150
                            },
                            "large": {
                                "h": 401,
                                "resize": "fit",
                                "w": 534
                            },
                            "medium": {
                                "h": 401,
                                "resize": "fit",
                                "w": 534
                            },
                            "small": {
                                "h": 401,
                                "resize": "fit",
                                "w": 534
                            }
                        },
                        "display_url": "pic.twitter.com/HlwNRrmIVO",
                        "type": "photo",
                        "source_user_id_str": "3152644679",
                        "source_status_id_str": "802249249777995777"
                    }
                ]
            },
            "user": {
                "profile_background_color": "1A1B1F",
                "description": "Detroit's best source for news and information. You can reach The Detroit News at online(at)detroitnews(dot)com. https://t.co/gma4B8adFW",
                "listed_count": 2945,
                "has_extended_profile": false,
                "notifications": false,
                "followers_count": 196580,
                "entities": {
                    "description": {
                        "urls": [
                            {
                                "display_url": "detroitnews.com",
                                "indices": [
                                    113,
                                    136
                                ],
                                "expanded_url": "http://www.detroitnews.com",
                                "url": "https://t.co/gma4B8adFW"
                            }
                        ]
                    },
                    "url": {
                        "urls": [
                            {
                                "display_url": "detroitnews.com",
                                "indices": [
                                    0,
                                    23
                                ],
                                "expanded_url": "http://www.detroitnews.com",
                                "url": "https://t.co/gma4B8adFW"
                            }
                        ]
                    }
                },
                "profile_image_url": "http://pbs.twimg.com/profile_images/512551439021768704/yKZZwFHJ_normal.jpeg",
                "geo_enabled": true,
                "follow_request_sent": false,
                "utc_offset": -18000,
                "profile_sidebar_fill_color": "252429",
                "id": 16543775,
                "profile_sidebar_border_color": "181A1E",
                "url": "https://t.co/gma4B8adFW",
                "profile_text_color": "666666",
                "screen_name": "detroitnews",
                "statuses_count": 143231,
                "name": "The Detroit News",
                "profile_background_image_url_https": "https://pbs.twimg.com/profile_background_images/377647659/twitter-detnews4.jpg",
                "profile_background_tile": false,
                "default_profile": false,
                "is_translator": false,
                "id_str": "16543775",
                "lang": "en",
                "translator_type": "none",
                "time_zone": "Eastern Time (US & Canada)",
                "location": "Detroit,MI USA",
                "favourites_count": 913,
                "default_profile_image": false,
                "following": false,
                "profile_use_background_image": false,
                "profile_banner_url": "https://pbs.twimg.com/profile_banners/16543775/1480021089",
                "verified": true,
                "protected": false,
                "contributors_enabled": false,
                "profile_image_url_https": "https://pbs.twimg.com/profile_images/512551439021768704/yKZZwFHJ_normal.jpeg",
                "profile_link_color": "2FC2EF",
                "is_translation_enabled": false,
                "friends_count": 2311,
                "profile_background_image_url": "http://pbs.twimg.com/profile_background_images/377647659/twitter-detnews4.jpg",
                "created_at": "Wed Oct 01 13:36:49 +0000 2008"
            },
            "coordinates": null,
            "created_at": "Fri Nov 25 20:35:47 +0000 2016"
        },
        {
            "favorited": false,
            "truncated": false,
            "entities": {
                "user_mentions": [
                    {
                        "screen_name": "realDonaldTrump",
                        "indices": [
                            1,
                            17
                        ],
                        "id_str": "25073877",
                        "id": 25073877,
                        "name": "Donald J. Trump"
                    }
                ],
                "media": [
                    {
                        "sizes": {
                            "large": {
                                "h": 401,
                                "resize": "fit",
                                "w": 534
                            },
                            "thumb": {
                                "h": 150,
                                "resize": "crop",
                                "w": 150
                            },
                            "medium": {
                                "h": 401,
                                "resize": "fit",
                                "w": 534
                            },
                            "small": {
                                "h": 401,
                                "resize": "fit",
                                "w": 534
                            }
                        },
                        "id": 802239466198822912,
                        "id_str": "802239466198822912",
                        "url": "https://t.co/Qe9yCfLKIM",
                        "expanded_url": "https://twitter.com/detroitnews/status/802239502177681414/photo/1",
                        "type": "photo",
                        "media_url_https": "https://pbs.twimg.com/media/CyIgi0eUcAAfa-Y.jpg",
                        "indices": [
                            89,
                            112
                        ],
                        "media_url": "http://pbs.twimg.com/media/CyIgi0eUcAAfa-Y.jpg",
                        "display_url": "pic.twitter.com/Qe9yCfLKIM"
                    }
                ],
                "urls": [
                    {
                        "display_url": "detne.ws/2g0iboL",
                        "indices": [
                            65,
                            88
                        ],
                        "expanded_url": "http://detne.ws/2g0iboL",
                        "url": "https://t.co/y9fPDKXSra"
                    }
                ],
                "hashtags": [],
                "symbols": []
            },
            "retweeted": false,
            "in_reply_to_status_id": null,
            "place": null,
            "contributors": null,
            "in_reply_to_user_id_str": null,
            "source": "<a href=\"https://about.twitter.com/products/tweetdeck\" rel=\"nofollow\">TweetDeck</a>",
            "is_quote_status": false,
            "geo": null,
            "id_str": "802239502177681414",
            "lang": "en",
            "metadata": {
                "iso_language_code": "en",
                "result_type": "recent"
            },
            "id": 802239502177681414,
            "favorite_count": 1,
            "in_reply_to_user_id": null,
            "in_reply_to_screen_name": null,
            "in_reply_to_status_id_str": null,
            "text": ".@realDonaldTrump\u2019s stock in oil pipeline company raises concern https://t.co/y9fPDKXSra https://t.co/Qe9yCfLKIM",
            "possibly_sensitive": false,
            "retweet_count": 5,
            "extended_entities": {
                "media": [
                    {
                        "sizes": {
                            "large": {
                                "h": 401,
                                "resize": "fit",
                                "w": 534
                            },
                            "thumb": {
                                "h": 150,
                                "resize": "crop",
                                "w": 150
                            },
                            "medium": {
                                "h": 401,
                                "resize": "fit",
                                "w": 534
                            },
                            "small": {
                                "h": 401,
                                "resize": "fit",
                                "w": 534
                            }
                        },
                        "id": 802239466198822912,
                        "id_str": "802239466198822912",
                        "url": "https://t.co/Qe9yCfLKIM",
                        "expanded_url": "https://twitter.com/detroitnews/status/802239502177681414/photo/1",
                        "type": "photo",
                        "media_url_https": "https://pbs.twimg.com/media/CyIgi0eUcAAfa-Y.jpg",
                        "indices": [
                            89,
                            112
                        ],
                        "media_url": "http://pbs.twimg.com/media/CyIgi0eUcAAfa-Y.jpg",
                        "display_url": "pic.twitter.com/Qe9yCfLKIM"
                    }
                ]
            },
            "user": {
                "profile_background_color": "1A1B1F",
                "description": "Detroit's best source for news and information. You can reach The Detroit News at online(at)detroitnews(dot)com. https://t.co/gma4B8adFW",
                "listed_count": 2945,
                "has_extended_profile": false,
                "notifications": false,
                "followers_count": 196580,
                "entities": {
                    "description": {
                        "urls": [
                            {
                                "display_url": "detroitnews.com",
                                "indices": [
                                    113,
                                    136
                                ],
                                "expanded_url": "http://www.detroitnews.com",
                                "url": "https://t.co/gma4B8adFW"
                            }
                        ]
                    },
                    "url": {
                        "urls": [
                            {
                                "display_url": "detroitnews.com",
                                "indices": [
                                    0,
                                    23
                                ],
                                "expanded_url": "http://www.detroitnews.com",
                                "url": "https://t.co/gma4B8adFW"
                            }
                        ]
                    }
                },
                "profile_image_url": "http://pbs.twimg.com/profile_images/512551439021768704/yKZZwFHJ_normal.jpeg",
                "geo_enabled": true,
                "follow_request_sent": false,
                "utc_offset": -18000,
                "profile_sidebar_fill_color": "252429",
                "id": 16543775,
                "profile_sidebar_border_color": "181A1E",
                "url": "https://t.co/gma4B8adFW",
                "profile_text_color": "666666",
                "screen_name": "detroitnews",
                "statuses_count": 143231,
                "name": "The Detroit News",
                "profile_background_image_url_https": "https://pbs.twimg.com/profile_background_images/377647659/twitter-detnews4.jpg",
                "profile_background_tile": false,
                "default_profile": false,
                "is_translator": false,
                "id_str": "16543775",
                "lang": "en",
                "translator_type": "none",
                "time_zone": "Eastern Time (US & Canada)",
                "location": "Detroit,MI USA",
                "favourites_count": 913,
                "default_profile_image": false,
                "following": false,
                "profile_use_background_image": false,
                "profile_banner_url": "https://pbs.twimg.com/profile_banners/16543775/1480021089",
                "verified": true,
                "protected": false,
                "contributors_enabled": false,
                "profile_image_url_https": "https://pbs.twimg.com/profile_images/512551439021768704/yKZZwFHJ_normal.jpeg",
                "profile_link_color": "2FC2EF",
                "is_translation_enabled": false,
                "friends_count": 2311,
                "profile_background_image_url": "http://pbs.twimg.com/profile_background_images/377647659/twitter-detnews4.jpg",
                "created_at": "Wed Oct 01 13:36:49 +0000 2008"
            },
            "coordinates": null,
            "created_at": "Fri Nov 25 19:56:16 +0000 2016"
        },
        {
            "favorited": false,
            "truncated": false,
            "entities": {
                "user_mentions": [
                    {
                        "screen_name": "realDonaldTrump",
                        "indices": [
                            1,
                            17
                        ],
                        "id_str": "25073877",
                        "id": 25073877,
                        "name": "Donald J. Trump"
                    },
                    {
                        "screen_name": "DrJillStein",
                        "indices": [
                            42,
                            54
                        ],
                        "id_str": "111216929",
                        "id": 111216929,
                        "name": "Dr. Jill Stein"
                    }
                ],
                "media": [
                    {
                        "sizes": {
                            "thumb": {
                                "h": 150,
                                "resize": "crop",
                                "w": 150
                            },
                            "large": {
                                "h": 401,
                                "resize": "fit",
                                "w": 534
                            },
                            "medium": {
                                "h": 401,
                                "resize": "fit",
                                "w": 534
                            },
                            "small": {
                                "h": 401,
                                "resize": "fit",
                                "w": 534
                            }
                        },
                        "id": 802196376583028736,
                        "id_str": "802196376583028736",
                        "url": "https://t.co/4ZlKjGXiQ1",
                        "expanded_url": "https://twitter.com/detroitnews/status/802207727376355328/photo/1",
                        "type": "photo",
                        "media_url_https": "https://pbs.twimg.com/media/CyH5WrJWQAAQZY7.jpg",
                        "indices": [
                            94,
                            117
                        ],
                        "media_url": "http://pbs.twimg.com/media/CyH5WrJWQAAQZY7.jpg",
                        "display_url": "pic.twitter.com/4ZlKjGXiQ1"
                    }
                ],
                "urls": [
                    {
                        "display_url": "detne.ws/2fZ4M0h",
                        "indices": [
                            70,
                            93
                        ],
                        "expanded_url": "http://detne.ws/2fZ4M0h",
                        "url": "https://t.co/jhOnCXJlVM"
                    }
                ],
                "hashtags": [],
                "symbols": []
            },
            "retweeted": false,
            "in_reply_to_status_id": null,
            "place": null,
            "contributors": null,
            "in_reply_to_user_id_str": null,
            "source": "<a href=\"https://about.twitter.com/products/tweetdeck\" rel=\"nofollow\">TweetDeck</a>",
            "is_quote_status": false,
            "geo": null,
            "id_str": "802207727376355328",
            "lang": "en",
            "metadata": {
                "iso_language_code": "en",
                "result_type": "recent"
            },
            "id": 802207727376355328,
            "favorite_count": 2,
            "in_reply_to_user_id": null,
            "in_reply_to_screen_name": null,
            "in_reply_to_status_id_str": null,
            "text": ".@realDonaldTrump shaping administration; @DrJillStein seeks recounts https://t.co/jhOnCXJlVM https://t.co/4ZlKjGXiQ1",
            "possibly_sensitive": false,
            "retweet_count": 2,
            "extended_entities": {
                "media": [
                    {
                        "sizes": {
                            "thumb": {
                                "h": 150,
                                "resize": "crop",
                                "w": 150
                            },
                            "large": {
                                "h": 401,
                                "resize": "fit",
                                "w": 534
                            },
                            "medium": {
                                "h": 401,
                                "resize": "fit",
                                "w": 534
                            },
                            "small": {
                                "h": 401,
                                "resize": "fit",
                                "w": 534
                            }
                        },
                        "id": 802196376583028736,
                        "id_str": "802196376583028736",
                        "url": "https://t.co/4ZlKjGXiQ1",
                        "expanded_url": "https://twitter.com/detroitnews/status/802207727376355328/photo/1",
                        "type": "photo",
                        "media_url_https": "https://pbs.twimg.com/media/CyH5WrJWQAAQZY7.jpg",
                        "indices": [
                            94,
                            117
                        ],
                        "media_url": "http://pbs.twimg.com/media/CyH5WrJWQAAQZY7.jpg",
                        "display_url": "pic.twitter.com/4ZlKjGXiQ1"
                    }
                ]
            },
            "user": {
                "profile_background_color": "1A1B1F",
                "description": "Detroit's best source for news and information. You can reach The Detroit News at online(at)detroitnews(dot)com. https://t.co/gma4B8adFW",
                "listed_count": 2945,
                "has_extended_profile": false,
                "notifications": false,
                "followers_count": 196580,
                "entities": {
                    "description": {
                        "urls": [
                            {
                                "display_url": "detroitnews.com",
                                "indices": [
                                    113,
                                    136
                                ],
                                "expanded_url": "http://www.detroitnews.com",
                                "url": "https://t.co/gma4B8adFW"
                            }
                        ]
                    },
                    "url": {
                        "urls": [
                            {
                                "display_url": "detroitnews.com",
                                "indices": [
                                    0,
                                    23
                                ],
                                "expanded_url": "http://www.detroitnews.com",
                                "url": "https://t.co/gma4B8adFW"
                            }
                        ]
                    }
                },
                "profile_image_url": "http://pbs.twimg.com/profile_images/512551439021768704/yKZZwFHJ_normal.jpeg",
                "geo_enabled": true,
                "follow_request_sent": false,
                "utc_offset": -18000,
                "profile_sidebar_fill_color": "252429",
                "id": 16543775,
                "profile_sidebar_border_color": "181A1E",
                "url": "https://t.co/gma4B8adFW",
                "profile_text_color": "666666",
                "screen_name": "detroitnews",
                "statuses_count": 143231,
                "name": "The Detroit News",
                "profile_background_image_url_https": "https://pbs.twimg.com/profile_background_images/377647659/twitter-detnews4.jpg",
                "profile_background_tile": false,
                "default_profile": false,
                "is_translator": false,
                "id_str": "16543775",
                "lang": "en",
                "translator_type": "none",
                "time_zone": "Eastern Time (US & Canada)",
                "location": "Detroit,MI USA",
                "favourites_count": 913,
                "default_profile_image": false,
                "following": false,
                "profile_use_background_image": false,
                "profile_banner_url": "https://pbs.twimg.com/profile_banners/16543775/1480021089",
                "verified": true,
                "protected": false,
                "contributors_enabled": false,
                "profile_image_url_https": "https://pbs.twimg.com/profile_images/512551439021768704/yKZZwFHJ_normal.jpeg",
                "profile_link_color": "2FC2EF",
                "is_translation_enabled": false,
                "friends_count": 2311,
                "profile_background_image_url": "http://pbs.twimg.com/profile_background_images/377647659/twitter-detnews4.jpg",
                "created_at": "Wed Oct 01 13:36:49 +0000 2008"
            },
            "coordinates": null,
            "created_at": "Fri Nov 25 17:50:01 +0000 2016"
        },
        {
            "favorited": false,
            "truncated": false,
            "entities": {
                "user_mentions": [
                    {
                        "screen_name": "realDonaldTrump",
                        "indices": [
                            12,
                            28
                        ],
                        "id_str": "25073877",
                        "id": 25073877,
                        "name": "Donald J. Trump"
                    }
                ],
                "media": [
                    {
                        "sizes": {
                            "large": {
                                "h": 401,
                                "resize": "fit",
                                "w": 534
                            },
                            "thumb": {
                                "h": 150,
                                "resize": "crop",
                                "w": 150
                            },
                            "medium": {
                                "h": 401,
                                "resize": "fit",
                                "w": 534
                            },
                            "small": {
                                "h": 401,
                                "resize": "fit",
                                "w": 534
                            }
                        },
                        "id": 802187184841363456,
                        "id_str": "802187184841363456",
                        "url": "https://t.co/GmoKuxFJFC",
                        "expanded_url": "https://twitter.com/detroitnews/status/802197661671653376/photo/1",
                        "type": "photo",
                        "media_url_https": "https://pbs.twimg.com/media/CyHw_pPXEAAY1Ii.jpg",
                        "indices": [
                            91,
                            114
                        ],
                        "media_url": "http://pbs.twimg.com/media/CyHw_pPXEAAY1Ii.jpg",
                        "display_url": "pic.twitter.com/GmoKuxFJFC"
                    }
                ],
                "urls": [
                    {
                        "display_url": "detne.ws/2glsYH1",
                        "indices": [
                            67,
                            90
                        ],
                        "expanded_url": "http://detne.ws/2glsYH1",
                        "url": "https://t.co/iRZlDx7MD4"
                    }
                ],
                "hashtags": [],
                "symbols": []
            },
            "retweeted": false,
            "in_reply_to_status_id": null,
            "place": null,
            "contributors": null,
            "in_reply_to_user_id_str": null,
            "source": "<a href=\"https://about.twitter.com/products/tweetdeck\" rel=\"nofollow\">TweetDeck</a>",
            "is_quote_status": false,
            "geo": null,
            "id_str": "802197661671653376",
            "lang": "en",
            "metadata": {
                "iso_language_code": "en",
                "result_type": "recent"
            },
            "id": 802197661671653376,
            "favorite_count": 2,
            "in_reply_to_user_id": null,
            "in_reply_to_screen_name": null,
            "in_reply_to_status_id_str": null,
            "text": "Marchionne: @realDonaldTrump is a \u2018game changer\u2019 for auto industry https://t.co/iRZlDx7MD4 https://t.co/GmoKuxFJFC",
            "possibly_sensitive": false,
            "retweet_count": 3,
            "extended_entities": {
                "media": [
                    {
                        "sizes": {
                            "large": {
                                "h": 401,
                                "resize": "fit",
                                "w": 534
                            },
                            "thumb": {
                                "h": 150,
                                "resize": "crop",
                                "w": 150
                            },
                            "medium": {
                                "h": 401,
                                "resize": "fit",
                                "w": 534
                            },
                            "small": {
                                "h": 401,
                                "resize": "fit",
                                "w": 534
                            }
                        },
                        "id": 802187184841363456,
                        "id_str": "802187184841363456",
                        "url": "https://t.co/GmoKuxFJFC",
                        "expanded_url": "https://twitter.com/detroitnews/status/802197661671653376/photo/1",
                        "type": "photo",
                        "media_url_https": "https://pbs.twimg.com/media/CyHw_pPXEAAY1Ii.jpg",
                        "indices": [
                            91,
                            114
                        ],
                        "media_url": "http://pbs.twimg.com/media/CyHw_pPXEAAY1Ii.jpg",
                        "display_url": "pic.twitter.com/GmoKuxFJFC"
                    }
                ]
            },
            "user": {
                "profile_background_color": "1A1B1F",
                "description": "Detroit's best source for news and information. You can reach The Detroit News at online(at)detroitnews(dot)com. https://t.co/gma4B8adFW",
                "listed_count": 2945,
                "has_extended_profile": false,
                "notifications": false,
                "followers_count": 196580,
                "entities": {
                    "description": {
                        "urls": [
                            {
                                "display_url": "detroitnews.com",
                                "indices": [
                                    113,
                                    136
                                ],
                                "expanded_url": "http://www.detroitnews.com",
                                "url": "https://t.co/gma4B8adFW"
                            }
                        ]
                    },
                    "url": {
                        "urls": [
                            {
                                "display_url": "detroitnews.com",
                                "indices": [
                                    0,
                                    23
                                ],
                                "expanded_url": "http://www.detroitnews.com",
                                "url": "https://t.co/gma4B8adFW"
                            }
                        ]
                    }
                },
                "profile_image_url": "http://pbs.twimg.com/profile_images/512551439021768704/yKZZwFHJ_normal.jpeg",
                "geo_enabled": true,
                "follow_request_sent": false,
                "utc_offset": -18000,
                "profile_sidebar_fill_color": "252429",
                "id": 16543775,
                "profile_sidebar_border_color": "181A1E",
                "url": "https://t.co/gma4B8adFW",
                "profile_text_color": "666666",
                "screen_name": "detroitnews",
                "statuses_count": 143231,
                "name": "The Detroit News",
                "profile_background_image_url_https": "https://pbs.twimg.com/profile_background_images/377647659/twitter-detnews4.jpg",
                "profile_background_tile": false,
                "default_profile": false,
                "is_translator": false,
                "id_str": "16543775",
                "lang": "en",
                "translator_type": "none",
                "time_zone": "Eastern Time (US & Canada)",
                "location": "Detroit,MI USA",
                "favourites_count": 913,
                "default_profile_image": false,
                "following": false,
                "profile_use_background_image": false,
                "profile_banner_url": "https://pbs.twimg.com/profile_banners/16543775/1480021089",
                "verified": true,
                "protected": false,
                "contributors_enabled": false,
                "profile_image_url_https": "https://pbs.twimg.com/profile_images/512551439021768704/yKZZwFHJ_normal.jpeg",
                "profile_link_color": "2FC2EF",
                "is_translation_enabled": false,
                "friends_count": 2311,
                "profile_background_image_url": "http://pbs.twimg.com/profile_background_images/377647659/twitter-detnews4.jpg",
                "created_at": "Wed Oct 01 13:36:49 +0000 2008"
            },
            "coordinates": null,
            "created_at": "Fri Nov 25 17:10:01 +0000 2016"
        },
        {
            "favorited": false,
            "truncated": false,
            "entities": {
                "user_mentions": [
                    {
                        "screen_name": "realDonaldTrump",
                        "indices": [
                            26,
                            42
                        ],
                        "id_str": "25073877",
                        "id": 25073877,
                        "name": "Donald J. Trump"
                    }
                ],
                "media": [
                    {
                        "sizes": {
                            "large": {
                                "h": 401,
                                "resize": "fit",
                                "w": 534
                            },
                            "thumb": {
                                "h": 150,
                                "resize": "crop",
                                "w": 150
                            },
                            "medium": {
                                "h": 401,
                                "resize": "fit",
                                "w": 534
                            },
                            "small": {
                                "h": 401,
                                "resize": "fit",
                                "w": 534
                            }
                        },
                        "id": 802179716824371200,
                        "id_str": "802179716824371200",
                        "url": "https://t.co/ZEn3Pld7Oe",
                        "expanded_url": "https://twitter.com/detroitnews/status/802196401950248960/photo/1",
                        "type": "photo",
                        "media_url_https": "https://pbs.twimg.com/media/CyHqM8tXEAAlEO8.jpg",
                        "indices": [
                            91,
                            114
                        ],
                        "media_url": "http://pbs.twimg.com/media/CyHqM8tXEAAlEO8.jpg",
                        "display_url": "pic.twitter.com/ZEn3Pld7Oe"
                    }
                ],
                "urls": [
                    {
                        "display_url": "detne.ws/2fZJ0tA",
                        "indices": [
                            67,
                            90
                        ],
                        "expanded_url": "http://detne.ws/2fZJ0tA",
                        "url": "https://t.co/L71j5EtDEX"
                    }
                ],
                "hashtags": [],
                "symbols": []
            },
            "retweeted": false,
            "in_reply_to_status_id": null,
            "place": null,
            "contributors": null,
            "in_reply_to_user_id_str": null,
            "source": "<a href=\"https://about.twitter.com/products/tweetdeck\" rel=\"nofollow\">TweetDeck</a>",
            "is_quote_status": false,
            "geo": null,
            "id_str": "802196401950248960",
            "lang": "en",
            "metadata": {
                "iso_language_code": "en",
                "result_type": "recent"
            },
            "id": 802196401950248960,
            "favorite_count": 1,
            "in_reply_to_user_id": null,
            "in_reply_to_screen_name": null,
            "in_reply_to_status_id_str": null,
            "text": "For some in middle class, @realDonaldTrump plan means tax increase https://t.co/L71j5EtDEX https://t.co/ZEn3Pld7Oe",
            "possibly_sensitive": false,
            "retweet_count": 7,
            "extended_entities": {
                "media": [
                    {
                        "sizes": {
                            "large": {
                                "h": 401,
                                "resize": "fit",
                                "w": 534
                            },
                            "thumb": {
                                "h": 150,
                                "resize": "crop",
                                "w": 150
                            },
                            "medium": {
                                "h": 401,
                                "resize": "fit",
                                "w": 534
                            },
                            "small": {
                                "h": 401,
                                "resize": "fit",
                                "w": 534
                            }
                        },
                        "id": 802179716824371200,
                        "id_str": "802179716824371200",
                        "url": "https://t.co/ZEn3Pld7Oe",
                        "expanded_url": "https://twitter.com/detroitnews/status/802196401950248960/photo/1",
                        "type": "photo",
                        "media_url_https": "https://pbs.twimg.com/media/CyHqM8tXEAAlEO8.jpg",
                        "indices": [
                            91,
                            114
                        ],
                        "media_url": "http://pbs.twimg.com/media/CyHqM8tXEAAlEO8.jpg",
                        "display_url": "pic.twitter.com/ZEn3Pld7Oe"
                    }
                ]
            },
            "user": {
                "profile_background_color": "1A1B1F",
                "description": "Detroit's best source for news and information. You can reach The Detroit News at online(at)detroitnews(dot)com. https://t.co/gma4B8adFW",
                "listed_count": 2945,
                "has_extended_profile": false,
                "notifications": false,
                "followers_count": 196580,
                "entities": {
                    "description": {
                        "urls": [
                            {
                                "display_url": "detroitnews.com",
                                "indices": [
                                    113,
                                    136
                                ],
                                "expanded_url": "http://www.detroitnews.com",
                                "url": "https://t.co/gma4B8adFW"
                            }
                        ]
                    },
                    "url": {
                        "urls": [
                            {
                                "display_url": "detroitnews.com",
                                "indices": [
                                    0,
                                    23
                                ],
                                "expanded_url": "http://www.detroitnews.com",
                                "url": "https://t.co/gma4B8adFW"
                            }
                        ]
                    }
                },
                "profile_image_url": "http://pbs.twimg.com/profile_images/512551439021768704/yKZZwFHJ_normal.jpeg",
                "geo_enabled": true,
                "follow_request_sent": false,
                "utc_offset": -18000,
                "profile_sidebar_fill_color": "252429",
                "id": 16543775,
                "profile_sidebar_border_color": "181A1E",
                "url": "https://t.co/gma4B8adFW",
                "profile_text_color": "666666",
                "screen_name": "detroitnews",
                "statuses_count": 143231,
                "name": "The Detroit News",
                "profile_background_image_url_https": "https://pbs.twimg.com/profile_background_images/377647659/twitter-detnews4.jpg",
                "profile_background_tile": false,
                "default_profile": false,
                "is_translator": false,
                "id_str": "16543775",
                "lang": "en",
                "translator_type": "none",
                "time_zone": "Eastern Time (US & Canada)",
                "location": "Detroit,MI USA",
                "favourites_count": 913,
                "default_profile_image": false,
                "following": false,
                "profile_use_background_image": false,
                "profile_banner_url": "https://pbs.twimg.com/profile_banners/16543775/1480021089",
                "verified": true,
                "protected": false,
                "contributors_enabled": false,
                "profile_image_url_https": "https://pbs.twimg.com/profile_images/512551439021768704/yKZZwFHJ_normal.jpeg",
                "profile_link_color": "2FC2EF",
                "is_translation_enabled": false,
                "friends_count": 2311,
                "profile_background_image_url": "http://pbs.twimg.com/profile_background_images/377647659/twitter-detnews4.jpg",
                "created_at": "Wed Oct 01 13:36:49 +0000 2008"
            },
            "coordinates": null,
            "created_at": "Fri Nov 25 17:05:00 +0000 2016"
        },
        {
            "favorited": false,
            "truncated": false,
            "entities": {
                "user_mentions": [
                    {
                        "screen_name": "MELANIATRUMP",
                        "indices": [
                            1,
                            14
                        ],
                        "id_str": "108471631",
                        "id": 108471631,
                        "name": "MELANIA TRUMP"
                    }
                ],
                "media": [
                    {
                        "sizes": {
                            "thumb": {
                                "h": 150,
                                "resize": "crop",
                                "w": 150
                            },
                            "large": {
                                "h": 401,
                                "resize": "fit",
                                "w": 534
                            },
                            "medium": {
                                "h": 401,
                                "resize": "fit",
                                "w": 534
                            },
                            "small": {
                                "h": 401,
                                "resize": "fit",
                                "w": 534
                            }
                        },
                        "id": 802183076562567168,
                        "id_str": "802183076562567168",
                        "url": "https://t.co/4pNxHc9ncV",
                        "expanded_url": "https://twitter.com/detroitnews/status/802189355712450560/photo/1",
                        "type": "photo",
                        "media_url_https": "https://pbs.twimg.com/media/CyHtQgtXgAA7YaC.jpg",
                        "indices": [
                            76,
                            99
                        ],
                        "media_url": "http://pbs.twimg.com/media/CyHtQgtXgAA7YaC.jpg",
                        "display_url": "pic.twitter.com/4pNxHc9ncV"
                    }
                ],
                "urls": [
                    {
                        "display_url": "detne.ws/2fZ3H8Z",
                        "indices": [
                            52,
                            75
                        ],
                        "expanded_url": "http://detne.ws/2fZ3H8Z",
                        "url": "https://t.co/KyMixUuMkG"
                    }
                ],
                "hashtags": [],
                "symbols": []
            },
            "retweeted": false,
            "in_reply_to_status_id": null,
            "place": null,
            "contributors": null,
            "in_reply_to_user_id_str": null,
            "source": "<a href=\"https://about.twitter.com/products/tweetdeck\" rel=\"nofollow\">TweetDeck</a>",
            "is_quote_status": false,
            "geo": null,
            "id_str": "802189355712450560",
            "lang": "en",
            "metadata": {
                "iso_language_code": "en",
                "result_type": "recent"
            },
            "id": 802189355712450560,
            "favorite_count": 3,
            "in_reply_to_user_id": null,
            "in_reply_to_screen_name": null,
            "in_reply_to_status_id_str": null,
            "text": ".@MELANIATRUMP set to be a long-distance first lady https://t.co/KyMixUuMkG https://t.co/4pNxHc9ncV",
            "possibly_sensitive": false,
            "retweet_count": 2,
            "extended_entities": {
                "media": [
                    {
                        "sizes": {
                            "thumb": {
                                "h": 150,
                                "resize": "crop",
                                "w": 150
                            },
                            "large": {
                                "h": 401,
                                "resize": "fit",
                                "w": 534
                            },
                            "medium": {
                                "h": 401,
                                "resize": "fit",
                                "w": 534
                            },
                            "small": {
                                "h": 401,
                                "resize": "fit",
                                "w": 534
                            }
                        },
                        "id": 802183076562567168,
                        "id_str": "802183076562567168",
                        "url": "https://t.co/4pNxHc9ncV",
                        "expanded_url": "https://twitter.com/detroitnews/status/802189355712450560/photo/1",
                        "type": "photo",
                        "media_url_https": "https://pbs.twimg.com/media/CyHtQgtXgAA7YaC.jpg",
                        "indices": [
                            76,
                            99
                        ],
                        "media_url": "http://pbs.twimg.com/media/CyHtQgtXgAA7YaC.jpg",
                        "display_url": "pic.twitter.com/4pNxHc9ncV"
                    }
                ]
            },
            "user": {
                "profile_background_color": "1A1B1F",
                "description": "Detroit's best source for news and information. You can reach The Detroit News at online(at)detroitnews(dot)com. https://t.co/gma4B8adFW",
                "listed_count": 2945,
                "has_extended_profile": false,
                "notifications": false,
                "followers_count": 196580,
                "entities": {
                    "description": {
                        "urls": [
                            {
                                "display_url": "detroitnews.com",
                                "indices": [
                                    113,
                                    136
                                ],
                                "expanded_url": "http://www.detroitnews.com",
                                "url": "https://t.co/gma4B8adFW"
                            }
                        ]
                    },
                    "url": {
                        "urls": [
                            {
                                "display_url": "detroitnews.com",
                                "indices": [
                                    0,
                                    23
                                ],
                                "expanded_url": "http://www.detroitnews.com",
                                "url": "https://t.co/gma4B8adFW"
                            }
                        ]
                    }
                },
                "profile_image_url": "http://pbs.twimg.com/profile_images/512551439021768704/yKZZwFHJ_normal.jpeg",
                "geo_enabled": true,
                "follow_request_sent": false,
                "utc_offset": -18000,
                "profile_sidebar_fill_color": "252429",
                "id": 16543775,
                "profile_sidebar_border_color": "181A1E",
                "url": "https://t.co/gma4B8adFW",
                "profile_text_color": "666666",
                "screen_name": "detroitnews",
                "statuses_count": 143231,
                "name": "The Detroit News",
                "profile_background_image_url_https": "https://pbs.twimg.com/profile_background_images/377647659/twitter-detnews4.jpg",
                "profile_background_tile": false,
                "default_profile": false,
                "is_translator": false,
                "id_str": "16543775",
                "lang": "en",
                "translator_type": "none",
                "time_zone": "Eastern Time (US & Canada)",
                "location": "Detroit,MI USA",
                "favourites_count": 913,
                "default_profile_image": false,
                "following": false,
                "profile_use_background_image": false,
                "profile_banner_url": "https://pbs.twimg.com/profile_banners/16543775/1480021089",
                "verified": true,
                "protected": false,
                "contributors_enabled": false,
                "profile_image_url_https": "https://pbs.twimg.com/profile_images/512551439021768704/yKZZwFHJ_normal.jpeg",
                "profile_link_color": "2FC2EF",
                "is_translation_enabled": false,
                "friends_count": 2311,
                "profile_background_image_url": "http://pbs.twimg.com/profile_background_images/377647659/twitter-detnews4.jpg",
                "created_at": "Wed Oct 01 13:36:49 +0000 2008"
            },
            "coordinates": null,
            "created_at": "Fri Nov 25 16:37:01 +0000 2016"
        },
        {
            "favorited": false,
            "truncated": false,
            "entities": {
                "user_mentions": [
                    {
                        "screen_name": "bankieT",
                        "indices": [
                            1,
                            9
                        ],
                        "id_str": "267709760",
                        "id": 267709760,
                        "name": "Bankole Thompson"
                    },
                    {
                        "screen_name": "realDonaldTrump",
                        "indices": [
                            37,
                            53
                        ],
                        "id_str": "25073877",
                        "id": 25073877,
                        "name": "Donald J. Trump"
                    }
                ],
                "media": [
                    {
                        "sizes": {
                            "large": {
                                "h": 401,
                                "resize": "fit",
                                "w": 534
                            },
                            "thumb": {
                                "h": 150,
                                "resize": "crop",
                                "w": 150
                            },
                            "medium": {
                                "h": 401,
                                "resize": "fit",
                                "w": 534
                            },
                            "small": {
                                "h": 401,
                                "resize": "fit",
                                "w": 534
                            }
                        },
                        "id": 801859814771064832,
                        "id_str": "801859814771064832",
                        "url": "https://t.co/qlJCS0NC3P",
                        "expanded_url": "https://twitter.com/detroitnews/status/802096999185006593/photo/1",
                        "type": "photo",
                        "media_url_https": "https://pbs.twimg.com/media/CyDHQMsXAAA-Vb3.jpg",
                        "indices": [
                            82,
                            105
                        ],
                        "media_url": "http://pbs.twimg.com/media/CyDHQMsXAAA-Vb3.jpg",
                        "display_url": "pic.twitter.com/qlJCS0NC3P"
                    }
                ],
                "urls": [
                    {
                        "display_url": "detne.ws/2gib9sI",
                        "indices": [
                            58,
                            81
                        ],
                        "expanded_url": "http://detne.ws/2gib9sI",
                        "url": "https://t.co/buw6OynXgl"
                    }
                ],
                "hashtags": [],
                "symbols": []
            },
            "retweeted": false,
            "in_reply_to_status_id": null,
            "place": null,
            "contributors": null,
            "in_reply_to_user_id_str": null,
            "source": "<a href=\"https://about.twitter.com/products/tweetdeck\" rel=\"nofollow\">TweetDeck</a>",
            "is_quote_status": false,
            "geo": null,
            "id_str": "802096999185006593",
            "lang": "en",
            "metadata": {
                "iso_language_code": "en",
                "result_type": "recent"
            },
            "id": 802096999185006593,
            "favorite_count": 2,
            "in_reply_to_user_id": null,
            "in_reply_to_screen_name": null,
            "in_reply_to_status_id_str": null,
            "text": ".@bankieT: Media must be on guard in @realDonaldTrump era https://t.co/buw6OynXgl https://t.co/qlJCS0NC3P",
            "possibly_sensitive": false,
            "retweet_count": 2,
            "extended_entities": {
                "media": [
                    {
                        "sizes": {
                            "large": {
                                "h": 401,
                                "resize": "fit",
                                "w": 534
                            },
                            "thumb": {
                                "h": 150,
                                "resize": "crop",
                                "w": 150
                            },
                            "medium": {
                                "h": 401,
                                "resize": "fit",
                                "w": 534
                            },
                            "small": {
                                "h": 401,
                                "resize": "fit",
                                "w": 534
                            }
                        },
                        "id": 801859814771064832,
                        "id_str": "801859814771064832",
                        "url": "https://t.co/qlJCS0NC3P",
                        "expanded_url": "https://twitter.com/detroitnews/status/802096999185006593/photo/1",
                        "type": "photo",
                        "media_url_https": "https://pbs.twimg.com/media/CyDHQMsXAAA-Vb3.jpg",
                        "indices": [
                            82,
                            105
                        ],
                        "media_url": "http://pbs.twimg.com/media/CyDHQMsXAAA-Vb3.jpg",
                        "display_url": "pic.twitter.com/qlJCS0NC3P"
                    }
                ]
            },
            "user": {
                "profile_background_color": "1A1B1F",
                "description": "Detroit's best source for news and information. You can reach The Detroit News at online(at)detroitnews(dot)com. https://t.co/gma4B8adFW",
                "listed_count": 2945,
                "has_extended_profile": false,
                "notifications": false,
                "followers_count": 196580,
                "entities": {
                    "description": {
                        "urls": [
                            {
                                "display_url": "detroitnews.com",
                                "indices": [
                                    113,
                                    136
                                ],
                                "expanded_url": "http://www.detroitnews.com",
                                "url": "https://t.co/gma4B8adFW"
                            }
                        ]
                    },
                    "url": {
                        "urls": [
                            {
                                "display_url": "detroitnews.com",
                                "indices": [
                                    0,
                                    23
                                ],
                                "expanded_url": "http://www.detroitnews.com",
                                "url": "https://t.co/gma4B8adFW"
                            }
                        ]
                    }
                },
                "profile_image_url": "http://pbs.twimg.com/profile_images/512551439021768704/yKZZwFHJ_normal.jpeg",
                "geo_enabled": true,
                "follow_request_sent": false,
                "utc_offset": -18000,
                "profile_sidebar_fill_color": "252429",
                "id": 16543775,
                "profile_sidebar_border_color": "181A1E",
                "url": "https://t.co/gma4B8adFW",
                "profile_text_color": "666666",
                "screen_name": "detroitnews",
                "statuses_count": 143231,
                "name": "The Detroit News",
                "profile_background_image_url_https": "https://pbs.twimg.com/profile_background_images/377647659/twitter-detnews4.jpg",
                "profile_background_tile": false,
                "default_profile": false,
                "is_translator": false,
                "id_str": "16543775",
                "lang": "en",
                "translator_type": "none",
                "time_zone": "Eastern Time (US & Canada)",
                "location": "Detroit,MI USA",
                "favourites_count": 913,
                "default_profile_image": false,
                "following": false,
                "profile_use_background_image": false,
                "profile_banner_url": "https://pbs.twimg.com/profile_banners/16543775/1480021089",
                "verified": true,
                "protected": false,
                "contributors_enabled": false,
                "profile_image_url_https": "https://pbs.twimg.com/profile_images/512551439021768704/yKZZwFHJ_normal.jpeg",
                "profile_link_color": "2FC2EF",
                "is_translation_enabled": false,
                "friends_count": 2311,
                "profile_background_image_url": "http://pbs.twimg.com/profile_background_images/377647659/twitter-detnews4.jpg",
                "created_at": "Wed Oct 01 13:36:49 +0000 2008"
            },
            "coordinates": null,
            "created_at": "Fri Nov 25 10:30:01 +0000 2016"
        },
        {
            "favorited": false,
            "truncated": false,
            "entities": {
                "user_mentions": [],
                "media": [
                    {
                        "sizes": {
                            "large": {
                                "h": 401,
                                "resize": "fit",
                                "w": 534
                            },
                            "thumb": {
                                "h": 150,
                                "resize": "crop",
                                "w": 150
                            },
                            "medium": {
                                "h": 401,
                                "resize": "fit",
                                "w": 534
                            },
                            "small": {
                                "h": 401,
                                "resize": "fit",
                                "w": 534
                            }
                        },
                        "id": 801948766601408512,
                        "id_str": "801948766601408512",
                        "url": "https://t.co/JbX2p0LgeD",
                        "expanded_url": "https://twitter.com/detroitnews/status/801948771202502656/photo/1",
                        "type": "photo",
                        "media_url_https": "https://pbs.twimg.com/media/CyEYJ4FW8AAkU2a.jpg",
                        "indices": [
                            80,
                            103
                        ],
                        "media_url": "http://pbs.twimg.com/media/CyEYJ4FW8AAkU2a.jpg",
                        "display_url": "pic.twitter.com/JbX2p0LgeD"
                    }
                ],
                "urls": [
                    {
                        "display_url": "detne.ws/2glsYH1",
                        "indices": [
                            56,
                            79
                        ],
                        "expanded_url": "http://detne.ws/2glsYH1",
                        "url": "https://t.co/iRZlDx7MD4"
                    }
                ],
                "hashtags": [],
                "symbols": []
            },
            "retweeted": false,
            "in_reply_to_status_id": null,
            "place": null,
            "contributors": null,
            "in_reply_to_user_id_str": null,
            "source": "<a href=\"https://about.twitter.com/products/tweetdeck\" rel=\"nofollow\">TweetDeck</a>",
            "is_quote_status": false,
            "geo": null,
            "id_str": "801948771202502656",
            "lang": "en",
            "metadata": {
                "iso_language_code": "en",
                "result_type": "recent"
            },
            "id": 801948771202502656,
            "favorite_count": 6,
            "in_reply_to_user_id": null,
            "in_reply_to_screen_name": null,
            "in_reply_to_status_id_str": null,
            "text": "Marchionne: Trump is a \u2018game changer\u2019 for auto industry https://t.co/iRZlDx7MD4 https://t.co/JbX2p0LgeD",
            "possibly_sensitive": false,
            "retweet_count": 1,
            "extended_entities": {
                "media": [
                    {
                        "sizes": {
                            "large": {
                                "h": 401,
                                "resize": "fit",
                                "w": 534
                            },
                            "thumb": {
                                "h": 150,
                                "resize": "crop",
                                "w": 150
                            },
                            "medium": {
                                "h": 401,
                                "resize": "fit",
                                "w": 534
                            },
                            "small": {
                                "h": 401,
                                "resize": "fit",
                                "w": 534
                            }
                        },
                        "id": 801948766601408512,
                        "id_str": "801948766601408512",
                        "url": "https://t.co/JbX2p0LgeD",
                        "expanded_url": "https://twitter.com/detroitnews/status/801948771202502656/photo/1",
                        "type": "photo",
                        "media_url_https": "https://pbs.twimg.com/media/CyEYJ4FW8AAkU2a.jpg",
                        "indices": [
                            80,
                            103
                        ],
                        "media_url": "http://pbs.twimg.com/media/CyEYJ4FW8AAkU2a.jpg",
                        "display_url": "pic.twitter.com/JbX2p0LgeD"
                    }
                ]
            },
            "user": {
                "profile_background_color": "1A1B1F",
                "description": "Detroit's best source for news and information. You can reach The Detroit News at online(at)detroitnews(dot)com. https://t.co/gma4B8adFW",
                "listed_count": 2945,
                "has_extended_profile": false,
                "notifications": false,
                "followers_count": 196580,
                "entities": {
                    "description": {
                        "urls": [
                            {
                                "display_url": "detroitnews.com",
                                "indices": [
                                    113,
                                    136
                                ],
                                "expanded_url": "http://www.detroitnews.com",
                                "url": "https://t.co/gma4B8adFW"
                            }
                        ]
                    },
                    "url": {
                        "urls": [
                            {
                                "display_url": "detroitnews.com",
                                "indices": [
                                    0,
                                    23
                                ],
                                "expanded_url": "http://www.detroitnews.com",
                                "url": "https://t.co/gma4B8adFW"
                            }
                        ]
                    }
                },
                "profile_image_url": "http://pbs.twimg.com/profile_images/512551439021768704/yKZZwFHJ_normal.jpeg",
                "geo_enabled": true,
                "follow_request_sent": false,
                "utc_offset": -18000,
                "profile_sidebar_fill_color": "252429",
                "id": 16543775,
                "profile_sidebar_border_color": "181A1E",
                "url": "https://t.co/gma4B8adFW",
                "profile_text_color": "666666",
                "screen_name": "detroitnews",
                "statuses_count": 143231,
                "name": "The Detroit News",
                "profile_background_image_url_https": "https://pbs.twimg.com/profile_background_images/377647659/twitter-detnews4.jpg",
                "profile_background_tile": false,
                "default_profile": false,
                "is_translator": false,
                "id_str": "16543775",
                "lang": "en",
                "translator_type": "none",
                "time_zone": "Eastern Time (US & Canada)",
                "location": "Detroit,MI USA",
                "favourites_count": 913,
                "default_profile_image": false,
                "following": false,
                "profile_use_background_image": false,
                "profile_banner_url": "https://pbs.twimg.com/profile_banners/16543775/1480021089",
                "verified": true,
                "protected": false,
                "contributors_enabled": false,
                "profile_image_url_https": "https://pbs.twimg.com/profile_images/512551439021768704/yKZZwFHJ_normal.jpeg",
                "profile_link_color": "2FC2EF",
                "is_translation_enabled": false,
                "friends_count": 2311,
                "profile_background_image_url": "http://pbs.twimg.com/profile_background_images/377647659/twitter-detnews4.jpg",
                "created_at": "Wed Oct 01 13:36:49 +0000 2008"
            },
            "coordinates": null,
            "created_at": "Fri Nov 25 00:41:01 +0000 2016"
        }
    ]
}