{
    "search_metadata": {
        "since_id": 0,
        "since_id_str": "0",
        "count": 100,
        "refresh_url": "?since_id=802185929037324288&q=Trump%20from%3ADJournalnow%20since%3A2016-11-25%20until%3A2016-11-26%20filter%3Alinks%20-%40DJournalnow&include_entities=1",
        "query": "Trump+from%3ADJournalnow+since%3A2016-11-25+until%3A2016-11-26+filter%3Alinks+-%40DJournalnow",
        "completed_in": 0.053,
        "max_id_str": "802185929037324288",
        "max_id": 802185929037324288
    },
    "statuses": [
        {
            "favorited": false,
            "truncated": false,
            "entities": {
                "user_mentions": [],
                "urls": [
                    {
                        "display_url": "ow.ly/8aLX306wutv",
                        "indices": [
                            63,
                            86
                        ],
                        "expanded_url": "http://ow.ly/8aLX306wutv",
                        "url": "https://t.co/3ayh5FCU2l"
                    }
                ],
                "hashtags": [],
                "symbols": []
            },
            "retweeted": false,
            "in_reply_to_status_id": null,
            "place": null,
            "contributors": null,
            "in_reply_to_user_id_str": null,
            "source": "<a href=\"http://www.hootsuite.com\" rel=\"nofollow\">Hootsuite</a>",
            "is_quote_status": false,
            "geo": null,
            "id_str": "802185929037324288",
            "lang": "en",
            "metadata": {
                "iso_language_code": "en",
                "result_type": "recent"
            },
            "id": 802185929037324288,
            "favorite_count": 0,
            "in_reply_to_user_id": null,
            "in_reply_to_screen_name": null,
            "in_reply_to_status_id_str": null,
            "text": "OUR OPINION: Carefully review Trump\u2019s choice to lead education https://t.co/3ayh5FCU2l",
            "possibly_sensitive": false,
            "retweet_count": 0,
            "user": {
                "profile_background_color": "ECECEC",
                "description": "Your Journal. Your connection.",
                "listed_count": 233,
                "has_extended_profile": false,
                "notifications": false,
                "followers_count": 14252,
                "entities": {
                    "description": {
                        "urls": []
                    },
                    "url": {
                        "urls": [
                            {
                                "display_url": "djournal.com",
                                "indices": [
                                    0,
                                    22
                                ],
                                "expanded_url": "http://www.djournal.com/",
                                "url": "http://t.co/vBAZOsZ33x"
                            }
                        ]
                    }
                },
                "profile_image_url": "http://pbs.twimg.com/profile_images/433707028125454336/NsOSSCge_normal.png",
                "geo_enabled": true,
                "follow_request_sent": false,
                "utc_offset": -21600,
                "profile_sidebar_fill_color": "ECECEC",
                "id": 33609668,
                "profile_sidebar_border_color": "FFFFFF",
                "url": "http://t.co/vBAZOsZ33x",
                "profile_text_color": "333333",
                "screen_name": "DJournalnow",
                "statuses_count": 80946,
                "name": "DJournalnow",
                "profile_background_image_url_https": "https://pbs.twimg.com/profile_background_images/433738326386831360/fb3CSTqQ.png",
                "profile_background_tile": false,
                "default_profile": false,
                "is_translator": false,
                "id_str": "33609668",
                "lang": "en",
                "translator_type": "none",
                "time_zone": "Central Time (US & Canada)",
                "location": "Northeast Mississippi",
                "favourites_count": 9,
                "default_profile_image": false,
                "following": false,
                "profile_use_background_image": true,
                "profile_banner_url": "https://pbs.twimg.com/profile_banners/33609668/1355063668",
                "verified": false,
                "protected": false,
                "contributors_enabled": false,
                "profile_image_url_https": "https://pbs.twimg.com/profile_images/433707028125454336/NsOSSCge_normal.png",
                "profile_link_color": "246C1E",
                "is_translation_enabled": false,
                "friends_count": 281,
                "profile_background_image_url": "http://pbs.twimg.com/profile_background_images/433738326386831360/fb3CSTqQ.png",
                "created_at": "Mon Apr 20 18:26:05 +0000 2009"
            },
            "coordinates": null,
            "created_at": "Fri Nov 25 16:23:24 +0000 2016"
        }
    ]
}