{
    "search_metadata": {
        "since_id": 0,
        "since_id_str": "0",
        "count": 100,
        "refresh_url": "?since_id=803059499619581952&q=Trump%20from%3Adothaneagle%20since%3A2016-11-25%20until%3A2016-11-26%20filter%3Alinks%20-%40dothaneagle&include_entities=1",
        "query": "Trump+from%3Adothaneagle+since%3A2016-11-25+until%3A2016-11-26+filter%3Alinks+-%40dothaneagle",
        "completed_in": 0.013,
        "max_id_str": "803059499619581952",
        "max_id": 803059499619581952
    },
    "statuses": []
}