{
    "search_metadata": {
        "since_id": 0,
        "since_id_str": "0",
        "count": 100,
        "refresh_url": "?since_id=802240560438407168&q=Trump%20from%3Afreep%20since%3A2016-11-25%20until%3A2016-11-26%20filter%3Alinks%20-%40freep&include_entities=1",
        "query": "Trump+from%3Afreep+since%3A2016-11-25+until%3A2016-11-26+filter%3Alinks+-%40freep",
        "completed_in": 0.032,
        "max_id_str": "802240560438407168",
        "max_id": 802240560438407168
    },
    "statuses": [
        {
            "favorited": false,
            "truncated": false,
            "entities": {
                "user_mentions": [
                    {
                        "screen_name": "realDonaldTrump",
                        "indices": [
                            28,
                            44
                        ],
                        "id_str": "25073877",
                        "id": 25073877,
                        "name": "Donald J. Trump"
                    }
                ],
                "urls": [
                    {
                        "display_url": "on.freep.com/2fNb8gr",
                        "indices": [
                            60,
                            83
                        ],
                        "expanded_url": "http://on.freep.com/2fNb8gr",
                        "url": "https://t.co/R3k6CBGVKo"
                    }
                ],
                "hashtags": [],
                "symbols": []
            },
            "retweeted": false,
            "in_reply_to_status_id": null,
            "place": null,
            "contributors": null,
            "in_reply_to_user_id_str": null,
            "source": "<a href=\"http://www.hootsuite.com\" rel=\"nofollow\">Hootsuite</a>",
            "is_quote_status": false,
            "geo": null,
            "id_str": "802240560438407168",
            "lang": "en",
            "metadata": {
                "iso_language_code": "en",
                "result_type": "recent"
            },
            "id": 802240560438407168,
            "favorite_count": 2,
            "in_reply_to_user_id": null,
            "in_reply_to_screen_name": null,
            "in_reply_to_status_id_str": null,
            "text": "Could your taxes go up with @realDonaldTrump as president?  https://t.co/R3k6CBGVKo",
            "possibly_sensitive": false,
            "retweet_count": 2,
            "user": {
                "profile_background_color": "496595",
                "description": "News from Detroit. w/@aetmanshuschka, @Ash_Detroit @BrianManzullo, @lissa218 and the @Freep web team",
                "listed_count": 4176,
                "has_extended_profile": false,
                "notifications": false,
                "followers_count": 311790,
                "entities": {
                    "description": {
                        "urls": []
                    },
                    "url": {
                        "urls": [
                            {
                                "display_url": "freep.com",
                                "indices": [
                                    0,
                                    22
                                ],
                                "expanded_url": "http://www.freep.com",
                                "url": "http://t.co/QaxDeaxx0H"
                            }
                        ]
                    }
                },
                "profile_image_url": "http://pbs.twimg.com/profile_images/765605644254707712/MxgZ4fRN_normal.jpg",
                "geo_enabled": true,
                "follow_request_sent": false,
                "utc_offset": -18000,
                "profile_sidebar_fill_color": "FFFFFF",
                "id": 8795772,
                "profile_sidebar_border_color": "FFFFFF",
                "url": "http://t.co/QaxDeaxx0H",
                "profile_text_color": "000000",
                "screen_name": "freep",
                "statuses_count": 152903,
                "name": "Detroit Free Press",
                "profile_background_image_url_https": "https://pbs.twimg.com/profile_background_images/662745333/ua0fr1vxqje8dgtrwv5x.jpeg",
                "profile_background_tile": true,
                "default_profile": false,
                "is_translator": false,
                "id_str": "8795772",
                "lang": "en",
                "translator_type": "none",
                "time_zone": "Eastern Time (US & Canada)",
                "location": "Detroit",
                "favourites_count": 3973,
                "default_profile_image": false,
                "following": false,
                "profile_use_background_image": true,
                "profile_banner_url": "https://pbs.twimg.com/profile_banners/8795772/1406564135",
                "verified": true,
                "protected": false,
                "contributors_enabled": false,
                "profile_image_url_https": "https://pbs.twimg.com/profile_images/765605644254707712/MxgZ4fRN_normal.jpg",
                "profile_link_color": "5678A3",
                "is_translation_enabled": false,
                "friends_count": 3552,
                "profile_background_image_url": "http://pbs.twimg.com/profile_background_images/662745333/ua0fr1vxqje8dgtrwv5x.jpeg",
                "created_at": "Mon Sep 10 21:42:21 +0000 2007"
            },
            "coordinates": null,
            "created_at": "Fri Nov 25 20:00:29 +0000 2016"
        },
        {
            "favorited": false,
            "truncated": false,
            "entities": {
                "user_mentions": [
                    {
                        "screen_name": "realDonaldTrump",
                        "indices": [
                            1,
                            17
                        ],
                        "id_str": "25073877",
                        "id": 25073877,
                        "name": "Donald J. Trump"
                    }
                ],
                "urls": [
                    {
                        "display_url": "on.freep.com/2gtjpr7",
                        "indices": [
                            60,
                            83
                        ],
                        "expanded_url": "http://on.freep.com/2gtjpr7",
                        "url": "https://t.co/NrcmxLo0I6"
                    }
                ],
                "hashtags": [
                    {
                        "text": "Michigan",
                        "indices": [
                            34,
                            43
                        ]
                    }
                ],
                "symbols": []
            },
            "retweeted": false,
            "in_reply_to_status_id": null,
            "place": null,
            "contributors": null,
            "in_reply_to_user_id_str": null,
            "source": "<a href=\"http://www.hootsuite.com\" rel=\"nofollow\">Hootsuite</a>",
            "is_quote_status": false,
            "geo": null,
            "id_str": "802165211390242816",
            "lang": "en",
            "metadata": {
                "iso_language_code": "en",
                "result_type": "recent"
            },
            "id": 802165211390242816,
            "favorite_count": 17,
            "in_reply_to_user_id": null,
            "in_reply_to_screen_name": null,
            "in_reply_to_status_id_str": null,
            "text": ".@realDonaldTrump officially wins #Michigan by 10,704 votes https://t.co/NrcmxLo0I6",
            "possibly_sensitive": false,
            "retweet_count": 14,
            "user": {
                "profile_background_color": "496595",
                "description": "News from Detroit. w/@aetmanshuschka, @Ash_Detroit @BrianManzullo, @lissa218 and the @Freep web team",
                "listed_count": 4176,
                "has_extended_profile": false,
                "notifications": false,
                "followers_count": 311790,
                "entities": {
                    "description": {
                        "urls": []
                    },
                    "url": {
                        "urls": [
                            {
                                "display_url": "freep.com",
                                "indices": [
                                    0,
                                    22
                                ],
                                "expanded_url": "http://www.freep.com",
                                "url": "http://t.co/QaxDeaxx0H"
                            }
                        ]
                    }
                },
                "profile_image_url": "http://pbs.twimg.com/profile_images/765605644254707712/MxgZ4fRN_normal.jpg",
                "geo_enabled": true,
                "follow_request_sent": false,
                "utc_offset": -18000,
                "profile_sidebar_fill_color": "FFFFFF",
                "id": 8795772,
                "profile_sidebar_border_color": "FFFFFF",
                "url": "http://t.co/QaxDeaxx0H",
                "profile_text_color": "000000",
                "screen_name": "freep",
                "statuses_count": 152903,
                "name": "Detroit Free Press",
                "profile_background_image_url_https": "https://pbs.twimg.com/profile_background_images/662745333/ua0fr1vxqje8dgtrwv5x.jpeg",
                "profile_background_tile": true,
                "default_profile": false,
                "is_translator": false,
                "id_str": "8795772",
                "lang": "en",
                "translator_type": "none",
                "time_zone": "Eastern Time (US & Canada)",
                "location": "Detroit",
                "favourites_count": 3973,
                "default_profile_image": false,
                "following": false,
                "profile_use_background_image": true,
                "profile_banner_url": "https://pbs.twimg.com/profile_banners/8795772/1406564135",
                "verified": true,
                "protected": false,
                "contributors_enabled": false,
                "profile_image_url_https": "https://pbs.twimg.com/profile_images/765605644254707712/MxgZ4fRN_normal.jpg",
                "profile_link_color": "5678A3",
                "is_translation_enabled": false,
                "friends_count": 3552,
                "profile_background_image_url": "http://pbs.twimg.com/profile_background_images/662745333/ua0fr1vxqje8dgtrwv5x.jpeg",
                "created_at": "Mon Sep 10 21:42:21 +0000 2007"
            },
            "coordinates": null,
            "created_at": "Fri Nov 25 15:01:04 +0000 2016"
        },
        {
            "favorited": false,
            "truncated": false,
            "entities": {
                "user_mentions": [
                    {
                        "screen_name": "amazon",
                        "indices": [
                            0,
                            7
                        ],
                        "id_str": "20793816",
                        "id": 20793816,
                        "name": "Amazon"
                    },
                    {
                        "screen_name": "megynkelly",
                        "indices": [
                            42,
                            53
                        ],
                        "id_str": "110445334",
                        "id": 110445334,
                        "name": "Megyn Kelly"
                    }
                ],
                "urls": [
                    {
                        "display_url": "on.freep.com/2gr7j1w",
                        "indices": [
                            59,
                            82
                        ],
                        "expanded_url": "http://on.freep.com/2gr7j1w",
                        "url": "https://t.co/IGpp9Qx0cL"
                    }
                ],
                "hashtags": [],
                "symbols": []
            },
            "retweeted": false,
            "in_reply_to_status_id": null,
            "place": null,
            "contributors": null,
            "in_reply_to_user_id_str": "20793816",
            "source": "<a href=\"http://www.hootsuite.com\" rel=\"nofollow\">Hootsuite</a>",
            "is_quote_status": false,
            "geo": null,
            "id_str": "801961143631826946",
            "lang": "en",
            "metadata": {
                "iso_language_code": "en",
                "result_type": "recent"
            },
            "id": 801961143631826946,
            "favorite_count": 1,
            "in_reply_to_user_id": 20793816,
            "in_reply_to_screen_name": "amazon",
            "in_reply_to_status_id_str": null,
            "text": "@amazon squashes Trump trolls' attacks on @megynkelly book https://t.co/IGpp9Qx0cL",
            "possibly_sensitive": false,
            "retweet_count": 1,
            "user": {
                "profile_background_color": "496595",
                "description": "News from Detroit. w/@aetmanshuschka, @Ash_Detroit @BrianManzullo, @lissa218 and the @Freep web team",
                "listed_count": 4176,
                "has_extended_profile": false,
                "notifications": false,
                "followers_count": 311790,
                "entities": {
                    "description": {
                        "urls": []
                    },
                    "url": {
                        "urls": [
                            {
                                "display_url": "freep.com",
                                "indices": [
                                    0,
                                    22
                                ],
                                "expanded_url": "http://www.freep.com",
                                "url": "http://t.co/QaxDeaxx0H"
                            }
                        ]
                    }
                },
                "profile_image_url": "http://pbs.twimg.com/profile_images/765605644254707712/MxgZ4fRN_normal.jpg",
                "geo_enabled": true,
                "follow_request_sent": false,
                "utc_offset": -18000,
                "profile_sidebar_fill_color": "FFFFFF",
                "id": 8795772,
                "profile_sidebar_border_color": "FFFFFF",
                "url": "http://t.co/QaxDeaxx0H",
                "profile_text_color": "000000",
                "screen_name": "freep",
                "statuses_count": 152903,
                "name": "Detroit Free Press",
                "profile_background_image_url_https": "https://pbs.twimg.com/profile_background_images/662745333/ua0fr1vxqje8dgtrwv5x.jpeg",
                "profile_background_tile": true,
                "default_profile": false,
                "is_translator": false,
                "id_str": "8795772",
                "lang": "en",
                "translator_type": "none",
                "time_zone": "Eastern Time (US & Canada)",
                "location": "Detroit",
                "favourites_count": 3973,
                "default_profile_image": false,
                "following": false,
                "profile_use_background_image": true,
                "profile_banner_url": "https://pbs.twimg.com/profile_banners/8795772/1406564135",
                "verified": true,
                "protected": false,
                "contributors_enabled": false,
                "profile_image_url_https": "https://pbs.twimg.com/profile_images/765605644254707712/MxgZ4fRN_normal.jpg",
                "profile_link_color": "5678A3",
                "is_translation_enabled": false,
                "friends_count": 3552,
                "profile_background_image_url": "http://pbs.twimg.com/profile_background_images/662745333/ua0fr1vxqje8dgtrwv5x.jpeg",
                "created_at": "Mon Sep 10 21:42:21 +0000 2007"
            },
            "coordinates": null,
            "created_at": "Fri Nov 25 01:30:11 +0000 2016"
        }
    ]
}