{
    "search_metadata": {
        "since_id": 0,
        "since_id_str": "0",
        "count": 100,
        "refresh_url": "?since_id=802272086257340416&q=Trump%20from%3Ahartfordcourant%20since%3A2016-11-25%20until%3A2016-11-26%20filter%3Alinks%20-%40hartfordcourant&include_entities=1",
        "query": "Trump+from%3Ahartfordcourant+since%3A2016-11-25+until%3A2016-11-26+filter%3Alinks+-%40hartfordcourant",
        "completed_in": 0.03,
        "max_id_str": "802272086257340416",
        "max_id": 802272086257340416
    },
    "statuses": [
        {
            "favorited": false,
            "truncated": false,
            "entities": {
                "user_mentions": [],
                "media": [
                    {
                        "sizes": {
                            "large": {
                                "h": 720,
                                "resize": "fit",
                                "w": 1280
                            },
                            "thumb": {
                                "h": 150,
                                "resize": "crop",
                                "w": 150
                            },
                            "medium": {
                                "h": 675,
                                "resize": "fit",
                                "w": 1200
                            },
                            "small": {
                                "h": 383,
                                "resize": "fit",
                                "w": 680
                            }
                        },
                        "id": 802272082683826176,
                        "id_str": "802272082683826176",
                        "url": "https://t.co/a0huRwBYqh",
                        "expanded_url": "https://twitter.com/hartfordcourant/status/802272086257340416/photo/1",
                        "type": "photo",
                        "media_url_https": "https://pbs.twimg.com/media/CyI-NWWVEAA6Iom.jpg",
                        "indices": [
                            98,
                            121
                        ],
                        "media_url": "http://pbs.twimg.com/media/CyI-NWWVEAA6Iom.jpg",
                        "display_url": "pic.twitter.com/a0huRwBYqh"
                    }
                ],
                "urls": [
                    {
                        "display_url": "trib.al/hvY5vni",
                        "indices": [
                            74,
                            97
                        ],
                        "expanded_url": "http://trib.al/hvY5vni",
                        "url": "https://t.co/Icoq7bQVuo"
                    }
                ],
                "hashtags": [],
                "symbols": []
            },
            "retweeted": false,
            "in_reply_to_status_id": null,
            "place": null,
            "contributors": null,
            "in_reply_to_user_id_str": null,
            "source": "<a href=\"http://www.socialflow.com\" rel=\"nofollow\">SocialFlow</a>",
            "is_quote_status": false,
            "geo": null,
            "id_str": "802272086257340416",
            "lang": "en",
            "metadata": {
                "iso_language_code": "en",
                "result_type": "recent"
            },
            "id": 802272086257340416,
            "favorite_count": 4,
            "in_reply_to_user_id": null,
            "in_reply_to_screen_name": null,
            "in_reply_to_status_id_str": null,
            "text": "Donald Trump's stock in Dakota Access oil pipeline company raises concern https://t.co/Icoq7bQVuo https://t.co/a0huRwBYqh",
            "possibly_sensitive": false,
            "retweet_count": 5,
            "extended_entities": {
                "media": [
                    {
                        "sizes": {
                            "large": {
                                "h": 720,
                                "resize": "fit",
                                "w": 1280
                            },
                            "thumb": {
                                "h": 150,
                                "resize": "crop",
                                "w": 150
                            },
                            "medium": {
                                "h": 675,
                                "resize": "fit",
                                "w": 1200
                            },
                            "small": {
                                "h": 383,
                                "resize": "fit",
                                "w": 680
                            }
                        },
                        "id": 802272082683826176,
                        "id_str": "802272082683826176",
                        "url": "https://t.co/a0huRwBYqh",
                        "expanded_url": "https://twitter.com/hartfordcourant/status/802272086257340416/photo/1",
                        "type": "photo",
                        "media_url_https": "https://pbs.twimg.com/media/CyI-NWWVEAA6Iom.jpg",
                        "indices": [
                            98,
                            121
                        ],
                        "media_url": "http://pbs.twimg.com/media/CyI-NWWVEAA6Iom.jpg",
                        "display_url": "pic.twitter.com/a0huRwBYqh"
                    }
                ]
            },
            "user": {
                "profile_background_color": "EBEBEB",
                "description": "Connecticut breaking news, sports and politics from the state's largest newsroom and America's oldest continuously published newspaper.",
                "listed_count": 1643,
                "has_extended_profile": false,
                "notifications": false,
                "followers_count": 113345,
                "entities": {
                    "description": {
                        "urls": []
                    },
                    "url": {
                        "urls": [
                            {
                                "display_url": "courant.com",
                                "indices": [
                                    0,
                                    22
                                ],
                                "expanded_url": "http://www.courant.com",
                                "url": "http://t.co/3x1eSPbscs"
                            }
                        ]
                    }
                },
                "profile_image_url": "http://pbs.twimg.com/profile_images/486872619036057600/yJuA5kD3_normal.png",
                "geo_enabled": true,
                "follow_request_sent": false,
                "utc_offset": -18000,
                "profile_sidebar_fill_color": "F3F3F3",
                "id": 14708814,
                "profile_sidebar_border_color": "FFFFFF",
                "url": "http://t.co/3x1eSPbscs",
                "profile_text_color": "333333",
                "screen_name": "hartfordcourant",
                "statuses_count": 83333,
                "name": "Hartford Courant",
                "profile_background_image_url_https": "https://pbs.twimg.com/profile_background_images/657619393/9pyq4ao5jtn1ddn6p3zv.jpeg",
                "profile_background_tile": false,
                "default_profile": false,
                "is_translator": false,
                "id_str": "14708814",
                "lang": "en",
                "translator_type": "none",
                "time_zone": "Eastern Time (US & Canada)",
                "location": "Hartford, Connecticut",
                "favourites_count": 1,
                "default_profile_image": false,
                "following": false,
                "profile_use_background_image": true,
                "profile_banner_url": "https://pbs.twimg.com/profile_banners/14708814/1443623785",
                "verified": true,
                "protected": false,
                "contributors_enabled": false,
                "profile_image_url_https": "https://pbs.twimg.com/profile_images/486872619036057600/yJuA5kD3_normal.png",
                "profile_link_color": "990000",
                "is_translation_enabled": false,
                "friends_count": 2278,
                "profile_background_image_url": "http://pbs.twimg.com/profile_background_images/657619393/9pyq4ao5jtn1ddn6p3zv.jpeg",
                "created_at": "Fri May 09 02:36:46 +0000 2008"
            },
            "coordinates": null,
            "created_at": "Fri Nov 25 22:05:45 +0000 2016"
        },
        {
            "favorited": false,
            "truncated": false,
            "entities": {
                "user_mentions": [
                    {
                        "screen_name": "couranthaar",
                        "indices": [
                            1,
                            13
                        ],
                        "id_str": "212503356",
                        "id": 212503356,
                        "name": "Dan Haar"
                    }
                ],
                "media": [
                    {
                        "sizes": {
                            "large": {
                                "h": 720,
                                "resize": "fit",
                                "w": 1280
                            },
                            "thumb": {
                                "h": 150,
                                "resize": "crop",
                                "w": 150
                            },
                            "medium": {
                                "h": 675,
                                "resize": "fit",
                                "w": 1200
                            },
                            "small": {
                                "h": 383,
                                "resize": "fit",
                                "w": 680
                            }
                        },
                        "id": 802255724940316672,
                        "id_str": "802255724940316672",
                        "url": "https://t.co/tkOHUMAEPF",
                        "expanded_url": "https://twitter.com/hartfordcourant/status/802255727842787329/photo/1",
                        "type": "photo",
                        "media_url_https": "https://pbs.twimg.com/media/CyIvVNAXUAAGWkh.jpg",
                        "indices": [
                            106,
                            129
                        ],
                        "media_url": "http://pbs.twimg.com/media/CyIvVNAXUAAGWkh.jpg",
                        "display_url": "pic.twitter.com/tkOHUMAEPF"
                    }
                ],
                "urls": [
                    {
                        "display_url": "trib.al/GaSohGV",
                        "indices": [
                            82,
                            105
                        ],
                        "expanded_url": "http://trib.al/GaSohGV",
                        "url": "https://t.co/3d3bPe2WDc"
                    }
                ],
                "hashtags": [],
                "symbols": []
            },
            "retweeted": false,
            "in_reply_to_status_id": null,
            "place": null,
            "contributors": null,
            "in_reply_to_user_id_str": null,
            "source": "<a href=\"http://www.socialflow.com\" rel=\"nofollow\">SocialFlow</a>",
            "is_quote_status": false,
            "geo": null,
            "id_str": "802255727842787329",
            "lang": "en",
            "metadata": {
                "iso_language_code": "en",
                "result_type": "recent"
            },
            "id": 802255727842787329,
            "favorite_count": 1,
            "in_reply_to_user_id": null,
            "in_reply_to_screen_name": null,
            "in_reply_to_status_id_str": null,
            "text": ".@couranthaar: A defiant young immigrant faces Obama's legacy and Trump's threats https://t.co/3d3bPe2WDc https://t.co/tkOHUMAEPF",
            "possibly_sensitive": false,
            "retweet_count": 1,
            "extended_entities": {
                "media": [
                    {
                        "sizes": {
                            "large": {
                                "h": 720,
                                "resize": "fit",
                                "w": 1280
                            },
                            "thumb": {
                                "h": 150,
                                "resize": "crop",
                                "w": 150
                            },
                            "medium": {
                                "h": 675,
                                "resize": "fit",
                                "w": 1200
                            },
                            "small": {
                                "h": 383,
                                "resize": "fit",
                                "w": 680
                            }
                        },
                        "id": 802255724940316672,
                        "id_str": "802255724940316672",
                        "url": "https://t.co/tkOHUMAEPF",
                        "expanded_url": "https://twitter.com/hartfordcourant/status/802255727842787329/photo/1",
                        "type": "photo",
                        "media_url_https": "https://pbs.twimg.com/media/CyIvVNAXUAAGWkh.jpg",
                        "indices": [
                            106,
                            129
                        ],
                        "media_url": "http://pbs.twimg.com/media/CyIvVNAXUAAGWkh.jpg",
                        "display_url": "pic.twitter.com/tkOHUMAEPF"
                    }
                ]
            },
            "user": {
                "profile_background_color": "EBEBEB",
                "description": "Connecticut breaking news, sports and politics from the state's largest newsroom and America's oldest continuously published newspaper.",
                "listed_count": 1643,
                "has_extended_profile": false,
                "notifications": false,
                "followers_count": 113345,
                "entities": {
                    "description": {
                        "urls": []
                    },
                    "url": {
                        "urls": [
                            {
                                "display_url": "courant.com",
                                "indices": [
                                    0,
                                    22
                                ],
                                "expanded_url": "http://www.courant.com",
                                "url": "http://t.co/3x1eSPbscs"
                            }
                        ]
                    }
                },
                "profile_image_url": "http://pbs.twimg.com/profile_images/486872619036057600/yJuA5kD3_normal.png",
                "geo_enabled": true,
                "follow_request_sent": false,
                "utc_offset": -18000,
                "profile_sidebar_fill_color": "F3F3F3",
                "id": 14708814,
                "profile_sidebar_border_color": "FFFFFF",
                "url": "http://t.co/3x1eSPbscs",
                "profile_text_color": "333333",
                "screen_name": "hartfordcourant",
                "statuses_count": 83333,
                "name": "Hartford Courant",
                "profile_background_image_url_https": "https://pbs.twimg.com/profile_background_images/657619393/9pyq4ao5jtn1ddn6p3zv.jpeg",
                "profile_background_tile": false,
                "default_profile": false,
                "is_translator": false,
                "id_str": "14708814",
                "lang": "en",
                "translator_type": "none",
                "time_zone": "Eastern Time (US & Canada)",
                "location": "Hartford, Connecticut",
                "favourites_count": 1,
                "default_profile_image": false,
                "following": false,
                "profile_use_background_image": true,
                "profile_banner_url": "https://pbs.twimg.com/profile_banners/14708814/1443623785",
                "verified": true,
                "protected": false,
                "contributors_enabled": false,
                "profile_image_url_https": "https://pbs.twimg.com/profile_images/486872619036057600/yJuA5kD3_normal.png",
                "profile_link_color": "990000",
                "is_translation_enabled": false,
                "friends_count": 2278,
                "profile_background_image_url": "http://pbs.twimg.com/profile_background_images/657619393/9pyq4ao5jtn1ddn6p3zv.jpeg",
                "created_at": "Fri May 09 02:36:46 +0000 2008"
            },
            "coordinates": null,
            "created_at": "Fri Nov 25 21:00:45 +0000 2016"
        },
        {
            "favorited": false,
            "truncated": false,
            "entities": {
                "user_mentions": [],
                "media": [
                    {
                        "sizes": {
                            "thumb": {
                                "h": 150,
                                "resize": "crop",
                                "w": 150
                            },
                            "large": {
                                "h": 1366,
                                "resize": "fit",
                                "w": 2048
                            },
                            "medium": {
                                "h": 800,
                                "resize": "fit",
                                "w": 1200
                            },
                            "small": {
                                "h": 454,
                                "resize": "fit",
                                "w": 680
                            }
                        },
                        "id": 802229066795511808,
                        "id_str": "802229066795511808",
                        "url": "https://t.co/sSZWTNg844",
                        "expanded_url": "https://twitter.com/hartfordcourant/status/802229069546921984/photo/1",
                        "type": "photo",
                        "media_url_https": "https://pbs.twimg.com/media/CyIXFfrW8AAO0wN.jpg",
                        "indices": [
                            98,
                            121
                        ],
                        "media_url": "http://pbs.twimg.com/media/CyIXFfrW8AAO0wN.jpg",
                        "display_url": "pic.twitter.com/sSZWTNg844"
                    }
                ],
                "urls": [
                    {
                        "display_url": "trib.al/YsVWSwA",
                        "indices": [
                            74,
                            97
                        ],
                        "expanded_url": "http://trib.al/YsVWSwA",
                        "url": "https://t.co/IUure5vqUe"
                    }
                ],
                "hashtags": [],
                "symbols": []
            },
            "retweeted": false,
            "in_reply_to_status_id": null,
            "place": null,
            "contributors": null,
            "in_reply_to_user_id_str": null,
            "source": "<a href=\"http://www.socialflow.com\" rel=\"nofollow\">SocialFlow</a>",
            "is_quote_status": false,
            "geo": null,
            "id_str": "802229069546921984",
            "lang": "en",
            "metadata": {
                "iso_language_code": "en",
                "result_type": "recent"
            },
            "id": 802229069546921984,
            "favorite_count": 2,
            "in_reply_to_user_id": null,
            "in_reply_to_screen_name": null,
            "in_reply_to_status_id_str": null,
            "text": "Jill Stein says she's raised enough money for Wis., Pa. election recounts https://t.co/IUure5vqUe https://t.co/sSZWTNg844",
            "possibly_sensitive": false,
            "retweet_count": 3,
            "extended_entities": {
                "media": [
                    {
                        "sizes": {
                            "thumb": {
                                "h": 150,
                                "resize": "crop",
                                "w": 150
                            },
                            "large": {
                                "h": 1366,
                                "resize": "fit",
                                "w": 2048
                            },
                            "medium": {
                                "h": 800,
                                "resize": "fit",
                                "w": 1200
                            },
                            "small": {
                                "h": 454,
                                "resize": "fit",
                                "w": 680
                            }
                        },
                        "id": 802229066795511808,
                        "id_str": "802229066795511808",
                        "url": "https://t.co/sSZWTNg844",
                        "expanded_url": "https://twitter.com/hartfordcourant/status/802229069546921984/photo/1",
                        "type": "photo",
                        "media_url_https": "https://pbs.twimg.com/media/CyIXFfrW8AAO0wN.jpg",
                        "indices": [
                            98,
                            121
                        ],
                        "media_url": "http://pbs.twimg.com/media/CyIXFfrW8AAO0wN.jpg",
                        "display_url": "pic.twitter.com/sSZWTNg844"
                    }
                ]
            },
            "user": {
                "profile_background_color": "EBEBEB",
                "description": "Connecticut breaking news, sports and politics from the state's largest newsroom and America's oldest continuously published newspaper.",
                "listed_count": 1643,
                "has_extended_profile": false,
                "notifications": false,
                "followers_count": 113345,
                "entities": {
                    "description": {
                        "urls": []
                    },
                    "url": {
                        "urls": [
                            {
                                "display_url": "courant.com",
                                "indices": [
                                    0,
                                    22
                                ],
                                "expanded_url": "http://www.courant.com",
                                "url": "http://t.co/3x1eSPbscs"
                            }
                        ]
                    }
                },
                "profile_image_url": "http://pbs.twimg.com/profile_images/486872619036057600/yJuA5kD3_normal.png",
                "geo_enabled": true,
                "follow_request_sent": false,
                "utc_offset": -18000,
                "profile_sidebar_fill_color": "F3F3F3",
                "id": 14708814,
                "profile_sidebar_border_color": "FFFFFF",
                "url": "http://t.co/3x1eSPbscs",
                "profile_text_color": "333333",
                "screen_name": "hartfordcourant",
                "statuses_count": 83333,
                "name": "Hartford Courant",
                "profile_background_image_url_https": "https://pbs.twimg.com/profile_background_images/657619393/9pyq4ao5jtn1ddn6p3zv.jpeg",
                "profile_background_tile": false,
                "default_profile": false,
                "is_translator": false,
                "id_str": "14708814",
                "lang": "en",
                "translator_type": "none",
                "time_zone": "Eastern Time (US & Canada)",
                "location": "Hartford, Connecticut",
                "favourites_count": 1,
                "default_profile_image": false,
                "following": false,
                "profile_use_background_image": true,
                "profile_banner_url": "https://pbs.twimg.com/profile_banners/14708814/1443623785",
                "verified": true,
                "protected": false,
                "contributors_enabled": false,
                "profile_image_url_https": "https://pbs.twimg.com/profile_images/486872619036057600/yJuA5kD3_normal.png",
                "profile_link_color": "990000",
                "is_translation_enabled": false,
                "friends_count": 2278,
                "profile_background_image_url": "http://pbs.twimg.com/profile_background_images/657619393/9pyq4ao5jtn1ddn6p3zv.jpeg",
                "created_at": "Fri May 09 02:36:46 +0000 2008"
            },
            "coordinates": null,
            "created_at": "Fri Nov 25 19:14:49 +0000 2016"
        },
        {
            "favorited": false,
            "truncated": false,
            "entities": {
                "user_mentions": [
                    {
                        "screen_name": "realDonaldTrump",
                        "indices": [
                            34,
                            50
                        ],
                        "id_str": "25073877",
                        "id": 25073877,
                        "name": "Donald J. Trump"
                    }
                ],
                "media": [
                    {
                        "sizes": {
                            "large": {
                                "h": 1366,
                                "resize": "fit",
                                "w": 2048
                            },
                            "thumb": {
                                "h": 150,
                                "resize": "crop",
                                "w": 150
                            },
                            "medium": {
                                "h": 800,
                                "resize": "fit",
                                "w": 1200
                            },
                            "small": {
                                "h": 454,
                                "resize": "fit",
                                "w": 680
                            }
                        },
                        "id": 802222083044413441,
                        "id_str": "802222083044413441",
                        "url": "https://t.co/YMVluigRkd",
                        "expanded_url": "https://twitter.com/hartfordcourant/status/802222085535924224/photo/1",
                        "type": "photo",
                        "media_url_https": "https://pbs.twimg.com/media/CyIQu_LWEAEWQr1.jpg",
                        "indices": [
                            82,
                            105
                        ],
                        "media_url": "http://pbs.twimg.com/media/CyIQu_LWEAEWQr1.jpg",
                        "display_url": "pic.twitter.com/YMVluigRkd"
                    }
                ],
                "urls": [
                    {
                        "display_url": "trib.al/LHx60SB",
                        "indices": [
                            58,
                            81
                        ],
                        "expanded_url": "http://trib.al/LHx60SB",
                        "url": "https://t.co/fci97wF4Hh"
                    }
                ],
                "hashtags": [],
                "symbols": []
            },
            "retweeted": false,
            "in_reply_to_status_id": null,
            "place": null,
            "contributors": null,
            "in_reply_to_user_id_str": null,
            "source": "<a href=\"http://www.socialflow.com\" rel=\"nofollow\">SocialFlow</a>",
            "is_quote_status": false,
            "geo": null,
            "id_str": "802222085535924224",
            "lang": "en",
            "metadata": {
                "iso_language_code": "en",
                "result_type": "recent"
            },
            "id": 802222085535924224,
            "favorite_count": 1,
            "in_reply_to_user_id": null,
            "in_reply_to_screen_name": null,
            "in_reply_to_status_id_str": null,
            "text": "Op-ed: A pet might fill a void in @realDonaldTrump's life https://t.co/fci97wF4Hh https://t.co/YMVluigRkd",
            "possibly_sensitive": false,
            "retweet_count": 3,
            "extended_entities": {
                "media": [
                    {
                        "sizes": {
                            "large": {
                                "h": 1366,
                                "resize": "fit",
                                "w": 2048
                            },
                            "thumb": {
                                "h": 150,
                                "resize": "crop",
                                "w": 150
                            },
                            "medium": {
                                "h": 800,
                                "resize": "fit",
                                "w": 1200
                            },
                            "small": {
                                "h": 454,
                                "resize": "fit",
                                "w": 680
                            }
                        },
                        "id": 802222083044413441,
                        "id_str": "802222083044413441",
                        "url": "https://t.co/YMVluigRkd",
                        "expanded_url": "https://twitter.com/hartfordcourant/status/802222085535924224/photo/1",
                        "type": "photo",
                        "media_url_https": "https://pbs.twimg.com/media/CyIQu_LWEAEWQr1.jpg",
                        "indices": [
                            82,
                            105
                        ],
                        "media_url": "http://pbs.twimg.com/media/CyIQu_LWEAEWQr1.jpg",
                        "display_url": "pic.twitter.com/YMVluigRkd"
                    }
                ]
            },
            "user": {
                "profile_background_color": "EBEBEB",
                "description": "Connecticut breaking news, sports and politics from the state's largest newsroom and America's oldest continuously published newspaper.",
                "listed_count": 1643,
                "has_extended_profile": false,
                "notifications": false,
                "followers_count": 113345,
                "entities": {
                    "description": {
                        "urls": []
                    },
                    "url": {
                        "urls": [
                            {
                                "display_url": "courant.com",
                                "indices": [
                                    0,
                                    22
                                ],
                                "expanded_url": "http://www.courant.com",
                                "url": "http://t.co/3x1eSPbscs"
                            }
                        ]
                    }
                },
                "profile_image_url": "http://pbs.twimg.com/profile_images/486872619036057600/yJuA5kD3_normal.png",
                "geo_enabled": true,
                "follow_request_sent": false,
                "utc_offset": -18000,
                "profile_sidebar_fill_color": "F3F3F3",
                "id": 14708814,
                "profile_sidebar_border_color": "FFFFFF",
                "url": "http://t.co/3x1eSPbscs",
                "profile_text_color": "333333",
                "screen_name": "hartfordcourant",
                "statuses_count": 83333,
                "name": "Hartford Courant",
                "profile_background_image_url_https": "https://pbs.twimg.com/profile_background_images/657619393/9pyq4ao5jtn1ddn6p3zv.jpeg",
                "profile_background_tile": false,
                "default_profile": false,
                "is_translator": false,
                "id_str": "14708814",
                "lang": "en",
                "translator_type": "none",
                "time_zone": "Eastern Time (US & Canada)",
                "location": "Hartford, Connecticut",
                "favourites_count": 1,
                "default_profile_image": false,
                "following": false,
                "profile_use_background_image": true,
                "profile_banner_url": "https://pbs.twimg.com/profile_banners/14708814/1443623785",
                "verified": true,
                "protected": false,
                "contributors_enabled": false,
                "profile_image_url_https": "https://pbs.twimg.com/profile_images/486872619036057600/yJuA5kD3_normal.png",
                "profile_link_color": "990000",
                "is_translation_enabled": false,
                "friends_count": 2278,
                "profile_background_image_url": "http://pbs.twimg.com/profile_background_images/657619393/9pyq4ao5jtn1ddn6p3zv.jpeg",
                "created_at": "Fri May 09 02:36:46 +0000 2008"
            },
            "coordinates": null,
            "created_at": "Fri Nov 25 18:47:04 +0000 2016"
        },
        {
            "favorited": false,
            "truncated": false,
            "entities": {
                "user_mentions": [],
                "media": [
                    {
                        "sizes": {
                            "large": {
                                "h": 1152,
                                "resize": "fit",
                                "w": 2048
                            },
                            "thumb": {
                                "h": 150,
                                "resize": "crop",
                                "w": 150
                            },
                            "medium": {
                                "h": 675,
                                "resize": "fit",
                                "w": 1200
                            },
                            "small": {
                                "h": 383,
                                "resize": "fit",
                                "w": 680
                            }
                        },
                        "id": 802202463755386880,
                        "id_str": "802202463755386880",
                        "url": "https://t.co/FCQ6zQAWoX",
                        "expanded_url": "https://twitter.com/hartfordcourant/status/802202465907175424/photo/1",
                        "type": "photo",
                        "media_url_https": "https://pbs.twimg.com/media/CyH-4_oVQAAWNyH.jpg",
                        "indices": [
                            103,
                            126
                        ],
                        "media_url": "http://pbs.twimg.com/media/CyH-4_oVQAAWNyH.jpg",
                        "display_url": "pic.twitter.com/FCQ6zQAWoX"
                    }
                ],
                "urls": [
                    {
                        "display_url": "trib.al/FHwAHBM",
                        "indices": [
                            79,
                            102
                        ],
                        "expanded_url": "http://trib.al/FHwAHBM",
                        "url": "https://t.co/7s6JV5caac"
                    }
                ],
                "hashtags": [],
                "symbols": []
            },
            "retweeted": false,
            "in_reply_to_status_id": null,
            "place": null,
            "contributors": null,
            "in_reply_to_user_id_str": null,
            "source": "<a href=\"http://www.socialflow.com\" rel=\"nofollow\">SocialFlow</a>",
            "is_quote_status": false,
            "geo": null,
            "id_str": "802202465907175424",
            "lang": "en",
            "metadata": {
                "iso_language_code": "en",
                "result_type": "recent"
            },
            "id": 802202465907175424,
            "favorite_count": 1,
            "in_reply_to_user_id": null,
            "in_reply_to_screen_name": null,
            "in_reply_to_status_id_str": null,
            "text": "Jared Kushner, the Trump son-in-law who's the next president's \"eyes and ears\" https://t.co/7s6JV5caac https://t.co/FCQ6zQAWoX",
            "possibly_sensitive": false,
            "retweet_count": 1,
            "extended_entities": {
                "media": [
                    {
                        "sizes": {
                            "large": {
                                "h": 1152,
                                "resize": "fit",
                                "w": 2048
                            },
                            "thumb": {
                                "h": 150,
                                "resize": "crop",
                                "w": 150
                            },
                            "medium": {
                                "h": 675,
                                "resize": "fit",
                                "w": 1200
                            },
                            "small": {
                                "h": 383,
                                "resize": "fit",
                                "w": 680
                            }
                        },
                        "id": 802202463755386880,
                        "id_str": "802202463755386880",
                        "url": "https://t.co/FCQ6zQAWoX",
                        "expanded_url": "https://twitter.com/hartfordcourant/status/802202465907175424/photo/1",
                        "type": "photo",
                        "media_url_https": "https://pbs.twimg.com/media/CyH-4_oVQAAWNyH.jpg",
                        "indices": [
                            103,
                            126
                        ],
                        "media_url": "http://pbs.twimg.com/media/CyH-4_oVQAAWNyH.jpg",
                        "display_url": "pic.twitter.com/FCQ6zQAWoX"
                    }
                ]
            },
            "user": {
                "profile_background_color": "EBEBEB",
                "description": "Connecticut breaking news, sports and politics from the state's largest newsroom and America's oldest continuously published newspaper.",
                "listed_count": 1643,
                "has_extended_profile": false,
                "notifications": false,
                "followers_count": 113345,
                "entities": {
                    "description": {
                        "urls": []
                    },
                    "url": {
                        "urls": [
                            {
                                "display_url": "courant.com",
                                "indices": [
                                    0,
                                    22
                                ],
                                "expanded_url": "http://www.courant.com",
                                "url": "http://t.co/3x1eSPbscs"
                            }
                        ]
                    }
                },
                "profile_image_url": "http://pbs.twimg.com/profile_images/486872619036057600/yJuA5kD3_normal.png",
                "geo_enabled": true,
                "follow_request_sent": false,
                "utc_offset": -18000,
                "profile_sidebar_fill_color": "F3F3F3",
                "id": 14708814,
                "profile_sidebar_border_color": "FFFFFF",
                "url": "http://t.co/3x1eSPbscs",
                "profile_text_color": "333333",
                "screen_name": "hartfordcourant",
                "statuses_count": 83333,
                "name": "Hartford Courant",
                "profile_background_image_url_https": "https://pbs.twimg.com/profile_background_images/657619393/9pyq4ao5jtn1ddn6p3zv.jpeg",
                "profile_background_tile": false,
                "default_profile": false,
                "is_translator": false,
                "id_str": "14708814",
                "lang": "en",
                "translator_type": "none",
                "time_zone": "Eastern Time (US & Canada)",
                "location": "Hartford, Connecticut",
                "favourites_count": 1,
                "default_profile_image": false,
                "following": false,
                "profile_use_background_image": true,
                "profile_banner_url": "https://pbs.twimg.com/profile_banners/14708814/1443623785",
                "verified": true,
                "protected": false,
                "contributors_enabled": false,
                "profile_image_url_https": "https://pbs.twimg.com/profile_images/486872619036057600/yJuA5kD3_normal.png",
                "profile_link_color": "990000",
                "is_translation_enabled": false,
                "friends_count": 2278,
                "profile_background_image_url": "http://pbs.twimg.com/profile_background_images/657619393/9pyq4ao5jtn1ddn6p3zv.jpeg",
                "created_at": "Fri May 09 02:36:46 +0000 2008"
            },
            "coordinates": null,
            "created_at": "Fri Nov 25 17:29:06 +0000 2016"
        },
        {
            "favorited": false,
            "truncated": false,
            "entities": {
                "user_mentions": [],
                "media": [
                    {
                        "sizes": {
                            "thumb": {
                                "h": 150,
                                "resize": "crop",
                                "w": 150
                            },
                            "large": {
                                "h": 700,
                                "resize": "fit",
                                "w": 1024
                            },
                            "medium": {
                                "h": 700,
                                "resize": "fit",
                                "w": 1024
                            },
                            "small": {
                                "h": 465,
                                "resize": "fit",
                                "w": 680
                            }
                        },
                        "id": 802083171688923136,
                        "id_str": "802083171688923136",
                        "url": "https://t.co/T4AyRnDLos",
                        "expanded_url": "https://twitter.com/hartfordcourant/status/802083174058749952/photo/1",
                        "type": "photo",
                        "media_url_https": "https://pbs.twimg.com/media/CyGSZSDWQAA4D5w.jpg",
                        "indices": [
                            88,
                            111
                        ],
                        "media_url": "http://pbs.twimg.com/media/CyGSZSDWQAA4D5w.jpg",
                        "display_url": "pic.twitter.com/T4AyRnDLos"
                    }
                ],
                "urls": [
                    {
                        "display_url": "cour.at/2fuXrBV",
                        "indices": [
                            64,
                            87
                        ],
                        "expanded_url": "http://cour.at/2fuXrBV",
                        "url": "https://t.co/GNfZN0l4t5"
                    }
                ],
                "hashtags": [],
                "symbols": []
            },
            "retweeted": false,
            "in_reply_to_status_id": null,
            "place": null,
            "contributors": null,
            "in_reply_to_user_id_str": null,
            "source": "<a href=\"http://trueanthem.com/\" rel=\"nofollow\">trueAnthem</a>",
            "is_quote_status": false,
            "geo": null,
            "id_str": "802083174058749952",
            "lang": "en",
            "metadata": {
                "iso_language_code": "en",
                "result_type": "recent"
            },
            "id": 802083174058749952,
            "favorite_count": 1,
            "in_reply_to_user_id": null,
            "in_reply_to_screen_name": null,
            "in_reply_to_status_id_str": null,
            "text": "Trump Says He's Trying Stop A UTC Factory From Moving To Mexico https://t.co/GNfZN0l4t5 https://t.co/T4AyRnDLos",
            "possibly_sensitive": false,
            "retweet_count": 0,
            "extended_entities": {
                "media": [
                    {
                        "sizes": {
                            "thumb": {
                                "h": 150,
                                "resize": "crop",
                                "w": 150
                            },
                            "large": {
                                "h": 700,
                                "resize": "fit",
                                "w": 1024
                            },
                            "medium": {
                                "h": 700,
                                "resize": "fit",
                                "w": 1024
                            },
                            "small": {
                                "h": 465,
                                "resize": "fit",
                                "w": 680
                            }
                        },
                        "id": 802083171688923136,
                        "id_str": "802083171688923136",
                        "url": "https://t.co/T4AyRnDLos",
                        "expanded_url": "https://twitter.com/hartfordcourant/status/802083174058749952/photo/1",
                        "type": "photo",
                        "media_url_https": "https://pbs.twimg.com/media/CyGSZSDWQAA4D5w.jpg",
                        "indices": [
                            88,
                            111
                        ],
                        "media_url": "http://pbs.twimg.com/media/CyGSZSDWQAA4D5w.jpg",
                        "display_url": "pic.twitter.com/T4AyRnDLos"
                    }
                ]
            },
            "user": {
                "profile_background_color": "EBEBEB",
                "description": "Connecticut breaking news, sports and politics from the state's largest newsroom and America's oldest continuously published newspaper.",
                "listed_count": 1643,
                "has_extended_profile": false,
                "notifications": false,
                "followers_count": 113345,
                "entities": {
                    "description": {
                        "urls": []
                    },
                    "url": {
                        "urls": [
                            {
                                "display_url": "courant.com",
                                "indices": [
                                    0,
                                    22
                                ],
                                "expanded_url": "http://www.courant.com",
                                "url": "http://t.co/3x1eSPbscs"
                            }
                        ]
                    }
                },
                "profile_image_url": "http://pbs.twimg.com/profile_images/486872619036057600/yJuA5kD3_normal.png",
                "geo_enabled": true,
                "follow_request_sent": false,
                "utc_offset": -18000,
                "profile_sidebar_fill_color": "F3F3F3",
                "id": 14708814,
                "profile_sidebar_border_color": "FFFFFF",
                "url": "http://t.co/3x1eSPbscs",
                "profile_text_color": "333333",
                "screen_name": "hartfordcourant",
                "statuses_count": 83333,
                "name": "Hartford Courant",
                "profile_background_image_url_https": "https://pbs.twimg.com/profile_background_images/657619393/9pyq4ao5jtn1ddn6p3zv.jpeg",
                "profile_background_tile": false,
                "default_profile": false,
                "is_translator": false,
                "id_str": "14708814",
                "lang": "en",
                "translator_type": "none",
                "time_zone": "Eastern Time (US & Canada)",
                "location": "Hartford, Connecticut",
                "favourites_count": 1,
                "default_profile_image": false,
                "following": false,
                "profile_use_background_image": true,
                "profile_banner_url": "https://pbs.twimg.com/profile_banners/14708814/1443623785",
                "verified": true,
                "protected": false,
                "contributors_enabled": false,
                "profile_image_url_https": "https://pbs.twimg.com/profile_images/486872619036057600/yJuA5kD3_normal.png",
                "profile_link_color": "990000",
                "is_translation_enabled": false,
                "friends_count": 2278,
                "profile_background_image_url": "http://pbs.twimg.com/profile_background_images/657619393/9pyq4ao5jtn1ddn6p3zv.jpeg",
                "created_at": "Fri May 09 02:36:46 +0000 2008"
            },
            "coordinates": null,
            "created_at": "Fri Nov 25 09:35:05 +0000 2016"
        },
        {
            "favorited": false,
            "truncated": false,
            "entities": {
                "user_mentions": [],
                "media": [
                    {
                        "sizes": {
                            "thumb": {
                                "h": 150,
                                "resize": "crop",
                                "w": 150
                            },
                            "large": {
                                "h": 700,
                                "resize": "fit",
                                "w": 1024
                            },
                            "medium": {
                                "h": 700,
                                "resize": "fit",
                                "w": 1024
                            },
                            "small": {
                                "h": 465,
                                "resize": "fit",
                                "w": 680
                            }
                        },
                        "id": 802015228716347396,
                        "id_str": "802015228716347396",
                        "url": "https://t.co/GY8yRHBuuv",
                        "expanded_url": "https://twitter.com/hartfordcourant/status/802015230519812096/photo/1",
                        "type": "photo",
                        "media_url_https": "https://pbs.twimg.com/media/CyFUmewXcAQhMyo.jpg",
                        "indices": [
                            88,
                            111
                        ],
                        "media_url": "http://pbs.twimg.com/media/CyFUmewXcAQhMyo.jpg",
                        "display_url": "pic.twitter.com/GY8yRHBuuv"
                    }
                ],
                "urls": [
                    {
                        "display_url": "cour.at/2fus7Dn",
                        "indices": [
                            64,
                            87
                        ],
                        "expanded_url": "http://cour.at/2fus7Dn",
                        "url": "https://t.co/Q9Cj2JyH03"
                    }
                ],
                "hashtags": [],
                "symbols": []
            },
            "retweeted": false,
            "in_reply_to_status_id": null,
            "place": null,
            "contributors": null,
            "in_reply_to_user_id_str": null,
            "source": "<a href=\"http://trueanthem.com/\" rel=\"nofollow\">trueAnthem</a>",
            "is_quote_status": false,
            "geo": null,
            "id_str": "802015230519812096",
            "lang": "en",
            "metadata": {
                "iso_language_code": "en",
                "result_type": "recent"
            },
            "id": 802015230519812096,
            "favorite_count": 2,
            "in_reply_to_user_id": null,
            "in_reply_to_screen_name": null,
            "in_reply_to_status_id_str": null,
            "text": "Trump Says He's Trying Stop A UTC Factory From Moving To Mexico https://t.co/Q9Cj2JyH03 https://t.co/GY8yRHBuuv",
            "possibly_sensitive": false,
            "retweet_count": 3,
            "extended_entities": {
                "media": [
                    {
                        "sizes": {
                            "thumb": {
                                "h": 150,
                                "resize": "crop",
                                "w": 150
                            },
                            "large": {
                                "h": 700,
                                "resize": "fit",
                                "w": 1024
                            },
                            "medium": {
                                "h": 700,
                                "resize": "fit",
                                "w": 1024
                            },
                            "small": {
                                "h": 465,
                                "resize": "fit",
                                "w": 680
                            }
                        },
                        "id": 802015228716347396,
                        "id_str": "802015228716347396",
                        "url": "https://t.co/GY8yRHBuuv",
                        "expanded_url": "https://twitter.com/hartfordcourant/status/802015230519812096/photo/1",
                        "type": "photo",
                        "media_url_https": "https://pbs.twimg.com/media/CyFUmewXcAQhMyo.jpg",
                        "indices": [
                            88,
                            111
                        ],
                        "media_url": "http://pbs.twimg.com/media/CyFUmewXcAQhMyo.jpg",
                        "display_url": "pic.twitter.com/GY8yRHBuuv"
                    }
                ]
            },
            "user": {
                "profile_background_color": "EBEBEB",
                "description": "Connecticut breaking news, sports and politics from the state's largest newsroom and America's oldest continuously published newspaper.",
                "listed_count": 1643,
                "has_extended_profile": false,
                "notifications": false,
                "followers_count": 113345,
                "entities": {
                    "description": {
                        "urls": []
                    },
                    "url": {
                        "urls": [
                            {
                                "display_url": "courant.com",
                                "indices": [
                                    0,
                                    22
                                ],
                                "expanded_url": "http://www.courant.com",
                                "url": "http://t.co/3x1eSPbscs"
                            }
                        ]
                    }
                },
                "profile_image_url": "http://pbs.twimg.com/profile_images/486872619036057600/yJuA5kD3_normal.png",
                "geo_enabled": true,
                "follow_request_sent": false,
                "utc_offset": -18000,
                "profile_sidebar_fill_color": "F3F3F3",
                "id": 14708814,
                "profile_sidebar_border_color": "FFFFFF",
                "url": "http://t.co/3x1eSPbscs",
                "profile_text_color": "333333",
                "screen_name": "hartfordcourant",
                "statuses_count": 83333,
                "name": "Hartford Courant",
                "profile_background_image_url_https": "https://pbs.twimg.com/profile_background_images/657619393/9pyq4ao5jtn1ddn6p3zv.jpeg",
                "profile_background_tile": false,
                "default_profile": false,
                "is_translator": false,
                "id_str": "14708814",
                "lang": "en",
                "translator_type": "none",
                "time_zone": "Eastern Time (US & Canada)",
                "location": "Hartford, Connecticut",
                "favourites_count": 1,
                "default_profile_image": false,
                "following": false,
                "profile_use_background_image": true,
                "profile_banner_url": "https://pbs.twimg.com/profile_banners/14708814/1443623785",
                "verified": true,
                "protected": false,
                "contributors_enabled": false,
                "profile_image_url_https": "https://pbs.twimg.com/profile_images/486872619036057600/yJuA5kD3_normal.png",
                "profile_link_color": "990000",
                "is_translation_enabled": false,
                "friends_count": 2278,
                "profile_background_image_url": "http://pbs.twimg.com/profile_background_images/657619393/9pyq4ao5jtn1ddn6p3zv.jpeg",
                "created_at": "Fri May 09 02:36:46 +0000 2008"
            },
            "coordinates": null,
            "created_at": "Fri Nov 25 05:05:06 +0000 2016"
        }
    ]
}