{
    "search_metadata": {
        "since_id": 0,
        "since_id_str": "0",
        "count": 100,
        "refresh_url": "?since_id=802157108141629440&q=Trump%20from%3Aheraldleader%20since%3A2016-11-25%20until%3A2016-11-26%20filter%3Alinks%20-%40heraldleader&include_entities=1",
        "query": "Trump+from%3Aheraldleader+since%3A2016-11-25+until%3A2016-11-26+filter%3Alinks+-%40heraldleader",
        "completed_in": 0.025,
        "max_id_str": "802157108141629440",
        "max_id": 802157108141629440
    },
    "statuses": [
        {
            "favorited": false,
            "truncated": false,
            "entities": {
                "user_mentions": [],
                "media": [
                    {
                        "sizes": {
                            "thumb": {
                                "h": 150,
                                "resize": "crop",
                                "w": 150
                            },
                            "large": {
                                "h": 691,
                                "resize": "fit",
                                "w": 960
                            },
                            "medium": {
                                "h": 691,
                                "resize": "fit",
                                "w": 960
                            },
                            "small": {
                                "h": 489,
                                "resize": "fit",
                                "w": 680
                            }
                        },
                        "id": 802156968760721408,
                        "id_str": "802156968760721408",
                        "url": "https://t.co/TarBXrc1is",
                        "expanded_url": "https://twitter.com/heraldleader/status/802157108141629440/photo/1",
                        "type": "photo",
                        "media_url_https": "https://pbs.twimg.com/media/CyHVg1kWQAAAle5.jpg",
                        "indices": [
                            112,
                            135
                        ],
                        "media_url": "http://pbs.twimg.com/media/CyHVg1kWQAAAle5.jpg",
                        "display_url": "pic.twitter.com/TarBXrc1is"
                    }
                ],
                "urls": [
                    {
                        "display_url": "kentucky.com/news/nation-wo\u2026",
                        "indices": [
                            88,
                            111
                        ],
                        "expanded_url": "http://www.kentucky.com/news/nation-world/national/article116925848.html",
                        "url": "https://t.co/odibx58Re9"
                    }
                ],
                "hashtags": [],
                "symbols": []
            },
            "retweeted": false,
            "in_reply_to_status_id": null,
            "place": null,
            "contributors": null,
            "in_reply_to_user_id_str": null,
            "source": "<a href=\"https://about.twitter.com/products/tweetdeck\" rel=\"nofollow\">TweetDeck</a>",
            "is_quote_status": false,
            "geo": null,
            "id_str": "802157108141629440",
            "lang": "en",
            "metadata": {
                "iso_language_code": "en",
                "result_type": "recent"
            },
            "id": 802157108141629440,
            "favorite_count": 0,
            "in_reply_to_user_id": null,
            "in_reply_to_screen_name": null,
            "in_reply_to_status_id_str": null,
            "text": "Trending: \u2018Fake news\u2019 to boost Trump aided by Russian propaganda operation, experts say\nhttps://t.co/odibx58Re9 https://t.co/TarBXrc1is",
            "possibly_sensitive": false,
            "retweet_count": 4,
            "extended_entities": {
                "media": [
                    {
                        "sizes": {
                            "thumb": {
                                "h": 150,
                                "resize": "crop",
                                "w": 150
                            },
                            "large": {
                                "h": 691,
                                "resize": "fit",
                                "w": 960
                            },
                            "medium": {
                                "h": 691,
                                "resize": "fit",
                                "w": 960
                            },
                            "small": {
                                "h": 489,
                                "resize": "fit",
                                "w": 680
                            }
                        },
                        "id": 802156968760721408,
                        "id_str": "802156968760721408",
                        "url": "https://t.co/TarBXrc1is",
                        "expanded_url": "https://twitter.com/heraldleader/status/802157108141629440/photo/1",
                        "type": "photo",
                        "media_url_https": "https://pbs.twimg.com/media/CyHVg1kWQAAAle5.jpg",
                        "indices": [
                            112,
                            135
                        ],
                        "media_url": "http://pbs.twimg.com/media/CyHVg1kWQAAAle5.jpg",
                        "display_url": "pic.twitter.com/TarBXrc1is"
                    }
                ]
            },
            "user": {
                "profile_background_color": "005A92",
                "description": "Follow us for news from the Lexington Herald-Leader and http://t.co/IiNXXuNJx6. Also follow @kentuckysports, @hlpublicsafety, @BGPolitics, @LexGoKy",
                "listed_count": 848,
                "has_extended_profile": false,
                "notifications": false,
                "followers_count": 48148,
                "entities": {
                    "description": {
                        "urls": [
                            {
                                "display_url": "Kentucky.com",
                                "indices": [
                                    56,
                                    78
                                ],
                                "expanded_url": "http://Kentucky.com",
                                "url": "http://t.co/IiNXXuNJx6"
                            }
                        ]
                    },
                    "url": {
                        "urls": [
                            {
                                "display_url": "kentucky.com",
                                "indices": [
                                    0,
                                    22
                                ],
                                "expanded_url": "http://www.kentucky.com",
                                "url": "http://t.co/B9FfuRoSIt"
                            }
                        ]
                    }
                },
                "profile_image_url": "http://pbs.twimg.com/profile_images/423570413499584513/EMkUK9dK_normal.png",
                "geo_enabled": true,
                "follow_request_sent": false,
                "utc_offset": -18000,
                "profile_sidebar_fill_color": "FF9900",
                "id": 11612722,
                "profile_sidebar_border_color": "020318",
                "url": "http://t.co/B9FfuRoSIt",
                "profile_text_color": "333333",
                "screen_name": "heraldleader",
                "statuses_count": 113802,
                "name": "heraldleader",
                "profile_background_image_url_https": "https://pbs.twimg.com/profile_background_images/4279994/twitter_kycom_bkg2.gif",
                "profile_background_tile": true,
                "default_profile": false,
                "is_translator": false,
                "id_str": "11612722",
                "lang": "en",
                "translator_type": "none",
                "time_zone": "Eastern Time (US & Canada)",
                "location": "Lexington, Kentucky",
                "favourites_count": 1355,
                "default_profile_image": false,
                "following": false,
                "profile_use_background_image": true,
                "profile_banner_url": "https://pbs.twimg.com/profile_banners/11612722/1347986577",
                "verified": true,
                "protected": false,
                "contributors_enabled": false,
                "profile_image_url_https": "https://pbs.twimg.com/profile_images/423570413499584513/EMkUK9dK_normal.png",
                "profile_link_color": "B40200",
                "is_translation_enabled": false,
                "friends_count": 11620,
                "profile_background_image_url": "http://pbs.twimg.com/profile_background_images/4279994/twitter_kycom_bkg2.gif",
                "created_at": "Fri Dec 28 22:22:39 +0000 2007"
            },
            "coordinates": null,
            "created_at": "Fri Nov 25 14:28:52 +0000 2016"
        }
    ]
}