{
    "search_metadata": {
        "since_id": 0,
        "since_id_str": "0",
        "count": 100,
        "refresh_url": "?since_id=802190697918906368&q=Trump%20from%3AIdahoStatesman%20since%3A2016-11-25%20until%3A2016-11-26%20filter%3Alinks%20-%40IdahoStatesman&include_entities=1",
        "query": "Trump+from%3AIdahoStatesman+since%3A2016-11-25+until%3A2016-11-26+filter%3Alinks+-%40IdahoStatesman",
        "completed_in": 0.058,
        "max_id_str": "802190697918906368",
        "max_id": 802190697918906368
    },
    "statuses": [
        {
            "favorited": false,
            "truncated": false,
            "entities": {
                "user_mentions": [],
                "urls": [
                    {
                        "display_url": "idahostatesman.com/news/politics-\u2026",
                        "indices": [
                            77,
                            100
                        ],
                        "expanded_url": "http://www.idahostatesman.com/news/politics-government/election/article116977468.html",
                        "url": "https://t.co/e0HwSa4THt"
                    }
                ],
                "hashtags": [],
                "symbols": []
            },
            "retweeted": false,
            "in_reply_to_status_id": null,
            "place": null,
            "contributors": null,
            "in_reply_to_user_id_str": null,
            "source": "<a href=\"https://about.twitter.com/products/tweetdeck\" rel=\"nofollow\">TweetDeck</a>",
            "is_quote_status": false,
            "geo": null,
            "id_str": "802190697918906368",
            "lang": "en",
            "metadata": {
                "iso_language_code": "en",
                "result_type": "recent"
            },
            "id": 802190697918906368,
            "favorite_count": 9,
            "in_reply_to_user_id": null,
            "in_reply_to_screen_name": null,
            "in_reply_to_status_id_str": null,
            "text": "Someone really upset about Trump decided to tell Boise using a freeway sign: https://t.co/e0HwSa4THt",
            "possibly_sensitive": false,
            "retweet_count": 5,
            "user": {
                "profile_background_color": "344A7D",
                "description": "The Idaho Statesman newspaper is your #1 source for news, sports, outdoors, business, traffic, & more for Boise, Meridian, Eagle, Nampa, Idaho.",
                "listed_count": 965,
                "has_extended_profile": false,
                "notifications": false,
                "followers_count": 57508,
                "entities": {
                    "description": {
                        "urls": []
                    },
                    "url": {
                        "urls": [
                            {
                                "display_url": "idahostatesman.com",
                                "indices": [
                                    0,
                                    22
                                ],
                                "expanded_url": "http://www.idahostatesman.com",
                                "url": "http://t.co/706zMrpryW"
                            }
                        ]
                    }
                },
                "profile_image_url": "http://pbs.twimg.com/profile_images/716333844366884864/ZO_uXpzm_normal.jpg",
                "geo_enabled": false,
                "follow_request_sent": false,
                "utc_offset": -25200,
                "profile_sidebar_fill_color": "D2D9DF",
                "id": 8980312,
                "profile_sidebar_border_color": "FFFFFF",
                "url": "http://t.co/706zMrpryW",
                "profile_text_color": "000000",
                "screen_name": "IdahoStatesman",
                "statuses_count": 70486,
                "name": "Idaho Statesman",
                "profile_background_image_url_https": "https://pbs.twimg.com/profile_background_images/378800000085631847/7f0fc665468aa18cb5f8a9e188dc3234.jpeg",
                "profile_background_tile": false,
                "default_profile": false,
                "is_translator": false,
                "id_str": "8980312",
                "lang": "en",
                "translator_type": "none",
                "time_zone": "Mountain Time (US & Canada)",
                "location": "Boise, Idaho, USA",
                "favourites_count": 835,
                "default_profile_image": false,
                "following": false,
                "profile_use_background_image": true,
                "profile_banner_url": "https://pbs.twimg.com/profile_banners/8980312/1360787921",
                "verified": true,
                "protected": false,
                "contributors_enabled": false,
                "profile_image_url_https": "https://pbs.twimg.com/profile_images/716333844366884864/ZO_uXpzm_normal.jpg",
                "profile_link_color": "537687",
                "is_translation_enabled": false,
                "friends_count": 3298,
                "profile_background_image_url": "http://pbs.twimg.com/profile_background_images/378800000085631847/7f0fc665468aa18cb5f8a9e188dc3234.jpeg",
                "created_at": "Wed Sep 19 18:56:13 +0000 2007"
            },
            "coordinates": null,
            "created_at": "Fri Nov 25 16:42:21 +0000 2016"
        },
        {
            "favorited": false,
            "truncated": false,
            "entities": {
                "user_mentions": [],
                "media": [
                    {
                        "sizes": {
                            "thumb": {
                                "h": 150,
                                "resize": "crop",
                                "w": 150
                            },
                            "large": {
                                "h": 442,
                                "resize": "fit",
                                "w": 614
                            },
                            "medium": {
                                "h": 442,
                                "resize": "fit",
                                "w": 614
                            },
                            "small": {
                                "h": 442,
                                "resize": "fit",
                                "w": 614
                            }
                        },
                        "id": 802172570934054912,
                        "id_str": "802172570934054912",
                        "url": "https://t.co/NPV9LMRtjI",
                        "expanded_url": "https://twitter.com/IdahoStatesman/status/802172573379428355/photo/1",
                        "type": "photo",
                        "media_url_https": "https://pbs.twimg.com/media/CyHjtAMWEAAhDjw.jpg",
                        "indices": [
                            72,
                            95
                        ],
                        "media_url": "http://pbs.twimg.com/media/CyHjtAMWEAAhDjw.jpg",
                        "display_url": "pic.twitter.com/NPV9LMRtjI"
                    }
                ],
                "urls": [
                    {
                        "display_url": "ow.ly/YrKT306wisG",
                        "indices": [
                            48,
                            71
                        ],
                        "expanded_url": "http://ow.ly/YrKT306wisG",
                        "url": "https://t.co/Q9Lut31cNA"
                    }
                ],
                "hashtags": [],
                "symbols": []
            },
            "retweeted": false,
            "in_reply_to_status_id": null,
            "place": null,
            "contributors": null,
            "in_reply_to_user_id_str": null,
            "source": "<a href=\"http://www.hootsuite.com\" rel=\"nofollow\">Hootsuite</a>",
            "is_quote_status": false,
            "geo": null,
            "id_str": "802172573379428355",
            "lang": "en",
            "metadata": {
                "iso_language_code": "en",
                "result_type": "recent"
            },
            "id": 802172573379428355,
            "favorite_count": 1,
            "in_reply_to_user_id": null,
            "in_reply_to_screen_name": null,
            "in_reply_to_status_id_str": null,
            "text": "Meet the man behind Biden-pranking-Trump memes. https://t.co/Q9Lut31cNA https://t.co/NPV9LMRtjI",
            "possibly_sensitive": false,
            "retweet_count": 1,
            "extended_entities": {
                "media": [
                    {
                        "sizes": {
                            "thumb": {
                                "h": 150,
                                "resize": "crop",
                                "w": 150
                            },
                            "large": {
                                "h": 442,
                                "resize": "fit",
                                "w": 614
                            },
                            "medium": {
                                "h": 442,
                                "resize": "fit",
                                "w": 614
                            },
                            "small": {
                                "h": 442,
                                "resize": "fit",
                                "w": 614
                            }
                        },
                        "id": 802172570934054912,
                        "id_str": "802172570934054912",
                        "url": "https://t.co/NPV9LMRtjI",
                        "expanded_url": "https://twitter.com/IdahoStatesman/status/802172573379428355/photo/1",
                        "type": "photo",
                        "media_url_https": "https://pbs.twimg.com/media/CyHjtAMWEAAhDjw.jpg",
                        "indices": [
                            72,
                            95
                        ],
                        "media_url": "http://pbs.twimg.com/media/CyHjtAMWEAAhDjw.jpg",
                        "display_url": "pic.twitter.com/NPV9LMRtjI"
                    }
                ]
            },
            "user": {
                "profile_background_color": "344A7D",
                "description": "The Idaho Statesman newspaper is your #1 source for news, sports, outdoors, business, traffic, & more for Boise, Meridian, Eagle, Nampa, Idaho.",
                "listed_count": 965,
                "has_extended_profile": false,
                "notifications": false,
                "followers_count": 57508,
                "entities": {
                    "description": {
                        "urls": []
                    },
                    "url": {
                        "urls": [
                            {
                                "display_url": "idahostatesman.com",
                                "indices": [
                                    0,
                                    22
                                ],
                                "expanded_url": "http://www.idahostatesman.com",
                                "url": "http://t.co/706zMrpryW"
                            }
                        ]
                    }
                },
                "profile_image_url": "http://pbs.twimg.com/profile_images/716333844366884864/ZO_uXpzm_normal.jpg",
                "geo_enabled": false,
                "follow_request_sent": false,
                "utc_offset": -25200,
                "profile_sidebar_fill_color": "D2D9DF",
                "id": 8980312,
                "profile_sidebar_border_color": "FFFFFF",
                "url": "http://t.co/706zMrpryW",
                "profile_text_color": "000000",
                "screen_name": "IdahoStatesman",
                "statuses_count": 70486,
                "name": "Idaho Statesman",
                "profile_background_image_url_https": "https://pbs.twimg.com/profile_background_images/378800000085631847/7f0fc665468aa18cb5f8a9e188dc3234.jpeg",
                "profile_background_tile": false,
                "default_profile": false,
                "is_translator": false,
                "id_str": "8980312",
                "lang": "en",
                "translator_type": "none",
                "time_zone": "Mountain Time (US & Canada)",
                "location": "Boise, Idaho, USA",
                "favourites_count": 835,
                "default_profile_image": false,
                "following": false,
                "profile_use_background_image": true,
                "profile_banner_url": "https://pbs.twimg.com/profile_banners/8980312/1360787921",
                "verified": true,
                "protected": false,
                "contributors_enabled": false,
                "profile_image_url_https": "https://pbs.twimg.com/profile_images/716333844366884864/ZO_uXpzm_normal.jpg",
                "profile_link_color": "537687",
                "is_translation_enabled": false,
                "friends_count": 3298,
                "profile_background_image_url": "http://pbs.twimg.com/profile_background_images/378800000085631847/7f0fc665468aa18cb5f8a9e188dc3234.jpeg",
                "created_at": "Wed Sep 19 18:56:13 +0000 2007"
            },
            "coordinates": null,
            "created_at": "Fri Nov 25 15:30:19 +0000 2016"
        },
        {
            "favorited": false,
            "truncated": false,
            "entities": {
                "user_mentions": [],
                "media": [
                    {
                        "sizes": {
                            "thumb": {
                                "h": 150,
                                "resize": "crop",
                                "w": 150
                            },
                            "large": {
                                "h": 1080,
                                "resize": "fit",
                                "w": 1920
                            },
                            "medium": {
                                "h": 675,
                                "resize": "fit",
                                "w": 1200
                            },
                            "small": {
                                "h": 383,
                                "resize": "fit",
                                "w": 680
                            }
                        },
                        "id": 802153684461350912,
                        "id_str": "802153684461350912",
                        "url": "https://t.co/kfxtQEP1kZ",
                        "expanded_url": "https://twitter.com/IdahoStatesman/status/802153686789132292/photo/1",
                        "type": "photo",
                        "media_url_https": "https://pbs.twimg.com/media/CyHShqmW8AAFctY.jpg",
                        "indices": [
                            103,
                            126
                        ],
                        "media_url": "http://pbs.twimg.com/media/CyHShqmW8AAFctY.jpg",
                        "display_url": "pic.twitter.com/kfxtQEP1kZ"
                    }
                ],
                "urls": [
                    {
                        "display_url": "ow.ly/MUdR306wbgX",
                        "indices": [
                            79,
                            102
                        ],
                        "expanded_url": "http://ow.ly/MUdR306wbgX",
                        "url": "https://t.co/ERutmKoG70"
                    }
                ],
                "hashtags": [],
                "symbols": []
            },
            "retweeted": false,
            "in_reply_to_status_id": null,
            "place": null,
            "contributors": null,
            "in_reply_to_user_id_str": null,
            "source": "<a href=\"http://www.hootsuite.com\" rel=\"nofollow\">Hootsuite</a>",
            "is_quote_status": false,
            "geo": null,
            "id_str": "802153686789132292",
            "lang": "en",
            "metadata": {
                "iso_language_code": "en",
                "result_type": "recent"
            },
            "id": 802153686789132292,
            "favorite_count": 1,
            "in_reply_to_user_id": null,
            "in_reply_to_screen_name": null,
            "in_reply_to_status_id_str": null,
            "text": "\"Fake news\" to boost Trump aided by Russian propaganda operation, experts say. https://t.co/ERutmKoG70 https://t.co/kfxtQEP1kZ",
            "possibly_sensitive": false,
            "retweet_count": 1,
            "extended_entities": {
                "media": [
                    {
                        "sizes": {
                            "thumb": {
                                "h": 150,
                                "resize": "crop",
                                "w": 150
                            },
                            "large": {
                                "h": 1080,
                                "resize": "fit",
                                "w": 1920
                            },
                            "medium": {
                                "h": 675,
                                "resize": "fit",
                                "w": 1200
                            },
                            "small": {
                                "h": 383,
                                "resize": "fit",
                                "w": 680
                            }
                        },
                        "id": 802153684461350912,
                        "id_str": "802153684461350912",
                        "url": "https://t.co/kfxtQEP1kZ",
                        "expanded_url": "https://twitter.com/IdahoStatesman/status/802153686789132292/photo/1",
                        "type": "photo",
                        "media_url_https": "https://pbs.twimg.com/media/CyHShqmW8AAFctY.jpg",
                        "indices": [
                            103,
                            126
                        ],
                        "media_url": "http://pbs.twimg.com/media/CyHShqmW8AAFctY.jpg",
                        "display_url": "pic.twitter.com/kfxtQEP1kZ"
                    }
                ]
            },
            "user": {
                "profile_background_color": "344A7D",
                "description": "The Idaho Statesman newspaper is your #1 source for news, sports, outdoors, business, traffic, & more for Boise, Meridian, Eagle, Nampa, Idaho.",
                "listed_count": 965,
                "has_extended_profile": false,
                "notifications": false,
                "followers_count": 57508,
                "entities": {
                    "description": {
                        "urls": []
                    },
                    "url": {
                        "urls": [
                            {
                                "display_url": "idahostatesman.com",
                                "indices": [
                                    0,
                                    22
                                ],
                                "expanded_url": "http://www.idahostatesman.com",
                                "url": "http://t.co/706zMrpryW"
                            }
                        ]
                    }
                },
                "profile_image_url": "http://pbs.twimg.com/profile_images/716333844366884864/ZO_uXpzm_normal.jpg",
                "geo_enabled": false,
                "follow_request_sent": false,
                "utc_offset": -25200,
                "profile_sidebar_fill_color": "D2D9DF",
                "id": 8980312,
                "profile_sidebar_border_color": "FFFFFF",
                "url": "http://t.co/706zMrpryW",
                "profile_text_color": "000000",
                "screen_name": "IdahoStatesman",
                "statuses_count": 70486,
                "name": "Idaho Statesman",
                "profile_background_image_url_https": "https://pbs.twimg.com/profile_background_images/378800000085631847/7f0fc665468aa18cb5f8a9e188dc3234.jpeg",
                "profile_background_tile": false,
                "default_profile": false,
                "is_translator": false,
                "id_str": "8980312",
                "lang": "en",
                "translator_type": "none",
                "time_zone": "Mountain Time (US & Canada)",
                "location": "Boise, Idaho, USA",
                "favourites_count": 835,
                "default_profile_image": false,
                "following": false,
                "profile_use_background_image": true,
                "profile_banner_url": "https://pbs.twimg.com/profile_banners/8980312/1360787921",
                "verified": true,
                "protected": false,
                "contributors_enabled": false,
                "profile_image_url_https": "https://pbs.twimg.com/profile_images/716333844366884864/ZO_uXpzm_normal.jpg",
                "profile_link_color": "537687",
                "is_translation_enabled": false,
                "friends_count": 3298,
                "profile_background_image_url": "http://pbs.twimg.com/profile_background_images/378800000085631847/7f0fc665468aa18cb5f8a9e188dc3234.jpeg",
                "created_at": "Wed Sep 19 18:56:13 +0000 2007"
            },
            "coordinates": null,
            "created_at": "Fri Nov 25 14:15:16 +0000 2016"
        }
    ]
}