{
    "search_metadata": {
        "since_id": 0,
        "since_id_str": "0",
        "count": 100,
        "refresh_url": "?since_id=802234910870114304&q=Trump%20from%3AKCStar%20since%3A2016-11-25%20until%3A2016-11-26%20filter%3Alinks%20-%40KCStar&include_entities=1",
        "query": "Trump+from%3AKCStar+since%3A2016-11-25+until%3A2016-11-26+filter%3Alinks+-%40KCStar",
        "completed_in": 0.034,
        "max_id_str": "802234910870114304",
        "max_id": 802234910870114304
    },
    "statuses": [
        {
            "favorited": false,
            "truncated": false,
            "entities": {
                "user_mentions": [],
                "urls": [
                    {
                        "display_url": "kansascity.com/latest-news/ar\u2026",
                        "indices": [
                            59,
                            82
                        ],
                        "expanded_url": "http://www.kansascity.com/latest-news/article116949933.html#storylink=twt_staff",
                        "url": "https://t.co/gmDpq5qXHl"
                    }
                ],
                "hashtags": [],
                "symbols": []
            },
            "retweeted": false,
            "in_reply_to_status_id": null,
            "place": null,
            "contributors": null,
            "in_reply_to_user_id_str": null,
            "source": "<a href=\"http://www.kansascity.com\" rel=\"nofollow\">KC Star: Breaking News</a>",
            "is_quote_status": false,
            "geo": null,
            "id_str": "802234910870114304",
            "lang": "en",
            "metadata": {
                "iso_language_code": "en",
                "result_type": "recent"
            },
            "id": 802234910870114304,
            "favorite_count": 0,
            "in_reply_to_user_id": null,
            "in_reply_to_screen_name": null,
            "in_reply_to_status_id_str": null,
            "text": "Trump shaping administration as Stein presses for recounts https://t.co/gmDpq5qXHl",
            "possibly_sensitive": false,
            "retweet_count": 0,
            "user": {
                "profile_background_color": "C0DEED",
                "description": "Breaking the news in Kansas City since 1880.",
                "listed_count": 2488,
                "has_extended_profile": false,
                "notifications": false,
                "followers_count": 173250,
                "entities": {
                    "description": {
                        "urls": []
                    },
                    "url": {
                        "urls": [
                            {
                                "display_url": "kansascity.com",
                                "indices": [
                                    0,
                                    23
                                ],
                                "expanded_url": "http://www.kansascity.com",
                                "url": "https://t.co/5avXc9kQvj"
                            }
                        ]
                    }
                },
                "profile_image_url": "http://pbs.twimg.com/profile_images/710203133536894977/eYU-xrl7_normal.jpg",
                "geo_enabled": false,
                "follow_request_sent": false,
                "utc_offset": -21600,
                "profile_sidebar_fill_color": "DDEEF6",
                "id": 14955722,
                "profile_sidebar_border_color": "C0DEED",
                "url": "https://t.co/5avXc9kQvj",
                "profile_text_color": "333333",
                "screen_name": "KCStar",
                "statuses_count": 141356,
                "name": "The Kansas City Star",
                "profile_background_image_url_https": "https://pbs.twimg.com/profile_background_images/309357173/Star-Twitter-page.jpg",
                "profile_background_tile": false,
                "default_profile": false,
                "is_translator": false,
                "id_str": "14955722",
                "lang": "en",
                "translator_type": "none",
                "time_zone": "Central Time (US & Canada)",
                "location": "Kansas City, Mo. ",
                "favourites_count": 1318,
                "default_profile_image": false,
                "following": false,
                "profile_use_background_image": true,
                "profile_banner_url": "https://pbs.twimg.com/profile_banners/14955722/1430340133",
                "verified": true,
                "protected": false,
                "contributors_enabled": false,
                "profile_image_url_https": "https://pbs.twimg.com/profile_images/710203133536894977/eYU-xrl7_normal.jpg",
                "profile_link_color": "0084B4",
                "is_translation_enabled": false,
                "friends_count": 824,
                "profile_background_image_url": "http://pbs.twimg.com/profile_background_images/309357173/Star-Twitter-page.jpg",
                "created_at": "Fri May 30 16:08:18 +0000 2008"
            },
            "coordinates": null,
            "created_at": "Fri Nov 25 19:38:02 +0000 2016"
        },
        {
            "favorited": false,
            "truncated": false,
            "entities": {
                "user_mentions": [],
                "urls": [
                    {
                        "display_url": "kansascity.com/latest-news/ar\u2026",
                        "indices": [
                            50,
                            73
                        ],
                        "expanded_url": "http://www.kansascity.com/latest-news/article116854928.html#storylink=twt_staff",
                        "url": "https://t.co/cBnUSkiVlm"
                    }
                ],
                "hashtags": [],
                "symbols": []
            },
            "retweeted": false,
            "in_reply_to_status_id": null,
            "place": null,
            "contributors": null,
            "in_reply_to_user_id_str": null,
            "source": "<a href=\"http://www.kansascity.com\" rel=\"nofollow\">KC Star: Breaking News</a>",
            "is_quote_status": false,
            "geo": null,
            "id_str": "801973186481049600",
            "lang": "en",
            "metadata": {
                "iso_language_code": "en",
                "result_type": "recent"
            },
            "id": 801973186481049600,
            "favorite_count": 0,
            "in_reply_to_user_id": null,
            "in_reply_to_screen_name": null,
            "in_reply_to_status_id_str": null,
            "text": "Trump's team to raise millions for Jan. 20 events https://t.co/cBnUSkiVlm",
            "possibly_sensitive": false,
            "retweet_count": 0,
            "user": {
                "profile_background_color": "C0DEED",
                "description": "Breaking the news in Kansas City since 1880.",
                "listed_count": 2488,
                "has_extended_profile": false,
                "notifications": false,
                "followers_count": 173250,
                "entities": {
                    "description": {
                        "urls": []
                    },
                    "url": {
                        "urls": [
                            {
                                "display_url": "kansascity.com",
                                "indices": [
                                    0,
                                    23
                                ],
                                "expanded_url": "http://www.kansascity.com",
                                "url": "https://t.co/5avXc9kQvj"
                            }
                        ]
                    }
                },
                "profile_image_url": "http://pbs.twimg.com/profile_images/710203133536894977/eYU-xrl7_normal.jpg",
                "geo_enabled": false,
                "follow_request_sent": false,
                "utc_offset": -21600,
                "profile_sidebar_fill_color": "DDEEF6",
                "id": 14955722,
                "profile_sidebar_border_color": "C0DEED",
                "url": "https://t.co/5avXc9kQvj",
                "profile_text_color": "333333",
                "screen_name": "KCStar",
                "statuses_count": 141356,
                "name": "The Kansas City Star",
                "profile_background_image_url_https": "https://pbs.twimg.com/profile_background_images/309357173/Star-Twitter-page.jpg",
                "profile_background_tile": false,
                "default_profile": false,
                "is_translator": false,
                "id_str": "14955722",
                "lang": "en",
                "translator_type": "none",
                "time_zone": "Central Time (US & Canada)",
                "location": "Kansas City, Mo. ",
                "favourites_count": 1318,
                "default_profile_image": false,
                "following": false,
                "profile_use_background_image": true,
                "profile_banner_url": "https://pbs.twimg.com/profile_banners/14955722/1430340133",
                "verified": true,
                "protected": false,
                "contributors_enabled": false,
                "profile_image_url_https": "https://pbs.twimg.com/profile_images/710203133536894977/eYU-xrl7_normal.jpg",
                "profile_link_color": "0084B4",
                "is_translation_enabled": false,
                "friends_count": 824,
                "profile_background_image_url": "http://pbs.twimg.com/profile_background_images/309357173/Star-Twitter-page.jpg",
                "created_at": "Fri May 30 16:08:18 +0000 2008"
            },
            "coordinates": null,
            "created_at": "Fri Nov 25 02:18:02 +0000 2016"
        },
        {
            "favorited": false,
            "truncated": false,
            "entities": {
                "user_mentions": [],
                "urls": [
                    {
                        "display_url": "kansascity.com/news/politics-\u2026",
                        "indices": [
                            78,
                            101
                        ],
                        "expanded_url": "http://www.kansascity.com/news/politics-government/article116925848.html#storylink=twt_staff",
                        "url": "https://t.co/cpykWK2zKw"
                    }
                ],
                "hashtags": [],
                "symbols": []
            },
            "retweeted": false,
            "in_reply_to_status_id": null,
            "place": null,
            "contributors": null,
            "in_reply_to_user_id_str": null,
            "source": "<a href=\"http://www.kansascity.com\" rel=\"nofollow\">KC Star: Breaking News</a>",
            "is_quote_status": false,
            "geo": null,
            "id_str": "801963117823533056",
            "lang": "en",
            "metadata": {
                "iso_language_code": "en",
                "result_type": "recent"
            },
            "id": 801963117823533056,
            "favorite_count": 12,
            "in_reply_to_user_id": null,
            "in_reply_to_screen_name": null,
            "in_reply_to_status_id_str": null,
            "text": "\u2018Fake news\u2019 to boost Trump aided by Russian propaganda operation, experts say https://t.co/cpykWK2zKw",
            "possibly_sensitive": false,
            "retweet_count": 20,
            "user": {
                "profile_background_color": "C0DEED",
                "description": "Breaking the news in Kansas City since 1880.",
                "listed_count": 2488,
                "has_extended_profile": false,
                "notifications": false,
                "followers_count": 173250,
                "entities": {
                    "description": {
                        "urls": []
                    },
                    "url": {
                        "urls": [
                            {
                                "display_url": "kansascity.com",
                                "indices": [
                                    0,
                                    23
                                ],
                                "expanded_url": "http://www.kansascity.com",
                                "url": "https://t.co/5avXc9kQvj"
                            }
                        ]
                    }
                },
                "profile_image_url": "http://pbs.twimg.com/profile_images/710203133536894977/eYU-xrl7_normal.jpg",
                "geo_enabled": false,
                "follow_request_sent": false,
                "utc_offset": -21600,
                "profile_sidebar_fill_color": "DDEEF6",
                "id": 14955722,
                "profile_sidebar_border_color": "C0DEED",
                "url": "https://t.co/5avXc9kQvj",
                "profile_text_color": "333333",
                "screen_name": "KCStar",
                "statuses_count": 141356,
                "name": "The Kansas City Star",
                "profile_background_image_url_https": "https://pbs.twimg.com/profile_background_images/309357173/Star-Twitter-page.jpg",
                "profile_background_tile": false,
                "default_profile": false,
                "is_translator": false,
                "id_str": "14955722",
                "lang": "en",
                "translator_type": "none",
                "time_zone": "Central Time (US & Canada)",
                "location": "Kansas City, Mo. ",
                "favourites_count": 1318,
                "default_profile_image": false,
                "following": false,
                "profile_use_background_image": true,
                "profile_banner_url": "https://pbs.twimg.com/profile_banners/14955722/1430340133",
                "verified": true,
                "protected": false,
                "contributors_enabled": false,
                "profile_image_url_https": "https://pbs.twimg.com/profile_images/710203133536894977/eYU-xrl7_normal.jpg",
                "profile_link_color": "0084B4",
                "is_translation_enabled": false,
                "friends_count": 824,
                "profile_background_image_url": "http://pbs.twimg.com/profile_background_images/309357173/Star-Twitter-page.jpg",
                "created_at": "Fri May 30 16:08:18 +0000 2008"
            },
            "coordinates": null,
            "created_at": "Fri Nov 25 01:38:01 +0000 2016"
        }
    ]
}