{
    "search_metadata": {
        "since_id": 0,
        "since_id_str": "0",
        "count": 100,
        "refresh_url": "?since_id=802234207481102336&q=Trump%20from%3Alatimes%20since%3A2016-11-25%20until%3A2016-11-26%20filter%3Alinks%20-%40latimes&include_entities=1",
        "query": "Trump+from%3Alatimes+since%3A2016-11-25+until%3A2016-11-26+filter%3Alinks+-%40latimes",
        "completed_in": 0.027,
        "max_id_str": "802234207481102336",
        "max_id": 802234207481102336
    },
    "statuses": [
        {
            "favorited": false,
            "truncated": false,
            "entities": {
                "user_mentions": [],
                "media": [
                    {
                        "sizes": {
                            "large": {
                                "h": 309,
                                "resize": "fit",
                                "w": 550
                            },
                            "thumb": {
                                "h": 150,
                                "resize": "crop",
                                "w": 150
                            },
                            "medium": {
                                "h": 309,
                                "resize": "fit",
                                "w": 550
                            },
                            "small": {
                                "h": 309,
                                "resize": "fit",
                                "w": 550
                            }
                        },
                        "id": 802234203857448964,
                        "id_str": "802234203857448964",
                        "url": "https://t.co/kTZW2XCVtD",
                        "expanded_url": "https://twitter.com/latimes/status/802234207481102336/photo/1",
                        "type": "photo",
                        "media_url_https": "https://pbs.twimg.com/media/CyIbwguXcAQ_y45.jpg",
                        "indices": [
                            101,
                            124
                        ],
                        "media_url": "http://pbs.twimg.com/media/CyIbwguXcAQ_y45.jpg",
                        "display_url": "pic.twitter.com/kTZW2XCVtD"
                    }
                ],
                "urls": [
                    {
                        "display_url": "lat.ms/2g0kHsI",
                        "indices": [
                            77,
                            100
                        ],
                        "expanded_url": "http://lat.ms/2g0kHsI",
                        "url": "https://t.co/2qflHxnDsl"
                    }
                ],
                "hashtags": [],
                "symbols": []
            },
            "retweeted": false,
            "in_reply_to_status_id": null,
            "place": null,
            "contributors": null,
            "in_reply_to_user_id_str": null,
            "source": "<a href=\"http://www.hootsuite.com\" rel=\"nofollow\">Hootsuite</a>",
            "is_quote_status": false,
            "geo": null,
            "id_str": "802234207481102336",
            "lang": "en",
            "metadata": {
                "iso_language_code": "en",
                "result_type": "recent"
            },
            "id": 802234207481102336,
            "favorite_count": 364,
            "in_reply_to_user_id": null,
            "in_reply_to_screen_name": null,
            "in_reply_to_status_id_str": null,
            "text": "Nancy Pelosi aims to lead aggressive opposition against Trump administration https://t.co/2qflHxnDsl https://t.co/kTZW2XCVtD",
            "possibly_sensitive": false,
            "retweet_count": 129,
            "extended_entities": {
                "media": [
                    {
                        "sizes": {
                            "large": {
                                "h": 309,
                                "resize": "fit",
                                "w": 550
                            },
                            "thumb": {
                                "h": 150,
                                "resize": "crop",
                                "w": 150
                            },
                            "medium": {
                                "h": 309,
                                "resize": "fit",
                                "w": 550
                            },
                            "small": {
                                "h": 309,
                                "resize": "fit",
                                "w": 550
                            }
                        },
                        "id": 802234203857448964,
                        "id_str": "802234203857448964",
                        "url": "https://t.co/kTZW2XCVtD",
                        "expanded_url": "https://twitter.com/latimes/status/802234207481102336/photo/1",
                        "type": "photo",
                        "media_url_https": "https://pbs.twimg.com/media/CyIbwguXcAQ_y45.jpg",
                        "indices": [
                            101,
                            124
                        ],
                        "media_url": "http://pbs.twimg.com/media/CyIbwguXcAQ_y45.jpg",
                        "display_url": "pic.twitter.com/kTZW2XCVtD"
                    }
                ]
            },
            "user": {
                "profile_background_color": "FFFFFF",
                "description": "News from Los Angeles and the world. Staffed by http://t.co/zb8HyvYyAJ editors.",
                "listed_count": 28283,
                "has_extended_profile": false,
                "notifications": false,
                "followers_count": 2324756,
                "entities": {
                    "description": {
                        "urls": [
                            {
                                "display_url": "latimes.com",
                                "indices": [
                                    48,
                                    70
                                ],
                                "expanded_url": "http://latimes.com",
                                "url": "http://t.co/zb8HyvYyAJ"
                            }
                        ]
                    },
                    "url": {
                        "urls": [
                            {
                                "display_url": "latimes.com",
                                "indices": [
                                    0,
                                    22
                                ],
                                "expanded_url": "http://latimes.com/",
                                "url": "http://t.co/JvbZRDfNzf"
                            }
                        ]
                    }
                },
                "profile_image_url": "http://pbs.twimg.com/profile_images/546329819919560704/XMWy2Z50_normal.jpeg",
                "geo_enabled": true,
                "follow_request_sent": false,
                "utc_offset": -28800,
                "profile_sidebar_fill_color": "EFEFEF",
                "id": 16664681,
                "profile_sidebar_border_color": "FFFFFF",
                "url": "http://t.co/JvbZRDfNzf",
                "profile_text_color": "615F61",
                "screen_name": "latimes",
                "statuses_count": 153172,
                "name": "Los Angeles Times",
                "profile_background_image_url_https": "https://pbs.twimg.com/profile_background_images/596769492/sp4uqn6gr7cwmjefat2j.jpeg",
                "profile_background_tile": false,
                "default_profile": false,
                "is_translator": false,
                "id_str": "16664681",
                "lang": "en",
                "translator_type": "regular",
                "time_zone": "Pacific Time (US & Canada)",
                "location": "Los Angeles, CA",
                "favourites_count": 1869,
                "default_profile_image": false,
                "following": false,
                "profile_use_background_image": true,
                "profile_banner_url": "https://pbs.twimg.com/profile_banners/16664681/1402448809",
                "verified": true,
                "protected": false,
                "contributors_enabled": false,
                "profile_image_url_https": "https://pbs.twimg.com/profile_images/546329819919560704/XMWy2Z50_normal.jpeg",
                "profile_link_color": "009999",
                "is_translation_enabled": false,
                "friends_count": 10713,
                "profile_background_image_url": "http://pbs.twimg.com/profile_background_images/596769492/sp4uqn6gr7cwmjefat2j.jpeg",
                "created_at": "Thu Oct 09 11:07:42 +0000 2008"
            },
            "coordinates": null,
            "created_at": "Fri Nov 25 19:35:14 +0000 2016"
        },
        {
            "favorited": false,
            "truncated": true,
            "entities": {
                "user_mentions": [],
                "urls": [
                    {
                        "display_url": "twitter.com/i/web/status/8\u2026",
                        "indices": [
                            111,
                            134
                        ],
                        "expanded_url": "https://twitter.com/i/web/status/802204013123039233",
                        "url": "https://t.co/Wd6yGFdaMy"
                    }
                ],
                "hashtags": [],
                "symbols": []
            },
            "retweeted": false,
            "in_reply_to_status_id": null,
            "place": null,
            "contributors": null,
            "in_reply_to_user_id_str": null,
            "source": "<a href=\"http://www.hootsuite.com\" rel=\"nofollow\">Hootsuite</a>",
            "is_quote_status": false,
            "geo": null,
            "id_str": "802204013123039233",
            "lang": "en",
            "metadata": {
                "iso_language_code": "en",
                "result_type": "recent"
            },
            "id": 802204013123039233,
            "favorite_count": 160,
            "in_reply_to_user_id": null,
            "in_reply_to_screen_name": null,
            "in_reply_to_status_id_str": null,
            "text": "Millions of Americans want the electoral college to vote for Clinton next month, but it probably won't happen\u2026 https://t.co/Wd6yGFdaMy",
            "possibly_sensitive": false,
            "retweet_count": 101,
            "user": {
                "profile_background_color": "FFFFFF",
                "description": "News from Los Angeles and the world. Staffed by http://t.co/zb8HyvYyAJ editors.",
                "listed_count": 28283,
                "has_extended_profile": false,
                "notifications": false,
                "followers_count": 2324756,
                "entities": {
                    "description": {
                        "urls": [
                            {
                                "display_url": "latimes.com",
                                "indices": [
                                    48,
                                    70
                                ],
                                "expanded_url": "http://latimes.com",
                                "url": "http://t.co/zb8HyvYyAJ"
                            }
                        ]
                    },
                    "url": {
                        "urls": [
                            {
                                "display_url": "latimes.com",
                                "indices": [
                                    0,
                                    22
                                ],
                                "expanded_url": "http://latimes.com/",
                                "url": "http://t.co/JvbZRDfNzf"
                            }
                        ]
                    }
                },
                "profile_image_url": "http://pbs.twimg.com/profile_images/546329819919560704/XMWy2Z50_normal.jpeg",
                "geo_enabled": true,
                "follow_request_sent": false,
                "utc_offset": -28800,
                "profile_sidebar_fill_color": "EFEFEF",
                "id": 16664681,
                "profile_sidebar_border_color": "FFFFFF",
                "url": "http://t.co/JvbZRDfNzf",
                "profile_text_color": "615F61",
                "screen_name": "latimes",
                "statuses_count": 153172,
                "name": "Los Angeles Times",
                "profile_background_image_url_https": "https://pbs.twimg.com/profile_background_images/596769492/sp4uqn6gr7cwmjefat2j.jpeg",
                "profile_background_tile": false,
                "default_profile": false,
                "is_translator": false,
                "id_str": "16664681",
                "lang": "en",
                "translator_type": "regular",
                "time_zone": "Pacific Time (US & Canada)",
                "location": "Los Angeles, CA",
                "favourites_count": 1869,
                "default_profile_image": false,
                "following": false,
                "profile_use_background_image": true,
                "profile_banner_url": "https://pbs.twimg.com/profile_banners/16664681/1402448809",
                "verified": true,
                "protected": false,
                "contributors_enabled": false,
                "profile_image_url_https": "https://pbs.twimg.com/profile_images/546329819919560704/XMWy2Z50_normal.jpeg",
                "profile_link_color": "009999",
                "is_translation_enabled": false,
                "friends_count": 10713,
                "profile_background_image_url": "http://pbs.twimg.com/profile_background_images/596769492/sp4uqn6gr7cwmjefat2j.jpeg",
                "created_at": "Thu Oct 09 11:07:42 +0000 2008"
            },
            "coordinates": null,
            "created_at": "Fri Nov 25 17:35:15 +0000 2016"
        },
        {
            "favorited": false,
            "truncated": false,
            "entities": {
                "user_mentions": [],
                "media": [
                    {
                        "sizes": {
                            "large": {
                                "h": 422,
                                "resize": "fit",
                                "w": 750
                            },
                            "thumb": {
                                "h": 150,
                                "resize": "crop",
                                "w": 150
                            },
                            "medium": {
                                "h": 422,
                                "resize": "fit",
                                "w": 750
                            },
                            "small": {
                                "h": 383,
                                "resize": "fit",
                                "w": 680
                            }
                        },
                        "id": 802030349689569280,
                        "id_str": "802030349689569280",
                        "url": "https://t.co/A5gKZFiImy",
                        "expanded_url": "https://twitter.com/latimes/status/802030351648485376/photo/1",
                        "type": "photo",
                        "media_url_https": "https://pbs.twimg.com/media/CyFiWoxUQAAGEVA.jpg",
                        "indices": [
                            116,
                            139
                        ],
                        "media_url": "http://pbs.twimg.com/media/CyFiWoxUQAAGEVA.jpg",
                        "display_url": "pic.twitter.com/A5gKZFiImy"
                    }
                ],
                "urls": [
                    {
                        "display_url": "lat.ms/2fmOTgc",
                        "indices": [
                            92,
                            115
                        ],
                        "expanded_url": "http://lat.ms/2fmOTgc",
                        "url": "https://t.co/FItI4jmAAw"
                    }
                ],
                "hashtags": [],
                "symbols": []
            },
            "retweeted": false,
            "in_reply_to_status_id": null,
            "place": null,
            "contributors": null,
            "in_reply_to_user_id_str": null,
            "source": "<a href=\"http://www.hootsuite.com\" rel=\"nofollow\">Hootsuite</a>",
            "is_quote_status": false,
            "geo": null,
            "id_str": "802030351648485376",
            "lang": "en",
            "metadata": {
                "iso_language_code": "en",
                "result_type": "recent"
            },
            "id": 802030351648485376,
            "favorite_count": 92,
            "in_reply_to_user_id": null,
            "in_reply_to_screen_name": null,
            "in_reply_to_status_id_str": null,
            "text": "Here's why the electoral college (probably) won't stop Donald Trump from becoming president https://t.co/FItI4jmAAw https://t.co/A5gKZFiImy",
            "possibly_sensitive": false,
            "retweet_count": 57,
            "extended_entities": {
                "media": [
                    {
                        "sizes": {
                            "large": {
                                "h": 422,
                                "resize": "fit",
                                "w": 750
                            },
                            "thumb": {
                                "h": 150,
                                "resize": "crop",
                                "w": 150
                            },
                            "medium": {
                                "h": 422,
                                "resize": "fit",
                                "w": 750
                            },
                            "small": {
                                "h": 383,
                                "resize": "fit",
                                "w": 680
                            }
                        },
                        "id": 802030349689569280,
                        "id_str": "802030349689569280",
                        "url": "https://t.co/A5gKZFiImy",
                        "expanded_url": "https://twitter.com/latimes/status/802030351648485376/photo/1",
                        "type": "photo",
                        "media_url_https": "https://pbs.twimg.com/media/CyFiWoxUQAAGEVA.jpg",
                        "indices": [
                            116,
                            139
                        ],
                        "media_url": "http://pbs.twimg.com/media/CyFiWoxUQAAGEVA.jpg",
                        "display_url": "pic.twitter.com/A5gKZFiImy"
                    }
                ]
            },
            "user": {
                "profile_background_color": "FFFFFF",
                "description": "News from Los Angeles and the world. Staffed by http://t.co/zb8HyvYyAJ editors.",
                "listed_count": 28283,
                "has_extended_profile": false,
                "notifications": false,
                "followers_count": 2324756,
                "entities": {
                    "description": {
                        "urls": [
                            {
                                "display_url": "latimes.com",
                                "indices": [
                                    48,
                                    70
                                ],
                                "expanded_url": "http://latimes.com",
                                "url": "http://t.co/zb8HyvYyAJ"
                            }
                        ]
                    },
                    "url": {
                        "urls": [
                            {
                                "display_url": "latimes.com",
                                "indices": [
                                    0,
                                    22
                                ],
                                "expanded_url": "http://latimes.com/",
                                "url": "http://t.co/JvbZRDfNzf"
                            }
                        ]
                    }
                },
                "profile_image_url": "http://pbs.twimg.com/profile_images/546329819919560704/XMWy2Z50_normal.jpeg",
                "geo_enabled": true,
                "follow_request_sent": false,
                "utc_offset": -28800,
                "profile_sidebar_fill_color": "EFEFEF",
                "id": 16664681,
                "profile_sidebar_border_color": "FFFFFF",
                "url": "http://t.co/JvbZRDfNzf",
                "profile_text_color": "615F61",
                "screen_name": "latimes",
                "statuses_count": 153172,
                "name": "Los Angeles Times",
                "profile_background_image_url_https": "https://pbs.twimg.com/profile_background_images/596769492/sp4uqn6gr7cwmjefat2j.jpeg",
                "profile_background_tile": false,
                "default_profile": false,
                "is_translator": false,
                "id_str": "16664681",
                "lang": "en",
                "translator_type": "regular",
                "time_zone": "Pacific Time (US & Canada)",
                "location": "Los Angeles, CA",
                "favourites_count": 1869,
                "default_profile_image": false,
                "following": false,
                "profile_use_background_image": true,
                "profile_banner_url": "https://pbs.twimg.com/profile_banners/16664681/1402448809",
                "verified": true,
                "protected": false,
                "contributors_enabled": false,
                "profile_image_url_https": "https://pbs.twimg.com/profile_images/546329819919560704/XMWy2Z50_normal.jpeg",
                "profile_link_color": "009999",
                "is_translation_enabled": false,
                "friends_count": 10713,
                "profile_background_image_url": "http://pbs.twimg.com/profile_background_images/596769492/sp4uqn6gr7cwmjefat2j.jpeg",
                "created_at": "Thu Oct 09 11:07:42 +0000 2008"
            },
            "coordinates": null,
            "created_at": "Fri Nov 25 06:05:11 +0000 2016"
        },
        {
            "favorited": false,
            "truncated": false,
            "entities": {
                "user_mentions": [],
                "urls": [
                    {
                        "display_url": "lat.ms/2fBdVcA",
                        "indices": [
                            77,
                            100
                        ],
                        "expanded_url": "http://lat.ms/2fBdVcA",
                        "url": "https://t.co/UQaXdlgMMY"
                    }
                ],
                "hashtags": [],
                "symbols": []
            },
            "retweeted": false,
            "in_reply_to_status_id": null,
            "place": null,
            "contributors": null,
            "in_reply_to_user_id_str": null,
            "source": "<a href=\"http://www.hootsuite.com\" rel=\"nofollow\">Hootsuite</a>",
            "is_quote_status": false,
            "geo": null,
            "id_str": "801985038002880512",
            "lang": "en",
            "metadata": {
                "iso_language_code": "en",
                "result_type": "recent"
            },
            "id": 801985038002880512,
            "favorite_count": 89,
            "in_reply_to_user_id": null,
            "in_reply_to_screen_name": null,
            "in_reply_to_status_id_str": null,
            "text": "Here's how Trump could use the presidency to help his own business interests https://t.co/UQaXdlgMMY",
            "possibly_sensitive": false,
            "retweet_count": 105,
            "user": {
                "profile_background_color": "FFFFFF",
                "description": "News from Los Angeles and the world. Staffed by http://t.co/zb8HyvYyAJ editors.",
                "listed_count": 28283,
                "has_extended_profile": false,
                "notifications": false,
                "followers_count": 2324756,
                "entities": {
                    "description": {
                        "urls": [
                            {
                                "display_url": "latimes.com",
                                "indices": [
                                    48,
                                    70
                                ],
                                "expanded_url": "http://latimes.com",
                                "url": "http://t.co/zb8HyvYyAJ"
                            }
                        ]
                    },
                    "url": {
                        "urls": [
                            {
                                "display_url": "latimes.com",
                                "indices": [
                                    0,
                                    22
                                ],
                                "expanded_url": "http://latimes.com/",
                                "url": "http://t.co/JvbZRDfNzf"
                            }
                        ]
                    }
                },
                "profile_image_url": "http://pbs.twimg.com/profile_images/546329819919560704/XMWy2Z50_normal.jpeg",
                "geo_enabled": true,
                "follow_request_sent": false,
                "utc_offset": -28800,
                "profile_sidebar_fill_color": "EFEFEF",
                "id": 16664681,
                "profile_sidebar_border_color": "FFFFFF",
                "url": "http://t.co/JvbZRDfNzf",
                "profile_text_color": "615F61",
                "screen_name": "latimes",
                "statuses_count": 153172,
                "name": "Los Angeles Times",
                "profile_background_image_url_https": "https://pbs.twimg.com/profile_background_images/596769492/sp4uqn6gr7cwmjefat2j.jpeg",
                "profile_background_tile": false,
                "default_profile": false,
                "is_translator": false,
                "id_str": "16664681",
                "lang": "en",
                "translator_type": "regular",
                "time_zone": "Pacific Time (US & Canada)",
                "location": "Los Angeles, CA",
                "favourites_count": 1869,
                "default_profile_image": false,
                "following": false,
                "profile_use_background_image": true,
                "profile_banner_url": "https://pbs.twimg.com/profile_banners/16664681/1402448809",
                "verified": true,
                "protected": false,
                "contributors_enabled": false,
                "profile_image_url_https": "https://pbs.twimg.com/profile_images/546329819919560704/XMWy2Z50_normal.jpeg",
                "profile_link_color": "009999",
                "is_translation_enabled": false,
                "friends_count": 10713,
                "profile_background_image_url": "http://pbs.twimg.com/profile_background_images/596769492/sp4uqn6gr7cwmjefat2j.jpeg",
                "created_at": "Thu Oct 09 11:07:42 +0000 2008"
            },
            "coordinates": null,
            "created_at": "Fri Nov 25 03:05:07 +0000 2016"
        },
        {
            "favorited": false,
            "truncated": false,
            "entities": {
                "user_mentions": [],
                "media": [
                    {
                        "sizes": {
                            "large": {
                                "h": 900,
                                "resize": "fit",
                                "w": 1600
                            },
                            "thumb": {
                                "h": 150,
                                "resize": "crop",
                                "w": 150
                            },
                            "medium": {
                                "h": 675,
                                "resize": "fit",
                                "w": 1200
                            },
                            "small": {
                                "h": 383,
                                "resize": "fit",
                                "w": 680
                            }
                        },
                        "id": 801977487542587392,
                        "id_str": "801977487542587392",
                        "url": "https://t.co/Wfilo0PNN7",
                        "expanded_url": "https://twitter.com/latimes/status/801977490260500480/photo/1",
                        "type": "photo",
                        "media_url_https": "https://pbs.twimg.com/media/CyEyRp7WEAAQ-yt.jpg",
                        "indices": [
                            116,
                            139
                        ],
                        "media_url": "http://pbs.twimg.com/media/CyEyRp7WEAAQ-yt.jpg",
                        "display_url": "pic.twitter.com/Wfilo0PNN7"
                    }
                ],
                "urls": [
                    {
                        "display_url": "lat.ms/2f6onN6",
                        "indices": [
                            92,
                            115
                        ],
                        "expanded_url": "http://lat.ms/2f6onN6",
                        "url": "https://t.co/mO0jJw1BUj"
                    }
                ],
                "hashtags": [],
                "symbols": []
            },
            "retweeted": false,
            "in_reply_to_status_id": null,
            "place": null,
            "contributors": null,
            "in_reply_to_user_id_str": null,
            "source": "<a href=\"http://www.hootsuite.com\" rel=\"nofollow\">Hootsuite</a>",
            "is_quote_status": false,
            "geo": null,
            "id_str": "801977490260500480",
            "lang": "en",
            "metadata": {
                "iso_language_code": "en",
                "result_type": "recent"
            },
            "id": 801977490260500480,
            "favorite_count": 60,
            "in_reply_to_user_id": null,
            "in_reply_to_screen_name": null,
            "in_reply_to_status_id_str": null,
            "text": "L.A.'s quiet archbishop has a message for immigrants, and prayers for president-elect Trump https://t.co/mO0jJw1BUj https://t.co/Wfilo0PNN7",
            "possibly_sensitive": false,
            "retweet_count": 34,
            "extended_entities": {
                "media": [
                    {
                        "sizes": {
                            "large": {
                                "h": 900,
                                "resize": "fit",
                                "w": 1600
                            },
                            "thumb": {
                                "h": 150,
                                "resize": "crop",
                                "w": 150
                            },
                            "medium": {
                                "h": 675,
                                "resize": "fit",
                                "w": 1200
                            },
                            "small": {
                                "h": 383,
                                "resize": "fit",
                                "w": 680
                            }
                        },
                        "id": 801977487542587392,
                        "id_str": "801977487542587392",
                        "url": "https://t.co/Wfilo0PNN7",
                        "expanded_url": "https://twitter.com/latimes/status/801977490260500480/photo/1",
                        "type": "photo",
                        "media_url_https": "https://pbs.twimg.com/media/CyEyRp7WEAAQ-yt.jpg",
                        "indices": [
                            116,
                            139
                        ],
                        "media_url": "http://pbs.twimg.com/media/CyEyRp7WEAAQ-yt.jpg",
                        "display_url": "pic.twitter.com/Wfilo0PNN7"
                    }
                ]
            },
            "user": {
                "profile_background_color": "FFFFFF",
                "description": "News from Los Angeles and the world. Staffed by http://t.co/zb8HyvYyAJ editors.",
                "listed_count": 28283,
                "has_extended_profile": false,
                "notifications": false,
                "followers_count": 2324756,
                "entities": {
                    "description": {
                        "urls": [
                            {
                                "display_url": "latimes.com",
                                "indices": [
                                    48,
                                    70
                                ],
                                "expanded_url": "http://latimes.com",
                                "url": "http://t.co/zb8HyvYyAJ"
                            }
                        ]
                    },
                    "url": {
                        "urls": [
                            {
                                "display_url": "latimes.com",
                                "indices": [
                                    0,
                                    22
                                ],
                                "expanded_url": "http://latimes.com/",
                                "url": "http://t.co/JvbZRDfNzf"
                            }
                        ]
                    }
                },
                "profile_image_url": "http://pbs.twimg.com/profile_images/546329819919560704/XMWy2Z50_normal.jpeg",
                "geo_enabled": true,
                "follow_request_sent": false,
                "utc_offset": -28800,
                "profile_sidebar_fill_color": "EFEFEF",
                "id": 16664681,
                "profile_sidebar_border_color": "FFFFFF",
                "url": "http://t.co/JvbZRDfNzf",
                "profile_text_color": "615F61",
                "screen_name": "latimes",
                "statuses_count": 153172,
                "name": "Los Angeles Times",
                "profile_background_image_url_https": "https://pbs.twimg.com/profile_background_images/596769492/sp4uqn6gr7cwmjefat2j.jpeg",
                "profile_background_tile": false,
                "default_profile": false,
                "is_translator": false,
                "id_str": "16664681",
                "lang": "en",
                "translator_type": "regular",
                "time_zone": "Pacific Time (US & Canada)",
                "location": "Los Angeles, CA",
                "favourites_count": 1869,
                "default_profile_image": false,
                "following": false,
                "profile_use_background_image": true,
                "profile_banner_url": "https://pbs.twimg.com/profile_banners/16664681/1402448809",
                "verified": true,
                "protected": false,
                "contributors_enabled": false,
                "profile_image_url_https": "https://pbs.twimg.com/profile_images/546329819919560704/XMWy2Z50_normal.jpeg",
                "profile_link_color": "009999",
                "is_translation_enabled": false,
                "friends_count": 10713,
                "profile_background_image_url": "http://pbs.twimg.com/profile_background_images/596769492/sp4uqn6gr7cwmjefat2j.jpeg",
                "created_at": "Thu Oct 09 11:07:42 +0000 2008"
            },
            "coordinates": null,
            "created_at": "Fri Nov 25 02:35:08 +0000 2016"
        },
        {
            "favorited": false,
            "truncated": false,
            "entities": {
                "user_mentions": [],
                "media": [
                    {
                        "sizes": {
                            "large": {
                                "h": 900,
                                "resize": "fit",
                                "w": 1600
                            },
                            "thumb": {
                                "h": 150,
                                "resize": "crop",
                                "w": 150
                            },
                            "medium": {
                                "h": 675,
                                "resize": "fit",
                                "w": 1200
                            },
                            "small": {
                                "h": 383,
                                "resize": "fit",
                                "w": 680
                            }
                        },
                        "id": 801973708113920000,
                        "id_str": "801973708113920000",
                        "url": "https://t.co/mNRSIbRCCF",
                        "expanded_url": "https://twitter.com/latimes/status/801973710529974272/photo/1",
                        "type": "photo",
                        "media_url_https": "https://pbs.twimg.com/media/CyEu1qdVQAAL8Ql.jpg",
                        "indices": [
                            104,
                            127
                        ],
                        "media_url": "http://pbs.twimg.com/media/CyEu1qdVQAAL8Ql.jpg",
                        "display_url": "pic.twitter.com/mNRSIbRCCF"
                    }
                ],
                "urls": [
                    {
                        "display_url": "lat.ms/2gmiawc",
                        "indices": [
                            80,
                            103
                        ],
                        "expanded_url": "http://lat.ms/2gmiawc",
                        "url": "https://t.co/CTzm8bJHfR"
                    }
                ],
                "hashtags": [],
                "symbols": []
            },
            "retweeted": false,
            "in_reply_to_status_id": null,
            "place": null,
            "contributors": null,
            "in_reply_to_user_id_str": null,
            "source": "<a href=\"http://www.hootsuite.com\" rel=\"nofollow\">Hootsuite</a>",
            "is_quote_status": false,
            "geo": null,
            "id_str": "801973710529974272",
            "lang": "en",
            "metadata": {
                "iso_language_code": "en",
                "result_type": "recent"
            },
            "id": 801973710529974272,
            "favorite_count": 51,
            "in_reply_to_user_id": null,
            "in_reply_to_screen_name": null,
            "in_reply_to_status_id_str": null,
            "text": "How is Trump spending Thanksgiving? He says he's trying save an Indiana factory https://t.co/CTzm8bJHfR https://t.co/mNRSIbRCCF",
            "possibly_sensitive": false,
            "retweet_count": 23,
            "extended_entities": {
                "media": [
                    {
                        "sizes": {
                            "large": {
                                "h": 900,
                                "resize": "fit",
                                "w": 1600
                            },
                            "thumb": {
                                "h": 150,
                                "resize": "crop",
                                "w": 150
                            },
                            "medium": {
                                "h": 675,
                                "resize": "fit",
                                "w": 1200
                            },
                            "small": {
                                "h": 383,
                                "resize": "fit",
                                "w": 680
                            }
                        },
                        "id": 801973708113920000,
                        "id_str": "801973708113920000",
                        "url": "https://t.co/mNRSIbRCCF",
                        "expanded_url": "https://twitter.com/latimes/status/801973710529974272/photo/1",
                        "type": "photo",
                        "media_url_https": "https://pbs.twimg.com/media/CyEu1qdVQAAL8Ql.jpg",
                        "indices": [
                            104,
                            127
                        ],
                        "media_url": "http://pbs.twimg.com/media/CyEu1qdVQAAL8Ql.jpg",
                        "display_url": "pic.twitter.com/mNRSIbRCCF"
                    }
                ]
            },
            "user": {
                "profile_background_color": "FFFFFF",
                "description": "News from Los Angeles and the world. Staffed by http://t.co/zb8HyvYyAJ editors.",
                "listed_count": 28283,
                "has_extended_profile": false,
                "notifications": false,
                "followers_count": 2324756,
                "entities": {
                    "description": {
                        "urls": [
                            {
                                "display_url": "latimes.com",
                                "indices": [
                                    48,
                                    70
                                ],
                                "expanded_url": "http://latimes.com",
                                "url": "http://t.co/zb8HyvYyAJ"
                            }
                        ]
                    },
                    "url": {
                        "urls": [
                            {
                                "display_url": "latimes.com",
                                "indices": [
                                    0,
                                    22
                                ],
                                "expanded_url": "http://latimes.com/",
                                "url": "http://t.co/JvbZRDfNzf"
                            }
                        ]
                    }
                },
                "profile_image_url": "http://pbs.twimg.com/profile_images/546329819919560704/XMWy2Z50_normal.jpeg",
                "geo_enabled": true,
                "follow_request_sent": false,
                "utc_offset": -28800,
                "profile_sidebar_fill_color": "EFEFEF",
                "id": 16664681,
                "profile_sidebar_border_color": "FFFFFF",
                "url": "http://t.co/JvbZRDfNzf",
                "profile_text_color": "615F61",
                "screen_name": "latimes",
                "statuses_count": 153172,
                "name": "Los Angeles Times",
                "profile_background_image_url_https": "https://pbs.twimg.com/profile_background_images/596769492/sp4uqn6gr7cwmjefat2j.jpeg",
                "profile_background_tile": false,
                "default_profile": false,
                "is_translator": false,
                "id_str": "16664681",
                "lang": "en",
                "translator_type": "regular",
                "time_zone": "Pacific Time (US & Canada)",
                "location": "Los Angeles, CA",
                "favourites_count": 1869,
                "default_profile_image": false,
                "following": false,
                "profile_use_background_image": true,
                "profile_banner_url": "https://pbs.twimg.com/profile_banners/16664681/1402448809",
                "verified": true,
                "protected": false,
                "contributors_enabled": false,
                "profile_image_url_https": "https://pbs.twimg.com/profile_images/546329819919560704/XMWy2Z50_normal.jpeg",
                "profile_link_color": "009999",
                "is_translation_enabled": false,
                "friends_count": 10713,
                "profile_background_image_url": "http://pbs.twimg.com/profile_background_images/596769492/sp4uqn6gr7cwmjefat2j.jpeg",
                "created_at": "Thu Oct 09 11:07:42 +0000 2008"
            },
            "coordinates": null,
            "created_at": "Fri Nov 25 02:20:07 +0000 2016"
        }
    ]
}