{
    "search_metadata": {
        "since_id": 0,
        "since_id_str": "0",
        "count": 100,
        "refresh_url": "?since_id=803059513339150336&q=Trump%20from%3AMidWeekHawaii%20since%3A2016-11-25%20until%3A2016-11-26%20filter%3Alinks%20-%40MidWeekHawaii&include_entities=1",
        "query": "Trump+from%3AMidWeekHawaii+since%3A2016-11-25+until%3A2016-11-26+filter%3Alinks+-%40MidWeekHawaii",
        "completed_in": 0.048,
        "max_id_str": "803059513339150336",
        "max_id": 803059513339150336
    },
    "statuses": []
}