{
    "search_metadata": {
        "since_id": 0,
        "since_id_str": "0",
        "count": 100,
        "refresh_url": "?since_id=803059502845202434&q=Trump%20from%3Anwademgaz%20since%3A2016-11-25%20until%3A2016-11-26%20filter%3Alinks%20-%40nwademgaz&include_entities=1",
        "query": "Trump+from%3Anwademgaz+since%3A2016-11-25+until%3A2016-11-26+filter%3Alinks+-%40nwademgaz",
        "completed_in": 0.047,
        "max_id_str": "803059502845202434",
        "max_id": 803059502845202434
    },
    "statuses": []
}