{
    "search_metadata": {
        "since_id": 0,
        "since_id_str": "0",
        "count": 100,
        "refresh_url": "?since_id=802269539778134021&q=Trump%20from%3AStarTribune%20since%3A2016-11-25%20until%3A2016-11-26%20filter%3Alinks%20-%40StarTribune&include_entities=1",
        "query": "Trump+from%3AStarTribune+since%3A2016-11-25+until%3A2016-11-26+filter%3Alinks+-%40StarTribune",
        "completed_in": 0.03,
        "max_id_str": "802269539778134021",
        "max_id": 802269539778134021
    },
    "statuses": [
        {
            "favorited": false,
            "truncated": false,
            "entities": {
                "user_mentions": [],
                "urls": [
                    {
                        "display_url": "strib.mn/2fuUPnp",
                        "indices": [
                            59,
                            82
                        ],
                        "expanded_url": "http://strib.mn/2fuUPnp",
                        "url": "https://t.co/ECeXJWafCs"
                    }
                ],
                "hashtags": [],
                "symbols": []
            },
            "retweeted": false,
            "in_reply_to_status_id": null,
            "place": null,
            "contributors": null,
            "in_reply_to_user_id_str": null,
            "source": "<a href=\"https://about.twitter.com/products/tweetdeck\" rel=\"nofollow\">TweetDeck</a>",
            "is_quote_status": false,
            "geo": null,
            "id_str": "802269539778134021",
            "lang": "en",
            "metadata": {
                "iso_language_code": "en",
                "result_type": "recent"
            },
            "id": 802269539778134021,
            "favorite_count": 2,
            "in_reply_to_user_id": null,
            "in_reply_to_screen_name": null,
            "in_reply_to_status_id_str": null,
            "text": "With recounts looming, Trump adds new administration picks https://t.co/ECeXJWafCs",
            "possibly_sensitive": false,
            "retweet_count": 0,
            "user": {
                "profile_background_color": "FFFFFF",
                "description": "Minnesota's top choice for news and more. See https://t.co/DKVw7iC5C9 to follow our journalists. Find customer service at @startribsupport.",
                "listed_count": 3336,
                "has_extended_profile": false,
                "notifications": false,
                "followers_count": 251626,
                "entities": {
                    "description": {
                        "urls": [
                            {
                                "display_url": "strib.mn/STtweets",
                                "indices": [
                                    46,
                                    69
                                ],
                                "expanded_url": "http://strib.mn/STtweets",
                                "url": "https://t.co/DKVw7iC5C9"
                            }
                        ]
                    },
                    "url": {
                        "urls": [
                            {
                                "display_url": "startribune.com",
                                "indices": [
                                    0,
                                    23
                                ],
                                "expanded_url": "http://www.startribune.com",
                                "url": "https://t.co/2perTa45jk"
                            }
                        ]
                    }
                },
                "profile_image_url": "http://pbs.twimg.com/profile_images/427289765734404096/Ip4UAv5q_normal.jpeg",
                "geo_enabled": false,
                "follow_request_sent": false,
                "utc_offset": -21600,
                "profile_sidebar_fill_color": "E6EDE4",
                "id": 17348525,
                "profile_sidebar_border_color": "FFFFFF",
                "url": "https://t.co/2perTa45jk",
                "profile_text_color": "333333",
                "screen_name": "StarTribune",
                "statuses_count": 100965,
                "name": "Star Tribune",
                "profile_background_image_url_https": "https://pbs.twimg.com/profile_background_images/378800000177961119/MxVaJ3fR.jpeg",
                "profile_background_tile": false,
                "default_profile": false,
                "is_translator": false,
                "id_str": "17348525",
                "lang": "en",
                "translator_type": "regular",
                "time_zone": "Central Time (US & Canada)",
                "location": "Minneapolis, MN ",
                "favourites_count": 1213,
                "default_profile_image": false,
                "following": false,
                "profile_use_background_image": true,
                "profile_banner_url": "https://pbs.twimg.com/profile_banners/17348525/1480105232",
                "verified": true,
                "protected": false,
                "contributors_enabled": false,
                "profile_image_url_https": "https://pbs.twimg.com/profile_images/427289765734404096/Ip4UAv5q_normal.jpeg",
                "profile_link_color": "31661E",
                "is_translation_enabled": false,
                "friends_count": 800,
                "profile_background_image_url": "http://pbs.twimg.com/profile_background_images/378800000177961119/MxVaJ3fR.jpeg",
                "created_at": "Wed Nov 12 20:55:38 +0000 2008"
            },
            "coordinates": null,
            "created_at": "Fri Nov 25 21:55:38 +0000 2016"
        },
        {
            "favorited": false,
            "truncated": false,
            "entities": {
                "user_mentions": [],
                "media": [
                    {
                        "sizes": {
                            "large": {
                                "h": 324,
                                "resize": "fit",
                                "w": 525
                            },
                            "thumb": {
                                "h": 150,
                                "resize": "crop",
                                "w": 150
                            },
                            "medium": {
                                "h": 324,
                                "resize": "fit",
                                "w": 525
                            },
                            "small": {
                                "h": 324,
                                "resize": "fit",
                                "w": 525
                            }
                        },
                        "id": 802253398988853248,
                        "id_str": "802253398988853248",
                        "url": "https://t.co/C9Gl2uH5DB",
                        "expanded_url": "https://twitter.com/StarTribune/status/802255792975978496/photo/1",
                        "type": "photo",
                        "media_url_https": "https://pbs.twimg.com/media/CyItN0KUkAAd1rO.jpg",
                        "indices": [
                            84,
                            107
                        ],
                        "media_url": "http://pbs.twimg.com/media/CyItN0KUkAAd1rO.jpg",
                        "display_url": "pic.twitter.com/C9Gl2uH5DB"
                    }
                ],
                "urls": [
                    {
                        "display_url": "strib.mn/2gmIwdY",
                        "indices": [
                            60,
                            83
                        ],
                        "expanded_url": "http://strib.mn/2gmIwdY",
                        "url": "https://t.co/Con0I5uQI5"
                    }
                ],
                "hashtags": [],
                "symbols": []
            },
            "retweeted": false,
            "in_reply_to_status_id": null,
            "place": null,
            "contributors": null,
            "in_reply_to_user_id_str": null,
            "source": "<a href=\"https://about.twitter.com/products/tweetdeck\" rel=\"nofollow\">TweetDeck</a>",
            "is_quote_status": false,
            "geo": null,
            "id_str": "802255792975978496",
            "lang": "en",
            "metadata": {
                "iso_language_code": "en",
                "result_type": "recent"
            },
            "id": 802255792975978496,
            "favorite_count": 1,
            "in_reply_to_user_id": null,
            "in_reply_to_screen_name": null,
            "in_reply_to_status_id_str": null,
            "text": "For now, Melania Trump plans to be long-distance first lady https://t.co/Con0I5uQI5 https://t.co/C9Gl2uH5DB",
            "possibly_sensitive": false,
            "retweet_count": 0,
            "extended_entities": {
                "media": [
                    {
                        "sizes": {
                            "large": {
                                "h": 324,
                                "resize": "fit",
                                "w": 525
                            },
                            "thumb": {
                                "h": 150,
                                "resize": "crop",
                                "w": 150
                            },
                            "medium": {
                                "h": 324,
                                "resize": "fit",
                                "w": 525
                            },
                            "small": {
                                "h": 324,
                                "resize": "fit",
                                "w": 525
                            }
                        },
                        "id": 802253398988853248,
                        "id_str": "802253398988853248",
                        "url": "https://t.co/C9Gl2uH5DB",
                        "expanded_url": "https://twitter.com/StarTribune/status/802255792975978496/photo/1",
                        "type": "photo",
                        "media_url_https": "https://pbs.twimg.com/media/CyItN0KUkAAd1rO.jpg",
                        "indices": [
                            84,
                            107
                        ],
                        "media_url": "http://pbs.twimg.com/media/CyItN0KUkAAd1rO.jpg",
                        "display_url": "pic.twitter.com/C9Gl2uH5DB"
                    }
                ]
            },
            "user": {
                "profile_background_color": "FFFFFF",
                "description": "Minnesota's top choice for news and more. See https://t.co/DKVw7iC5C9 to follow our journalists. Find customer service at @startribsupport.",
                "listed_count": 3336,
                "has_extended_profile": false,
                "notifications": false,
                "followers_count": 251626,
                "entities": {
                    "description": {
                        "urls": [
                            {
                                "display_url": "strib.mn/STtweets",
                                "indices": [
                                    46,
                                    69
                                ],
                                "expanded_url": "http://strib.mn/STtweets",
                                "url": "https://t.co/DKVw7iC5C9"
                            }
                        ]
                    },
                    "url": {
                        "urls": [
                            {
                                "display_url": "startribune.com",
                                "indices": [
                                    0,
                                    23
                                ],
                                "expanded_url": "http://www.startribune.com",
                                "url": "https://t.co/2perTa45jk"
                            }
                        ]
                    }
                },
                "profile_image_url": "http://pbs.twimg.com/profile_images/427289765734404096/Ip4UAv5q_normal.jpeg",
                "geo_enabled": false,
                "follow_request_sent": false,
                "utc_offset": -21600,
                "profile_sidebar_fill_color": "E6EDE4",
                "id": 17348525,
                "profile_sidebar_border_color": "FFFFFF",
                "url": "https://t.co/2perTa45jk",
                "profile_text_color": "333333",
                "screen_name": "StarTribune",
                "statuses_count": 100965,
                "name": "Star Tribune",
                "profile_background_image_url_https": "https://pbs.twimg.com/profile_background_images/378800000177961119/MxVaJ3fR.jpeg",
                "profile_background_tile": false,
                "default_profile": false,
                "is_translator": false,
                "id_str": "17348525",
                "lang": "en",
                "translator_type": "regular",
                "time_zone": "Central Time (US & Canada)",
                "location": "Minneapolis, MN ",
                "favourites_count": 1213,
                "default_profile_image": false,
                "following": false,
                "profile_use_background_image": true,
                "profile_banner_url": "https://pbs.twimg.com/profile_banners/17348525/1480105232",
                "verified": true,
                "protected": false,
                "contributors_enabled": false,
                "profile_image_url_https": "https://pbs.twimg.com/profile_images/427289765734404096/Ip4UAv5q_normal.jpeg",
                "profile_link_color": "31661E",
                "is_translation_enabled": false,
                "friends_count": 800,
                "profile_background_image_url": "http://pbs.twimg.com/profile_background_images/378800000177961119/MxVaJ3fR.jpeg",
                "created_at": "Wed Nov 12 20:55:38 +0000 2008"
            },
            "coordinates": null,
            "created_at": "Fri Nov 25 21:01:00 +0000 2016"
        },
        {
            "favorited": false,
            "truncated": false,
            "entities": {
                "user_mentions": [],
                "media": [
                    {
                        "sizes": {
                            "large": {
                                "h": 324,
                                "resize": "fit",
                                "w": 525
                            },
                            "thumb": {
                                "h": 150,
                                "resize": "crop",
                                "w": 150
                            },
                            "medium": {
                                "h": 324,
                                "resize": "fit",
                                "w": 525
                            },
                            "small": {
                                "h": 324,
                                "resize": "fit",
                                "w": 525
                            }
                        },
                        "id": 802147775265681408,
                        "id_str": "802147775265681408",
                        "url": "https://t.co/YtrVXOfOtc",
                        "expanded_url": "https://twitter.com/StarTribune/status/802152613143789568/photo/1",
                        "type": "photo",
                        "media_url_https": "https://pbs.twimg.com/media/CyHNJtIUsAAMWUO.jpg",
                        "indices": [
                            78,
                            101
                        ],
                        "media_url": "http://pbs.twimg.com/media/CyHNJtIUsAAMWUO.jpg",
                        "display_url": "pic.twitter.com/YtrVXOfOtc"
                    }
                ],
                "urls": [
                    {
                        "display_url": "strib.mn/2gmIwdY",
                        "indices": [
                            54,
                            77
                        ],
                        "expanded_url": "http://strib.mn/2gmIwdY",
                        "url": "https://t.co/Con0I5Ms6F"
                    }
                ],
                "hashtags": [],
                "symbols": []
            },
            "retweeted": false,
            "in_reply_to_status_id": null,
            "place": null,
            "contributors": null,
            "in_reply_to_user_id_str": null,
            "source": "<a href=\"https://about.twitter.com/products/tweetdeck\" rel=\"nofollow\">TweetDeck</a>",
            "is_quote_status": false,
            "geo": null,
            "id_str": "802152613143789568",
            "lang": "en",
            "metadata": {
                "iso_language_code": "en",
                "result_type": "recent"
            },
            "id": 802152613143789568,
            "favorite_count": 3,
            "in_reply_to_user_id": null,
            "in_reply_to_screen_name": null,
            "in_reply_to_status_id_str": null,
            "text": "Melania Trump is set to be a long-distance first lady https://t.co/Con0I5Ms6F https://t.co/YtrVXOfOtc",
            "possibly_sensitive": false,
            "retweet_count": 1,
            "extended_entities": {
                "media": [
                    {
                        "sizes": {
                            "large": {
                                "h": 324,
                                "resize": "fit",
                                "w": 525
                            },
                            "thumb": {
                                "h": 150,
                                "resize": "crop",
                                "w": 150
                            },
                            "medium": {
                                "h": 324,
                                "resize": "fit",
                                "w": 525
                            },
                            "small": {
                                "h": 324,
                                "resize": "fit",
                                "w": 525
                            }
                        },
                        "id": 802147775265681408,
                        "id_str": "802147775265681408",
                        "url": "https://t.co/YtrVXOfOtc",
                        "expanded_url": "https://twitter.com/StarTribune/status/802152613143789568/photo/1",
                        "type": "photo",
                        "media_url_https": "https://pbs.twimg.com/media/CyHNJtIUsAAMWUO.jpg",
                        "indices": [
                            78,
                            101
                        ],
                        "media_url": "http://pbs.twimg.com/media/CyHNJtIUsAAMWUO.jpg",
                        "display_url": "pic.twitter.com/YtrVXOfOtc"
                    }
                ]
            },
            "user": {
                "profile_background_color": "FFFFFF",
                "description": "Minnesota's top choice for news and more. See https://t.co/DKVw7iC5C9 to follow our journalists. Find customer service at @startribsupport.",
                "listed_count": 3336,
                "has_extended_profile": false,
                "notifications": false,
                "followers_count": 251626,
                "entities": {
                    "description": {
                        "urls": [
                            {
                                "display_url": "strib.mn/STtweets",
                                "indices": [
                                    46,
                                    69
                                ],
                                "expanded_url": "http://strib.mn/STtweets",
                                "url": "https://t.co/DKVw7iC5C9"
                            }
                        ]
                    },
                    "url": {
                        "urls": [
                            {
                                "display_url": "startribune.com",
                                "indices": [
                                    0,
                                    23
                                ],
                                "expanded_url": "http://www.startribune.com",
                                "url": "https://t.co/2perTa45jk"
                            }
                        ]
                    }
                },
                "profile_image_url": "http://pbs.twimg.com/profile_images/427289765734404096/Ip4UAv5q_normal.jpeg",
                "geo_enabled": false,
                "follow_request_sent": false,
                "utc_offset": -21600,
                "profile_sidebar_fill_color": "E6EDE4",
                "id": 17348525,
                "profile_sidebar_border_color": "FFFFFF",
                "url": "https://t.co/2perTa45jk",
                "profile_text_color": "333333",
                "screen_name": "StarTribune",
                "statuses_count": 100965,
                "name": "Star Tribune",
                "profile_background_image_url_https": "https://pbs.twimg.com/profile_background_images/378800000177961119/MxVaJ3fR.jpeg",
                "profile_background_tile": false,
                "default_profile": false,
                "is_translator": false,
                "id_str": "17348525",
                "lang": "en",
                "translator_type": "regular",
                "time_zone": "Central Time (US & Canada)",
                "location": "Minneapolis, MN ",
                "favourites_count": 1213,
                "default_profile_image": false,
                "following": false,
                "profile_use_background_image": true,
                "profile_banner_url": "https://pbs.twimg.com/profile_banners/17348525/1480105232",
                "verified": true,
                "protected": false,
                "contributors_enabled": false,
                "profile_image_url_https": "https://pbs.twimg.com/profile_images/427289765734404096/Ip4UAv5q_normal.jpeg",
                "profile_link_color": "31661E",
                "is_translation_enabled": false,
                "friends_count": 800,
                "profile_background_image_url": "http://pbs.twimg.com/profile_background_images/378800000177961119/MxVaJ3fR.jpeg",
                "created_at": "Wed Nov 12 20:55:38 +0000 2008"
            },
            "coordinates": null,
            "created_at": "Fri Nov 25 14:11:00 +0000 2016"
        }
    ]
}