{
    "search_metadata": {
        "since_id": 0,
        "since_id_str": "0",
        "count": 100,
        "refresh_url": "?since_id=802295808104206336&q=Trump%20from%3Asunjournal%20since%3A2016-11-25%20until%3A2016-11-26%20filter%3Alinks%20-%40sunjournal&include_entities=1",
        "query": "Trump+from%3Asunjournal+since%3A2016-11-25+until%3A2016-11-26+filter%3Alinks+-%40sunjournal",
        "completed_in": 0.031,
        "max_id_str": "802295808104206336",
        "max_id": 802295808104206336
    },
    "statuses": [
        {
            "favorited": false,
            "truncated": false,
            "entities": {
                "user_mentions": [],
                "urls": [
                    {
                        "display_url": "ift.tt/2gu5rFa",
                        "indices": [
                            67,
                            90
                        ],
                        "expanded_url": "http://ift.tt/2gu5rFa",
                        "url": "https://t.co/6aQzcczzay"
                    }
                ],
                "hashtags": [],
                "symbols": []
            },
            "retweeted": false,
            "in_reply_to_status_id": null,
            "place": null,
            "contributors": null,
            "in_reply_to_user_id_str": null,
            "source": "<a href=\"http://bufferapp.com\" rel=\"nofollow\">Buffer</a>",
            "is_quote_status": false,
            "geo": null,
            "id_str": "802295808104206336",
            "lang": "en",
            "metadata": {
                "iso_language_code": "en",
                "result_type": "recent"
            },
            "id": 802295808104206336,
            "favorite_count": 0,
            "in_reply_to_user_id": null,
            "in_reply_to_screen_name": null,
            "in_reply_to_status_id_str": null,
            "text": "For some in middle class, Donald Trump's plan would increase taxes https://t.co/6aQzcczzay",
            "possibly_sensitive": false,
            "retweet_count": 0,
            "user": {
                "profile_background_color": "C6E2EE",
                "description": "News and conversations from Maine since 1847. Send breaking news: breaking@sunjournal.com",
                "listed_count": 530,
                "has_extended_profile": false,
                "notifications": false,
                "followers_count": 28099,
                "entities": {
                    "description": {
                        "urls": []
                    },
                    "url": {
                        "urls": [
                            {
                                "display_url": "sunjournal.com",
                                "indices": [
                                    0,
                                    22
                                ],
                                "expanded_url": "http://www.sunjournal.com",
                                "url": "http://t.co/g6rua9MqV4"
                            }
                        ]
                    }
                },
                "profile_image_url": "http://pbs.twimg.com/profile_images/707249051130003456/KfksyOzx_normal.jpg",
                "geo_enabled": true,
                "follow_request_sent": false,
                "utc_offset": -18000,
                "profile_sidebar_fill_color": "DAECF4",
                "id": 8729092,
                "profile_sidebar_border_color": "C6E2EE",
                "url": "http://t.co/g6rua9MqV4",
                "profile_text_color": "663B12",
                "screen_name": "sunjournal",
                "statuses_count": 57357,
                "name": "Sun Journal",
                "profile_background_image_url_https": "https://abs.twimg.com/images/themes/theme2/bg.gif",
                "profile_background_tile": false,
                "default_profile": false,
                "is_translator": false,
                "id_str": "8729092",
                "lang": "en",
                "translator_type": "none",
                "time_zone": "Eastern Time (US & Canada)",
                "location": "Lewiston/Auburn, Maine",
                "favourites_count": 460,
                "default_profile_image": false,
                "following": false,
                "profile_use_background_image": true,
                "profile_banner_url": "https://pbs.twimg.com/profile_banners/8729092/1480257563",
                "verified": false,
                "protected": false,
                "contributors_enabled": false,
                "profile_image_url_https": "https://pbs.twimg.com/profile_images/707249051130003456/KfksyOzx_normal.jpg",
                "profile_link_color": "1F98C7",
                "is_translation_enabled": false,
                "friends_count": 2483,
                "profile_background_image_url": "http://abs.twimg.com/images/themes/theme2/bg.gif",
                "created_at": "Fri Sep 07 17:48:02 +0000 2007"
            },
            "coordinates": null,
            "created_at": "Fri Nov 25 23:40:01 +0000 2016"
        },
        {
            "favorited": false,
            "truncated": false,
            "entities": {
                "user_mentions": [],
                "urls": [
                    {
                        "display_url": "ift.tt/2gbY4BV",
                        "indices": [
                            46,
                            69
                        ],
                        "expanded_url": "http://ift.tt/2gbY4BV",
                        "url": "https://t.co/VqA4cdqqam"
                    }
                ],
                "hashtags": [],
                "symbols": []
            },
            "retweeted": false,
            "in_reply_to_status_id": null,
            "place": null,
            "contributors": null,
            "in_reply_to_user_id_str": null,
            "source": "<a href=\"http://bufferapp.com\" rel=\"nofollow\">Buffer</a>",
            "is_quote_status": false,
            "geo": null,
            "id_str": "802285752675606528",
            "lang": "en",
            "metadata": {
                "iso_language_code": "en",
                "result_type": "recent"
            },
            "id": 802285752675606528,
            "favorite_count": 1,
            "in_reply_to_user_id": null,
            "in_reply_to_screen_name": null,
            "in_reply_to_status_id_str": null,
            "text": "Trump's biggest UK ally may have eye on Maine https://t.co/VqA4cdqqam",
            "possibly_sensitive": false,
            "retweet_count": 1,
            "user": {
                "profile_background_color": "C6E2EE",
                "description": "News and conversations from Maine since 1847. Send breaking news: breaking@sunjournal.com",
                "listed_count": 530,
                "has_extended_profile": false,
                "notifications": false,
                "followers_count": 28099,
                "entities": {
                    "description": {
                        "urls": []
                    },
                    "url": {
                        "urls": [
                            {
                                "display_url": "sunjournal.com",
                                "indices": [
                                    0,
                                    22
                                ],
                                "expanded_url": "http://www.sunjournal.com",
                                "url": "http://t.co/g6rua9MqV4"
                            }
                        ]
                    }
                },
                "profile_image_url": "http://pbs.twimg.com/profile_images/707249051130003456/KfksyOzx_normal.jpg",
                "geo_enabled": true,
                "follow_request_sent": false,
                "utc_offset": -18000,
                "profile_sidebar_fill_color": "DAECF4",
                "id": 8729092,
                "profile_sidebar_border_color": "C6E2EE",
                "url": "http://t.co/g6rua9MqV4",
                "profile_text_color": "663B12",
                "screen_name": "sunjournal",
                "statuses_count": 57357,
                "name": "Sun Journal",
                "profile_background_image_url_https": "https://abs.twimg.com/images/themes/theme2/bg.gif",
                "profile_background_tile": false,
                "default_profile": false,
                "is_translator": false,
                "id_str": "8729092",
                "lang": "en",
                "translator_type": "none",
                "time_zone": "Eastern Time (US & Canada)",
                "location": "Lewiston/Auburn, Maine",
                "favourites_count": 460,
                "default_profile_image": false,
                "following": false,
                "profile_use_background_image": true,
                "profile_banner_url": "https://pbs.twimg.com/profile_banners/8729092/1480257563",
                "verified": false,
                "protected": false,
                "contributors_enabled": false,
                "profile_image_url_https": "https://pbs.twimg.com/profile_images/707249051130003456/KfksyOzx_normal.jpg",
                "profile_link_color": "1F98C7",
                "is_translation_enabled": false,
                "friends_count": 2483,
                "profile_background_image_url": "http://abs.twimg.com/images/themes/theme2/bg.gif",
                "created_at": "Fri Sep 07 17:48:02 +0000 2007"
            },
            "coordinates": null,
            "created_at": "Fri Nov 25 23:00:03 +0000 2016"
        }
    ]
}