{
    "search_metadata": {
        "since_id": 0,
        "since_id_str": "0",
        "count": 100,
        "refresh_url": "?since_id=801939724768145409&q=Trump%20from%3ATucsonStar%20since%3A2016-11-25%20until%3A2016-11-26%20filter%3Alinks%20-%40TucsonStar&include_entities=1",
        "query": "Trump+from%3ATucsonStar+since%3A2016-11-25+until%3A2016-11-26+filter%3Alinks+-%40TucsonStar",
        "completed_in": 0.051,
        "max_id_str": "801939724768145409",
        "max_id": 801939724768145409
    },
    "statuses": [
        {
            "favorited": false,
            "truncated": false,
            "entities": {
                "user_mentions": [],
                "media": [
                    {
                        "sizes": {
                            "large": {
                                "h": 357,
                                "resize": "fit",
                                "w": 620
                            },
                            "thumb": {
                                "h": 150,
                                "resize": "crop",
                                "w": 150
                            },
                            "medium": {
                                "h": 357,
                                "resize": "fit",
                                "w": 620
                            },
                            "small": {
                                "h": 357,
                                "resize": "fit",
                                "w": 620
                            }
                        },
                        "id": 801939722243227648,
                        "id_str": "801939722243227648",
                        "url": "https://t.co/2y4UICYgDJ",
                        "expanded_url": "https://twitter.com/TucsonStar/status/801939724768145409/photo/1",
                        "type": "photo",
                        "media_url_https": "https://pbs.twimg.com/media/CyEP7bOVQAAkdY6.jpg",
                        "indices": [
                            95,
                            118
                        ],
                        "media_url": "http://pbs.twimg.com/media/CyEP7bOVQAAkdY6.jpg",
                        "display_url": "pic.twitter.com/2y4UICYgDJ"
                    }
                ],
                "urls": [
                    {
                        "display_url": "tucne.ws/fr3",
                        "indices": [
                            71,
                            94
                        ],
                        "expanded_url": "http://tucne.ws/fr3",
                        "url": "https://t.co/BRh9A8JjUV"
                    }
                ],
                "hashtags": [],
                "symbols": []
            },
            "retweeted": false,
            "in_reply_to_status_id": null,
            "place": null,
            "contributors": null,
            "in_reply_to_user_id_str": null,
            "source": "<a href=\"http://tucson.com/\" rel=\"nofollow\">StarNet Labs</a>",
            "is_quote_status": false,
            "geo": null,
            "id_str": "801939724768145409",
            "lang": "en",
            "metadata": {
                "iso_language_code": "en",
                "result_type": "recent"
            },
            "id": 801939724768145409,
            "favorite_count": 0,
            "in_reply_to_user_id": null,
            "in_reply_to_screen_name": null,
            "in_reply_to_status_id_str": null,
            "text": "Former Rosemont Mine lobbyist on, off Trump's Interior transition team https://t.co/BRh9A8JjUV https://t.co/2y4UICYgDJ",
            "possibly_sensitive": false,
            "retweet_count": 1,
            "extended_entities": {
                "media": [
                    {
                        "sizes": {
                            "large": {
                                "h": 357,
                                "resize": "fit",
                                "w": 620
                            },
                            "thumb": {
                                "h": 150,
                                "resize": "crop",
                                "w": 150
                            },
                            "medium": {
                                "h": 357,
                                "resize": "fit",
                                "w": 620
                            },
                            "small": {
                                "h": 357,
                                "resize": "fit",
                                "w": 620
                            }
                        },
                        "id": 801939722243227648,
                        "id_str": "801939722243227648",
                        "url": "https://t.co/2y4UICYgDJ",
                        "expanded_url": "https://twitter.com/TucsonStar/status/801939724768145409/photo/1",
                        "type": "photo",
                        "media_url_https": "https://pbs.twimg.com/media/CyEP7bOVQAAkdY6.jpg",
                        "indices": [
                            95,
                            118
                        ],
                        "media_url": "http://pbs.twimg.com/media/CyEP7bOVQAAkdY6.jpg",
                        "display_url": "pic.twitter.com/2y4UICYgDJ"
                    }
                ]
            },
            "user": {
                "profile_background_color": "FFFFFF",
                "description": "The Arizona Daily Star is Tucson's main source for local news. We cover the issues that Southern Arizonans care about most.",
                "listed_count": 882,
                "has_extended_profile": false,
                "notifications": false,
                "followers_count": 47976,
                "entities": {
                    "description": {
                        "urls": []
                    },
                    "url": {
                        "urls": [
                            {
                                "display_url": "tucson.com",
                                "indices": [
                                    0,
                                    22
                                ],
                                "expanded_url": "http://tucson.com",
                                "url": "http://t.co/ZGB0gZXZ56"
                            }
                        ]
                    }
                },
                "profile_image_url": "http://pbs.twimg.com/profile_images/543482959592828928/_-9aHXUq_normal.png",
                "geo_enabled": true,
                "follow_request_sent": false,
                "utc_offset": -25200,
                "profile_sidebar_fill_color": "FFFFFF",
                "id": 3952661,
                "profile_sidebar_border_color": "FFFFFF",
                "url": "http://t.co/ZGB0gZXZ56",
                "profile_text_color": "000000",
                "screen_name": "TucsonStar",
                "statuses_count": 108162,
                "name": "Arizona Daily Star",
                "profile_background_image_url_https": "https://pbs.twimg.com/profile_background_images/1347572/sn_background1.gif",
                "profile_background_tile": true,
                "default_profile": false,
                "is_translator": false,
                "id_str": "3952661",
                "lang": "en",
                "translator_type": "none",
                "time_zone": "Arizona",
                "location": "Tucson, Arizona",
                "favourites_count": 332,
                "default_profile_image": false,
                "following": false,
                "profile_use_background_image": false,
                "profile_banner_url": "https://pbs.twimg.com/profile_banners/3952661/1405105163",
                "verified": true,
                "protected": false,
                "contributors_enabled": false,
                "profile_image_url_https": "https://pbs.twimg.com/profile_images/543482959592828928/_-9aHXUq_normal.png",
                "profile_link_color": "B87333",
                "is_translation_enabled": false,
                "friends_count": 4961,
                "profile_background_image_url": "http://pbs.twimg.com/profile_background_images/1347572/sn_background1.gif",
                "created_at": "Mon Apr 09 23:04:05 +0000 2007"
            },
            "coordinates": null,
            "created_at": "Fri Nov 25 00:05:04 +0000 2016"
        }
    ]
}