{
    "statuses": [],
    "search_metadata": {
        "max_id_str": "803055202274316288",
        "completed_in": 0.01,
        "refresh_url": "?since_id=803055202274316288&q=Trump%20from%3Aarizonarepublic%20since%3A2016-11-24%20until%3A2016-11-25%20filter%3Alinks%20-%40arizonarepublic&include_entities=1",
        "max_id": 803055202274316288,
        "query": "Trump+from%3Aarizonarepublic+since%3A2016-11-24+until%3A2016-11-25+filter%3Alinks+-%40arizonarepublic",
        "since_id_str": "0",
        "since_id": 0,
        "count": 100
    }
}