{
    "search_metadata": {
        "query": "Trump+from%3Abaltimoresun+since%3A2016-11-24+until%3A2016-11-25+filter%3Alinks+-%40baltimoresun",
        "max_id_str": "803054595983278080",
        "max_id": 803054595983278080,
        "completed_in": 0.035,
        "since_id": 0,
        "refresh_url": "?since_id=803054595983278080&q=Trump%20from%3Abaltimoresun%20since%3A2016-11-24%20until%3A2016-11-25%20filter%3Alinks%20-%40baltimoresun&include_entities=1",
        "count": 100,
        "since_id_str": "0"
    },
    "statuses": []
}