{
    "search_metadata": {
        "query": "Trump+from%3ABaltimore_Times+since%3A2016-11-24+until%3A2016-11-25+filter%3Alinks+-%40Baltimore_Times",
        "max_id_str": "803054596058816512",
        "max_id": 803054596058816512,
        "completed_in": 0.048,
        "since_id": 0,
        "refresh_url": "?since_id=803054596058816512&q=Trump%20from%3ABaltimore_Times%20since%3A2016-11-24%20until%3A2016-11-25%20filter%3Alinks%20-%40Baltimore_Times&include_entities=1",
        "count": 100,
        "since_id_str": "0"
    },
    "statuses": []
}