{
    "search_metadata": {
        "query": "Trump+from%3Abostonherald+since%3A2016-11-24+until%3A2016-11-25+filter%3Alinks+-%40bostonherald",
        "max_id_str": "801896653053718529",
        "max_id": 801896653053718529,
        "completed_in": 0.03,
        "since_id": 0,
        "refresh_url": "?since_id=801896653053718529&q=Trump%20from%3Abostonherald%20since%3A2016-11-24%20until%3A2016-11-25%20filter%3Alinks%20-%40bostonherald&include_entities=1",
        "count": 100,
        "since_id_str": "0"
    },
    "statuses": [
        {
            "created_at": "Thu Nov 24 21:13:55 +0000 2016",
            "contributors": null,
            "id": 801896653053718529,
            "extended_entities": {
                "media": [
                    {
                        "media_url_https": "https://pbs.twimg.com/media/CyDowVlUQAEHBct.jpg",
                        "display_url": "pic.twitter.com/av5VuNU0Kw",
                        "expanded_url": "https://twitter.com/bostonherald/status/801896653053718529/photo/1",
                        "media_url": "http://pbs.twimg.com/media/CyDowVlUQAEHBct.jpg",
                        "indices": [
                            85,
                            108
                        ],
                        "id_str": "801896650796974081",
                        "id": 801896650796974081,
                        "sizes": {
                            "large": {
                                "h": 800,
                                "resize": "fit",
                                "w": 1071
                            },
                            "small": {
                                "h": 508,
                                "resize": "fit",
                                "w": 680
                            },
                            "thumb": {
                                "h": 150,
                                "resize": "crop",
                                "w": 150
                            },
                            "medium": {
                                "h": 800,
                                "resize": "fit",
                                "w": 1071
                            }
                        },
                        "url": "https://t.co/av5VuNU0Kw",
                        "type": "photo"
                    }
                ]
            },
            "entities": {
                "urls": [
                    {
                        "url": "https://t.co/sGpRk7WLsQ",
                        "indices": [
                            61,
                            84
                        ],
                        "expanded_url": "http://bhne.ws/pSqgJmu",
                        "display_url": "bhne.ws/pSqgJmu"
                    }
                ],
                "hashtags": [],
                "media": [
                    {
                        "media_url_https": "https://pbs.twimg.com/media/CyDowVlUQAEHBct.jpg",
                        "display_url": "pic.twitter.com/av5VuNU0Kw",
                        "expanded_url": "https://twitter.com/bostonherald/status/801896653053718529/photo/1",
                        "media_url": "http://pbs.twimg.com/media/CyDowVlUQAEHBct.jpg",
                        "indices": [
                            85,
                            108
                        ],
                        "id_str": "801896650796974081",
                        "id": 801896650796974081,
                        "sizes": {
                            "large": {
                                "h": 800,
                                "resize": "fit",
                                "w": 1071
                            },
                            "small": {
                                "h": 508,
                                "resize": "fit",
                                "w": 680
                            },
                            "thumb": {
                                "h": 150,
                                "resize": "crop",
                                "w": 150
                            },
                            "medium": {
                                "h": 800,
                                "resize": "fit",
                                "w": 1071
                            }
                        },
                        "url": "https://t.co/av5VuNU0Kw",
                        "type": "photo"
                    }
                ],
                "symbols": [],
                "user_mentions": []
            },
            "in_reply_to_status_id_str": null,
            "text": "Trump's illegal immigration stance may boost private prisons https://t.co/sGpRk7WLsQ https://t.co/av5VuNU0Kw",
            "metadata": {
                "iso_language_code": "en",
                "result_type": "recent"
            },
            "truncated": false,
            "in_reply_to_screen_name": null,
            "favorite_count": 0,
            "in_reply_to_user_id": null,
            "favorited": false,
            "in_reply_to_user_id_str": null,
            "in_reply_to_status_id": null,
            "source": "<a href=\"http://www.socialflow.com\" rel=\"nofollow\">SocialFlow</a>",
            "is_quote_status": false,
            "geo": null,
            "user": {
                "created_at": "Tue Mar 27 13:30:45 +0000 2007",
                "profile_banner_url": "https://pbs.twimg.com/profile_banners/2488541/1400102449",
                "contributors_enabled": false,
                "default_profile_image": false,
                "screen_name": "bostonherald",
                "profile_background_image_url": "http://pbs.twimg.com/profile_background_images/305255570/BH_Twit_BG.jpg",
                "id": 2488541,
                "default_profile": false,
                "profile_background_tile": false,
                "name": "Boston Herald",
                "statuses_count": 186669,
                "listed_count": 2066,
                "entities": {
                    "url": {
                        "urls": [
                            {
                                "url": "http://t.co/rQemlTr9K2",
                                "indices": [
                                    0,
                                    22
                                ],
                                "expanded_url": "http://www.bostonherald.com",
                                "display_url": "bostonherald.com"
                            }
                        ]
                    },
                    "description": {
                        "urls": []
                    }
                },
                "protected": false,
                "profile_image_url_https": "https://pbs.twimg.com/profile_images/738002515841540097/wvPGrVSj_normal.jpg",
                "profile_background_image_url_https": "https://pbs.twimg.com/profile_background_images/305255570/BH_Twit_BG.jpg",
                "friends_count": 1146,
                "profile_text_color": "3B3B3B",
                "id_str": "2488541",
                "verified": true,
                "utc_offset": -18000,
                "profile_use_background_image": true,
                "geo_enabled": true,
                "favourites_count": 363,
                "time_zone": "Eastern Time (US & Canada)",
                "description": "Starting the conversation every day with passionate journalism, watchdog special reports and the best in NE sports, business and features. Live on @HeraldRadio.",
                "follow_request_sent": false,
                "notifications": false,
                "has_extended_profile": false,
                "profile_image_url": "http://pbs.twimg.com/profile_images/738002515841540097/wvPGrVSj_normal.jpg",
                "is_translation_enabled": false,
                "followers_count": 82158,
                "profile_sidebar_fill_color": "C3E8F7",
                "following": false,
                "is_translator": false,
                "profile_sidebar_border_color": "0079AD",
                "translator_type": "none",
                "url": "http://t.co/rQemlTr9K2",
                "location": "Boston, MA",
                "profile_link_color": "0079AD",
                "profile_background_color": "CCCCCC",
                "lang": "en"
            },
            "retweet_count": 1,
            "place": null,
            "retweeted": false,
            "coordinates": null,
            "possibly_sensitive": false,
            "lang": "en",
            "id_str": "801896653053718529"
        },
        {
            "created_at": "Thu Nov 24 19:58:03 +0000 2016",
            "contributors": null,
            "id": 801877560024006656,
            "extended_entities": {
                "media": [
                    {
                        "media_url_https": "https://pbs.twimg.com/media/CyDXY7AWgAUyUUy.jpg",
                        "display_url": "pic.twitter.com/EaRQoLoQgP",
                        "expanded_url": "https://twitter.com/bostonherald/status/801877560024006656/photo/1",
                        "media_url": "http://pbs.twimg.com/media/CyDXY7AWgAUyUUy.jpg",
                        "indices": [
                            74,
                            97
                        ],
                        "id_str": "801877556827947013",
                        "id": 801877556827947013,
                        "sizes": {
                            "large": {
                                "h": 800,
                                "resize": "fit",
                                "w": 1194
                            },
                            "small": {
                                "h": 456,
                                "resize": "fit",
                                "w": 680
                            },
                            "thumb": {
                                "h": 150,
                                "resize": "crop",
                                "w": 150
                            },
                            "medium": {
                                "h": 800,
                                "resize": "fit",
                                "w": 1194
                            }
                        },
                        "url": "https://t.co/EaRQoLoQgP",
                        "type": "photo"
                    }
                ]
            },
            "entities": {
                "urls": [
                    {
                        "url": "https://t.co/cAyOs3Nh7Q",
                        "indices": [
                            50,
                            73
                        ],
                        "expanded_url": "http://bhne.ws/wPdPbLr",
                        "display_url": "bhne.ws/wPdPbLr"
                    }
                ],
                "hashtags": [],
                "media": [
                    {
                        "media_url_https": "https://pbs.twimg.com/media/CyDXY7AWgAUyUUy.jpg",
                        "display_url": "pic.twitter.com/EaRQoLoQgP",
                        "expanded_url": "https://twitter.com/bostonherald/status/801877560024006656/photo/1",
                        "media_url": "http://pbs.twimg.com/media/CyDXY7AWgAUyUUy.jpg",
                        "indices": [
                            74,
                            97
                        ],
                        "id_str": "801877556827947013",
                        "id": 801877556827947013,
                        "sizes": {
                            "large": {
                                "h": 800,
                                "resize": "fit",
                                "w": 1194
                            },
                            "small": {
                                "h": 456,
                                "resize": "fit",
                                "w": 680
                            },
                            "thumb": {
                                "h": 150,
                                "resize": "crop",
                                "w": 150
                            },
                            "medium": {
                                "h": 800,
                                "resize": "fit",
                                "w": 1194
                            }
                        },
                        "url": "https://t.co/EaRQoLoQgP",
                        "type": "photo"
                    }
                ],
                "symbols": [],
                "user_mentions": []
            },
            "in_reply_to_status_id_str": null,
            "text": "Trump's team to raise millions for Jan. 20 events\nhttps://t.co/cAyOs3Nh7Q https://t.co/EaRQoLoQgP",
            "metadata": {
                "iso_language_code": "en",
                "result_type": "recent"
            },
            "truncated": false,
            "in_reply_to_screen_name": null,
            "favorite_count": 1,
            "in_reply_to_user_id": null,
            "favorited": false,
            "in_reply_to_user_id_str": null,
            "in_reply_to_status_id": null,
            "source": "<a href=\"http://www.socialflow.com\" rel=\"nofollow\">SocialFlow</a>",
            "is_quote_status": false,
            "geo": null,
            "user": {
                "created_at": "Tue Mar 27 13:30:45 +0000 2007",
                "profile_banner_url": "https://pbs.twimg.com/profile_banners/2488541/1400102449",
                "contributors_enabled": false,
                "default_profile_image": false,
                "screen_name": "bostonherald",
                "profile_background_image_url": "http://pbs.twimg.com/profile_background_images/305255570/BH_Twit_BG.jpg",
                "id": 2488541,
                "default_profile": false,
                "profile_background_tile": false,
                "name": "Boston Herald",
                "statuses_count": 186669,
                "listed_count": 2066,
                "entities": {
                    "url": {
                        "urls": [
                            {
                                "url": "http://t.co/rQemlTr9K2",
                                "indices": [
                                    0,
                                    22
                                ],
                                "expanded_url": "http://www.bostonherald.com",
                                "display_url": "bostonherald.com"
                            }
                        ]
                    },
                    "description": {
                        "urls": []
                    }
                },
                "protected": false,
                "profile_image_url_https": "https://pbs.twimg.com/profile_images/738002515841540097/wvPGrVSj_normal.jpg",
                "profile_background_image_url_https": "https://pbs.twimg.com/profile_background_images/305255570/BH_Twit_BG.jpg",
                "friends_count": 1146,
                "profile_text_color": "3B3B3B",
                "id_str": "2488541",
                "verified": true,
                "utc_offset": -18000,
                "profile_use_background_image": true,
                "geo_enabled": true,
                "favourites_count": 363,
                "time_zone": "Eastern Time (US & Canada)",
                "description": "Starting the conversation every day with passionate journalism, watchdog special reports and the best in NE sports, business and features. Live on @HeraldRadio.",
                "follow_request_sent": false,
                "notifications": false,
                "has_extended_profile": false,
                "profile_image_url": "http://pbs.twimg.com/profile_images/738002515841540097/wvPGrVSj_normal.jpg",
                "is_translation_enabled": false,
                "followers_count": 82158,
                "profile_sidebar_fill_color": "C3E8F7",
                "following": false,
                "is_translator": false,
                "profile_sidebar_border_color": "0079AD",
                "translator_type": "none",
                "url": "http://t.co/rQemlTr9K2",
                "location": "Boston, MA",
                "profile_link_color": "0079AD",
                "profile_background_color": "CCCCCC",
                "lang": "en"
            },
            "retweet_count": 0,
            "place": null,
            "retweeted": false,
            "coordinates": null,
            "possibly_sensitive": false,
            "lang": "en",
            "id_str": "801877560024006656"
        },
        {
            "created_at": "Thu Nov 24 14:04:06 +0000 2016",
            "contributors": null,
            "id": 801788485782925312,
            "extended_entities": {
                "media": [
                    {
                        "media_url_https": "https://pbs.twimg.com/media/CyCGYL_WEAAhcRt.jpg",
                        "display_url": "pic.twitter.com/VDOIOCl5aI",
                        "expanded_url": "https://twitter.com/bostonherald/status/801788485782925312/photo/1",
                        "media_url": "http://pbs.twimg.com/media/CyCGYL_WEAAhcRt.jpg",
                        "indices": [
                            74,
                            97
                        ],
                        "id_str": "801788483765407744",
                        "id": 801788483765407744,
                        "sizes": {
                            "large": {
                                "h": 800,
                                "resize": "fit",
                                "w": 1102
                            },
                            "small": {
                                "h": 494,
                                "resize": "fit",
                                "w": 680
                            },
                            "thumb": {
                                "h": 150,
                                "resize": "crop",
                                "w": 150
                            },
                            "medium": {
                                "h": 800,
                                "resize": "fit",
                                "w": 1102
                            }
                        },
                        "url": "https://t.co/VDOIOCl5aI",
                        "type": "photo"
                    }
                ]
            },
            "entities": {
                "urls": [
                    {
                        "url": "https://t.co/t8wnw1mjym",
                        "indices": [
                            50,
                            73
                        ],
                        "expanded_url": "http://bhne.ws/qv8Cm73",
                        "display_url": "bhne.ws/qv8Cm73"
                    }
                ],
                "hashtags": [],
                "media": [
                    {
                        "media_url_https": "https://pbs.twimg.com/media/CyCGYL_WEAAhcRt.jpg",
                        "display_url": "pic.twitter.com/VDOIOCl5aI",
                        "expanded_url": "https://twitter.com/bostonherald/status/801788485782925312/photo/1",
                        "media_url": "http://pbs.twimg.com/media/CyCGYL_WEAAhcRt.jpg",
                        "indices": [
                            74,
                            97
                        ],
                        "id_str": "801788483765407744",
                        "id": 801788483765407744,
                        "sizes": {
                            "large": {
                                "h": 800,
                                "resize": "fit",
                                "w": 1102
                            },
                            "small": {
                                "h": 494,
                                "resize": "fit",
                                "w": 680
                            },
                            "thumb": {
                                "h": 150,
                                "resize": "crop",
                                "w": 150
                            },
                            "medium": {
                                "h": 800,
                                "resize": "fit",
                                "w": 1102
                            }
                        },
                        "url": "https://t.co/VDOIOCl5aI",
                        "type": "photo"
                    }
                ],
                "symbols": [],
                "user_mentions": []
            },
            "in_reply_to_status_id_str": null,
            "text": "Gelzinis: Donald Trump sounds... almost rational? https://t.co/t8wnw1mjym https://t.co/VDOIOCl5aI",
            "metadata": {
                "iso_language_code": "en",
                "result_type": "recent"
            },
            "truncated": false,
            "in_reply_to_screen_name": null,
            "favorite_count": 0,
            "in_reply_to_user_id": null,
            "favorited": false,
            "in_reply_to_user_id_str": null,
            "in_reply_to_status_id": null,
            "source": "<a href=\"http://www.socialflow.com\" rel=\"nofollow\">SocialFlow</a>",
            "is_quote_status": false,
            "geo": null,
            "user": {
                "created_at": "Tue Mar 27 13:30:45 +0000 2007",
                "profile_banner_url": "https://pbs.twimg.com/profile_banners/2488541/1400102449",
                "contributors_enabled": false,
                "default_profile_image": false,
                "screen_name": "bostonherald",
                "profile_background_image_url": "http://pbs.twimg.com/profile_background_images/305255570/BH_Twit_BG.jpg",
                "id": 2488541,
                "default_profile": false,
                "profile_background_tile": false,
                "name": "Boston Herald",
                "statuses_count": 186669,
                "listed_count": 2066,
                "entities": {
                    "url": {
                        "urls": [
                            {
                                "url": "http://t.co/rQemlTr9K2",
                                "indices": [
                                    0,
                                    22
                                ],
                                "expanded_url": "http://www.bostonherald.com",
                                "display_url": "bostonherald.com"
                            }
                        ]
                    },
                    "description": {
                        "urls": []
                    }
                },
                "protected": false,
                "profile_image_url_https": "https://pbs.twimg.com/profile_images/738002515841540097/wvPGrVSj_normal.jpg",
                "profile_background_image_url_https": "https://pbs.twimg.com/profile_background_images/305255570/BH_Twit_BG.jpg",
                "friends_count": 1146,
                "profile_text_color": "3B3B3B",
                "id_str": "2488541",
                "verified": true,
                "utc_offset": -18000,
                "profile_use_background_image": true,
                "geo_enabled": true,
                "favourites_count": 363,
                "time_zone": "Eastern Time (US & Canada)",
                "description": "Starting the conversation every day with passionate journalism, watchdog special reports and the best in NE sports, business and features. Live on @HeraldRadio.",
                "follow_request_sent": false,
                "notifications": false,
                "has_extended_profile": false,
                "profile_image_url": "http://pbs.twimg.com/profile_images/738002515841540097/wvPGrVSj_normal.jpg",
                "is_translation_enabled": false,
                "followers_count": 82158,
                "profile_sidebar_fill_color": "C3E8F7",
                "following": false,
                "is_translator": false,
                "profile_sidebar_border_color": "0079AD",
                "translator_type": "none",
                "url": "http://t.co/rQemlTr9K2",
                "location": "Boston, MA",
                "profile_link_color": "0079AD",
                "profile_background_color": "CCCCCC",
                "lang": "en"
            },
            "retweet_count": 0,
            "place": null,
            "retweeted": false,
            "coordinates": null,
            "possibly_sensitive": false,
            "lang": "en",
            "id_str": "801788485782925312"
        },
        {
            "created_at": "Thu Nov 24 13:22:59 +0000 2016",
            "contributors": null,
            "id": 801778137814171648,
            "extended_entities": {
                "media": [
                    {
                        "media_url_https": "https://pbs.twimg.com/media/CyB893KWQAAJTM_.jpg",
                        "display_url": "pic.twitter.com/hduG6eNVqI",
                        "expanded_url": "https://twitter.com/bostonherald/status/801778137814171648/photo/1",
                        "media_url": "http://pbs.twimg.com/media/CyB893KWQAAJTM_.jpg",
                        "indices": [
                            83,
                            106
                        ],
                        "id_str": "801778135893164032",
                        "id": 801778135893164032,
                        "sizes": {
                            "large": {
                                "h": 800,
                                "resize": "fit",
                                "w": 1062
                            },
                            "small": {
                                "h": 512,
                                "resize": "fit",
                                "w": 680
                            },
                            "thumb": {
                                "h": 150,
                                "resize": "crop",
                                "w": 150
                            },
                            "medium": {
                                "h": 800,
                                "resize": "fit",
                                "w": 1062
                            }
                        },
                        "url": "https://t.co/hduG6eNVqI",
                        "type": "photo"
                    }
                ]
            },
            "entities": {
                "urls": [
                    {
                        "url": "https://t.co/bRx1Xllar1",
                        "indices": [
                            59,
                            82
                        ],
                        "expanded_url": "http://bhne.ws/dnCHOGA",
                        "display_url": "bhne.ws/dnCHOGA"
                    }
                ],
                "hashtags": [],
                "media": [
                    {
                        "media_url_https": "https://pbs.twimg.com/media/CyB893KWQAAJTM_.jpg",
                        "display_url": "pic.twitter.com/hduG6eNVqI",
                        "expanded_url": "https://twitter.com/bostonherald/status/801778137814171648/photo/1",
                        "media_url": "http://pbs.twimg.com/media/CyB893KWQAAJTM_.jpg",
                        "indices": [
                            83,
                            106
                        ],
                        "id_str": "801778135893164032",
                        "id": 801778135893164032,
                        "sizes": {
                            "large": {
                                "h": 800,
                                "resize": "fit",
                                "w": 1062
                            },
                            "small": {
                                "h": 512,
                                "resize": "fit",
                                "w": 680
                            },
                            "thumb": {
                                "h": 150,
                                "resize": "crop",
                                "w": 150
                            },
                            "medium": {
                                "h": 800,
                                "resize": "fit",
                                "w": 1062
                            }
                        },
                        "url": "https://t.co/hduG6eNVqI",
                        "type": "photo"
                    }
                ],
                "symbols": [],
                "user_mentions": []
            },
            "in_reply_to_status_id_str": null,
            "text": "Trump, LA mayor talk Olympics, infrastructure, immigration https://t.co/bRx1Xllar1 https://t.co/hduG6eNVqI",
            "metadata": {
                "iso_language_code": "en",
                "result_type": "recent"
            },
            "truncated": false,
            "in_reply_to_screen_name": null,
            "favorite_count": 2,
            "in_reply_to_user_id": null,
            "favorited": false,
            "in_reply_to_user_id_str": null,
            "in_reply_to_status_id": null,
            "source": "<a href=\"http://www.socialflow.com\" rel=\"nofollow\">SocialFlow</a>",
            "is_quote_status": false,
            "geo": null,
            "user": {
                "created_at": "Tue Mar 27 13:30:45 +0000 2007",
                "profile_banner_url": "https://pbs.twimg.com/profile_banners/2488541/1400102449",
                "contributors_enabled": false,
                "default_profile_image": false,
                "screen_name": "bostonherald",
                "profile_background_image_url": "http://pbs.twimg.com/profile_background_images/305255570/BH_Twit_BG.jpg",
                "id": 2488541,
                "default_profile": false,
                "profile_background_tile": false,
                "name": "Boston Herald",
                "statuses_count": 186669,
                "listed_count": 2066,
                "entities": {
                    "url": {
                        "urls": [
                            {
                                "url": "http://t.co/rQemlTr9K2",
                                "indices": [
                                    0,
                                    22
                                ],
                                "expanded_url": "http://www.bostonherald.com",
                                "display_url": "bostonherald.com"
                            }
                        ]
                    },
                    "description": {
                        "urls": []
                    }
                },
                "protected": false,
                "profile_image_url_https": "https://pbs.twimg.com/profile_images/738002515841540097/wvPGrVSj_normal.jpg",
                "profile_background_image_url_https": "https://pbs.twimg.com/profile_background_images/305255570/BH_Twit_BG.jpg",
                "friends_count": 1146,
                "profile_text_color": "3B3B3B",
                "id_str": "2488541",
                "verified": true,
                "utc_offset": -18000,
                "profile_use_background_image": true,
                "geo_enabled": true,
                "favourites_count": 363,
                "time_zone": "Eastern Time (US & Canada)",
                "description": "Starting the conversation every day with passionate journalism, watchdog special reports and the best in NE sports, business and features. Live on @HeraldRadio.",
                "follow_request_sent": false,
                "notifications": false,
                "has_extended_profile": false,
                "profile_image_url": "http://pbs.twimg.com/profile_images/738002515841540097/wvPGrVSj_normal.jpg",
                "is_translation_enabled": false,
                "followers_count": 82158,
                "profile_sidebar_fill_color": "C3E8F7",
                "following": false,
                "is_translator": false,
                "profile_sidebar_border_color": "0079AD",
                "translator_type": "none",
                "url": "http://t.co/rQemlTr9K2",
                "location": "Boston, MA",
                "profile_link_color": "0079AD",
                "profile_background_color": "CCCCCC",
                "lang": "en"
            },
            "retweet_count": 1,
            "place": null,
            "retweeted": false,
            "coordinates": null,
            "possibly_sensitive": false,
            "lang": "en",
            "id_str": "801778137814171648"
        }
    ]
}