{
    "statuses": [],
    "search_metadata": {
        "max_id_str": "803055222033674240",
        "completed_in": 0.012,
        "refresh_url": "?since_id=803055222033674240&q=Trump%20from%3ACJOnline%20since%3A2016-11-24%20until%3A2016-11-25%20filter%3Alinks%20-%40CJOnline&include_entities=1",
        "max_id": 803055222033674240,
        "query": "Trump+from%3ACJOnline+since%3A2016-11-24+until%3A2016-11-25+filter%3Alinks+-%40CJOnline",
        "since_id_str": "0",
        "since_id": 0,
        "count": 100
    }
}