{
    "search_metadata": {
        "query": "Trump+from%3Adetroitnews+since%3A2016-11-24+until%3A2016-11-25+filter%3Alinks+-%40detroitnews",
        "max_id_str": "801749711849820161",
        "max_id": 801749711849820161,
        "completed_in": 0.023,
        "since_id": 0,
        "refresh_url": "?since_id=801749711849820161&q=Trump%20from%3Adetroitnews%20since%3A2016-11-24%20until%3A2016-11-25%20filter%3Alinks%20-%40detroitnews&include_entities=1",
        "count": 100,
        "since_id_str": "0"
    },
    "statuses": [
        {
            "created_at": "Thu Nov 24 11:30:01 +0000 2016",
            "contributors": null,
            "id": 801749711849820161,
            "entities": {
                "urls": [
                    {
                        "url": "https://t.co/Fj8LDzb93e",
                        "indices": [
                            96,
                            119
                        ],
                        "expanded_url": "https://twitter.com/i/web/status/801749711849820161",
                        "display_url": "twitter.com/i/web/status/8\u2026"
                    }
                ],
                "hashtags": [],
                "symbols": [],
                "user_mentions": [
                    {
                        "indices": [
                            7,
                            23
                        ],
                        "id_str": "25073877",
                        "name": "Donald J. Trump",
                        "screen_name": "realDonaldTrump",
                        "id": 25073877
                    }
                ]
            },
            "in_reply_to_status_id_str": null,
            "text": "ICYMI: @realDonaldTrump picks mega Michigan GOP donor Betsy DeVos for education secretary post\u2026 https://t.co/Fj8LDzb93e",
            "metadata": {
                "iso_language_code": "en",
                "result_type": "recent"
            },
            "truncated": true,
            "in_reply_to_screen_name": null,
            "favorite_count": 2,
            "in_reply_to_user_id": null,
            "favorited": false,
            "in_reply_to_user_id_str": null,
            "in_reply_to_status_id": null,
            "source": "<a href=\"https://about.twitter.com/products/tweetdeck\" rel=\"nofollow\">TweetDeck</a>",
            "is_quote_status": false,
            "place": null,
            "user": {
                "created_at": "Wed Oct 01 13:36:49 +0000 2008",
                "profile_banner_url": "https://pbs.twimg.com/profile_banners/16543775/1480021089",
                "contributors_enabled": false,
                "default_profile_image": false,
                "screen_name": "detroitnews",
                "profile_background_image_url": "http://pbs.twimg.com/profile_background_images/377647659/twitter-detnews4.jpg",
                "id": 16543775,
                "default_profile": false,
                "profile_background_tile": false,
                "name": "The Detroit News",
                "statuses_count": 143230,
                "listed_count": 2945,
                "entities": {
                    "url": {
                        "urls": [
                            {
                                "url": "https://t.co/gma4B8adFW",
                                "indices": [
                                    0,
                                    23
                                ],
                                "expanded_url": "http://www.detroitnews.com",
                                "display_url": "detroitnews.com"
                            }
                        ]
                    },
                    "description": {
                        "urls": [
                            {
                                "url": "https://t.co/gma4B8adFW",
                                "indices": [
                                    113,
                                    136
                                ],
                                "expanded_url": "http://www.detroitnews.com",
                                "display_url": "detroitnews.com"
                            }
                        ]
                    }
                },
                "protected": false,
                "profile_image_url_https": "https://pbs.twimg.com/profile_images/512551439021768704/yKZZwFHJ_normal.jpeg",
                "profile_background_image_url_https": "https://pbs.twimg.com/profile_background_images/377647659/twitter-detnews4.jpg",
                "friends_count": 2311,
                "profile_text_color": "666666",
                "id_str": "16543775",
                "verified": true,
                "utc_offset": -18000,
                "profile_use_background_image": false,
                "geo_enabled": true,
                "favourites_count": 913,
                "time_zone": "Eastern Time (US & Canada)",
                "description": "Detroit's best source for news and information. You can reach The Detroit News at online(at)detroitnews(dot)com. https://t.co/gma4B8adFW",
                "follow_request_sent": false,
                "notifications": false,
                "has_extended_profile": false,
                "profile_image_url": "http://pbs.twimg.com/profile_images/512551439021768704/yKZZwFHJ_normal.jpeg",
                "is_translation_enabled": false,
                "followers_count": 196579,
                "profile_sidebar_fill_color": "252429",
                "following": false,
                "is_translator": false,
                "profile_sidebar_border_color": "181A1E",
                "translator_type": "none",
                "url": "https://t.co/gma4B8adFW",
                "location": "Detroit,MI USA",
                "profile_link_color": "2FC2EF",
                "profile_background_color": "1A1B1F",
                "lang": "en"
            },
            "retweet_count": 0,
            "id_str": "801749711849820161",
            "retweeted": false,
            "coordinates": null,
            "possibly_sensitive": false,
            "geo": null,
            "lang": "en"
        }
    ]
}