{
    "search_metadata": {
        "query": "Trump+from%3Afreep+since%3A2016-11-24+until%3A2016-11-25+filter%3Alinks+-%40freep",
        "max_id_str": "801885705916055552",
        "max_id": 801885705916055552,
        "completed_in": 0.041,
        "since_id": 0,
        "refresh_url": "?since_id=801885705916055552&q=Trump%20from%3Afreep%20since%3A2016-11-24%20until%3A2016-11-25%20filter%3Alinks%20-%40freep&include_entities=1",
        "count": 100,
        "since_id_str": "0"
    },
    "statuses": [
        {
            "created_at": "Thu Nov 24 20:30:25 +0000 2016",
            "contributors": null,
            "id": 801885705916055552,
            "entities": {
                "urls": [
                    {
                        "url": "https://t.co/RXEu9NTTQY",
                        "indices": [
                            71,
                            94
                        ],
                        "expanded_url": "http://on.freep.com/2gke8R8",
                        "display_url": "on.freep.com/2gke8R8"
                    }
                ],
                "hashtags": [],
                "symbols": [],
                "user_mentions": [
                    {
                        "indices": [
                            52,
                            68
                        ],
                        "id_str": "25073877",
                        "name": "Donald J. Trump",
                        "screen_name": "realDonaldTrump",
                        "id": 25073877
                    }
                ]
            },
            "in_reply_to_status_id_str": null,
            "text": "Teacher unions smarting after many members vote for @realDonaldTrump   https://t.co/RXEu9NTTQY",
            "metadata": {
                "iso_language_code": "en",
                "result_type": "recent"
            },
            "truncated": false,
            "in_reply_to_screen_name": null,
            "favorite_count": 4,
            "in_reply_to_user_id": null,
            "favorited": false,
            "in_reply_to_user_id_str": null,
            "in_reply_to_status_id": null,
            "source": "<a href=\"http://www.hootsuite.com\" rel=\"nofollow\">Hootsuite</a>",
            "is_quote_status": false,
            "place": null,
            "user": {
                "created_at": "Mon Sep 10 21:42:21 +0000 2007",
                "profile_banner_url": "https://pbs.twimg.com/profile_banners/8795772/1406564135",
                "contributors_enabled": false,
                "default_profile_image": false,
                "screen_name": "freep",
                "profile_background_image_url": "http://pbs.twimg.com/profile_background_images/662745333/ua0fr1vxqje8dgtrwv5x.jpeg",
                "id": 8795772,
                "default_profile": false,
                "profile_background_tile": true,
                "name": "Detroit Free Press",
                "statuses_count": 152902,
                "listed_count": 4176,
                "entities": {
                    "url": {
                        "urls": [
                            {
                                "url": "http://t.co/QaxDeaxx0H",
                                "indices": [
                                    0,
                                    22
                                ],
                                "expanded_url": "http://www.freep.com",
                                "display_url": "freep.com"
                            }
                        ]
                    },
                    "description": {
                        "urls": []
                    }
                },
                "protected": false,
                "profile_image_url_https": "https://pbs.twimg.com/profile_images/765605644254707712/MxgZ4fRN_normal.jpg",
                "profile_background_image_url_https": "https://pbs.twimg.com/profile_background_images/662745333/ua0fr1vxqje8dgtrwv5x.jpeg",
                "friends_count": 3552,
                "profile_text_color": "000000",
                "id_str": "8795772",
                "verified": true,
                "utc_offset": -18000,
                "profile_use_background_image": true,
                "geo_enabled": true,
                "favourites_count": 3973,
                "time_zone": "Eastern Time (US & Canada)",
                "description": "News from Detroit. w/@aetmanshuschka, @Ash_Detroit @BrianManzullo, @lissa218 and the @Freep web team",
                "follow_request_sent": false,
                "notifications": false,
                "has_extended_profile": false,
                "profile_image_url": "http://pbs.twimg.com/profile_images/765605644254707712/MxgZ4fRN_normal.jpg",
                "is_translation_enabled": false,
                "followers_count": 311778,
                "profile_sidebar_fill_color": "FFFFFF",
                "following": false,
                "is_translator": false,
                "profile_sidebar_border_color": "FFFFFF",
                "translator_type": "none",
                "url": "http://t.co/QaxDeaxx0H",
                "location": "Detroit",
                "profile_link_color": "5678A3",
                "profile_background_color": "496595",
                "lang": "en"
            },
            "retweet_count": 8,
            "id_str": "801885705916055552",
            "retweeted": false,
            "coordinates": null,
            "possibly_sensitive": false,
            "geo": null,
            "lang": "en"
        },
        {
            "created_at": "Thu Nov 24 18:30:20 +0000 2016",
            "contributors": null,
            "id": 801855488870776832,
            "entities": {
                "urls": [
                    {
                        "url": "https://t.co/G7OwDCTr03",
                        "indices": [
                            81,
                            104
                        ],
                        "expanded_url": "http://on.freep.com/2fvprZj",
                        "display_url": "on.freep.com/2fvprZj"
                    }
                ],
                "hashtags": [],
                "symbols": [],
                "user_mentions": [
                    {
                        "indices": [
                            27,
                            38
                        ],
                        "id_str": "599530439",
                        "name": "Betsy DeVos",
                        "screen_name": "BetsyDeVos",
                        "id": 599530439
                    }
                ]
            },
            "in_reply_to_status_id_str": null,
            "text": "What you should know about @BetsyDeVos, Donald Trump's education secretary pick. https://t.co/G7OwDCTr03",
            "metadata": {
                "iso_language_code": "en",
                "result_type": "recent"
            },
            "truncated": false,
            "in_reply_to_screen_name": null,
            "favorite_count": 7,
            "in_reply_to_user_id": null,
            "favorited": false,
            "in_reply_to_user_id_str": null,
            "in_reply_to_status_id": null,
            "source": "<a href=\"http://www.hootsuite.com\" rel=\"nofollow\">Hootsuite</a>",
            "is_quote_status": false,
            "place": null,
            "user": {
                "created_at": "Mon Sep 10 21:42:21 +0000 2007",
                "profile_banner_url": "https://pbs.twimg.com/profile_banners/8795772/1406564135",
                "contributors_enabled": false,
                "default_profile_image": false,
                "screen_name": "freep",
                "profile_background_image_url": "http://pbs.twimg.com/profile_background_images/662745333/ua0fr1vxqje8dgtrwv5x.jpeg",
                "id": 8795772,
                "default_profile": false,
                "profile_background_tile": true,
                "name": "Detroit Free Press",
                "statuses_count": 152902,
                "listed_count": 4176,
                "entities": {
                    "url": {
                        "urls": [
                            {
                                "url": "http://t.co/QaxDeaxx0H",
                                "indices": [
                                    0,
                                    22
                                ],
                                "expanded_url": "http://www.freep.com",
                                "display_url": "freep.com"
                            }
                        ]
                    },
                    "description": {
                        "urls": []
                    }
                },
                "protected": false,
                "profile_image_url_https": "https://pbs.twimg.com/profile_images/765605644254707712/MxgZ4fRN_normal.jpg",
                "profile_background_image_url_https": "https://pbs.twimg.com/profile_background_images/662745333/ua0fr1vxqje8dgtrwv5x.jpeg",
                "friends_count": 3552,
                "profile_text_color": "000000",
                "id_str": "8795772",
                "verified": true,
                "utc_offset": -18000,
                "profile_use_background_image": true,
                "geo_enabled": true,
                "favourites_count": 3973,
                "time_zone": "Eastern Time (US & Canada)",
                "description": "News from Detroit. w/@aetmanshuschka, @Ash_Detroit @BrianManzullo, @lissa218 and the @Freep web team",
                "follow_request_sent": false,
                "notifications": false,
                "has_extended_profile": false,
                "profile_image_url": "http://pbs.twimg.com/profile_images/765605644254707712/MxgZ4fRN_normal.jpg",
                "is_translation_enabled": false,
                "followers_count": 311778,
                "profile_sidebar_fill_color": "FFFFFF",
                "following": false,
                "is_translator": false,
                "profile_sidebar_border_color": "FFFFFF",
                "translator_type": "none",
                "url": "http://t.co/QaxDeaxx0H",
                "location": "Detroit",
                "profile_link_color": "5678A3",
                "profile_background_color": "496595",
                "lang": "en"
            },
            "retweet_count": 17,
            "id_str": "801855488870776832",
            "retweeted": false,
            "coordinates": null,
            "possibly_sensitive": false,
            "geo": null,
            "lang": "en"
        },
        {
            "created_at": "Thu Nov 24 15:00:45 +0000 2016",
            "contributors": null,
            "id": 801802745611165696,
            "entities": {
                "urls": [
                    {
                        "url": "https://t.co/KlQo9I7zzE",
                        "indices": [
                            64,
                            87
                        ],
                        "expanded_url": "http://on.freep.com/2gE2Awo",
                        "display_url": "on.freep.com/2gE2Awo"
                    }
                ],
                "hashtags": [],
                "symbols": [],
                "user_mentions": [
                    {
                        "indices": [
                            0,
                            16
                        ],
                        "id_str": "25073877",
                        "name": "Donald J. Trump",
                        "screen_name": "realDonaldTrump",
                        "id": 25073877
                    }
                ]
            },
            "in_reply_to_status_id_str": null,
            "text": "@realDonaldTrump loyalists slam Mitt Romney as Cabinet pick.    https://t.co/KlQo9I7zzE",
            "metadata": {
                "iso_language_code": "en",
                "result_type": "recent"
            },
            "truncated": false,
            "in_reply_to_screen_name": "realDonaldTrump",
            "favorite_count": 3,
            "in_reply_to_user_id": 25073877,
            "favorited": false,
            "in_reply_to_user_id_str": "25073877",
            "in_reply_to_status_id": null,
            "source": "<a href=\"http://www.hootsuite.com\" rel=\"nofollow\">Hootsuite</a>",
            "is_quote_status": false,
            "place": null,
            "user": {
                "created_at": "Mon Sep 10 21:42:21 +0000 2007",
                "profile_banner_url": "https://pbs.twimg.com/profile_banners/8795772/1406564135",
                "contributors_enabled": false,
                "default_profile_image": false,
                "screen_name": "freep",
                "profile_background_image_url": "http://pbs.twimg.com/profile_background_images/662745333/ua0fr1vxqje8dgtrwv5x.jpeg",
                "id": 8795772,
                "default_profile": false,
                "profile_background_tile": true,
                "name": "Detroit Free Press",
                "statuses_count": 152902,
                "listed_count": 4176,
                "entities": {
                    "url": {
                        "urls": [
                            {
                                "url": "http://t.co/QaxDeaxx0H",
                                "indices": [
                                    0,
                                    22
                                ],
                                "expanded_url": "http://www.freep.com",
                                "display_url": "freep.com"
                            }
                        ]
                    },
                    "description": {
                        "urls": []
                    }
                },
                "protected": false,
                "profile_image_url_https": "https://pbs.twimg.com/profile_images/765605644254707712/MxgZ4fRN_normal.jpg",
                "profile_background_image_url_https": "https://pbs.twimg.com/profile_background_images/662745333/ua0fr1vxqje8dgtrwv5x.jpeg",
                "friends_count": 3552,
                "profile_text_color": "000000",
                "id_str": "8795772",
                "verified": true,
                "utc_offset": -18000,
                "profile_use_background_image": true,
                "geo_enabled": true,
                "favourites_count": 3973,
                "time_zone": "Eastern Time (US & Canada)",
                "description": "News from Detroit. w/@aetmanshuschka, @Ash_Detroit @BrianManzullo, @lissa218 and the @Freep web team",
                "follow_request_sent": false,
                "notifications": false,
                "has_extended_profile": false,
                "profile_image_url": "http://pbs.twimg.com/profile_images/765605644254707712/MxgZ4fRN_normal.jpg",
                "is_translation_enabled": false,
                "followers_count": 311778,
                "profile_sidebar_fill_color": "FFFFFF",
                "following": false,
                "is_translator": false,
                "profile_sidebar_border_color": "FFFFFF",
                "translator_type": "none",
                "url": "http://t.co/QaxDeaxx0H",
                "location": "Detroit",
                "profile_link_color": "5678A3",
                "profile_background_color": "496595",
                "lang": "en"
            },
            "retweet_count": 1,
            "id_str": "801802745611165696",
            "retweeted": false,
            "coordinates": null,
            "possibly_sensitive": false,
            "geo": null,
            "lang": "en"
        },
        {
            "created_at": "Thu Nov 24 03:00:17 +0000 2016",
            "contributors": null,
            "id": 801621434023944192,
            "entities": {
                "urls": [
                    {
                        "url": "https://t.co/griXTk8ulA",
                        "indices": [
                            62,
                            85
                        ],
                        "expanded_url": "http://on.freep.com/2gCyXf2",
                        "display_url": "on.freep.com/2gCyXf2"
                    }
                ],
                "hashtags": [],
                "symbols": [],
                "user_mentions": [
                    {
                        "indices": [
                            86,
                            97
                        ],
                        "id_str": "599530439",
                        "name": "Betsy DeVos",
                        "screen_name": "BetsyDeVos",
                        "id": 599530439
                    }
                ]
            },
            "in_reply_to_status_id_str": null,
            "text": "Betsy DeVos: Fighter for kids or destroyer of public schools? https://t.co/griXTk8ulA @BetsyDeVos",
            "metadata": {
                "iso_language_code": "en",
                "result_type": "recent"
            },
            "truncated": false,
            "in_reply_to_screen_name": null,
            "favorite_count": 10,
            "in_reply_to_user_id": null,
            "favorited": false,
            "in_reply_to_user_id_str": null,
            "in_reply_to_status_id": null,
            "source": "<a href=\"http://www.hootsuite.com\" rel=\"nofollow\">Hootsuite</a>",
            "is_quote_status": false,
            "place": null,
            "user": {
                "created_at": "Mon Sep 10 21:42:21 +0000 2007",
                "profile_banner_url": "https://pbs.twimg.com/profile_banners/8795772/1406564135",
                "contributors_enabled": false,
                "default_profile_image": false,
                "screen_name": "freep",
                "profile_background_image_url": "http://pbs.twimg.com/profile_background_images/662745333/ua0fr1vxqje8dgtrwv5x.jpeg",
                "id": 8795772,
                "default_profile": false,
                "profile_background_tile": true,
                "name": "Detroit Free Press",
                "statuses_count": 152902,
                "listed_count": 4176,
                "entities": {
                    "url": {
                        "urls": [
                            {
                                "url": "http://t.co/QaxDeaxx0H",
                                "indices": [
                                    0,
                                    22
                                ],
                                "expanded_url": "http://www.freep.com",
                                "display_url": "freep.com"
                            }
                        ]
                    },
                    "description": {
                        "urls": []
                    }
                },
                "protected": false,
                "profile_image_url_https": "https://pbs.twimg.com/profile_images/765605644254707712/MxgZ4fRN_normal.jpg",
                "profile_background_image_url_https": "https://pbs.twimg.com/profile_background_images/662745333/ua0fr1vxqje8dgtrwv5x.jpeg",
                "friends_count": 3552,
                "profile_text_color": "000000",
                "id_str": "8795772",
                "verified": true,
                "utc_offset": -18000,
                "profile_use_background_image": true,
                "geo_enabled": true,
                "favourites_count": 3973,
                "time_zone": "Eastern Time (US & Canada)",
                "description": "News from Detroit. w/@aetmanshuschka, @Ash_Detroit @BrianManzullo, @lissa218 and the @Freep web team",
                "follow_request_sent": false,
                "notifications": false,
                "has_extended_profile": false,
                "profile_image_url": "http://pbs.twimg.com/profile_images/765605644254707712/MxgZ4fRN_normal.jpg",
                "is_translation_enabled": false,
                "followers_count": 311778,
                "profile_sidebar_fill_color": "FFFFFF",
                "following": false,
                "is_translator": false,
                "profile_sidebar_border_color": "FFFFFF",
                "translator_type": "none",
                "url": "http://t.co/QaxDeaxx0H",
                "location": "Detroit",
                "profile_link_color": "5678A3",
                "profile_background_color": "496595",
                "lang": "en"
            },
            "retweet_count": 6,
            "id_str": "801621434023944192",
            "retweeted": false,
            "coordinates": null,
            "possibly_sensitive": false,
            "geo": null,
            "lang": "en"
        },
        {
            "created_at": "Thu Nov 24 00:30:13 +0000 2016",
            "contributors": null,
            "id": 801583665151098881,
            "entities": {
                "urls": [
                    {
                        "url": "https://t.co/zcwM94QFmx",
                        "indices": [
                            50,
                            73
                        ],
                        "expanded_url": "http://on.freep.com/2f8iQoY",
                        "display_url": "on.freep.com/2f8iQoY"
                    }
                ],
                "hashtags": [],
                "symbols": [],
                "user_mentions": [
                    {
                        "indices": [
                            74,
                            90
                        ],
                        "id_str": "25073877",
                        "name": "Donald J. Trump",
                        "screen_name": "realDonaldTrump",
                        "id": 25073877
                    }
                ]
            },
            "in_reply_to_status_id_str": null,
            "text": "The numbers are in: Trump wins Michigan by 10,704 https://t.co/zcwM94QFmx @realDonaldTrump",
            "metadata": {
                "iso_language_code": "en",
                "result_type": "recent"
            },
            "truncated": false,
            "in_reply_to_screen_name": null,
            "favorite_count": 89,
            "in_reply_to_user_id": null,
            "favorited": false,
            "in_reply_to_user_id_str": null,
            "in_reply_to_status_id": null,
            "source": "<a href=\"http://www.hootsuite.com\" rel=\"nofollow\">Hootsuite</a>",
            "is_quote_status": false,
            "place": null,
            "user": {
                "created_at": "Mon Sep 10 21:42:21 +0000 2007",
                "profile_banner_url": "https://pbs.twimg.com/profile_banners/8795772/1406564135",
                "contributors_enabled": false,
                "default_profile_image": false,
                "screen_name": "freep",
                "profile_background_image_url": "http://pbs.twimg.com/profile_background_images/662745333/ua0fr1vxqje8dgtrwv5x.jpeg",
                "id": 8795772,
                "default_profile": false,
                "profile_background_tile": true,
                "name": "Detroit Free Press",
                "statuses_count": 152902,
                "listed_count": 4176,
                "entities": {
                    "url": {
                        "urls": [
                            {
                                "url": "http://t.co/QaxDeaxx0H",
                                "indices": [
                                    0,
                                    22
                                ],
                                "expanded_url": "http://www.freep.com",
                                "display_url": "freep.com"
                            }
                        ]
                    },
                    "description": {
                        "urls": []
                    }
                },
                "protected": false,
                "profile_image_url_https": "https://pbs.twimg.com/profile_images/765605644254707712/MxgZ4fRN_normal.jpg",
                "profile_background_image_url_https": "https://pbs.twimg.com/profile_background_images/662745333/ua0fr1vxqje8dgtrwv5x.jpeg",
                "friends_count": 3552,
                "profile_text_color": "000000",
                "id_str": "8795772",
                "verified": true,
                "utc_offset": -18000,
                "profile_use_background_image": true,
                "geo_enabled": true,
                "favourites_count": 3973,
                "time_zone": "Eastern Time (US & Canada)",
                "description": "News from Detroit. w/@aetmanshuschka, @Ash_Detroit @BrianManzullo, @lissa218 and the @Freep web team",
                "follow_request_sent": false,
                "notifications": false,
                "has_extended_profile": false,
                "profile_image_url": "http://pbs.twimg.com/profile_images/765605644254707712/MxgZ4fRN_normal.jpg",
                "is_translation_enabled": false,
                "followers_count": 311778,
                "profile_sidebar_fill_color": "FFFFFF",
                "following": false,
                "is_translator": false,
                "profile_sidebar_border_color": "FFFFFF",
                "translator_type": "none",
                "url": "http://t.co/QaxDeaxx0H",
                "location": "Detroit",
                "profile_link_color": "5678A3",
                "profile_background_color": "496595",
                "lang": "en"
            },
            "retweet_count": 84,
            "id_str": "801583665151098881",
            "retweeted": false,
            "coordinates": null,
            "possibly_sensitive": false,
            "geo": null,
            "lang": "en"
        }
    ]
}