{
    "statuses": [],
    "search_metadata": {
        "max_id_str": "803055212663480320",
        "completed_in": 0.04,
        "refresh_url": "?since_id=803055212663480320&q=Trump%20from%3AGwinnettDaily%20since%3A2016-11-24%20until%3A2016-11-25%20filter%3Alinks%20-%40GwinnettDaily&include_entities=1",
        "max_id": 803055212663480320,
        "query": "Trump+from%3AGwinnettDaily+since%3A2016-11-24+until%3A2016-11-25+filter%3Alinks+-%40GwinnettDaily",
        "since_id_str": "0",
        "since_id": 0,
        "count": 100
    }
}