{
    "statuses": [],
    "search_metadata": {
        "max_id_str": "803055215377346562",
        "completed_in": 0.016,
        "refresh_url": "?since_id=803055215377346562&q=Trump%20from%3AIdahoStatesman%20since%3A2016-11-24%20until%3A2016-11-25%20filter%3Alinks%20-%40IdahoStatesman&include_entities=1",
        "max_id": 803055215377346562,
        "query": "Trump+from%3AIdahoStatesman+since%3A2016-11-24+until%3A2016-11-25+filter%3Alinks+-%40IdahoStatesman",
        "since_id_str": "0",
        "since_id": 0,
        "count": 100
    }
}