{
    "search_metadata": {
        "query": "Trump+from%3AKCStar+since%3A2016-11-24+until%3A2016-11-25+filter%3Alinks+-%40KCStar",
        "max_id_str": "801598502266671104",
        "max_id": 801598502266671104,
        "completed_in": 0.073,
        "since_id": 0,
        "refresh_url": "?since_id=801598502266671104&q=Trump%20from%3AKCStar%20since%3A2016-11-24%20until%3A2016-11-25%20filter%3Alinks%20-%40KCStar&include_entities=1",
        "count": 100,
        "since_id_str": "0"
    },
    "statuses": [
        {
            "created_at": "Thu Nov 24 01:29:10 +0000 2016",
            "contributors": null,
            "id": 801598502266671104,
            "entities": {
                "urls": [
                    {
                        "url": "https://t.co/hoaduwt6l0",
                        "indices": [
                            87,
                            110
                        ],
                        "expanded_url": "http://www.kansascity.com/opinion/opn-columns-blogs/mary-sanchez/article116826648.html",
                        "display_url": "kansascity.com/opinion/opn-co\u2026"
                    }
                ],
                "hashtags": [],
                "symbols": [],
                "user_mentions": [
                    {
                        "indices": [
                            3,
                            18
                        ],
                        "id_str": "38251461",
                        "name": "mary sanchez",
                        "screen_name": "msanchezcolumn",
                        "id": 38251461
                    }
                ]
            },
            "in_reply_to_status_id_str": null,
            "text": "RT @msanchezcolumn: Trump\u2019s personal ethics bode ill for nation; conflicts of interest https://t.co/hoaduwt6l0",
            "metadata": {
                "iso_language_code": "en",
                "result_type": "recent"
            },
            "truncated": false,
            "in_reply_to_screen_name": null,
            "retweeted_status": {
                "created_at": "Thu Nov 24 01:25:19 +0000 2016",
                "contributors": null,
                "id": 801597533189455872,
                "entities": {
                    "urls": [
                        {
                            "url": "https://t.co/hoaduwt6l0",
                            "indices": [
                                67,
                                90
                            ],
                            "expanded_url": "http://www.kansascity.com/opinion/opn-columns-blogs/mary-sanchez/article116826648.html",
                            "display_url": "kansascity.com/opinion/opn-co\u2026"
                        }
                    ],
                    "hashtags": [],
                    "symbols": [],
                    "user_mentions": []
                },
                "in_reply_to_status_id_str": null,
                "text": "Trump\u2019s personal ethics bode ill for nation; conflicts of interest https://t.co/hoaduwt6l0",
                "metadata": {
                    "iso_language_code": "en",
                    "result_type": "recent"
                },
                "truncated": false,
                "in_reply_to_screen_name": null,
                "favorite_count": 9,
                "in_reply_to_user_id": null,
                "favorited": false,
                "in_reply_to_user_id_str": null,
                "in_reply_to_status_id": null,
                "source": "<a href=\"http://twitter.com\" rel=\"nofollow\">Twitter Web Client</a>",
                "is_quote_status": false,
                "place": null,
                "user": {
                    "created_at": "Wed May 06 19:09:11 +0000 2009",
                    "contributors_enabled": false,
                    "default_profile_image": false,
                    "screen_name": "msanchezcolumn",
                    "profile_background_image_url": "http://abs.twimg.com/images/themes/theme1/bg.png",
                    "id": 38251461,
                    "default_profile": true,
                    "profile_background_tile": false,
                    "name": "mary sanchez",
                    "statuses_count": 1241,
                    "listed_count": 38,
                    "entities": {
                        "url": {
                            "urls": [
                                {
                                    "url": "https://t.co/5avXc9kQvj",
                                    "indices": [
                                        0,
                                        23
                                    ],
                                    "expanded_url": "http://www.kansascity.com",
                                    "display_url": "kansascity.com"
                                }
                            ]
                        },
                        "description": {
                            "urls": []
                        }
                    },
                    "protected": false,
                    "profile_image_url_https": "https://pbs.twimg.com/profile_images/378800000470256656/590c3a4e94e5859731796b1b10adc392_normal.jpeg",
                    "profile_background_image_url_https": "https://abs.twimg.com/images/themes/theme1/bg.png",
                    "friends_count": 47,
                    "profile_text_color": "333333",
                    "id_str": "38251461",
                    "verified": false,
                    "utc_offset": -21600,
                    "profile_use_background_image": true,
                    "geo_enabled": false,
                    "favourites_count": 12,
                    "time_zone": "Central Time (US & Canada)",
                    "description": "Syndicated columnist/Kansas City Star/Tribune Media",
                    "follow_request_sent": false,
                    "notifications": false,
                    "has_extended_profile": false,
                    "profile_image_url": "http://pbs.twimg.com/profile_images/378800000470256656/590c3a4e94e5859731796b1b10adc392_normal.jpeg",
                    "is_translation_enabled": false,
                    "followers_count": 1033,
                    "profile_sidebar_fill_color": "DDEEF6",
                    "following": false,
                    "is_translator": false,
                    "profile_sidebar_border_color": "C0DEED",
                    "translator_type": "none",
                    "url": "https://t.co/5avXc9kQvj",
                    "location": "Kansas City, Missouri",
                    "profile_link_color": "1DA1F2",
                    "profile_background_color": "C0DEED",
                    "lang": "en"
                },
                "retweet_count": 6,
                "id_str": "801597533189455872",
                "retweeted": false,
                "coordinates": null,
                "possibly_sensitive": false,
                "geo": null,
                "lang": "en"
            },
            "favorite_count": 0,
            "in_reply_to_user_id": null,
            "favorited": false,
            "in_reply_to_user_id_str": null,
            "in_reply_to_status_id": null,
            "source": "<a href=\"https://about.twitter.com/products/tweetdeck\" rel=\"nofollow\">TweetDeck</a>",
            "is_quote_status": false,
            "place": null,
            "user": {
                "created_at": "Fri May 30 16:08:18 +0000 2008",
                "profile_banner_url": "https://pbs.twimg.com/profile_banners/14955722/1430340133",
                "contributors_enabled": false,
                "default_profile_image": false,
                "screen_name": "KCStar",
                "profile_background_image_url": "http://pbs.twimg.com/profile_background_images/309357173/Star-Twitter-page.jpg",
                "id": 14955722,
                "default_profile": false,
                "profile_background_tile": false,
                "name": "The Kansas City Star",
                "statuses_count": 141356,
                "listed_count": 2488,
                "entities": {
                    "url": {
                        "urls": [
                            {
                                "url": "https://t.co/5avXc9kQvj",
                                "indices": [
                                    0,
                                    23
                                ],
                                "expanded_url": "http://www.kansascity.com",
                                "display_url": "kansascity.com"
                            }
                        ]
                    },
                    "description": {
                        "urls": []
                    }
                },
                "protected": false,
                "profile_image_url_https": "https://pbs.twimg.com/profile_images/710203133536894977/eYU-xrl7_normal.jpg",
                "profile_background_image_url_https": "https://pbs.twimg.com/profile_background_images/309357173/Star-Twitter-page.jpg",
                "friends_count": 824,
                "profile_text_color": "333333",
                "id_str": "14955722",
                "verified": true,
                "utc_offset": -21600,
                "profile_use_background_image": true,
                "geo_enabled": false,
                "favourites_count": 1318,
                "time_zone": "Central Time (US & Canada)",
                "description": "Breaking the news in Kansas City since 1880.",
                "follow_request_sent": false,
                "notifications": false,
                "has_extended_profile": false,
                "profile_image_url": "http://pbs.twimg.com/profile_images/710203133536894977/eYU-xrl7_normal.jpg",
                "is_translation_enabled": false,
                "followers_count": 173244,
                "profile_sidebar_fill_color": "DDEEF6",
                "following": false,
                "is_translator": false,
                "profile_sidebar_border_color": "C0DEED",
                "translator_type": "none",
                "url": "https://t.co/5avXc9kQvj",
                "location": "Kansas City, Mo. ",
                "profile_link_color": "0084B4",
                "profile_background_color": "C0DEED",
                "lang": "en"
            },
            "retweet_count": 6,
            "id_str": "801598502266671104",
            "retweeted": false,
            "coordinates": null,
            "possibly_sensitive": false,
            "geo": null,
            "lang": "en"
        }
    ]
}