{
    "statuses": [
        {
            "id": 801924670660415489,
            "in_reply_to_status_id": null,
            "source": "<a href=\"http://www.hootsuite.com\" rel=\"nofollow\">Hootsuite</a>",
            "in_reply_to_screen_name": null,
            "favorite_count": 12,
            "entities": {
                "hashtags": [],
                "symbols": [],
                "urls": [
                    {
                        "indices": [
                            59,
                            82
                        ],
                        "expanded_url": "http://lat.ms/2gIqEPN",
                        "url": "https://t.co/gzLf7MyS7R",
                        "display_url": "lat.ms/2gIqEPN"
                    }
                ],
                "user_mentions": []
            },
            "text": "Can Trump put another Justice Scalia on the Supreme Court? https://t.co/gzLf7MyS7R",
            "metadata": {
                "result_type": "recent",
                "iso_language_code": "en"
            },
            "user": {
                "id": 16664681,
                "utc_offset": -28800,
                "profile_banner_url": "https://pbs.twimg.com/profile_banners/16664681/1402448809",
                "listed_count": 28282,
                "followers_count": 2324712,
                "verified": true,
                "profile_background_tile": false,
                "contributors_enabled": false,
                "is_translation_enabled": false,
                "entities": {
                    "description": {
                        "urls": [
                            {
                                "indices": [
                                    48,
                                    70
                                ],
                                "expanded_url": "http://latimes.com",
                                "url": "http://t.co/zb8HyvYyAJ",
                                "display_url": "latimes.com"
                            }
                        ]
                    },
                    "url": {
                        "urls": [
                            {
                                "indices": [
                                    0,
                                    22
                                ],
                                "expanded_url": "http://latimes.com/",
                                "url": "http://t.co/JvbZRDfNzf",
                                "display_url": "latimes.com"
                            }
                        ]
                    }
                },
                "location": "Los Angeles, CA",
                "screen_name": "latimes",
                "notifications": false,
                "following": false,
                "favourites_count": 1869,
                "profile_use_background_image": true,
                "protected": false,
                "time_zone": "Pacific Time (US & Canada)",
                "profile_background_image_url_https": "https://pbs.twimg.com/profile_background_images/596769492/sp4uqn6gr7cwmjefat2j.jpeg",
                "profile_text_color": "615F61",
                "follow_request_sent": false,
                "description": "News from Los Angeles and the world. Staffed by http://t.co/zb8HyvYyAJ editors.",
                "statuses_count": 153171,
                "profile_image_url": "http://pbs.twimg.com/profile_images/546329819919560704/XMWy2Z50_normal.jpeg",
                "created_at": "Thu Oct 09 11:07:42 +0000 2008",
                "default_profile": false,
                "profile_sidebar_border_color": "FFFFFF",
                "friends_count": 10713,
                "profile_background_image_url": "http://pbs.twimg.com/profile_background_images/596769492/sp4uqn6gr7cwmjefat2j.jpeg",
                "name": "Los Angeles Times",
                "default_profile_image": false,
                "profile_sidebar_fill_color": "EFEFEF",
                "profile_image_url_https": "https://pbs.twimg.com/profile_images/546329819919560704/XMWy2Z50_normal.jpeg",
                "has_extended_profile": false,
                "url": "http://t.co/JvbZRDfNzf",
                "is_translator": false,
                "profile_background_color": "FFFFFF",
                "profile_link_color": "009999",
                "geo_enabled": true,
                "lang": "en",
                "translator_type": "regular",
                "id_str": "16664681"
            },
            "possibly_sensitive": false,
            "in_reply_to_user_id_str": null,
            "geo": null,
            "created_at": "Thu Nov 24 23:05:15 +0000 2016",
            "id_str": "801924670660415489",
            "coordinates": null,
            "favorited": false,
            "truncated": false,
            "is_quote_status": false,
            "contributors": null,
            "place": null,
            "in_reply_to_user_id": null,
            "in_reply_to_status_id_str": null,
            "retweeted": false,
            "lang": "en",
            "retweet_count": 6
        },
        {
            "id": 801849145585729536,
            "in_reply_to_status_id": null,
            "source": "<a href=\"http://www.hootsuite.com\" rel=\"nofollow\">Hootsuite</a>",
            "in_reply_to_screen_name": null,
            "favorite_count": 19,
            "entities": {
                "hashtags": [],
                "symbols": [],
                "urls": [
                    {
                        "indices": [
                            64,
                            87
                        ],
                        "expanded_url": "http://lat.ms/2gqiKGP",
                        "url": "https://t.co/3DfxMUdtgZ",
                        "display_url": "lat.ms/2gqiKGP"
                    }
                ],
                "user_mentions": []
            },
            "text": "Trump supports L.A.'s Olympic bid, Mayor Garcetti's office says https://t.co/3DfxMUdtgZ",
            "metadata": {
                "result_type": "recent",
                "iso_language_code": "en"
            },
            "user": {
                "id": 16664681,
                "utc_offset": -28800,
                "profile_banner_url": "https://pbs.twimg.com/profile_banners/16664681/1402448809",
                "listed_count": 28282,
                "followers_count": 2324712,
                "verified": true,
                "profile_background_tile": false,
                "contributors_enabled": false,
                "is_translation_enabled": false,
                "entities": {
                    "description": {
                        "urls": [
                            {
                                "indices": [
                                    48,
                                    70
                                ],
                                "expanded_url": "http://latimes.com",
                                "url": "http://t.co/zb8HyvYyAJ",
                                "display_url": "latimes.com"
                            }
                        ]
                    },
                    "url": {
                        "urls": [
                            {
                                "indices": [
                                    0,
                                    22
                                ],
                                "expanded_url": "http://latimes.com/",
                                "url": "http://t.co/JvbZRDfNzf",
                                "display_url": "latimes.com"
                            }
                        ]
                    }
                },
                "location": "Los Angeles, CA",
                "screen_name": "latimes",
                "notifications": false,
                "following": false,
                "favourites_count": 1869,
                "profile_use_background_image": true,
                "protected": false,
                "time_zone": "Pacific Time (US & Canada)",
                "profile_background_image_url_https": "https://pbs.twimg.com/profile_background_images/596769492/sp4uqn6gr7cwmjefat2j.jpeg",
                "profile_text_color": "615F61",
                "follow_request_sent": false,
                "description": "News from Los Angeles and the world. Staffed by http://t.co/zb8HyvYyAJ editors.",
                "statuses_count": 153171,
                "profile_image_url": "http://pbs.twimg.com/profile_images/546329819919560704/XMWy2Z50_normal.jpeg",
                "created_at": "Thu Oct 09 11:07:42 +0000 2008",
                "default_profile": false,
                "profile_sidebar_border_color": "FFFFFF",
                "friends_count": 10713,
                "profile_background_image_url": "http://pbs.twimg.com/profile_background_images/596769492/sp4uqn6gr7cwmjefat2j.jpeg",
                "name": "Los Angeles Times",
                "default_profile_image": false,
                "profile_sidebar_fill_color": "EFEFEF",
                "profile_image_url_https": "https://pbs.twimg.com/profile_images/546329819919560704/XMWy2Z50_normal.jpeg",
                "has_extended_profile": false,
                "url": "http://t.co/JvbZRDfNzf",
                "is_translator": false,
                "profile_background_color": "FFFFFF",
                "profile_link_color": "009999",
                "geo_enabled": true,
                "lang": "en",
                "translator_type": "regular",
                "id_str": "16664681"
            },
            "possibly_sensitive": false,
            "in_reply_to_user_id_str": null,
            "geo": null,
            "created_at": "Thu Nov 24 18:05:08 +0000 2016",
            "id_str": "801849145585729536",
            "coordinates": null,
            "favorited": false,
            "truncated": false,
            "is_quote_status": false,
            "contributors": null,
            "place": null,
            "in_reply_to_user_id": null,
            "in_reply_to_status_id_str": null,
            "retweeted": false,
            "lang": "en",
            "retweet_count": 12
        },
        {
            "id": 801759898887483392,
            "in_reply_to_status_id": null,
            "source": "<a href=\"http://www.hootsuite.com\" rel=\"nofollow\">Hootsuite</a>",
            "in_reply_to_screen_name": null,
            "favorite_count": 37,
            "entities": {
                "hashtags": [],
                "symbols": [],
                "urls": [
                    {
                        "indices": [
                            68,
                            91
                        ],
                        "expanded_url": "http://lat.ms/2fHwTOA",
                        "url": "https://t.co/3C06y5CbdC",
                        "display_url": "lat.ms/2fHwTOA"
                    }
                ],
                "media": [
                    {
                        "id": 801759896387522560,
                        "media_url": "http://pbs.twimg.com/media/CyBsYLtVEAAcHdw.jpg",
                        "expanded_url": "https://twitter.com/latimes/status/801759898887483392/photo/1",
                        "media_url_https": "https://pbs.twimg.com/media/CyBsYLtVEAAcHdw.jpg",
                        "url": "https://t.co/L5G8sws9z9",
                        "indices": [
                            92,
                            115
                        ],
                        "sizes": {
                            "large": {
                                "resize": "fit",
                                "h": 394,
                                "w": 700
                            },
                            "thumb": {
                                "resize": "crop",
                                "h": 150,
                                "w": 150
                            },
                            "small": {
                                "resize": "fit",
                                "h": 383,
                                "w": 680
                            },
                            "medium": {
                                "resize": "fit",
                                "h": 394,
                                "w": 700
                            }
                        },
                        "type": "photo",
                        "display_url": "pic.twitter.com/L5G8sws9z9",
                        "id_str": "801759896387522560"
                    }
                ],
                "user_mentions": []
            },
            "text": "Jeff Bridges says he has \"high hopes\" for a Donald Trump presidency https://t.co/3C06y5CbdC https://t.co/L5G8sws9z9",
            "metadata": {
                "result_type": "recent",
                "iso_language_code": "en"
            },
            "user": {
                "id": 16664681,
                "utc_offset": -28800,
                "profile_banner_url": "https://pbs.twimg.com/profile_banners/16664681/1402448809",
                "listed_count": 28282,
                "followers_count": 2324712,
                "verified": true,
                "profile_background_tile": false,
                "contributors_enabled": false,
                "is_translation_enabled": false,
                "entities": {
                    "description": {
                        "urls": [
                            {
                                "indices": [
                                    48,
                                    70
                                ],
                                "expanded_url": "http://latimes.com",
                                "url": "http://t.co/zb8HyvYyAJ",
                                "display_url": "latimes.com"
                            }
                        ]
                    },
                    "url": {
                        "urls": [
                            {
                                "indices": [
                                    0,
                                    22
                                ],
                                "expanded_url": "http://latimes.com/",
                                "url": "http://t.co/JvbZRDfNzf",
                                "display_url": "latimes.com"
                            }
                        ]
                    }
                },
                "location": "Los Angeles, CA",
                "screen_name": "latimes",
                "notifications": false,
                "following": false,
                "favourites_count": 1869,
                "profile_use_background_image": true,
                "protected": false,
                "time_zone": "Pacific Time (US & Canada)",
                "profile_background_image_url_https": "https://pbs.twimg.com/profile_background_images/596769492/sp4uqn6gr7cwmjefat2j.jpeg",
                "profile_text_color": "615F61",
                "follow_request_sent": false,
                "description": "News from Los Angeles and the world. Staffed by http://t.co/zb8HyvYyAJ editors.",
                "statuses_count": 153171,
                "profile_image_url": "http://pbs.twimg.com/profile_images/546329819919560704/XMWy2Z50_normal.jpeg",
                "created_at": "Thu Oct 09 11:07:42 +0000 2008",
                "default_profile": false,
                "profile_sidebar_border_color": "FFFFFF",
                "friends_count": 10713,
                "profile_background_image_url": "http://pbs.twimg.com/profile_background_images/596769492/sp4uqn6gr7cwmjefat2j.jpeg",
                "name": "Los Angeles Times",
                "default_profile_image": false,
                "profile_sidebar_fill_color": "EFEFEF",
                "profile_image_url_https": "https://pbs.twimg.com/profile_images/546329819919560704/XMWy2Z50_normal.jpeg",
                "has_extended_profile": false,
                "url": "http://t.co/JvbZRDfNzf",
                "is_translator": false,
                "profile_background_color": "FFFFFF",
                "profile_link_color": "009999",
                "geo_enabled": true,
                "lang": "en",
                "translator_type": "regular",
                "id_str": "16664681"
            },
            "possibly_sensitive": false,
            "in_reply_to_user_id_str": null,
            "is_quote_status": false,
            "geo": null,
            "created_at": "Thu Nov 24 12:10:30 +0000 2016",
            "id_str": "801759898887483392",
            "coordinates": null,
            "favorited": false,
            "truncated": false,
            "extended_entities": {
                "media": [
                    {
                        "id": 801759896387522560,
                        "media_url": "http://pbs.twimg.com/media/CyBsYLtVEAAcHdw.jpg",
                        "expanded_url": "https://twitter.com/latimes/status/801759898887483392/photo/1",
                        "media_url_https": "https://pbs.twimg.com/media/CyBsYLtVEAAcHdw.jpg",
                        "url": "https://t.co/L5G8sws9z9",
                        "indices": [
                            92,
                            115
                        ],
                        "sizes": {
                            "large": {
                                "resize": "fit",
                                "h": 394,
                                "w": 700
                            },
                            "thumb": {
                                "resize": "crop",
                                "h": 150,
                                "w": 150
                            },
                            "small": {
                                "resize": "fit",
                                "h": 383,
                                "w": 680
                            },
                            "medium": {
                                "resize": "fit",
                                "h": 394,
                                "w": 700
                            }
                        },
                        "type": "photo",
                        "display_url": "pic.twitter.com/L5G8sws9z9",
                        "id_str": "801759896387522560"
                    }
                ]
            },
            "contributors": null,
            "place": null,
            "in_reply_to_user_id": null,
            "in_reply_to_status_id_str": null,
            "retweeted": false,
            "lang": "en",
            "retweet_count": 24
        },
        {
            "id": 801652840406089728,
            "in_reply_to_status_id": null,
            "source": "<a href=\"http://www.hootsuite.com\" rel=\"nofollow\">Hootsuite</a>",
            "in_reply_to_screen_name": null,
            "favorite_count": 92,
            "entities": {
                "hashtags": [],
                "symbols": [],
                "urls": [
                    {
                        "indices": [
                            96,
                            119
                        ],
                        "expanded_url": "http://lat.ms/2gCBg1N",
                        "url": "https://t.co/tZVrQv0ZEf",
                        "display_url": "lat.ms/2gCBg1N"
                    }
                ],
                "user_mentions": []
            },
            "text": "When it comes to Trump, L.A.'s Democratic mayor and San Diego's Republican one are in agreement https://t.co/tZVrQv0ZEf",
            "metadata": {
                "result_type": "recent",
                "iso_language_code": "en"
            },
            "user": {
                "id": 16664681,
                "utc_offset": -28800,
                "profile_banner_url": "https://pbs.twimg.com/profile_banners/16664681/1402448809",
                "listed_count": 28282,
                "followers_count": 2324712,
                "verified": true,
                "profile_background_tile": false,
                "contributors_enabled": false,
                "is_translation_enabled": false,
                "entities": {
                    "description": {
                        "urls": [
                            {
                                "indices": [
                                    48,
                                    70
                                ],
                                "expanded_url": "http://latimes.com",
                                "url": "http://t.co/zb8HyvYyAJ",
                                "display_url": "latimes.com"
                            }
                        ]
                    },
                    "url": {
                        "urls": [
                            {
                                "indices": [
                                    0,
                                    22
                                ],
                                "expanded_url": "http://latimes.com/",
                                "url": "http://t.co/JvbZRDfNzf",
                                "display_url": "latimes.com"
                            }
                        ]
                    }
                },
                "location": "Los Angeles, CA",
                "screen_name": "latimes",
                "notifications": false,
                "following": false,
                "favourites_count": 1869,
                "profile_use_background_image": true,
                "protected": false,
                "time_zone": "Pacific Time (US & Canada)",
                "profile_background_image_url_https": "https://pbs.twimg.com/profile_background_images/596769492/sp4uqn6gr7cwmjefat2j.jpeg",
                "profile_text_color": "615F61",
                "follow_request_sent": false,
                "description": "News from Los Angeles and the world. Staffed by http://t.co/zb8HyvYyAJ editors.",
                "statuses_count": 153171,
                "profile_image_url": "http://pbs.twimg.com/profile_images/546329819919560704/XMWy2Z50_normal.jpeg",
                "created_at": "Thu Oct 09 11:07:42 +0000 2008",
                "default_profile": false,
                "profile_sidebar_border_color": "FFFFFF",
                "friends_count": 10713,
                "profile_background_image_url": "http://pbs.twimg.com/profile_background_images/596769492/sp4uqn6gr7cwmjefat2j.jpeg",
                "name": "Los Angeles Times",
                "default_profile_image": false,
                "profile_sidebar_fill_color": "EFEFEF",
                "profile_image_url_https": "https://pbs.twimg.com/profile_images/546329819919560704/XMWy2Z50_normal.jpeg",
                "has_extended_profile": false,
                "url": "http://t.co/JvbZRDfNzf",
                "is_translator": false,
                "profile_background_color": "FFFFFF",
                "profile_link_color": "009999",
                "geo_enabled": true,
                "lang": "en",
                "translator_type": "regular",
                "id_str": "16664681"
            },
            "possibly_sensitive": false,
            "in_reply_to_user_id_str": null,
            "geo": null,
            "created_at": "Thu Nov 24 05:05:05 +0000 2016",
            "id_str": "801652840406089728",
            "coordinates": null,
            "favorited": false,
            "truncated": false,
            "is_quote_status": false,
            "contributors": null,
            "place": null,
            "in_reply_to_user_id": null,
            "in_reply_to_status_id_str": null,
            "retweeted": false,
            "lang": "en",
            "retweet_count": 42
        },
        {
            "id": 801641514472509444,
            "in_reply_to_status_id": null,
            "source": "<a href=\"http://www.hootsuite.com\" rel=\"nofollow\">Hootsuite</a>",
            "in_reply_to_screen_name": null,
            "favorite_count": 25,
            "entities": {
                "hashtags": [],
                "symbols": [],
                "urls": [
                    {
                        "indices": [
                            117,
                            140
                        ],
                        "expanded_url": "https://twitter.com/i/web/status/801641514472509444",
                        "url": "https://t.co/5FaMDMrDUf",
                        "display_url": "twitter.com/i/web/status/8\u2026"
                    }
                ],
                "user_mentions": []
            },
            "text": "Trump talks to Mayor Garcetti for 1st time since election. No details given about their conversation on immigration\u2026 https://t.co/5FaMDMrDUf",
            "metadata": {
                "result_type": "recent",
                "iso_language_code": "en"
            },
            "user": {
                "id": 16664681,
                "utc_offset": -28800,
                "profile_banner_url": "https://pbs.twimg.com/profile_banners/16664681/1402448809",
                "listed_count": 28282,
                "followers_count": 2324712,
                "verified": true,
                "profile_background_tile": false,
                "contributors_enabled": false,
                "is_translation_enabled": false,
                "entities": {
                    "description": {
                        "urls": [
                            {
                                "indices": [
                                    48,
                                    70
                                ],
                                "expanded_url": "http://latimes.com",
                                "url": "http://t.co/zb8HyvYyAJ",
                                "display_url": "latimes.com"
                            }
                        ]
                    },
                    "url": {
                        "urls": [
                            {
                                "indices": [
                                    0,
                                    22
                                ],
                                "expanded_url": "http://latimes.com/",
                                "url": "http://t.co/JvbZRDfNzf",
                                "display_url": "latimes.com"
                            }
                        ]
                    }
                },
                "location": "Los Angeles, CA",
                "screen_name": "latimes",
                "notifications": false,
                "following": false,
                "favourites_count": 1869,
                "profile_use_background_image": true,
                "protected": false,
                "time_zone": "Pacific Time (US & Canada)",
                "profile_background_image_url_https": "https://pbs.twimg.com/profile_background_images/596769492/sp4uqn6gr7cwmjefat2j.jpeg",
                "profile_text_color": "615F61",
                "follow_request_sent": false,
                "description": "News from Los Angeles and the world. Staffed by http://t.co/zb8HyvYyAJ editors.",
                "statuses_count": 153171,
                "profile_image_url": "http://pbs.twimg.com/profile_images/546329819919560704/XMWy2Z50_normal.jpeg",
                "created_at": "Thu Oct 09 11:07:42 +0000 2008",
                "default_profile": false,
                "profile_sidebar_border_color": "FFFFFF",
                "friends_count": 10713,
                "profile_background_image_url": "http://pbs.twimg.com/profile_background_images/596769492/sp4uqn6gr7cwmjefat2j.jpeg",
                "name": "Los Angeles Times",
                "default_profile_image": false,
                "profile_sidebar_fill_color": "EFEFEF",
                "profile_image_url_https": "https://pbs.twimg.com/profile_images/546329819919560704/XMWy2Z50_normal.jpeg",
                "has_extended_profile": false,
                "url": "http://t.co/JvbZRDfNzf",
                "is_translator": false,
                "profile_background_color": "FFFFFF",
                "profile_link_color": "009999",
                "geo_enabled": true,
                "lang": "en",
                "translator_type": "regular",
                "id_str": "16664681"
            },
            "possibly_sensitive": false,
            "in_reply_to_user_id_str": null,
            "geo": null,
            "created_at": "Thu Nov 24 04:20:05 +0000 2016",
            "id_str": "801641514472509444",
            "coordinates": null,
            "favorited": false,
            "truncated": true,
            "is_quote_status": false,
            "contributors": null,
            "place": null,
            "in_reply_to_user_id": null,
            "in_reply_to_status_id_str": null,
            "retweeted": false,
            "lang": "en",
            "retweet_count": 11
        },
        {
            "id": 801630183392481280,
            "in_reply_to_status_id": null,
            "source": "<a href=\"http://www.hootsuite.com\" rel=\"nofollow\">Hootsuite</a>",
            "in_reply_to_screen_name": null,
            "favorite_count": 24,
            "entities": {
                "hashtags": [],
                "symbols": [],
                "urls": [
                    {
                        "indices": [
                            96,
                            119
                        ],
                        "expanded_url": "http://lat.ms/2fqueYw",
                        "url": "https://t.co/k6v1Pd48jf",
                        "display_url": "lat.ms/2fqueYw"
                    }
                ],
                "user_mentions": []
            },
            "text": "Trump's latest Cabinet picks would bring some gender and racial diversity to the administration https://t.co/k6v1Pd48jf",
            "metadata": {
                "result_type": "recent",
                "iso_language_code": "en"
            },
            "user": {
                "id": 16664681,
                "utc_offset": -28800,
                "profile_banner_url": "https://pbs.twimg.com/profile_banners/16664681/1402448809",
                "listed_count": 28282,
                "followers_count": 2324712,
                "verified": true,
                "profile_background_tile": false,
                "contributors_enabled": false,
                "is_translation_enabled": false,
                "entities": {
                    "description": {
                        "urls": [
                            {
                                "indices": [
                                    48,
                                    70
                                ],
                                "expanded_url": "http://latimes.com",
                                "url": "http://t.co/zb8HyvYyAJ",
                                "display_url": "latimes.com"
                            }
                        ]
                    },
                    "url": {
                        "urls": [
                            {
                                "indices": [
                                    0,
                                    22
                                ],
                                "expanded_url": "http://latimes.com/",
                                "url": "http://t.co/JvbZRDfNzf",
                                "display_url": "latimes.com"
                            }
                        ]
                    }
                },
                "location": "Los Angeles, CA",
                "screen_name": "latimes",
                "notifications": false,
                "following": false,
                "favourites_count": 1869,
                "profile_use_background_image": true,
                "protected": false,
                "time_zone": "Pacific Time (US & Canada)",
                "profile_background_image_url_https": "https://pbs.twimg.com/profile_background_images/596769492/sp4uqn6gr7cwmjefat2j.jpeg",
                "profile_text_color": "615F61",
                "follow_request_sent": false,
                "description": "News from Los Angeles and the world. Staffed by http://t.co/zb8HyvYyAJ editors.",
                "statuses_count": 153171,
                "profile_image_url": "http://pbs.twimg.com/profile_images/546329819919560704/XMWy2Z50_normal.jpeg",
                "created_at": "Thu Oct 09 11:07:42 +0000 2008",
                "default_profile": false,
                "profile_sidebar_border_color": "FFFFFF",
                "friends_count": 10713,
                "profile_background_image_url": "http://pbs.twimg.com/profile_background_images/596769492/sp4uqn6gr7cwmjefat2j.jpeg",
                "name": "Los Angeles Times",
                "default_profile_image": false,
                "profile_sidebar_fill_color": "EFEFEF",
                "profile_image_url_https": "https://pbs.twimg.com/profile_images/546329819919560704/XMWy2Z50_normal.jpeg",
                "has_extended_profile": false,
                "url": "http://t.co/JvbZRDfNzf",
                "is_translator": false,
                "profile_background_color": "FFFFFF",
                "profile_link_color": "009999",
                "geo_enabled": true,
                "lang": "en",
                "translator_type": "regular",
                "id_str": "16664681"
            },
            "possibly_sensitive": false,
            "in_reply_to_user_id_str": null,
            "geo": null,
            "created_at": "Thu Nov 24 03:35:03 +0000 2016",
            "id_str": "801630183392481280",
            "coordinates": null,
            "favorited": false,
            "truncated": false,
            "is_quote_status": false,
            "contributors": null,
            "place": null,
            "in_reply_to_user_id": null,
            "in_reply_to_status_id_str": null,
            "retweeted": false,
            "lang": "en",
            "retweet_count": 13
        },
        {
            "id": 801615104789856256,
            "in_reply_to_status_id": null,
            "source": "<a href=\"http://www.hootsuite.com\" rel=\"nofollow\">Hootsuite</a>",
            "in_reply_to_screen_name": null,
            "favorite_count": 45,
            "entities": {
                "hashtags": [],
                "symbols": [],
                "urls": [
                    {
                        "indices": [
                            74,
                            97
                        ],
                        "expanded_url": "http://lat.ms/2ggtTc5",
                        "url": "https://t.co/cF6Z3fsLof",
                        "display_url": "lat.ms/2ggtTc5"
                    }
                ],
                "media": [
                    {
                        "id": 801615102113959936,
                        "media_url": "http://pbs.twimg.com/media/Cx_osDAXUAAqqyx.jpg",
                        "expanded_url": "https://twitter.com/latimes/status/801615104789856256/photo/1",
                        "media_url_https": "https://pbs.twimg.com/media/Cx_osDAXUAAqqyx.jpg",
                        "url": "https://t.co/qePMyVFZpW",
                        "indices": [
                            98,
                            121
                        ],
                        "sizes": {
                            "large": {
                                "resize": "fit",
                                "h": 402,
                                "w": 600
                            },
                            "thumb": {
                                "resize": "crop",
                                "h": 150,
                                "w": 150
                            },
                            "small": {
                                "resize": "fit",
                                "h": 402,
                                "w": 600
                            },
                            "medium": {
                                "resize": "fit",
                                "h": 402,
                                "w": 600
                            }
                        },
                        "type": "photo",
                        "display_url": "pic.twitter.com/qePMyVFZpW",
                        "id_str": "801615102113959936"
                    }
                ],
                "user_mentions": []
            },
            "text": "Trump picks Michigan school-choice advocate to be his Education secretary https://t.co/cF6Z3fsLof https://t.co/qePMyVFZpW",
            "metadata": {
                "result_type": "recent",
                "iso_language_code": "en"
            },
            "user": {
                "id": 16664681,
                "utc_offset": -28800,
                "profile_banner_url": "https://pbs.twimg.com/profile_banners/16664681/1402448809",
                "listed_count": 28282,
                "followers_count": 2324712,
                "verified": true,
                "profile_background_tile": false,
                "contributors_enabled": false,
                "is_translation_enabled": false,
                "entities": {
                    "description": {
                        "urls": [
                            {
                                "indices": [
                                    48,
                                    70
                                ],
                                "expanded_url": "http://latimes.com",
                                "url": "http://t.co/zb8HyvYyAJ",
                                "display_url": "latimes.com"
                            }
                        ]
                    },
                    "url": {
                        "urls": [
                            {
                                "indices": [
                                    0,
                                    22
                                ],
                                "expanded_url": "http://latimes.com/",
                                "url": "http://t.co/JvbZRDfNzf",
                                "display_url": "latimes.com"
                            }
                        ]
                    }
                },
                "location": "Los Angeles, CA",
                "screen_name": "latimes",
                "notifications": false,
                "following": false,
                "favourites_count": 1869,
                "profile_use_background_image": true,
                "protected": false,
                "time_zone": "Pacific Time (US & Canada)",
                "profile_background_image_url_https": "https://pbs.twimg.com/profile_background_images/596769492/sp4uqn6gr7cwmjefat2j.jpeg",
                "profile_text_color": "615F61",
                "follow_request_sent": false,
                "description": "News from Los Angeles and the world. Staffed by http://t.co/zb8HyvYyAJ editors.",
                "statuses_count": 153171,
                "profile_image_url": "http://pbs.twimg.com/profile_images/546329819919560704/XMWy2Z50_normal.jpeg",
                "created_at": "Thu Oct 09 11:07:42 +0000 2008",
                "default_profile": false,
                "profile_sidebar_border_color": "FFFFFF",
                "friends_count": 10713,
                "profile_background_image_url": "http://pbs.twimg.com/profile_background_images/596769492/sp4uqn6gr7cwmjefat2j.jpeg",
                "name": "Los Angeles Times",
                "default_profile_image": false,
                "profile_sidebar_fill_color": "EFEFEF",
                "profile_image_url_https": "https://pbs.twimg.com/profile_images/546329819919560704/XMWy2Z50_normal.jpeg",
                "has_extended_profile": false,
                "url": "http://t.co/JvbZRDfNzf",
                "is_translator": false,
                "profile_background_color": "FFFFFF",
                "profile_link_color": "009999",
                "geo_enabled": true,
                "lang": "en",
                "translator_type": "regular",
                "id_str": "16664681"
            },
            "possibly_sensitive": false,
            "in_reply_to_user_id_str": null,
            "is_quote_status": false,
            "geo": null,
            "created_at": "Thu Nov 24 02:35:08 +0000 2016",
            "id_str": "801615104789856256",
            "coordinates": null,
            "favorited": false,
            "truncated": false,
            "extended_entities": {
                "media": [
                    {
                        "id": 801615102113959936,
                        "media_url": "http://pbs.twimg.com/media/Cx_osDAXUAAqqyx.jpg",
                        "expanded_url": "https://twitter.com/latimes/status/801615104789856256/photo/1",
                        "media_url_https": "https://pbs.twimg.com/media/Cx_osDAXUAAqqyx.jpg",
                        "url": "https://t.co/qePMyVFZpW",
                        "indices": [
                            98,
                            121
                        ],
                        "sizes": {
                            "large": {
                                "resize": "fit",
                                "h": 402,
                                "w": 600
                            },
                            "thumb": {
                                "resize": "crop",
                                "h": 150,
                                "w": 150
                            },
                            "small": {
                                "resize": "fit",
                                "h": 402,
                                "w": 600
                            },
                            "medium": {
                                "resize": "fit",
                                "h": 402,
                                "w": 600
                            }
                        },
                        "type": "photo",
                        "display_url": "pic.twitter.com/qePMyVFZpW",
                        "id_str": "801615102113959936"
                    }
                ]
            },
            "contributors": null,
            "place": null,
            "in_reply_to_user_id": null,
            "in_reply_to_status_id_str": null,
            "retweeted": false,
            "lang": "en",
            "retweet_count": 24
        },
        {
            "id": 801581126909366273,
            "in_reply_to_status_id": null,
            "source": "<a href=\"http://www.hootsuite.com\" rel=\"nofollow\">Hootsuite</a>",
            "in_reply_to_screen_name": null,
            "favorite_count": 106,
            "entities": {
                "hashtags": [],
                "symbols": [],
                "urls": [
                    {
                        "indices": [
                            92,
                            115
                        ],
                        "expanded_url": "http://lat.ms/2fpQtxK",
                        "url": "https://t.co/O6d2DW5kTo",
                        "display_url": "lat.ms/2fpQtxK"
                    }
                ],
                "media": [
                    {
                        "id": 801581124287873024,
                        "media_url": "http://pbs.twimg.com/media/Cx_JyRvWQAAZLVn.jpg",
                        "expanded_url": "https://twitter.com/latimes/status/801581126909366273/photo/1",
                        "media_url_https": "https://pbs.twimg.com/media/Cx_JyRvWQAAZLVn.jpg",
                        "url": "https://t.co/uoKek5bhyc",
                        "indices": [
                            116,
                            139
                        ],
                        "sizes": {
                            "large": {
                                "resize": "fit",
                                "h": 478,
                                "w": 850
                            },
                            "thumb": {
                                "resize": "crop",
                                "h": 150,
                                "w": 150
                            },
                            "small": {
                                "resize": "fit",
                                "h": 382,
                                "w": 680
                            },
                            "medium": {
                                "resize": "fit",
                                "h": 478,
                                "w": 850
                            }
                        },
                        "type": "photo",
                        "display_url": "pic.twitter.com/uoKek5bhyc",
                        "id_str": "801581124287873024"
                    }
                ],
                "user_mentions": []
            },
            "text": "Opinion: The battle of the left and the far left helped elect Donald Trump. Congratulations https://t.co/O6d2DW5kTo https://t.co/uoKek5bhyc",
            "metadata": {
                "result_type": "recent",
                "iso_language_code": "en"
            },
            "user": {
                "id": 16664681,
                "utc_offset": -28800,
                "profile_banner_url": "https://pbs.twimg.com/profile_banners/16664681/1402448809",
                "listed_count": 28282,
                "followers_count": 2324712,
                "verified": true,
                "profile_background_tile": false,
                "contributors_enabled": false,
                "is_translation_enabled": false,
                "entities": {
                    "description": {
                        "urls": [
                            {
                                "indices": [
                                    48,
                                    70
                                ],
                                "expanded_url": "http://latimes.com",
                                "url": "http://t.co/zb8HyvYyAJ",
                                "display_url": "latimes.com"
                            }
                        ]
                    },
                    "url": {
                        "urls": [
                            {
                                "indices": [
                                    0,
                                    22
                                ],
                                "expanded_url": "http://latimes.com/",
                                "url": "http://t.co/JvbZRDfNzf",
                                "display_url": "latimes.com"
                            }
                        ]
                    }
                },
                "location": "Los Angeles, CA",
                "screen_name": "latimes",
                "notifications": false,
                "following": false,
                "favourites_count": 1869,
                "profile_use_background_image": true,
                "protected": false,
                "time_zone": "Pacific Time (US & Canada)",
                "profile_background_image_url_https": "https://pbs.twimg.com/profile_background_images/596769492/sp4uqn6gr7cwmjefat2j.jpeg",
                "profile_text_color": "615F61",
                "follow_request_sent": false,
                "description": "News from Los Angeles and the world. Staffed by http://t.co/zb8HyvYyAJ editors.",
                "statuses_count": 153171,
                "profile_image_url": "http://pbs.twimg.com/profile_images/546329819919560704/XMWy2Z50_normal.jpeg",
                "created_at": "Thu Oct 09 11:07:42 +0000 2008",
                "default_profile": false,
                "profile_sidebar_border_color": "FFFFFF",
                "friends_count": 10713,
                "profile_background_image_url": "http://pbs.twimg.com/profile_background_images/596769492/sp4uqn6gr7cwmjefat2j.jpeg",
                "name": "Los Angeles Times",
                "default_profile_image": false,
                "profile_sidebar_fill_color": "EFEFEF",
                "profile_image_url_https": "https://pbs.twimg.com/profile_images/546329819919560704/XMWy2Z50_normal.jpeg",
                "has_extended_profile": false,
                "url": "http://t.co/JvbZRDfNzf",
                "is_translator": false,
                "profile_background_color": "FFFFFF",
                "profile_link_color": "009999",
                "geo_enabled": true,
                "lang": "en",
                "translator_type": "regular",
                "id_str": "16664681"
            },
            "possibly_sensitive": false,
            "in_reply_to_user_id_str": null,
            "is_quote_status": false,
            "geo": null,
            "created_at": "Thu Nov 24 00:20:07 +0000 2016",
            "id_str": "801581126909366273",
            "coordinates": null,
            "favorited": false,
            "truncated": false,
            "extended_entities": {
                "media": [
                    {
                        "id": 801581124287873024,
                        "media_url": "http://pbs.twimg.com/media/Cx_JyRvWQAAZLVn.jpg",
                        "expanded_url": "https://twitter.com/latimes/status/801581126909366273/photo/1",
                        "media_url_https": "https://pbs.twimg.com/media/Cx_JyRvWQAAZLVn.jpg",
                        "url": "https://t.co/uoKek5bhyc",
                        "indices": [
                            116,
                            139
                        ],
                        "sizes": {
                            "large": {
                                "resize": "fit",
                                "h": 478,
                                "w": 850
                            },
                            "thumb": {
                                "resize": "crop",
                                "h": 150,
                                "w": 150
                            },
                            "small": {
                                "resize": "fit",
                                "h": 382,
                                "w": 680
                            },
                            "medium": {
                                "resize": "fit",
                                "h": 478,
                                "w": 850
                            }
                        },
                        "type": "photo",
                        "display_url": "pic.twitter.com/uoKek5bhyc",
                        "id_str": "801581124287873024"
                    }
                ]
            },
            "contributors": null,
            "place": null,
            "in_reply_to_user_id": null,
            "in_reply_to_status_id_str": null,
            "retweeted": false,
            "lang": "en",
            "retweet_count": 55
        },
        {
            "id": 801577358553714688,
            "in_reply_to_status_id": null,
            "source": "<a href=\"http://www.hootsuite.com\" rel=\"nofollow\">Hootsuite</a>",
            "in_reply_to_screen_name": null,
            "favorite_count": 32,
            "entities": {
                "hashtags": [],
                "symbols": [],
                "urls": [
                    {
                        "indices": [
                            50,
                            73
                        ],
                        "expanded_url": "http://lat.ms/2f7mVtM",
                        "url": "https://t.co/YuZxYNxvBH",
                        "display_url": "lat.ms/2f7mVtM"
                    }
                ],
                "media": [
                    {
                        "id": 801577356171284480,
                        "media_url": "http://pbs.twimg.com/media/Cx_GW8aWEAAqGDJ.jpg",
                        "expanded_url": "https://twitter.com/latimes/status/801577358553714688/photo/1",
                        "media_url_https": "https://pbs.twimg.com/media/Cx_GW8aWEAAqGDJ.jpg",
                        "url": "https://t.co/e81bjTzrg1",
                        "indices": [
                            74,
                            97
                        ],
                        "sizes": {
                            "large": {
                                "resize": "fit",
                                "h": 478,
                                "w": 850
                            },
                            "thumb": {
                                "resize": "crop",
                                "h": 150,
                                "w": 150
                            },
                            "small": {
                                "resize": "fit",
                                "h": 382,
                                "w": 680
                            },
                            "medium": {
                                "resize": "fit",
                                "h": 478,
                                "w": 850
                            }
                        },
                        "type": "photo",
                        "display_url": "pic.twitter.com/e81bjTzrg1",
                        "id_str": "801577356171284480"
                    }
                ],
                "user_mentions": []
            },
            "text": "Mortgage rates keep rising after Trump's election https://t.co/YuZxYNxvBH https://t.co/e81bjTzrg1",
            "metadata": {
                "result_type": "recent",
                "iso_language_code": "en"
            },
            "user": {
                "id": 16664681,
                "utc_offset": -28800,
                "profile_banner_url": "https://pbs.twimg.com/profile_banners/16664681/1402448809",
                "listed_count": 28282,
                "followers_count": 2324712,
                "verified": true,
                "profile_background_tile": false,
                "contributors_enabled": false,
                "is_translation_enabled": false,
                "entities": {
                    "description": {
                        "urls": [
                            {
                                "indices": [
                                    48,
                                    70
                                ],
                                "expanded_url": "http://latimes.com",
                                "url": "http://t.co/zb8HyvYyAJ",
                                "display_url": "latimes.com"
                            }
                        ]
                    },
                    "url": {
                        "urls": [
                            {
                                "indices": [
                                    0,
                                    22
                                ],
                                "expanded_url": "http://latimes.com/",
                                "url": "http://t.co/JvbZRDfNzf",
                                "display_url": "latimes.com"
                            }
                        ]
                    }
                },
                "location": "Los Angeles, CA",
                "screen_name": "latimes",
                "notifications": false,
                "following": false,
                "favourites_count": 1869,
                "profile_use_background_image": true,
                "protected": false,
                "time_zone": "Pacific Time (US & Canada)",
                "profile_background_image_url_https": "https://pbs.twimg.com/profile_background_images/596769492/sp4uqn6gr7cwmjefat2j.jpeg",
                "profile_text_color": "615F61",
                "follow_request_sent": false,
                "description": "News from Los Angeles and the world. Staffed by http://t.co/zb8HyvYyAJ editors.",
                "statuses_count": 153171,
                "profile_image_url": "http://pbs.twimg.com/profile_images/546329819919560704/XMWy2Z50_normal.jpeg",
                "created_at": "Thu Oct 09 11:07:42 +0000 2008",
                "default_profile": false,
                "profile_sidebar_border_color": "FFFFFF",
                "friends_count": 10713,
                "profile_background_image_url": "http://pbs.twimg.com/profile_background_images/596769492/sp4uqn6gr7cwmjefat2j.jpeg",
                "name": "Los Angeles Times",
                "default_profile_image": false,
                "profile_sidebar_fill_color": "EFEFEF",
                "profile_image_url_https": "https://pbs.twimg.com/profile_images/546329819919560704/XMWy2Z50_normal.jpeg",
                "has_extended_profile": false,
                "url": "http://t.co/JvbZRDfNzf",
                "is_translator": false,
                "profile_background_color": "FFFFFF",
                "profile_link_color": "009999",
                "geo_enabled": true,
                "lang": "en",
                "translator_type": "regular",
                "id_str": "16664681"
            },
            "possibly_sensitive": false,
            "in_reply_to_user_id_str": null,
            "is_quote_status": false,
            "geo": null,
            "created_at": "Thu Nov 24 00:05:09 +0000 2016",
            "id_str": "801577358553714688",
            "coordinates": null,
            "favorited": false,
            "truncated": false,
            "extended_entities": {
                "media": [
                    {
                        "id": 801577356171284480,
                        "media_url": "http://pbs.twimg.com/media/Cx_GW8aWEAAqGDJ.jpg",
                        "expanded_url": "https://twitter.com/latimes/status/801577358553714688/photo/1",
                        "media_url_https": "https://pbs.twimg.com/media/Cx_GW8aWEAAqGDJ.jpg",
                        "url": "https://t.co/e81bjTzrg1",
                        "indices": [
                            74,
                            97
                        ],
                        "sizes": {
                            "large": {
                                "resize": "fit",
                                "h": 478,
                                "w": 850
                            },
                            "thumb": {
                                "resize": "crop",
                                "h": 150,
                                "w": 150
                            },
                            "small": {
                                "resize": "fit",
                                "h": 382,
                                "w": 680
                            },
                            "medium": {
                                "resize": "fit",
                                "h": 478,
                                "w": 850
                            }
                        },
                        "type": "photo",
                        "display_url": "pic.twitter.com/e81bjTzrg1",
                        "id_str": "801577356171284480"
                    }
                ]
            },
            "contributors": null,
            "place": null,
            "in_reply_to_user_id": null,
            "in_reply_to_status_id_str": null,
            "retweeted": false,
            "lang": "en",
            "retweet_count": 41
        }
    ],
    "search_metadata": {
        "max_id_str": "801924670660415489",
        "completed_in": 0.05,
        "refresh_url": "?since_id=801924670660415489&q=Trump%20from%3Alatimes%20since%3A2016-11-24%20until%3A2016-11-25%20filter%3Alinks%20-%40latimes&include_entities=1",
        "max_id": 801924670660415489,
        "query": "Trump+from%3Alatimes+since%3A2016-11-24+until%3A2016-11-25+filter%3Alinks+-%40latimes",
        "since_id_str": "0",
        "since_id": 0,
        "count": 100
    }
}