{
    "statuses": [
        {
            "id": 801780159565025280,
            "in_reply_to_status_id": null,
            "source": "<a href=\"https://about.twitter.com/products/tweetdeck\" rel=\"nofollow\">TweetDeck</a>",
            "in_reply_to_screen_name": null,
            "favorite_count": 1,
            "entities": {
                "hashtags": [],
                "symbols": [],
                "urls": [
                    {
                        "indices": [
                            79,
                            102
                        ],
                        "expanded_url": "http://hrld.us/2frVfev",
                        "url": "https://t.co/CE6ONAOE1U",
                        "display_url": "hrld.us/2frVfev"
                    }
                ],
                "media": [
                    {
                        "id": 801760137673379840,
                        "media_url": "http://pbs.twimg.com/media/CyBsmOkXEAAFJgq.jpg",
                        "expanded_url": "https://twitter.com/MiamiHerald/status/801780159565025280/photo/1",
                        "media_url_https": "https://pbs.twimg.com/media/CyBsmOkXEAAFJgq.jpg",
                        "url": "https://t.co/y6TDHzwKUT",
                        "indices": [
                            103,
                            126
                        ],
                        "sizes": {
                            "large": {
                                "resize": "fit",
                                "h": 691,
                                "w": 960
                            },
                            "thumb": {
                                "resize": "crop",
                                "h": 150,
                                "w": 150
                            },
                            "small": {
                                "resize": "fit",
                                "h": 489,
                                "w": 680
                            },
                            "medium": {
                                "resize": "fit",
                                "h": 691,
                                "w": 960
                            }
                        },
                        "type": "photo",
                        "display_url": "pic.twitter.com/y6TDHzwKUT",
                        "id_str": "801760137673379840"
                    }
                ],
                "user_mentions": []
            },
            "text": "Former CEOs turned politicos have some advice for President-elect Donald Trump https://t.co/CE6ONAOE1U https://t.co/y6TDHzwKUT",
            "metadata": {
                "result_type": "recent",
                "iso_language_code": "en"
            },
            "user": {
                "id": 14085040,
                "utc_offset": -18000,
                "profile_banner_url": "https://pbs.twimg.com/profile_banners/14085040/1401331083",
                "listed_count": 5553,
                "followers_count": 308952,
                "verified": true,
                "profile_background_tile": false,
                "contributors_enabled": false,
                "is_translation_enabled": false,
                "entities": {
                    "description": {
                        "urls": [
                            {
                                "indices": [
                                    42,
                                    65
                                ],
                                "expanded_url": "http://hrld.us/instagram",
                                "url": "https://t.co/EBuss8QhEl",
                                "display_url": "hrld.us/instagram"
                            },
                            {
                                "indices": [
                                    76,
                                    99
                                ],
                                "expanded_url": "http://hrld.us/facebook",
                                "url": "https://t.co/C8sShSEs0S",
                                "display_url": "hrld.us/facebook"
                            }
                        ]
                    },
                    "url": {
                        "urls": [
                            {
                                "indices": [
                                    0,
                                    22
                                ],
                                "expanded_url": "http://www.miamiherald.com",
                                "url": "http://t.co/6KpRmDdPe2",
                                "display_url": "miamiherald.com"
                            }
                        ]
                    }
                },
                "location": "Miami, FL",
                "screen_name": "MiamiHerald",
                "notifications": false,
                "following": false,
                "favourites_count": 287,
                "profile_use_background_image": true,
                "protected": false,
                "time_zone": "Eastern Time (US & Canada)",
                "profile_background_image_url_https": "https://pbs.twimg.com/profile_background_images/378800000013900789/a5a81b70f38bf7124af93439787031d0.jpeg",
                "profile_text_color": "333333",
                "follow_request_sent": false,
                "description": "The news. Every day. Your way.\nInstagram: https://t.co/EBuss8QhEl\nFacebook: https://t.co/C8sShSEs0S\nSnapchat: miamiherald",
                "statuses_count": 128319,
                "profile_image_url": "http://pbs.twimg.com/profile_images/528285037498609664/JCw0pEvY_normal.jpeg",
                "created_at": "Wed Mar 05 21:04:05 +0000 2008",
                "default_profile": false,
                "profile_sidebar_border_color": "FFFFFF",
                "friends_count": 804,
                "profile_background_image_url": "http://pbs.twimg.com/profile_background_images/378800000013900789/a5a81b70f38bf7124af93439787031d0.jpeg",
                "name": "Miami Herald",
                "default_profile_image": false,
                "profile_sidebar_fill_color": "EBECED",
                "profile_image_url_https": "https://pbs.twimg.com/profile_images/528285037498609664/JCw0pEvY_normal.jpeg",
                "has_extended_profile": false,
                "url": "http://t.co/6KpRmDdPe2",
                "is_translator": false,
                "profile_background_color": "FFFFFF",
                "profile_link_color": "0060AF",
                "geo_enabled": true,
                "lang": "en",
                "translator_type": "none",
                "id_str": "14085040"
            },
            "possibly_sensitive": false,
            "in_reply_to_user_id_str": null,
            "is_quote_status": false,
            "geo": null,
            "created_at": "Thu Nov 24 13:31:01 +0000 2016",
            "id_str": "801780159565025280",
            "coordinates": null,
            "favorited": false,
            "truncated": false,
            "extended_entities": {
                "media": [
                    {
                        "id": 801760137673379840,
                        "media_url": "http://pbs.twimg.com/media/CyBsmOkXEAAFJgq.jpg",
                        "expanded_url": "https://twitter.com/MiamiHerald/status/801780159565025280/photo/1",
                        "media_url_https": "https://pbs.twimg.com/media/CyBsmOkXEAAFJgq.jpg",
                        "url": "https://t.co/y6TDHzwKUT",
                        "indices": [
                            103,
                            126
                        ],
                        "sizes": {
                            "large": {
                                "resize": "fit",
                                "h": 691,
                                "w": 960
                            },
                            "thumb": {
                                "resize": "crop",
                                "h": 150,
                                "w": 150
                            },
                            "small": {
                                "resize": "fit",
                                "h": 489,
                                "w": 680
                            },
                            "medium": {
                                "resize": "fit",
                                "h": 691,
                                "w": 960
                            }
                        },
                        "type": "photo",
                        "display_url": "pic.twitter.com/y6TDHzwKUT",
                        "id_str": "801760137673379840"
                    }
                ]
            },
            "contributors": null,
            "place": null,
            "in_reply_to_user_id": null,
            "in_reply_to_status_id_str": null,
            "retweeted": false,
            "lang": "en",
            "retweet_count": 2
        },
        {
            "id": 801761032574222336,
            "in_reply_to_status_id": null,
            "source": "<a href=\"https://about.twitter.com/products/tweetdeck\" rel=\"nofollow\">TweetDeck</a>",
            "in_reply_to_screen_name": null,
            "favorite_count": 0,
            "entities": {
                "hashtags": [],
                "symbols": [],
                "urls": [
                    {
                        "indices": [
                            56,
                            79
                        ],
                        "expanded_url": "http://hrld.us/2gkxx88",
                        "url": "https://t.co/HaTA10L7kF",
                        "display_url": "hrld.us/2gkxx88"
                    }
                ],
                "media": [
                    {
                        "id": 801753584039825409,
                        "media_url": "http://pbs.twimg.com/media/CyBmowYXEAE7OOQ.jpg",
                        "expanded_url": "https://twitter.com/MiamiHerald/status/801761032574222336/photo/1",
                        "media_url_https": "https://pbs.twimg.com/media/CyBmowYXEAE7OOQ.jpg",
                        "url": "https://t.co/U9jhXE4USE",
                        "indices": [
                            80,
                            103
                        ],
                        "sizes": {
                            "large": {
                                "resize": "fit",
                                "h": 662,
                                "w": 960
                            },
                            "thumb": {
                                "resize": "crop",
                                "h": 150,
                                "w": 150
                            },
                            "small": {
                                "resize": "fit",
                                "h": 469,
                                "w": 680
                            },
                            "medium": {
                                "resize": "fit",
                                "h": 662,
                                "w": 960
                            }
                        },
                        "type": "photo",
                        "display_url": "pic.twitter.com/U9jhXE4USE",
                        "id_str": "801753584039825409"
                    }
                ],
                "user_mentions": []
            },
            "text": "In Thanksgiving pause, Trump calls for national healing https://t.co/HaTA10L7kF https://t.co/U9jhXE4USE",
            "metadata": {
                "result_type": "recent",
                "iso_language_code": "en"
            },
            "user": {
                "id": 14085040,
                "utc_offset": -18000,
                "profile_banner_url": "https://pbs.twimg.com/profile_banners/14085040/1401331083",
                "listed_count": 5553,
                "followers_count": 308952,
                "verified": true,
                "profile_background_tile": false,
                "contributors_enabled": false,
                "is_translation_enabled": false,
                "entities": {
                    "description": {
                        "urls": [
                            {
                                "indices": [
                                    42,
                                    65
                                ],
                                "expanded_url": "http://hrld.us/instagram",
                                "url": "https://t.co/EBuss8QhEl",
                                "display_url": "hrld.us/instagram"
                            },
                            {
                                "indices": [
                                    76,
                                    99
                                ],
                                "expanded_url": "http://hrld.us/facebook",
                                "url": "https://t.co/C8sShSEs0S",
                                "display_url": "hrld.us/facebook"
                            }
                        ]
                    },
                    "url": {
                        "urls": [
                            {
                                "indices": [
                                    0,
                                    22
                                ],
                                "expanded_url": "http://www.miamiherald.com",
                                "url": "http://t.co/6KpRmDdPe2",
                                "display_url": "miamiherald.com"
                            }
                        ]
                    }
                },
                "location": "Miami, FL",
                "screen_name": "MiamiHerald",
                "notifications": false,
                "following": false,
                "favourites_count": 287,
                "profile_use_background_image": true,
                "protected": false,
                "time_zone": "Eastern Time (US & Canada)",
                "profile_background_image_url_https": "https://pbs.twimg.com/profile_background_images/378800000013900789/a5a81b70f38bf7124af93439787031d0.jpeg",
                "profile_text_color": "333333",
                "follow_request_sent": false,
                "description": "The news. Every day. Your way.\nInstagram: https://t.co/EBuss8QhEl\nFacebook: https://t.co/C8sShSEs0S\nSnapchat: miamiherald",
                "statuses_count": 128319,
                "profile_image_url": "http://pbs.twimg.com/profile_images/528285037498609664/JCw0pEvY_normal.jpeg",
                "created_at": "Wed Mar 05 21:04:05 +0000 2008",
                "default_profile": false,
                "profile_sidebar_border_color": "FFFFFF",
                "friends_count": 804,
                "profile_background_image_url": "http://pbs.twimg.com/profile_background_images/378800000013900789/a5a81b70f38bf7124af93439787031d0.jpeg",
                "name": "Miami Herald",
                "default_profile_image": false,
                "profile_sidebar_fill_color": "EBECED",
                "profile_image_url_https": "https://pbs.twimg.com/profile_images/528285037498609664/JCw0pEvY_normal.jpeg",
                "has_extended_profile": false,
                "url": "http://t.co/6KpRmDdPe2",
                "is_translator": false,
                "profile_background_color": "FFFFFF",
                "profile_link_color": "0060AF",
                "geo_enabled": true,
                "lang": "en",
                "translator_type": "none",
                "id_str": "14085040"
            },
            "possibly_sensitive": false,
            "in_reply_to_user_id_str": null,
            "is_quote_status": false,
            "geo": null,
            "created_at": "Thu Nov 24 12:15:00 +0000 2016",
            "id_str": "801761032574222336",
            "coordinates": null,
            "favorited": false,
            "truncated": false,
            "extended_entities": {
                "media": [
                    {
                        "id": 801753584039825409,
                        "media_url": "http://pbs.twimg.com/media/CyBmowYXEAE7OOQ.jpg",
                        "expanded_url": "https://twitter.com/MiamiHerald/status/801761032574222336/photo/1",
                        "media_url_https": "https://pbs.twimg.com/media/CyBmowYXEAE7OOQ.jpg",
                        "url": "https://t.co/U9jhXE4USE",
                        "indices": [
                            80,
                            103
                        ],
                        "sizes": {
                            "large": {
                                "resize": "fit",
                                "h": 662,
                                "w": 960
                            },
                            "thumb": {
                                "resize": "crop",
                                "h": 150,
                                "w": 150
                            },
                            "small": {
                                "resize": "fit",
                                "h": 469,
                                "w": 680
                            },
                            "medium": {
                                "resize": "fit",
                                "h": 662,
                                "w": 960
                            }
                        },
                        "type": "photo",
                        "display_url": "pic.twitter.com/U9jhXE4USE",
                        "id_str": "801753584039825409"
                    }
                ]
            },
            "contributors": null,
            "place": null,
            "in_reply_to_user_id": null,
            "in_reply_to_status_id_str": null,
            "retweeted": false,
            "lang": "en",
            "retweet_count": 0
        },
        {
            "id": 801754490164707328,
            "in_reply_to_status_id": null,
            "source": "<a href=\"https://about.twitter.com/products/tweetdeck\" rel=\"nofollow\">TweetDeck</a>",
            "in_reply_to_screen_name": null,
            "favorite_count": 3,
            "entities": {
                "hashtags": [],
                "symbols": [],
                "urls": [
                    {
                        "indices": [
                            78,
                            101
                        ],
                        "expanded_url": "http://hrld.us/2giYpWa",
                        "url": "https://t.co/DB4ufK8ayh",
                        "display_url": "hrld.us/2giYpWa"
                    }
                ],
                "media": [
                    {
                        "id": 801749643512205312,
                        "media_url": "http://pbs.twimg.com/media/CyBjDYxXUAAdMHp.jpg",
                        "expanded_url": "https://twitter.com/MiamiHerald/status/801754490164707328/photo/1",
                        "media_url_https": "https://pbs.twimg.com/media/CyBjDYxXUAAdMHp.jpg",
                        "url": "https://t.co/8kH9Tslvn0",
                        "indices": [
                            102,
                            125
                        ],
                        "sizes": {
                            "large": {
                                "resize": "fit",
                                "h": 658,
                                "w": 960
                            },
                            "thumb": {
                                "resize": "crop",
                                "h": 150,
                                "w": 150
                            },
                            "small": {
                                "resize": "fit",
                                "h": 466,
                                "w": 680
                            },
                            "medium": {
                                "resize": "fit",
                                "h": 658,
                                "w": 960
                            }
                        },
                        "type": "photo",
                        "display_url": "pic.twitter.com/8kH9Tslvn0",
                        "id_str": "801749643512205312"
                    }
                ],
                "user_mentions": []
            },
            "text": "Since election, Trump has turned away all but two daily intelligence brie\ufb01ngs https://t.co/DB4ufK8ayh https://t.co/8kH9Tslvn0",
            "metadata": {
                "result_type": "recent",
                "iso_language_code": "en"
            },
            "user": {
                "id": 14085040,
                "utc_offset": -18000,
                "profile_banner_url": "https://pbs.twimg.com/profile_banners/14085040/1401331083",
                "listed_count": 5553,
                "followers_count": 308952,
                "verified": true,
                "profile_background_tile": false,
                "contributors_enabled": false,
                "is_translation_enabled": false,
                "entities": {
                    "description": {
                        "urls": [
                            {
                                "indices": [
                                    42,
                                    65
                                ],
                                "expanded_url": "http://hrld.us/instagram",
                                "url": "https://t.co/EBuss8QhEl",
                                "display_url": "hrld.us/instagram"
                            },
                            {
                                "indices": [
                                    76,
                                    99
                                ],
                                "expanded_url": "http://hrld.us/facebook",
                                "url": "https://t.co/C8sShSEs0S",
                                "display_url": "hrld.us/facebook"
                            }
                        ]
                    },
                    "url": {
                        "urls": [
                            {
                                "indices": [
                                    0,
                                    22
                                ],
                                "expanded_url": "http://www.miamiherald.com",
                                "url": "http://t.co/6KpRmDdPe2",
                                "display_url": "miamiherald.com"
                            }
                        ]
                    }
                },
                "location": "Miami, FL",
                "screen_name": "MiamiHerald",
                "notifications": false,
                "following": false,
                "favourites_count": 287,
                "profile_use_background_image": true,
                "protected": false,
                "time_zone": "Eastern Time (US & Canada)",
                "profile_background_image_url_https": "https://pbs.twimg.com/profile_background_images/378800000013900789/a5a81b70f38bf7124af93439787031d0.jpeg",
                "profile_text_color": "333333",
                "follow_request_sent": false,
                "description": "The news. Every day. Your way.\nInstagram: https://t.co/EBuss8QhEl\nFacebook: https://t.co/C8sShSEs0S\nSnapchat: miamiherald",
                "statuses_count": 128319,
                "profile_image_url": "http://pbs.twimg.com/profile_images/528285037498609664/JCw0pEvY_normal.jpeg",
                "created_at": "Wed Mar 05 21:04:05 +0000 2008",
                "default_profile": false,
                "profile_sidebar_border_color": "FFFFFF",
                "friends_count": 804,
                "profile_background_image_url": "http://pbs.twimg.com/profile_background_images/378800000013900789/a5a81b70f38bf7124af93439787031d0.jpeg",
                "name": "Miami Herald",
                "default_profile_image": false,
                "profile_sidebar_fill_color": "EBECED",
                "profile_image_url_https": "https://pbs.twimg.com/profile_images/528285037498609664/JCw0pEvY_normal.jpeg",
                "has_extended_profile": false,
                "url": "http://t.co/6KpRmDdPe2",
                "is_translator": false,
                "profile_background_color": "FFFFFF",
                "profile_link_color": "0060AF",
                "geo_enabled": true,
                "lang": "en",
                "translator_type": "none",
                "id_str": "14085040"
            },
            "possibly_sensitive": false,
            "in_reply_to_user_id_str": null,
            "is_quote_status": false,
            "geo": null,
            "created_at": "Thu Nov 24 11:49:00 +0000 2016",
            "id_str": "801754490164707328",
            "coordinates": null,
            "favorited": false,
            "truncated": false,
            "extended_entities": {
                "media": [
                    {
                        "id": 801749643512205312,
                        "media_url": "http://pbs.twimg.com/media/CyBjDYxXUAAdMHp.jpg",
                        "expanded_url": "https://twitter.com/MiamiHerald/status/801754490164707328/photo/1",
                        "media_url_https": "https://pbs.twimg.com/media/CyBjDYxXUAAdMHp.jpg",
                        "url": "https://t.co/8kH9Tslvn0",
                        "indices": [
                            102,
                            125
                        ],
                        "sizes": {
                            "large": {
                                "resize": "fit",
                                "h": 658,
                                "w": 960
                            },
                            "thumb": {
                                "resize": "crop",
                                "h": 150,
                                "w": 150
                            },
                            "small": {
                                "resize": "fit",
                                "h": 466,
                                "w": 680
                            },
                            "medium": {
                                "resize": "fit",
                                "h": 658,
                                "w": 960
                            }
                        },
                        "type": "photo",
                        "display_url": "pic.twitter.com/8kH9Tslvn0",
                        "id_str": "801749643512205312"
                    }
                ]
            },
            "contributors": null,
            "place": null,
            "in_reply_to_user_id": null,
            "in_reply_to_status_id_str": null,
            "retweeted": false,
            "lang": "en",
            "retweet_count": 7
        },
        {
            "id": 801595079383203842,
            "in_reply_to_status_id": null,
            "source": "<a href=\"https://about.twitter.com/products/tweetdeck\" rel=\"nofollow\">TweetDeck</a>",
            "in_reply_to_screen_name": null,
            "favorite_count": 6,
            "entities": {
                "hashtags": [],
                "symbols": [],
                "urls": [
                    {
                        "indices": [
                            85,
                            108
                        ],
                        "expanded_url": "http://hrld.us/2giYpWa",
                        "url": "https://t.co/DB4ufK8ayh",
                        "display_url": "hrld.us/2giYpWa"
                    }
                ],
                "media": [
                    {
                        "id": 801595070302535688,
                        "media_url": "http://pbs.twimg.com/media/Cx_WeCsWQAguGC0.jpg",
                        "expanded_url": "https://twitter.com/MiamiHerald/status/801595079383203842/photo/1",
                        "media_url_https": "https://pbs.twimg.com/media/Cx_WeCsWQAguGC0.jpg",
                        "url": "https://t.co/R8189QFYLv",
                        "indices": [
                            109,
                            132
                        ],
                        "sizes": {
                            "large": {
                                "resize": "fit",
                                "h": 658,
                                "w": 960
                            },
                            "thumb": {
                                "resize": "crop",
                                "h": 150,
                                "w": 150
                            },
                            "small": {
                                "resize": "fit",
                                "h": 466,
                                "w": 680
                            },
                            "medium": {
                                "resize": "fit",
                                "h": 658,
                                "w": 960
                            }
                        },
                        "type": "photo",
                        "display_url": "pic.twitter.com/R8189QFYLv",
                        "id_str": "801595070302535688"
                    }
                ],
                "user_mentions": []
            },
            "text": "Since election, Donald Trump has turned away all but two daily intelligence brie\ufb01ngs https://t.co/DB4ufK8ayh https://t.co/R8189QFYLv",
            "metadata": {
                "result_type": "recent",
                "iso_language_code": "en"
            },
            "user": {
                "id": 14085040,
                "utc_offset": -18000,
                "profile_banner_url": "https://pbs.twimg.com/profile_banners/14085040/1401331083",
                "listed_count": 5553,
                "followers_count": 308952,
                "verified": true,
                "profile_background_tile": false,
                "contributors_enabled": false,
                "is_translation_enabled": false,
                "entities": {
                    "description": {
                        "urls": [
                            {
                                "indices": [
                                    42,
                                    65
                                ],
                                "expanded_url": "http://hrld.us/instagram",
                                "url": "https://t.co/EBuss8QhEl",
                                "display_url": "hrld.us/instagram"
                            },
                            {
                                "indices": [
                                    76,
                                    99
                                ],
                                "expanded_url": "http://hrld.us/facebook",
                                "url": "https://t.co/C8sShSEs0S",
                                "display_url": "hrld.us/facebook"
                            }
                        ]
                    },
                    "url": {
                        "urls": [
                            {
                                "indices": [
                                    0,
                                    22
                                ],
                                "expanded_url": "http://www.miamiherald.com",
                                "url": "http://t.co/6KpRmDdPe2",
                                "display_url": "miamiherald.com"
                            }
                        ]
                    }
                },
                "location": "Miami, FL",
                "screen_name": "MiamiHerald",
                "notifications": false,
                "following": false,
                "favourites_count": 287,
                "profile_use_background_image": true,
                "protected": false,
                "time_zone": "Eastern Time (US & Canada)",
                "profile_background_image_url_https": "https://pbs.twimg.com/profile_background_images/378800000013900789/a5a81b70f38bf7124af93439787031d0.jpeg",
                "profile_text_color": "333333",
                "follow_request_sent": false,
                "description": "The news. Every day. Your way.\nInstagram: https://t.co/EBuss8QhEl\nFacebook: https://t.co/C8sShSEs0S\nSnapchat: miamiherald",
                "statuses_count": 128319,
                "profile_image_url": "http://pbs.twimg.com/profile_images/528285037498609664/JCw0pEvY_normal.jpeg",
                "created_at": "Wed Mar 05 21:04:05 +0000 2008",
                "default_profile": false,
                "profile_sidebar_border_color": "FFFFFF",
                "friends_count": 804,
                "profile_background_image_url": "http://pbs.twimg.com/profile_background_images/378800000013900789/a5a81b70f38bf7124af93439787031d0.jpeg",
                "name": "Miami Herald",
                "default_profile_image": false,
                "profile_sidebar_fill_color": "EBECED",
                "profile_image_url_https": "https://pbs.twimg.com/profile_images/528285037498609664/JCw0pEvY_normal.jpeg",
                "has_extended_profile": false,
                "url": "http://t.co/6KpRmDdPe2",
                "is_translator": false,
                "profile_background_color": "FFFFFF",
                "profile_link_color": "0060AF",
                "geo_enabled": true,
                "lang": "en",
                "translator_type": "none",
                "id_str": "14085040"
            },
            "possibly_sensitive": false,
            "in_reply_to_user_id_str": null,
            "is_quote_status": false,
            "geo": null,
            "created_at": "Thu Nov 24 01:15:34 +0000 2016",
            "id_str": "801595079383203842",
            "coordinates": null,
            "favorited": false,
            "truncated": false,
            "extended_entities": {
                "media": [
                    {
                        "id": 801595070302535688,
                        "media_url": "http://pbs.twimg.com/media/Cx_WeCsWQAguGC0.jpg",
                        "expanded_url": "https://twitter.com/MiamiHerald/status/801595079383203842/photo/1",
                        "media_url_https": "https://pbs.twimg.com/media/Cx_WeCsWQAguGC0.jpg",
                        "url": "https://t.co/R8189QFYLv",
                        "indices": [
                            109,
                            132
                        ],
                        "sizes": {
                            "large": {
                                "resize": "fit",
                                "h": 658,
                                "w": 960
                            },
                            "thumb": {
                                "resize": "crop",
                                "h": 150,
                                "w": 150
                            },
                            "small": {
                                "resize": "fit",
                                "h": 466,
                                "w": 680
                            },
                            "medium": {
                                "resize": "fit",
                                "h": 658,
                                "w": 960
                            }
                        },
                        "type": "photo",
                        "display_url": "pic.twitter.com/R8189QFYLv",
                        "id_str": "801595070302535688"
                    }
                ]
            },
            "contributors": null,
            "place": null,
            "in_reply_to_user_id": null,
            "in_reply_to_status_id_str": null,
            "retweeted": false,
            "lang": "en",
            "retweet_count": 9
        }
    ],
    "search_metadata": {
        "max_id_str": "801780159565025280",
        "completed_in": 0.025,
        "refresh_url": "?since_id=801780159565025280&q=Trump%20from%3AMiamiHerald%20since%3A2016-11-24%20until%3A2016-11-25%20filter%3Alinks%20-%40MiamiHerald&include_entities=1",
        "max_id": 801780159565025280,
        "query": "Trump+from%3AMiamiHerald+since%3A2016-11-24+until%3A2016-11-25+filter%3Alinks+-%40MiamiHerald",
        "since_id_str": "0",
        "since_id": 0,
        "count": 100
    }
}