{
    "statuses": [],
    "search_metadata": {
        "max_id_str": "803055212726538241",
        "completed_in": 0.014,
        "refresh_url": "?since_id=803055212726538241&q=Trump%20from%3AMidWeekHawaii%20since%3A2016-11-24%20until%3A2016-11-25%20filter%3Alinks%20-%40MidWeekHawaii&include_entities=1",
        "max_id": 803055212726538241,
        "query": "Trump+from%3AMidWeekHawaii+since%3A2016-11-24+until%3A2016-11-25+filter%3Alinks+-%40MidWeekHawaii",
        "since_id_str": "0",
        "since_id": 0,
        "count": 100
    }
}