{
    "statuses": [],
    "search_metadata": {
        "max_id_str": "803055207500238848",
        "completed_in": 0.017,
        "refresh_url": "?since_id=803055207500238848&q=Trump%20from%3ANewsWilmington%20since%3A2016-11-24%20until%3A2016-11-25%20filter%3Alinks%20-%40NewsWilmington&include_entities=1",
        "max_id": 803055207500238848,
        "query": "Trump+from%3ANewsWilmington+since%3A2016-11-24+until%3A2016-11-25+filter%3Alinks+-%40NewsWilmington",
        "since_id_str": "0",
        "since_id": 0,
        "count": 100
    }
}