{
    "statuses": [],
    "search_metadata": {
        "max_id_str": "803055226102030340",
        "completed_in": 0.038,
        "refresh_url": "?since_id=803055226102030340&q=Trump%20from%3APortlandPhoenix%20since%3A2016-11-24%20until%3A2016-11-25%20filter%3Alinks%20-%40PortlandPhoenix&include_entities=1",
        "max_id": 803055226102030340,
        "query": "Trump+from%3APortlandPhoenix+since%3A2016-11-24+until%3A2016-11-25+filter%3Alinks+-%40PortlandPhoenix",
        "since_id_str": "0",
        "since_id": 0,
        "count": 100
    }
}