{
    "search_metadata": {
        "query": "Trump+from%3Astltoday+since%3A2016-11-24+until%3A2016-11-25+filter%3Alinks+-%40stltoday",
        "max_id_str": "801842471126712320",
        "max_id": 801842471126712320,
        "completed_in": 0.063,
        "since_id": 0,
        "refresh_url": "?since_id=801842471126712320&q=Trump%20from%3Astltoday%20since%3A2016-11-24%20until%3A2016-11-25%20filter%3Alinks%20-%40stltoday&include_entities=1",
        "count": 100,
        "since_id_str": "0"
    },
    "statuses": [
        {
            "created_at": "Thu Nov 24 17:38:37 +0000 2016",
            "contributors": null,
            "id": 801842471126712320,
            "extended_entities": {
                "media": [
                    {
                        "media_url_https": "https://pbs.twimg.com/media/CyC3eeqUoAAQJdS.jpg",
                        "display_url": "pic.twitter.com/ybjZZztkfM",
                        "expanded_url": "https://twitter.com/stltoday/status/801842471126712320/photo/1",
                        "media_url": "http://pbs.twimg.com/media/CyC3eeqUoAAQJdS.jpg",
                        "indices": [
                            102,
                            125
                        ],
                        "id_str": "801842467926482944",
                        "id": 801842467926482944,
                        "sizes": {
                            "large": {
                                "h": 353,
                                "resize": "fit",
                                "w": 471
                            },
                            "small": {
                                "h": 353,
                                "resize": "fit",
                                "w": 471
                            },
                            "thumb": {
                                "h": 150,
                                "resize": "crop",
                                "w": 150
                            },
                            "medium": {
                                "h": 353,
                                "resize": "fit",
                                "w": 471
                            }
                        },
                        "url": "https://t.co/ybjZZztkfM",
                        "type": "photo"
                    }
                ]
            },
            "entities": {
                "urls": [
                    {
                        "url": "https://t.co/XfUktCALaG",
                        "indices": [
                            78,
                            101
                        ],
                        "expanded_url": "http://www.stltoday.com/news/national/govt-and-politics/trump-expected-to-tap-billionaire-investor-wilbur-ross-for-commerce/article_7ead22e0-d130-50e7-9db7-510f4ed8c912.html?utm_source=dlvr.it&utm_medium=twitter",
                        "display_url": "stltoday.com/news/national/\u2026"
                    }
                ],
                "hashtags": [],
                "media": [
                    {
                        "media_url_https": "https://pbs.twimg.com/media/CyC3eeqUoAAQJdS.jpg",
                        "display_url": "pic.twitter.com/ybjZZztkfM",
                        "expanded_url": "https://twitter.com/stltoday/status/801842471126712320/photo/1",
                        "media_url": "http://pbs.twimg.com/media/CyC3eeqUoAAQJdS.jpg",
                        "indices": [
                            102,
                            125
                        ],
                        "id_str": "801842467926482944",
                        "id": 801842467926482944,
                        "sizes": {
                            "large": {
                                "h": 353,
                                "resize": "fit",
                                "w": 471
                            },
                            "small": {
                                "h": 353,
                                "resize": "fit",
                                "w": 471
                            },
                            "thumb": {
                                "h": 150,
                                "resize": "crop",
                                "w": 150
                            },
                            "medium": {
                                "h": 353,
                                "resize": "fit",
                                "w": 471
                            }
                        },
                        "url": "https://t.co/ybjZZztkfM",
                        "type": "photo"
                    }
                ],
                "symbols": [],
                "user_mentions": []
            },
            "in_reply_to_status_id_str": null,
            "text": "Trump expected to tap billionaire investor Wilbur Ross for commerce secretary https://t.co/XfUktCALaG https://t.co/ybjZZztkfM",
            "metadata": {
                "iso_language_code": "en",
                "result_type": "recent"
            },
            "truncated": false,
            "in_reply_to_screen_name": null,
            "favorite_count": 2,
            "in_reply_to_user_id": null,
            "favorited": false,
            "in_reply_to_user_id_str": null,
            "in_reply_to_status_id": null,
            "source": "<a href=\"http://dlvr.it\" rel=\"nofollow\">dlvr.it</a>",
            "is_quote_status": false,
            "geo": null,
            "user": {
                "created_at": "Mon May 14 17:51:34 +0000 2007",
                "profile_banner_url": "https://pbs.twimg.com/profile_banners/6039302/1414685197",
                "contributors_enabled": false,
                "default_profile_image": false,
                "screen_name": "stltoday",
                "profile_background_image_url": "http://pbs.twimg.com/profile_background_images/120432356/twitter-stltodayMain.jpg",
                "id": 6039302,
                "default_profile": false,
                "profile_background_tile": false,
                "name": "STLtoday",
                "statuses_count": 114661,
                "listed_count": 2469,
                "entities": {
                    "url": {
                        "urls": [
                            {
                                "url": "http://t.co/Z1ZQ0mDZMD",
                                "indices": [
                                    0,
                                    22
                                ],
                                "expanded_url": "http://www.stltoday.com",
                                "display_url": "stltoday.com"
                            }
                        ]
                    },
                    "description": {
                        "urls": []
                    }
                },
                "protected": false,
                "profile_image_url_https": "https://pbs.twimg.com/profile_images/766662678819373056/G64e6PTO_normal.jpg",
                "profile_background_image_url_https": "https://pbs.twimg.com/profile_background_images/120432356/twitter-stltodayMain.jpg",
                "friends_count": 130,
                "profile_text_color": "000000",
                "id_str": "6039302",
                "verified": true,
                "utc_offset": -21600,
                "profile_use_background_image": false,
                "geo_enabled": false,
                "favourites_count": 1383,
                "time_zone": "Central Time (US & Canada)",
                "description": "St. Louis Post-Dispatch news, sports, business, features, blogs, photos and video. @Weatherbird is the Twitter ambassador for the P-D.",
                "follow_request_sent": false,
                "notifications": false,
                "has_extended_profile": false,
                "profile_image_url": "http://pbs.twimg.com/profile_images/766662678819373056/G64e6PTO_normal.jpg",
                "is_translation_enabled": false,
                "followers_count": 170404,
                "profile_sidebar_fill_color": "FFFFFF",
                "following": false,
                "is_translator": false,
                "profile_sidebar_border_color": "000000",
                "translator_type": "none",
                "url": "http://t.co/Z1ZQ0mDZMD",
                "location": "St. Louis, Mo.",
                "profile_link_color": "990000",
                "profile_background_color": "990000",
                "lang": "en"
            },
            "retweet_count": 0,
            "place": null,
            "retweeted": false,
            "coordinates": null,
            "possibly_sensitive": false,
            "lang": "en",
            "id_str": "801842471126712320"
        },
        {
            "created_at": "Thu Nov 24 06:23:35 +0000 2016",
            "contributors": null,
            "id": 801672592604073984,
            "extended_entities": {
                "media": [
                    {
                        "media_url_https": "https://pbs.twimg.com/media/CyAc-Q5VQAAs4ZQ.jpg",
                        "display_url": "pic.twitter.com/J91d0oBXLP",
                        "expanded_url": "https://twitter.com/stltoday/status/801672592604073984/photo/1",
                        "media_url": "http://pbs.twimg.com/media/CyAc-Q5VQAAs4ZQ.jpg",
                        "indices": [
                            86,
                            109
                        ],
                        "id_str": "801672589684850688",
                        "id": 801672589684850688,
                        "sizes": {
                            "large": {
                                "h": 357,
                                "resize": "fit",
                                "w": 476
                            },
                            "small": {
                                "h": 357,
                                "resize": "fit",
                                "w": 476
                            },
                            "thumb": {
                                "h": 150,
                                "resize": "crop",
                                "w": 150
                            },
                            "medium": {
                                "h": 357,
                                "resize": "fit",
                                "w": 476
                            }
                        },
                        "url": "https://t.co/J91d0oBXLP",
                        "type": "photo"
                    }
                ]
            },
            "entities": {
                "urls": [
                    {
                        "url": "https://t.co/yTRXX38e8J",
                        "indices": [
                            62,
                            85
                        ],
                        "expanded_url": "http://www.stltoday.com/news/national/govt-and-politics/donald-trump-calls-for-american-unity-in-thanksgiving-message/html_ddbb3017-1905-5976-8da4-501f93870e84.html?utm_source=dlvr.it&utm_medium=twitter",
                        "display_url": "stltoday.com/news/national/\u2026"
                    }
                ],
                "hashtags": [],
                "media": [
                    {
                        "media_url_https": "https://pbs.twimg.com/media/CyAc-Q5VQAAs4ZQ.jpg",
                        "display_url": "pic.twitter.com/J91d0oBXLP",
                        "expanded_url": "https://twitter.com/stltoday/status/801672592604073984/photo/1",
                        "media_url": "http://pbs.twimg.com/media/CyAc-Q5VQAAs4ZQ.jpg",
                        "indices": [
                            86,
                            109
                        ],
                        "id_str": "801672589684850688",
                        "id": 801672589684850688,
                        "sizes": {
                            "large": {
                                "h": 357,
                                "resize": "fit",
                                "w": 476
                            },
                            "small": {
                                "h": 357,
                                "resize": "fit",
                                "w": 476
                            },
                            "thumb": {
                                "h": 150,
                                "resize": "crop",
                                "w": 150
                            },
                            "medium": {
                                "h": 357,
                                "resize": "fit",
                                "w": 476
                            }
                        },
                        "url": "https://t.co/J91d0oBXLP",
                        "type": "photo"
                    }
                ],
                "symbols": [],
                "user_mentions": []
            },
            "in_reply_to_status_id_str": null,
            "text": "Donald Trump Calls for American Unity in Thanksgiving Message https://t.co/yTRXX38e8J https://t.co/J91d0oBXLP",
            "metadata": {
                "iso_language_code": "en",
                "result_type": "recent"
            },
            "truncated": false,
            "in_reply_to_screen_name": null,
            "favorite_count": 4,
            "in_reply_to_user_id": null,
            "favorited": false,
            "in_reply_to_user_id_str": null,
            "in_reply_to_status_id": null,
            "source": "<a href=\"http://dlvr.it\" rel=\"nofollow\">dlvr.it</a>",
            "is_quote_status": false,
            "geo": null,
            "user": {
                "created_at": "Mon May 14 17:51:34 +0000 2007",
                "profile_banner_url": "https://pbs.twimg.com/profile_banners/6039302/1414685197",
                "contributors_enabled": false,
                "default_profile_image": false,
                "screen_name": "stltoday",
                "profile_background_image_url": "http://pbs.twimg.com/profile_background_images/120432356/twitter-stltodayMain.jpg",
                "id": 6039302,
                "default_profile": false,
                "profile_background_tile": false,
                "name": "STLtoday",
                "statuses_count": 114661,
                "listed_count": 2469,
                "entities": {
                    "url": {
                        "urls": [
                            {
                                "url": "http://t.co/Z1ZQ0mDZMD",
                                "indices": [
                                    0,
                                    22
                                ],
                                "expanded_url": "http://www.stltoday.com",
                                "display_url": "stltoday.com"
                            }
                        ]
                    },
                    "description": {
                        "urls": []
                    }
                },
                "protected": false,
                "profile_image_url_https": "https://pbs.twimg.com/profile_images/766662678819373056/G64e6PTO_normal.jpg",
                "profile_background_image_url_https": "https://pbs.twimg.com/profile_background_images/120432356/twitter-stltodayMain.jpg",
                "friends_count": 130,
                "profile_text_color": "000000",
                "id_str": "6039302",
                "verified": true,
                "utc_offset": -21600,
                "profile_use_background_image": false,
                "geo_enabled": false,
                "favourites_count": 1383,
                "time_zone": "Central Time (US & Canada)",
                "description": "St. Louis Post-Dispatch news, sports, business, features, blogs, photos and video. @Weatherbird is the Twitter ambassador for the P-D.",
                "follow_request_sent": false,
                "notifications": false,
                "has_extended_profile": false,
                "profile_image_url": "http://pbs.twimg.com/profile_images/766662678819373056/G64e6PTO_normal.jpg",
                "is_translation_enabled": false,
                "followers_count": 170404,
                "profile_sidebar_fill_color": "FFFFFF",
                "following": false,
                "is_translator": false,
                "profile_sidebar_border_color": "000000",
                "translator_type": "none",
                "url": "http://t.co/Z1ZQ0mDZMD",
                "location": "St. Louis, Mo.",
                "profile_link_color": "990000",
                "profile_background_color": "990000",
                "lang": "en"
            },
            "retweet_count": 2,
            "place": null,
            "retweeted": false,
            "coordinates": null,
            "possibly_sensitive": false,
            "lang": "en",
            "id_str": "801672592604073984"
        },
        {
            "created_at": "Thu Nov 24 04:59:07 +0000 2016",
            "contributors": null,
            "id": 801651335594545152,
            "entities": {
                "urls": [
                    {
                        "url": "https://t.co/mJ1pvlpErt",
                        "indices": [
                            61,
                            84
                        ],
                        "expanded_url": "http://www.stltoday.com/news/national/trump-nominates-two-prominent-gop-women-for-high-level-posts/article_25f4d9fd-efd7-5a63-8cce-1cc5183ec509.html?utm_source=dlvr.it&utm_medium=twitter",
                        "display_url": "stltoday.com/news/national/\u2026"
                    }
                ],
                "hashtags": [],
                "symbols": [],
                "user_mentions": []
            },
            "in_reply_to_status_id_str": null,
            "text": "Trump nominates two prominent GOP women for high-level posts https://t.co/mJ1pvlpErt",
            "metadata": {
                "iso_language_code": "en",
                "result_type": "recent"
            },
            "truncated": false,
            "in_reply_to_screen_name": null,
            "favorite_count": 3,
            "in_reply_to_user_id": null,
            "favorited": false,
            "in_reply_to_user_id_str": null,
            "in_reply_to_status_id": null,
            "source": "<a href=\"http://dlvr.it\" rel=\"nofollow\">dlvr.it</a>",
            "is_quote_status": false,
            "place": null,
            "user": {
                "created_at": "Mon May 14 17:51:34 +0000 2007",
                "profile_banner_url": "https://pbs.twimg.com/profile_banners/6039302/1414685197",
                "contributors_enabled": false,
                "default_profile_image": false,
                "screen_name": "stltoday",
                "profile_background_image_url": "http://pbs.twimg.com/profile_background_images/120432356/twitter-stltodayMain.jpg",
                "id": 6039302,
                "default_profile": false,
                "profile_background_tile": false,
                "name": "STLtoday",
                "statuses_count": 114661,
                "listed_count": 2469,
                "entities": {
                    "url": {
                        "urls": [
                            {
                                "url": "http://t.co/Z1ZQ0mDZMD",
                                "indices": [
                                    0,
                                    22
                                ],
                                "expanded_url": "http://www.stltoday.com",
                                "display_url": "stltoday.com"
                            }
                        ]
                    },
                    "description": {
                        "urls": []
                    }
                },
                "protected": false,
                "profile_image_url_https": "https://pbs.twimg.com/profile_images/766662678819373056/G64e6PTO_normal.jpg",
                "profile_background_image_url_https": "https://pbs.twimg.com/profile_background_images/120432356/twitter-stltodayMain.jpg",
                "friends_count": 130,
                "profile_text_color": "000000",
                "id_str": "6039302",
                "verified": true,
                "utc_offset": -21600,
                "profile_use_background_image": false,
                "geo_enabled": false,
                "favourites_count": 1383,
                "time_zone": "Central Time (US & Canada)",
                "description": "St. Louis Post-Dispatch news, sports, business, features, blogs, photos and video. @Weatherbird is the Twitter ambassador for the P-D.",
                "follow_request_sent": false,
                "notifications": false,
                "has_extended_profile": false,
                "profile_image_url": "http://pbs.twimg.com/profile_images/766662678819373056/G64e6PTO_normal.jpg",
                "is_translation_enabled": false,
                "followers_count": 170404,
                "profile_sidebar_fill_color": "FFFFFF",
                "following": false,
                "is_translator": false,
                "profile_sidebar_border_color": "000000",
                "translator_type": "none",
                "url": "http://t.co/Z1ZQ0mDZMD",
                "location": "St. Louis, Mo.",
                "profile_link_color": "990000",
                "profile_background_color": "990000",
                "lang": "en"
            },
            "retweet_count": 3,
            "id_str": "801651335594545152",
            "retweeted": false,
            "coordinates": null,
            "possibly_sensitive": false,
            "geo": null,
            "lang": "en"
        }
    ]
}