{
    "statuses": [
        {
            "id": 801855408252026880,
            "in_reply_to_status_id": null,
            "source": "<a href=\"https://about.twitter.com/products/tweetdeck\" rel=\"nofollow\">TweetDeck</a>",
            "in_reply_to_screen_name": null,
            "favorite_count": 0,
            "entities": {
                "hashtags": [
                    {
                        "indices": [
                            52,
                            58
                        ],
                        "text": "Maine"
                    }
                ],
                "symbols": [],
                "urls": [
                    {
                        "indices": [
                            67,
                            90
                        ],
                        "expanded_url": "http://www.sunjournal.com/news/maine/2016/11/23/donald-trump-credits-electoral-college-his-maine-rallies/2034986",
                        "url": "https://t.co/1btIZz7J0S",
                        "display_url": "sunjournal.com/news/maine/201\u2026"
                    },
                    {
                        "indices": [
                            112,
                            135
                        ],
                        "expanded_url": "https://twitter.com/i/web/status/801855408252026880",
                        "url": "https://t.co/NKJTBCdOcq",
                        "display_url": "twitter.com/i/web/status/8\u2026"
                    }
                ],
                "user_mentions": [
                    {
                        "id": 25073877,
                        "indices": [
                            1,
                            17
                        ],
                        "name": "Donald J. Trump",
                        "screen_name": "realDonaldTrump",
                        "id_str": "25073877"
                    },
                    {
                        "id": 783299724367495168,
                        "indices": [
                            95,
                            110
                        ],
                        "name": "Steve Collins",
                        "screen_name": "SteveCollinsSJ",
                        "id_str": "783299724367495168"
                    }
                ]
            },
            "text": ".@realDonaldTrump credits Electoral College for his #Maine rallies https://t.co/1btIZz7J0S via @SteveCollinsSJ\u2026 https://t.co/NKJTBCdOcq",
            "metadata": {
                "result_type": "recent",
                "iso_language_code": "en"
            },
            "user": {
                "id": 8729092,
                "utc_offset": -18000,
                "profile_banner_url": "https://pbs.twimg.com/profile_banners/8729092/1480257563",
                "listed_count": 530,
                "followers_count": 28099,
                "verified": false,
                "profile_background_tile": false,
                "contributors_enabled": false,
                "is_translation_enabled": false,
                "entities": {
                    "description": {
                        "urls": []
                    },
                    "url": {
                        "urls": [
                            {
                                "indices": [
                                    0,
                                    22
                                ],
                                "expanded_url": "http://www.sunjournal.com",
                                "url": "http://t.co/g6rua9MqV4",
                                "display_url": "sunjournal.com"
                            }
                        ]
                    }
                },
                "location": "Lewiston/Auburn, Maine",
                "screen_name": "sunjournal",
                "notifications": false,
                "following": false,
                "favourites_count": 460,
                "profile_use_background_image": true,
                "protected": false,
                "time_zone": "Eastern Time (US & Canada)",
                "profile_background_image_url_https": "https://abs.twimg.com/images/themes/theme2/bg.gif",
                "profile_text_color": "663B12",
                "follow_request_sent": false,
                "description": "News and conversations from Maine since 1847. Send breaking news: breaking@sunjournal.com",
                "statuses_count": 57357,
                "profile_image_url": "http://pbs.twimg.com/profile_images/707249051130003456/KfksyOzx_normal.jpg",
                "created_at": "Fri Sep 07 17:48:02 +0000 2007",
                "default_profile": false,
                "profile_sidebar_border_color": "C6E2EE",
                "friends_count": 2483,
                "profile_background_image_url": "http://abs.twimg.com/images/themes/theme2/bg.gif",
                "name": "Sun Journal",
                "default_profile_image": false,
                "profile_sidebar_fill_color": "DAECF4",
                "profile_image_url_https": "https://pbs.twimg.com/profile_images/707249051130003456/KfksyOzx_normal.jpg",
                "has_extended_profile": false,
                "url": "http://t.co/g6rua9MqV4",
                "is_translator": false,
                "profile_background_color": "C6E2EE",
                "profile_link_color": "1F98C7",
                "geo_enabled": true,
                "lang": "en",
                "translator_type": "none",
                "id_str": "8729092"
            },
            "possibly_sensitive": false,
            "in_reply_to_user_id_str": null,
            "geo": null,
            "created_at": "Thu Nov 24 18:30:01 +0000 2016",
            "id_str": "801855408252026880",
            "coordinates": null,
            "favorited": false,
            "truncated": true,
            "is_quote_status": false,
            "contributors": null,
            "place": null,
            "in_reply_to_user_id": null,
            "in_reply_to_status_id_str": null,
            "retweeted": false,
            "lang": "en",
            "retweet_count": 2
        }
    ],
    "search_metadata": {
        "max_id_str": "801855408252026880",
        "completed_in": 0.025,
        "refresh_url": "?since_id=801855408252026880&q=Trump%20from%3Asunjournal%20since%3A2016-11-24%20until%3A2016-11-25%20filter%3Alinks%20-%40sunjournal&include_entities=1",
        "max_id": 801855408252026880,
        "query": "Trump+from%3Asunjournal+since%3A2016-11-24+until%3A2016-11-25+filter%3Alinks+-%40sunjournal",
        "since_id_str": "0",
        "since_id": 0,
        "count": 100
    }
}