{
    "statuses": [
        {
            "id": 801595067882422273,
            "in_reply_to_status_id": null,
            "source": "<a href=\"http://www.hootsuite.com\" rel=\"nofollow\">Hootsuite</a>",
            "in_reply_to_screen_name": null,
            "favorite_count": 0,
            "entities": {
                "hashtags": [],
                "symbols": [],
                "urls": [
                    {
                        "indices": [
                            94,
                            117
                        ],
                        "expanded_url": "http://ow.ly/tYtc306toXt",
                        "url": "https://t.co/GAzcQloeZT",
                        "display_url": "ow.ly/tYtc306toXt"
                    }
                ],
                "user_mentions": [
                    {
                        "id": 870556525,
                        "indices": [
                            3,
                            17
                        ],
                        "name": "New Orleans Advocate",
                        "screen_name": "theadvocateno",
                        "id_str": "870556525"
                    }
                ]
            },
            "text": "RT @theadvocateno: Here's how one Mandeville man helped shape Donald Trump's election victory https://t.co/GAzcQloeZT https://t.co/ldCNhbaY\u2026",
            "metadata": {
                "result_type": "recent",
                "iso_language_code": "en"
            },
            "user": {
                "id": 3983511,
                "utc_offset": -21600,
                "profile_banner_url": "https://pbs.twimg.com/profile_banners/3983511/1471736454",
                "listed_count": 864,
                "followers_count": 64907,
                "verified": true,
                "profile_background_tile": false,
                "contributors_enabled": false,
                "is_translation_enabled": false,
                "entities": {
                    "description": {
                        "urls": [
                            {
                                "indices": [
                                    109,
                                    131
                                ],
                                "expanded_url": "http://theadvocate.com",
                                "url": "http://t.co/jdm4tF8XPc",
                                "display_url": "theadvocate.com"
                            }
                        ]
                    },
                    "url": {
                        "urls": [
                            {
                                "indices": [
                                    0,
                                    22
                                ],
                                "expanded_url": "http://theadvocate.com/",
                                "url": "http://t.co/bLKAtqmwi2",
                                "display_url": "theadvocate.com"
                            }
                        ]
                    }
                },
                "location": "Baton Rouge, LA",
                "screen_name": "theadvocatebr",
                "notifications": false,
                "following": false,
                "favourites_count": 50,
                "profile_use_background_image": true,
                "protected": false,
                "time_zone": "Central Time (US & Canada)",
                "profile_background_image_url_https": "https://pbs.twimg.com/profile_background_images/681940932950765568/P91Q7-k6.jpg",
                "profile_text_color": "333333",
                "follow_request_sent": false,
                "description": "Breaking News and updates for South Louisiana and the Baton Rouge area powered by The Advocate newspaper and http://t.co/jdm4tF8XPc",
                "statuses_count": 55772,
                "profile_image_url": "http://pbs.twimg.com/profile_images/1827534749/AdvocateAppIcon_normal.jpg",
                "created_at": "Tue Apr 10 04:37:30 +0000 2007",
                "default_profile": false,
                "profile_sidebar_border_color": "FFFFFF",
                "friends_count": 384,
                "profile_background_image_url": "http://pbs.twimg.com/profile_background_images/681940932950765568/P91Q7-k6.jpg",
                "name": "The Advocate",
                "default_profile_image": false,
                "profile_sidebar_fill_color": "FAFAFA",
                "profile_image_url_https": "https://pbs.twimg.com/profile_images/1827534749/AdvocateAppIcon_normal.jpg",
                "has_extended_profile": false,
                "url": "http://t.co/bLKAtqmwi2",
                "is_translator": false,
                "profile_background_color": "BD2012",
                "profile_link_color": "731212",
                "geo_enabled": false,
                "lang": "en",
                "translator_type": "none",
                "id_str": "3983511"
            },
            "possibly_sensitive": false,
            "retweeted_status": {
                "id": 801576144353030144,
                "in_reply_to_status_id": null,
                "source": "<a href=\"http://www.hootsuite.com\" rel=\"nofollow\">Hootsuite</a>",
                "in_reply_to_screen_name": null,
                "favorite_count": 4,
                "entities": {
                    "hashtags": [],
                    "symbols": [],
                    "urls": [
                        {
                            "indices": [
                                75,
                                98
                            ],
                            "expanded_url": "http://ow.ly/tYtc306toXt",
                            "url": "https://t.co/GAzcQloeZT",
                            "display_url": "ow.ly/tYtc306toXt"
                        }
                    ],
                    "media": [
                        {
                            "id": 801576141714812928,
                            "media_url": "http://pbs.twimg.com/media/Cx_FQQNW8AA9kb2.jpg",
                            "expanded_url": "https://twitter.com/theadvocateno/status/801576144353030144/photo/1",
                            "media_url_https": "https://pbs.twimg.com/media/Cx_FQQNW8AA9kb2.jpg",
                            "url": "https://t.co/ldCNhbaYop",
                            "indices": [
                                99,
                                122
                            ],
                            "sizes": {
                                "large": {
                                    "resize": "fit",
                                    "h": 900,
                                    "w": 1200
                                },
                                "thumb": {
                                    "resize": "crop",
                                    "h": 150,
                                    "w": 150
                                },
                                "small": {
                                    "resize": "fit",
                                    "h": 510,
                                    "w": 680
                                },
                                "medium": {
                                    "resize": "fit",
                                    "h": 900,
                                    "w": 1200
                                }
                            },
                            "type": "photo",
                            "display_url": "pic.twitter.com/ldCNhbaYop",
                            "id_str": "801576141714812928"
                        }
                    ],
                    "user_mentions": []
                },
                "text": "Here's how one Mandeville man helped shape Donald Trump's election victory https://t.co/GAzcQloeZT https://t.co/ldCNhbaYop",
                "metadata": {
                    "result_type": "recent",
                    "iso_language_code": "en"
                },
                "user": {
                    "id": 870556525,
                    "utc_offset": -21600,
                    "profile_banner_url": "https://pbs.twimg.com/profile_banners/870556525/1471736653",
                    "listed_count": 461,
                    "followers_count": 24401,
                    "verified": true,
                    "profile_background_tile": false,
                    "contributors_enabled": false,
                    "is_translation_enabled": false,
                    "entities": {
                        "description": {
                            "urls": []
                        },
                        "url": {
                            "urls": [
                                {
                                    "indices": [
                                        0,
                                        22
                                    ],
                                    "expanded_url": "http://theneworleansadvocate.com/",
                                    "url": "http://t.co/40fvneb6kN",
                                    "display_url": "theneworleansadvocate.com"
                                }
                            ]
                        }
                    },
                    "location": "",
                    "screen_name": "theadvocateno",
                    "notifications": false,
                    "following": false,
                    "favourites_count": 73,
                    "profile_use_background_image": true,
                    "protected": false,
                    "time_zone": "Central Time (US & Canada)",
                    "profile_background_image_url_https": "https://pbs.twimg.com/profile_background_images/378800000144857376/G3kNP8Kz.jpeg",
                    "profile_text_color": "333333",
                    "follow_request_sent": false,
                    "description": "The Advocate has served Louisiana for more than a century and is now publishing The New Orleans Advocate daily. We tweet breaking news and updates.",
                    "statuses_count": 35260,
                    "profile_image_url": "http://pbs.twimg.com/profile_images/378800000851677766/31bebae17d02353ccc695269c8b9781e_normal.png",
                    "created_at": "Tue Oct 09 20:29:43 +0000 2012",
                    "default_profile": false,
                    "profile_sidebar_border_color": "FFFFFF",
                    "friends_count": 530,
                    "profile_background_image_url": "http://pbs.twimg.com/profile_background_images/378800000144857376/G3kNP8Kz.jpeg",
                    "name": "New Orleans Advocate",
                    "default_profile_image": false,
                    "profile_sidebar_fill_color": "DDEEF6",
                    "profile_image_url_https": "https://pbs.twimg.com/profile_images/378800000851677766/31bebae17d02353ccc695269c8b9781e_normal.png",
                    "has_extended_profile": false,
                    "url": "http://t.co/40fvneb6kN",
                    "is_translator": false,
                    "profile_background_color": "BD2012",
                    "profile_link_color": "731212",
                    "geo_enabled": true,
                    "lang": "en",
                    "translator_type": "none",
                    "id_str": "870556525"
                },
                "possibly_sensitive": false,
                "in_reply_to_user_id_str": null,
                "is_quote_status": false,
                "geo": null,
                "created_at": "Thu Nov 24 00:00:20 +0000 2016",
                "id_str": "801576144353030144",
                "coordinates": null,
                "favorited": false,
                "truncated": false,
                "extended_entities": {
                    "media": [
                        {
                            "id": 801576141714812928,
                            "media_url": "http://pbs.twimg.com/media/Cx_FQQNW8AA9kb2.jpg",
                            "expanded_url": "https://twitter.com/theadvocateno/status/801576144353030144/photo/1",
                            "media_url_https": "https://pbs.twimg.com/media/Cx_FQQNW8AA9kb2.jpg",
                            "url": "https://t.co/ldCNhbaYop",
                            "indices": [
                                99,
                                122
                            ],
                            "sizes": {
                                "large": {
                                    "resize": "fit",
                                    "h": 900,
                                    "w": 1200
                                },
                                "thumb": {
                                    "resize": "crop",
                                    "h": 150,
                                    "w": 150
                                },
                                "small": {
                                    "resize": "fit",
                                    "h": 510,
                                    "w": 680
                                },
                                "medium": {
                                    "resize": "fit",
                                    "h": 900,
                                    "w": 1200
                                }
                            },
                            "type": "photo",
                            "display_url": "pic.twitter.com/ldCNhbaYop",
                            "id_str": "801576141714812928"
                        }
                    ]
                },
                "contributors": null,
                "place": null,
                "in_reply_to_user_id": null,
                "in_reply_to_status_id_str": null,
                "retweeted": false,
                "lang": "en",
                "retweet_count": 5
            },
            "in_reply_to_user_id_str": null,
            "geo": null,
            "created_at": "Thu Nov 24 01:15:31 +0000 2016",
            "id_str": "801595067882422273",
            "coordinates": null,
            "favorited": false,
            "truncated": false,
            "is_quote_status": false,
            "contributors": null,
            "place": null,
            "in_reply_to_user_id": null,
            "in_reply_to_status_id_str": null,
            "retweeted": false,
            "lang": "en",
            "retweet_count": 5
        }
    ],
    "search_metadata": {
        "max_id_str": "801595067882422273",
        "completed_in": 0.04,
        "refresh_url": "?since_id=801595067882422273&q=Trump%20from%3Atheadvocatebr%20since%3A2016-11-24%20until%3A2016-11-25%20filter%3Alinks%20-%40theadvocatebr&include_entities=1",
        "max_id": 801595067882422273,
        "query": "Trump+from%3Atheadvocatebr+since%3A2016-11-24+until%3A2016-11-25+filter%3Alinks+-%40theadvocatebr",
        "since_id_str": "0",
        "since_id": 0,
        "count": 100
    }
}