{
    "statuses": [],
    "search_metadata": {
        "query": "Hillary+OR+Clinton+from%3Aajc+since%3A2016-11-22+until%3A2016-11-23+filter%3Alinks+-%40ajc",
        "since_id": 0,
        "max_id_str": "803060291995111424",
        "max_id": 803060291995111424,
        "refresh_url": "?since_id=803060291995111424&q=Hillary%20OR%20Clinton%20from%3Aajc%20since%3A2016-11-22%20until%3A2016-11-23%20filter%3Alinks%20-%40ajc&include_entities=1",
        "count": 100,
        "since_id_str": "0",
        "completed_in": 0.018
    }
}