{
    "statuses": [
        {
            "place": null,
            "in_reply_to_screen_name": null,
            "id": 801070568950865920,
            "metadata": {
                "iso_language_code": "en",
                "result_type": "recent"
            },
            "created_at": "Tue Nov 22 14:31:21 +0000 2016",
            "entities": {
                "hashtags": [
                    {
                        "indices": [
                            0,
                            9
                        ],
                        "text": "Breaking"
                    },
                    {
                        "indices": [
                            57,
                            65
                        ],
                        "text": "Clinton"
                    }
                ],
                "symbols": [],
                "urls": [
                    {
                        "url": "https://t.co/G3omBhVGKD",
                        "indices": [
                            67,
                            90
                        ],
                        "expanded_url": "http://gazette.com/article/1590745",
                        "display_url": "gazette.com/article/1590745"
                    }
                ],
                "media": [
                    {
                        "media_url": "http://pbs.twimg.com/media/Cx35b63WIAA0zhi.jpg",
                        "expanded_url": "https://twitter.com/csgazette/status/801070568950865920/photo/1",
                        "id": 801070566794993664,
                        "sizes": {
                            "large": {
                                "w": 960,
                                "h": 640,
                                "resize": "fit"
                            },
                            "thumb": {
                                "w": 150,
                                "h": 150,
                                "resize": "crop"
                            },
                            "small": {
                                "w": 680,
                                "h": 453,
                                "resize": "fit"
                            },
                            "medium": {
                                "w": 960,
                                "h": 640,
                                "resize": "fit"
                            }
                        },
                        "display_url": "pic.twitter.com/mq44DcVKpr",
                        "media_url_https": "https://pbs.twimg.com/media/Cx35b63WIAA0zhi.jpg",
                        "id_str": "801070566794993664",
                        "url": "https://t.co/mq44DcVKpr",
                        "indices": [
                            91,
                            114
                        ],
                        "type": "photo"
                    }
                ],
                "user_mentions": []
            },
            "text": "#Breaking: Trump aide: No plan to pursue charges against #Clinton: https://t.co/G3omBhVGKD https://t.co/mq44DcVKpr",
            "favorited": false,
            "in_reply_to_user_id": null,
            "retweeted": false,
            "user": {
                "contributors_enabled": false,
                "is_translation_enabled": false,
                "time_zone": "Mountain Time (US & Canada)",
                "id": 12837932,
                "follow_request_sent": false,
                "notifications": false,
                "profile_link_color": "009999",
                "default_profile_image": false,
                "following": false,
                "profile_banner_url": "https://pbs.twimg.com/profile_banners/12837932/1432672048",
                "verified": true,
                "profile_use_background_image": true,
                "statuses_count": 124151,
                "followers_count": 48416,
                "id_str": "12837932",
                "entities": {
                    "url": {
                        "urls": [
                            {
                                "url": "http://t.co/wQTvR4mDC8",
                                "indices": [
                                    0,
                                    22
                                ],
                                "expanded_url": "http://www.gazette.com",
                                "display_url": "gazette.com"
                            }
                        ]
                    },
                    "description": {
                        "urls": [
                            {
                                "url": "https://t.co/oysvESA2t5",
                                "indices": [
                                    118,
                                    141
                                ],
                                "expanded_url": "http://gazette.com/newstip",
                                "display_url": "gazette.com/newstip"
                            }
                        ]
                    }
                },
                "profile_image_url_https": "https://pbs.twimg.com/profile_images/704378890030952448/qDdbY0RO_normal.jpg",
                "listed_count": 1049,
                "profile_background_color": "131516",
                "profile_background_image_url": "http://abs.twimg.com/images/themes/theme14/bg.gif",
                "profile_sidebar_border_color": "FFFFFF",
                "profile_background_image_url_https": "https://abs.twimg.com/images/themes/theme14/bg.gif",
                "protected": false,
                "favourites_count": 466,
                "geo_enabled": true,
                "profile_text_color": "333333",
                "has_extended_profile": false,
                "name": "The Gazette",
                "url": "http://t.co/wQTvR4mDC8",
                "location": "Colorado Springs",
                "profile_background_tile": true,
                "friends_count": 2850,
                "profile_image_url": "http://pbs.twimg.com/profile_images/704378890030952448/qDdbY0RO_normal.jpg",
                "utc_offset": -25200,
                "is_translator": false,
                "default_profile": false,
                "translator_type": "none",
                "profile_sidebar_fill_color": "EFEFEF",
                "created_at": "Tue Jan 29 17:46:48 +0000 2008",
                "description": "2014 Pulitzer Prize winner and #Colorado's second-largest newspaper, delivering the news from #COSprings. News tips:  https://t.co/oysvESA2t5",
                "screen_name": "csgazette",
                "lang": "en"
            },
            "in_reply_to_status_id_str": null,
            "coordinates": null,
            "contributors": null,
            "id_str": "801070568950865920",
            "truncated": false,
            "retweet_count": 0,
            "is_quote_status": false,
            "favorite_count": 1,
            "possibly_sensitive": false,
            "in_reply_to_user_id_str": null,
            "source": "<a href=\"http://www.socialnewsdesk.com\" rel=\"nofollow\">SocialNewsDesk</a>",
            "extended_entities": {
                "media": [
                    {
                        "media_url": "http://pbs.twimg.com/media/Cx35b63WIAA0zhi.jpg",
                        "expanded_url": "https://twitter.com/csgazette/status/801070568950865920/photo/1",
                        "id": 801070566794993664,
                        "sizes": {
                            "large": {
                                "w": 960,
                                "h": 640,
                                "resize": "fit"
                            },
                            "thumb": {
                                "w": 150,
                                "h": 150,
                                "resize": "crop"
                            },
                            "small": {
                                "w": 680,
                                "h": 453,
                                "resize": "fit"
                            },
                            "medium": {
                                "w": 960,
                                "h": 640,
                                "resize": "fit"
                            }
                        },
                        "display_url": "pic.twitter.com/mq44DcVKpr",
                        "media_url_https": "https://pbs.twimg.com/media/Cx35b63WIAA0zhi.jpg",
                        "id_str": "801070566794993664",
                        "url": "https://t.co/mq44DcVKpr",
                        "indices": [
                            91,
                            114
                        ],
                        "type": "photo"
                    }
                ]
            },
            "geo": null,
            "in_reply_to_status_id": null,
            "lang": "en"
        }
    ],
    "search_metadata": {
        "query": "Hillary+OR+Clinton+from%3Acsgazette+since%3A2016-11-22+until%3A2016-11-23+filter%3Alinks+-%40csgazette",
        "since_id": 0,
        "max_id_str": "801070568950865920",
        "max_id": 801070568950865920,
        "refresh_url": "?since_id=801070568950865920&q=Hillary%20OR%20Clinton%20from%3Acsgazette%20since%3A2016-11-22%20until%3A2016-11-23%20filter%3Alinks%20-%40csgazette&include_entities=1",
        "count": 100,
        "since_id_str": "0",
        "completed_in": 0.05
    }
}