{
    "statuses": [
        {
            "place": null,
            "in_reply_to_screen_name": null,
            "id": 801119949469036544,
            "in_reply_to_user_id": null,
            "created_at": "Tue Nov 22 17:47:34 +0000 2016",
            "entities": {
                "hashtags": [
                    {
                        "indices": [
                            0,
                            6
                        ],
                        "text": "Trump"
                    },
                    {
                        "indices": [
                            20,
                            28
                        ],
                        "text": "Clinton"
                    }
                ],
                "symbols": [],
                "urls": [
                    {
                        "url": "https://t.co/on9WzDNorY",
                        "indices": [
                            51,
                            74
                        ],
                        "expanded_url": "http://dmreg.co/2giBacn",
                        "display_url": "dmreg.co/2giBacn"
                    }
                ],
                "user_mentions": []
            },
            "text": "#Trump won't pursue #Clinton email case, aide says https://t.co/on9WzDNorY",
            "favorited": false,
            "metadata": {
                "iso_language_code": "en",
                "result_type": "recent"
            },
            "retweeted": false,
            "user": {
                "contributors_enabled": false,
                "is_translation_enabled": false,
                "time_zone": "Central Time (US & Canada)",
                "id": 13657922,
                "follow_request_sent": false,
                "notifications": false,
                "profile_link_color": "0000FF",
                "default_profile_image": false,
                "following": false,
                "profile_banner_url": "https://pbs.twimg.com/profile_banners/13657922/1398290852",
                "verified": true,
                "profile_use_background_image": true,
                "statuses_count": 56892,
                "followers_count": 120597,
                "id_str": "13657922",
                "entities": {
                    "url": {
                        "urls": [
                            {
                                "url": "http://t.co/RmnjvtAsaP",
                                "indices": [
                                    0,
                                    22
                                ],
                                "expanded_url": "http://www.desmoinesregister.com",
                                "display_url": "desmoinesregister.com"
                            }
                        ]
                    },
                    "description": {
                        "urls": []
                    }
                },
                "profile_image_url_https": "https://pbs.twimg.com/profile_images/651111022976086016/52Fga2lp_normal.jpg",
                "listed_count": 2229,
                "profile_background_color": "FFFFFF",
                "profile_background_image_url": "http://pbs.twimg.com/profile_background_images/2548271/reglogo.jpg",
                "profile_sidebar_border_color": "87BC44",
                "profile_background_image_url_https": "https://pbs.twimg.com/profile_background_images/2548271/reglogo.jpg",
                "protected": false,
                "favourites_count": 729,
                "geo_enabled": true,
                "profile_text_color": "000000",
                "has_extended_profile": false,
                "name": "Des Moines Register",
                "url": "http://t.co/RmnjvtAsaP",
                "location": "Des Moines, Iowa, USA",
                "profile_background_tile": false,
                "friends_count": 5104,
                "profile_image_url": "http://pbs.twimg.com/profile_images/651111022976086016/52Fga2lp_normal.jpg",
                "utc_offset": -21600,
                "is_translator": false,
                "default_profile": false,
                "translator_type": "none",
                "profile_sidebar_fill_color": "E0FF92",
                "created_at": "Tue Feb 19 04:56:13 +0000 2008",
                "description": "Latest headlines from The Des Moines Register",
                "screen_name": "DMRegister",
                "lang": "en"
            },
            "in_reply_to_status_id_str": null,
            "coordinates": null,
            "contributors": null,
            "id_str": "801119949469036544",
            "truncated": false,
            "retweet_count": 0,
            "is_quote_status": false,
            "favorite_count": 3,
            "possibly_sensitive": false,
            "in_reply_to_user_id_str": null,
            "source": "<a href=\"http://www.hootsuite.com\" rel=\"nofollow\">Hootsuite</a>",
            "geo": null,
            "in_reply_to_status_id": null,
            "lang": "en"
        },
        {
            "place": null,
            "in_reply_to_screen_name": null,
            "id": 801035029270896640,
            "in_reply_to_user_id": null,
            "created_at": "Tue Nov 22 12:10:08 +0000 2016",
            "entities": {
                "hashtags": [
                    {
                        "indices": [
                            17,
                            32
                        ],
                        "text": "HillaryClinton"
                    }
                ],
                "symbols": [],
                "urls": [
                    {
                        "url": "https://t.co/oSNvInMtNJ",
                        "indices": [
                            83,
                            106
                        ],
                        "expanded_url": "http://dmreg.co/2fkPpeA",
                        "display_url": "dmreg.co/2fkPpeA"
                    }
                ],
                "user_mentions": []
            },
            "text": "Two weeks later, #HillaryClinton's popular vote lead grows as vote count continues https://t.co/oSNvInMtNJ",
            "favorited": false,
            "metadata": {
                "iso_language_code": "en",
                "result_type": "recent"
            },
            "retweeted": false,
            "user": {
                "contributors_enabled": false,
                "is_translation_enabled": false,
                "time_zone": "Central Time (US & Canada)",
                "id": 13657922,
                "follow_request_sent": false,
                "notifications": false,
                "profile_link_color": "0000FF",
                "default_profile_image": false,
                "following": false,
                "profile_banner_url": "https://pbs.twimg.com/profile_banners/13657922/1398290852",
                "verified": true,
                "profile_use_background_image": true,
                "statuses_count": 56892,
                "followers_count": 120597,
                "id_str": "13657922",
                "entities": {
                    "url": {
                        "urls": [
                            {
                                "url": "http://t.co/RmnjvtAsaP",
                                "indices": [
                                    0,
                                    22
                                ],
                                "expanded_url": "http://www.desmoinesregister.com",
                                "display_url": "desmoinesregister.com"
                            }
                        ]
                    },
                    "description": {
                        "urls": []
                    }
                },
                "profile_image_url_https": "https://pbs.twimg.com/profile_images/651111022976086016/52Fga2lp_normal.jpg",
                "listed_count": 2229,
                "profile_background_color": "FFFFFF",
                "profile_background_image_url": "http://pbs.twimg.com/profile_background_images/2548271/reglogo.jpg",
                "profile_sidebar_border_color": "87BC44",
                "profile_background_image_url_https": "https://pbs.twimg.com/profile_background_images/2548271/reglogo.jpg",
                "protected": false,
                "favourites_count": 729,
                "geo_enabled": true,
                "profile_text_color": "000000",
                "has_extended_profile": false,
                "name": "Des Moines Register",
                "url": "http://t.co/RmnjvtAsaP",
                "location": "Des Moines, Iowa, USA",
                "profile_background_tile": false,
                "friends_count": 5104,
                "profile_image_url": "http://pbs.twimg.com/profile_images/651111022976086016/52Fga2lp_normal.jpg",
                "utc_offset": -21600,
                "is_translator": false,
                "default_profile": false,
                "translator_type": "none",
                "profile_sidebar_fill_color": "E0FF92",
                "created_at": "Tue Feb 19 04:56:13 +0000 2008",
                "description": "Latest headlines from The Des Moines Register",
                "screen_name": "DMRegister",
                "lang": "en"
            },
            "in_reply_to_status_id_str": null,
            "coordinates": null,
            "contributors": null,
            "id_str": "801035029270896640",
            "truncated": false,
            "retweet_count": 7,
            "is_quote_status": false,
            "favorite_count": 14,
            "possibly_sensitive": false,
            "in_reply_to_user_id_str": null,
            "source": "<a href=\"http://www.hootsuite.com\" rel=\"nofollow\">Hootsuite</a>",
            "geo": null,
            "in_reply_to_status_id": null,
            "lang": "en"
        }
    ],
    "search_metadata": {
        "query": "Hillary+OR+Clinton+from%3ADMRegister+since%3A2016-11-22+until%3A2016-11-23+filter%3Alinks+-%40DMRegister",
        "since_id": 0,
        "max_id_str": "801119949469036544",
        "max_id": 801119949469036544,
        "refresh_url": "?since_id=801119949469036544&q=Hillary%20OR%20Clinton%20from%3ADMRegister%20since%3A2016-11-22%20until%3A2016-11-23%20filter%3Alinks%20-%40DMRegister&include_entities=1",
        "count": 100,
        "since_id_str": "0",
        "completed_in": 0.041
    }
}