{
    "statuses": [
        {
            "place": null,
            "in_reply_to_screen_name": null,
            "id": 801091264472981509,
            "in_reply_to_user_id": null,
            "created_at": "Tue Nov 22 15:53:35 +0000 2016",
            "entities": {
                "hashtags": [],
                "symbols": [],
                "urls": [
                    {
                        "url": "https://t.co/3WhfUJsWhK",
                        "indices": [
                            40,
                            63
                        ],
                        "expanded_url": "http://thegaz.co/2gGHQFc",
                        "display_url": "thegaz.co/2gGHQFc"
                    }
                ],
                "user_mentions": []
            },
            "text": "Top aide: Trump won\u2019t prosecute Clinton https://t.co/3WhfUJsWhK",
            "favorited": false,
            "metadata": {
                "iso_language_code": "en",
                "result_type": "recent"
            },
            "retweeted": false,
            "user": {
                "contributors_enabled": false,
                "is_translation_enabled": false,
                "time_zone": "Central Time (US & Canada)",
                "id": 14370739,
                "follow_request_sent": false,
                "notifications": false,
                "profile_link_color": "ABB8C2",
                "default_profile_image": false,
                "following": false,
                "profile_banner_url": "https://pbs.twimg.com/profile_banners/14370739/1477340766",
                "verified": false,
                "profile_use_background_image": false,
                "statuses_count": 25570,
                "followers_count": 37007,
                "id_str": "14370739",
                "entities": {
                    "url": {
                        "urls": [
                            {
                                "url": "http://t.co/KLwTTv8TGS",
                                "indices": [
                                    0,
                                    22
                                ],
                                "expanded_url": "http://www.thegazette.com",
                                "display_url": "thegazette.com"
                            }
                        ]
                    },
                    "description": {
                        "urls": []
                    }
                },
                "profile_image_url_https": "https://pbs.twimg.com/profile_images/1429295829/tG_normal.jpg",
                "listed_count": 700,
                "profile_background_color": "000000",
                "profile_background_image_url": "http://abs.twimg.com/images/themes/theme14/bg.gif",
                "profile_sidebar_border_color": "000000",
                "profile_background_image_url_https": "https://abs.twimg.com/images/themes/theme14/bg.gif",
                "protected": false,
                "favourites_count": 62,
                "geo_enabled": false,
                "profile_text_color": "000000",
                "has_extended_profile": false,
                "name": "The Gazette",
                "url": "http://t.co/KLwTTv8TGS",
                "location": "Cedar Rapids, Iowa",
                "profile_background_tile": false,
                "friends_count": 3190,
                "profile_image_url": "http://pbs.twimg.com/profile_images/1429295829/tG_normal.jpg",
                "utc_offset": -21600,
                "is_translator": false,
                "default_profile": false,
                "translator_type": "none",
                "profile_sidebar_fill_color": "000000",
                "created_at": "Sat Apr 12 20:03:50 +0000 2008",
                "description": "Eastern Iowa News and Sports, since 1883 | Gazette Photos: @gazettevisuals | Gazette Sports: @CRGazetteSports | Tweets by @St3phenSchmidt @richpria",
                "screen_name": "gazettedotcom",
                "lang": "en"
            },
            "in_reply_to_status_id_str": null,
            "coordinates": null,
            "contributors": null,
            "id_str": "801091264472981509",
            "truncated": false,
            "retweet_count": 0,
            "is_quote_status": false,
            "favorite_count": 1,
            "possibly_sensitive": false,
            "in_reply_to_user_id_str": null,
            "source": "<a href=\"http://dlvr.it\" rel=\"nofollow\">dlvr.it</a>",
            "geo": null,
            "in_reply_to_status_id": null,
            "lang": "en"
        }
    ],
    "search_metadata": {
        "query": "Hillary+OR+Clinton+from%3Agazettedotcom+since%3A2016-11-22+until%3A2016-11-23+filter%3Alinks+-%40gazettedotcom",
        "since_id": 0,
        "max_id_str": "801091264472981509",
        "max_id": 801091264472981509,
        "refresh_url": "?since_id=801091264472981509&q=Hillary%20OR%20Clinton%20from%3Agazettedotcom%20since%3A2016-11-22%20until%3A2016-11-23%20filter%3Alinks%20-%40gazettedotcom&include_entities=1",
        "count": 100,
        "since_id_str": "0",
        "completed_in": 0.027
    }
}