{
    "statuses": [
        {
            "place": null,
            "in_reply_to_screen_name": null,
            "id": 801198583420592128,
            "metadata": {
                "iso_language_code": "en",
                "result_type": "recent"
            },
            "created_at": "Tue Nov 22 23:00:02 +0000 2016",
            "entities": {
                "hashtags": [],
                "symbols": [],
                "urls": [
                    {
                        "url": "https://t.co/gJSOlrow0z",
                        "indices": [
                            49,
                            72
                        ],
                        "expanded_url": "http://bit.ly/2giXenu",
                        "display_url": "bit.ly/2giXenu"
                    }
                ],
                "media": [
                    {
                        "media_url": "http://pbs.twimg.com/media/Cx5M0ScVIAAFoem.jpg",
                        "expanded_url": "https://twitter.com/IdahoStatesman/status/801198583420592128/photo/1",
                        "id": 801162244906098688,
                        "sizes": {
                            "large": {
                                "w": 960,
                                "h": 765,
                                "resize": "fit"
                            },
                            "thumb": {
                                "w": 150,
                                "h": 150,
                                "resize": "crop"
                            },
                            "small": {
                                "w": 680,
                                "h": 542,
                                "resize": "fit"
                            },
                            "medium": {
                                "w": 960,
                                "h": 765,
                                "resize": "fit"
                            }
                        },
                        "display_url": "pic.twitter.com/HgVtcS0VeD",
                        "media_url_https": "https://pbs.twimg.com/media/Cx5M0ScVIAAFoem.jpg",
                        "id_str": "801162244906098688",
                        "url": "https://t.co/HgVtcS0VeD",
                        "indices": [
                            73,
                            96
                        ],
                        "type": "photo"
                    }
                ],
                "user_mentions": []
            },
            "text": "Trump won't prosecute Clinton, top aide confirms\nhttps://t.co/gJSOlrow0z https://t.co/HgVtcS0VeD",
            "favorited": false,
            "in_reply_to_user_id": null,
            "retweeted": false,
            "user": {
                "contributors_enabled": false,
                "is_translation_enabled": false,
                "time_zone": "Mountain Time (US & Canada)",
                "id": 8980312,
                "follow_request_sent": false,
                "notifications": false,
                "profile_link_color": "537687",
                "default_profile_image": false,
                "following": false,
                "profile_banner_url": "https://pbs.twimg.com/profile_banners/8980312/1360787921",
                "verified": true,
                "profile_use_background_image": true,
                "statuses_count": 70486,
                "followers_count": 57508,
                "id_str": "8980312",
                "entities": {
                    "url": {
                        "urls": [
                            {
                                "url": "http://t.co/706zMrpryW",
                                "indices": [
                                    0,
                                    22
                                ],
                                "expanded_url": "http://www.idahostatesman.com",
                                "display_url": "idahostatesman.com"
                            }
                        ]
                    },
                    "description": {
                        "urls": []
                    }
                },
                "profile_image_url_https": "https://pbs.twimg.com/profile_images/716333844366884864/ZO_uXpzm_normal.jpg",
                "listed_count": 965,
                "profile_background_color": "344A7D",
                "profile_background_image_url": "http://pbs.twimg.com/profile_background_images/378800000085631847/7f0fc665468aa18cb5f8a9e188dc3234.jpeg",
                "profile_sidebar_border_color": "FFFFFF",
                "profile_background_image_url_https": "https://pbs.twimg.com/profile_background_images/378800000085631847/7f0fc665468aa18cb5f8a9e188dc3234.jpeg",
                "protected": false,
                "favourites_count": 835,
                "geo_enabled": false,
                "profile_text_color": "000000",
                "has_extended_profile": false,
                "name": "Idaho Statesman",
                "url": "http://t.co/706zMrpryW",
                "location": "Boise, Idaho, USA",
                "profile_background_tile": false,
                "friends_count": 3298,
                "profile_image_url": "http://pbs.twimg.com/profile_images/716333844366884864/ZO_uXpzm_normal.jpg",
                "utc_offset": -25200,
                "is_translator": false,
                "default_profile": false,
                "translator_type": "none",
                "profile_sidebar_fill_color": "D2D9DF",
                "created_at": "Wed Sep 19 18:56:13 +0000 2007",
                "description": "The Idaho Statesman newspaper is your #1 source for news, sports, outdoors, business, traffic, & more for Boise, Meridian, Eagle, Nampa, Idaho.",
                "screen_name": "IdahoStatesman",
                "lang": "en"
            },
            "in_reply_to_status_id_str": null,
            "coordinates": null,
            "contributors": null,
            "id_str": "801198583420592128",
            "truncated": false,
            "retweet_count": 0,
            "is_quote_status": false,
            "favorite_count": 1,
            "possibly_sensitive": false,
            "in_reply_to_user_id_str": null,
            "source": "<a href=\"https://about.twitter.com/products/tweetdeck\" rel=\"nofollow\">TweetDeck</a>",
            "extended_entities": {
                "media": [
                    {
                        "media_url": "http://pbs.twimg.com/media/Cx5M0ScVIAAFoem.jpg",
                        "expanded_url": "https://twitter.com/IdahoStatesman/status/801198583420592128/photo/1",
                        "id": 801162244906098688,
                        "sizes": {
                            "large": {
                                "w": 960,
                                "h": 765,
                                "resize": "fit"
                            },
                            "thumb": {
                                "w": 150,
                                "h": 150,
                                "resize": "crop"
                            },
                            "small": {
                                "w": 680,
                                "h": 542,
                                "resize": "fit"
                            },
                            "medium": {
                                "w": 960,
                                "h": 765,
                                "resize": "fit"
                            }
                        },
                        "display_url": "pic.twitter.com/HgVtcS0VeD",
                        "media_url_https": "https://pbs.twimg.com/media/Cx5M0ScVIAAFoem.jpg",
                        "id_str": "801162244906098688",
                        "url": "https://t.co/HgVtcS0VeD",
                        "indices": [
                            73,
                            96
                        ],
                        "type": "photo"
                    }
                ]
            },
            "geo": null,
            "in_reply_to_status_id": null,
            "lang": "en"
        },
        {
            "place": null,
            "in_reply_to_screen_name": "realDonaldTrump",
            "id": 801075301207994368,
            "metadata": {
                "iso_language_code": "en",
                "result_type": "recent"
            },
            "created_at": "Tue Nov 22 14:50:09 +0000 2016",
            "entities": {
                "hashtags": [],
                "symbols": [],
                "urls": [
                    {
                        "url": "https://t.co/eIVv6itcCa",
                        "indices": [
                            58,
                            81
                        ],
                        "expanded_url": "http://ow.ly/oryg306pXSv",
                        "display_url": "ow.ly/oryg306pXSv"
                    }
                ],
                "media": [
                    {
                        "media_url": "http://pbs.twimg.com/media/Cx39vSjVQAAmwzG.jpg",
                        "expanded_url": "https://twitter.com/IdahoStatesman/status/801075301207994368/photo/1",
                        "id": 801075297617526784,
                        "sizes": {
                            "large": {
                                "w": 822,
                                "h": 552,
                                "resize": "fit"
                            },
                            "thumb": {
                                "w": 150,
                                "h": 150,
                                "resize": "crop"
                            },
                            "small": {
                                "w": 680,
                                "h": 457,
                                "resize": "fit"
                            },
                            "medium": {
                                "w": 822,
                                "h": 552,
                                "resize": "fit"
                            }
                        },
                        "display_url": "pic.twitter.com/cryxbET5vN",
                        "media_url_https": "https://pbs.twimg.com/media/Cx39vSjVQAAmwzG.jpg",
                        "id_str": "801075297617526784",
                        "url": "https://t.co/cryxbET5vN",
                        "indices": [
                            82,
                            105
                        ],
                        "type": "photo"
                    }
                ],
                "user_mentions": [
                    {
                        "name": "Donald J. Trump",
                        "id_str": "25073877",
                        "indices": [
                            0,
                            16
                        ],
                        "id": 25073877,
                        "screen_name": "realDonaldTrump"
                    }
                ]
            },
            "text": "@realDonaldTrump aide suggests he wants no Clinton probe. https://t.co/eIVv6itcCa https://t.co/cryxbET5vN",
            "favorited": false,
            "in_reply_to_user_id": 25073877,
            "retweeted": false,
            "user": {
                "contributors_enabled": false,
                "is_translation_enabled": false,
                "time_zone": "Mountain Time (US & Canada)",
                "id": 8980312,
                "follow_request_sent": false,
                "notifications": false,
                "profile_link_color": "537687",
                "default_profile_image": false,
                "following": false,
                "profile_banner_url": "https://pbs.twimg.com/profile_banners/8980312/1360787921",
                "verified": true,
                "profile_use_background_image": true,
                "statuses_count": 70486,
                "followers_count": 57508,
                "id_str": "8980312",
                "entities": {
                    "url": {
                        "urls": [
                            {
                                "url": "http://t.co/706zMrpryW",
                                "indices": [
                                    0,
                                    22
                                ],
                                "expanded_url": "http://www.idahostatesman.com",
                                "display_url": "idahostatesman.com"
                            }
                        ]
                    },
                    "description": {
                        "urls": []
                    }
                },
                "profile_image_url_https": "https://pbs.twimg.com/profile_images/716333844366884864/ZO_uXpzm_normal.jpg",
                "listed_count": 965,
                "profile_background_color": "344A7D",
                "profile_background_image_url": "http://pbs.twimg.com/profile_background_images/378800000085631847/7f0fc665468aa18cb5f8a9e188dc3234.jpeg",
                "profile_sidebar_border_color": "FFFFFF",
                "profile_background_image_url_https": "https://pbs.twimg.com/profile_background_images/378800000085631847/7f0fc665468aa18cb5f8a9e188dc3234.jpeg",
                "protected": false,
                "favourites_count": 835,
                "geo_enabled": false,
                "profile_text_color": "000000",
                "has_extended_profile": false,
                "name": "Idaho Statesman",
                "url": "http://t.co/706zMrpryW",
                "location": "Boise, Idaho, USA",
                "profile_background_tile": false,
                "friends_count": 3298,
                "profile_image_url": "http://pbs.twimg.com/profile_images/716333844366884864/ZO_uXpzm_normal.jpg",
                "utc_offset": -25200,
                "is_translator": false,
                "default_profile": false,
                "translator_type": "none",
                "profile_sidebar_fill_color": "D2D9DF",
                "created_at": "Wed Sep 19 18:56:13 +0000 2007",
                "description": "The Idaho Statesman newspaper is your #1 source for news, sports, outdoors, business, traffic, & more for Boise, Meridian, Eagle, Nampa, Idaho.",
                "screen_name": "IdahoStatesman",
                "lang": "en"
            },
            "in_reply_to_status_id_str": null,
            "coordinates": null,
            "contributors": null,
            "id_str": "801075301207994368",
            "truncated": false,
            "retweet_count": 0,
            "is_quote_status": false,
            "favorite_count": 0,
            "possibly_sensitive": false,
            "in_reply_to_user_id_str": "25073877",
            "source": "<a href=\"http://www.hootsuite.com\" rel=\"nofollow\">Hootsuite</a>",
            "extended_entities": {
                "media": [
                    {
                        "media_url": "http://pbs.twimg.com/media/Cx39vSjVQAAmwzG.jpg",
                        "expanded_url": "https://twitter.com/IdahoStatesman/status/801075301207994368/photo/1",
                        "id": 801075297617526784,
                        "sizes": {
                            "large": {
                                "w": 822,
                                "h": 552,
                                "resize": "fit"
                            },
                            "thumb": {
                                "w": 150,
                                "h": 150,
                                "resize": "crop"
                            },
                            "small": {
                                "w": 680,
                                "h": 457,
                                "resize": "fit"
                            },
                            "medium": {
                                "w": 822,
                                "h": 552,
                                "resize": "fit"
                            }
                        },
                        "display_url": "pic.twitter.com/cryxbET5vN",
                        "media_url_https": "https://pbs.twimg.com/media/Cx39vSjVQAAmwzG.jpg",
                        "id_str": "801075297617526784",
                        "url": "https://t.co/cryxbET5vN",
                        "indices": [
                            82,
                            105
                        ],
                        "type": "photo"
                    }
                ]
            },
            "geo": null,
            "in_reply_to_status_id": null,
            "lang": "en"
        }
    ],
    "search_metadata": {
        "query": "Hillary+OR+Clinton+from%3AIdahoStatesman+since%3A2016-11-22+until%3A2016-11-23+filter%3Alinks+-%40IdahoStatesman",
        "since_id": 0,
        "max_id_str": "801198583420592128",
        "max_id": 801198583420592128,
        "refresh_url": "?since_id=801198583420592128&q=Hillary%20OR%20Clinton%20from%3AIdahoStatesman%20since%3A2016-11-22%20until%3A2016-11-23%20filter%3Alinks%20-%40IdahoStatesman&include_entities=1",
        "count": 100,
        "since_id_str": "0",
        "completed_in": 0.045
    }
}