{
    "statuses": [
        {
            "place": null,
            "in_reply_to_screen_name": null,
            "id": 801047891271782400,
            "in_reply_to_user_id": null,
            "created_at": "Tue Nov 22 13:01:14 +0000 2016",
            "entities": {
                "hashtags": [],
                "symbols": [],
                "urls": [
                    {
                        "url": "https://t.co/dllnhPwdQa",
                        "indices": [
                            97,
                            120
                        ],
                        "expanded_url": "https://twitter.com/i/web/status/801047891271782400",
                        "display_url": "twitter.com/i/web/status/8\u2026"
                    }
                ],
                "user_mentions": []
            },
            "text": "Indiana voters wrote in some very interesting alternatives to Donald Trump and Hillary Clinton.\u2026 https://t.co/dllnhPwdQa",
            "favorited": false,
            "metadata": {
                "iso_language_code": "en",
                "result_type": "recent"
            },
            "retweeted": false,
            "user": {
                "contributors_enabled": false,
                "is_translation_enabled": false,
                "time_zone": "Eastern Time (US & Canada)",
                "id": 16550142,
                "follow_request_sent": false,
                "notifications": false,
                "profile_link_color": "1373C0",
                "default_profile_image": false,
                "following": false,
                "profile_banner_url": "https://pbs.twimg.com/profile_banners/16550142/1415827321",
                "verified": true,
                "profile_use_background_image": true,
                "statuses_count": 150438,
                "followers_count": 194086,
                "id_str": "16550142",
                "entities": {
                    "url": {
                        "urls": [
                            {
                                "url": "http://t.co/AHcf6xQRJC",
                                "indices": [
                                    0,
                                    22
                                ],
                                "expanded_url": "http://www.indystar.com/",
                                "display_url": "indystar.com"
                            }
                        ]
                    },
                    "description": {
                        "urls": []
                    }
                },
                "profile_image_url_https": "https://pbs.twimg.com/profile_images/557169583878963204/zW17iH7I_normal.jpeg",
                "listed_count": 2688,
                "profile_background_color": "333333",
                "profile_background_image_url": "http://pbs.twimg.com/profile_background_images/378800000123769352/f3a8ad0c9fe01151df8cf34eb18efb5c.jpeg",
                "profile_sidebar_border_color": "FFFFFF",
                "profile_background_image_url_https": "https://pbs.twimg.com/profile_background_images/378800000123769352/f3a8ad0c9fe01151df8cf34eb18efb5c.jpeg",
                "protected": false,
                "favourites_count": 1462,
                "geo_enabled": true,
                "profile_text_color": "000000",
                "has_extended_profile": false,
                "name": "IndyStar",
                "url": "http://t.co/AHcf6xQRJC",
                "location": "Indianapolis, IN",
                "profile_background_tile": false,
                "friends_count": 414,
                "profile_image_url": "http://pbs.twimg.com/profile_images/557169583878963204/zW17iH7I_normal.jpeg",
                "utc_offset": -18000,
                "is_translator": false,
                "default_profile": false,
                "translator_type": "none",
                "profile_sidebar_fill_color": "E8E6D0",
                "created_at": "Wed Oct 01 20:50:45 +0000 2008",
                "description": "News that matters. Sports that thrill. A city that excites. Your IndyStar: Serving the greater good of Central Indiana with local journalism.",
                "screen_name": "indystar",
                "lang": "en"
            },
            "in_reply_to_status_id_str": null,
            "coordinates": null,
            "contributors": null,
            "id_str": "801047891271782400",
            "truncated": true,
            "retweet_count": 1,
            "is_quote_status": false,
            "favorite_count": 3,
            "possibly_sensitive": false,
            "in_reply_to_user_id_str": null,
            "source": "<a href=\"http://www.hootsuite.com\" rel=\"nofollow\">Hootsuite</a>",
            "geo": null,
            "in_reply_to_status_id": null,
            "lang": "en"
        },
        {
            "place": null,
            "retweet_count": 7,
            "id": 801042511699423233,
            "in_reply_to_user_id": null,
            "created_at": "Tue Nov 22 12:39:52 +0000 2016",
            "entities": {
                "hashtags": [],
                "symbols": [],
                "urls": [
                    {
                        "url": "https://t.co/SIjM0EaMgC",
                        "indices": [
                            109,
                            132
                        ],
                        "expanded_url": "http://indy.st/2fL4LwW",
                        "display_url": "indy.st/2fL4LwW"
                    }
                ],
                "user_mentions": [
                    {
                        "name": "Chris Sims",
                        "id_str": "950485620",
                        "indices": [
                            3,
                            14
                        ],
                        "id": 950485620,
                        "screen_name": "ChrisFSims"
                    }
                ]
            },
            "text": "RT @ChrisFSims: Indiana voters had some unique write-ins. Let's just say, Donny, you're out of your element! https://t.co/SIjM0EaMgC https:\u2026",
            "favorited": false,
            "metadata": {
                "iso_language_code": "en",
                "result_type": "recent"
            },
            "retweeted": false,
            "user": {
                "contributors_enabled": false,
                "is_translation_enabled": false,
                "time_zone": "Eastern Time (US & Canada)",
                "id": 16550142,
                "follow_request_sent": false,
                "notifications": false,
                "profile_link_color": "1373C0",
                "default_profile_image": false,
                "following": false,
                "profile_banner_url": "https://pbs.twimg.com/profile_banners/16550142/1415827321",
                "verified": true,
                "profile_use_background_image": true,
                "statuses_count": 150438,
                "followers_count": 194086,
                "id_str": "16550142",
                "entities": {
                    "url": {
                        "urls": [
                            {
                                "url": "http://t.co/AHcf6xQRJC",
                                "indices": [
                                    0,
                                    22
                                ],
                                "expanded_url": "http://www.indystar.com/",
                                "display_url": "indystar.com"
                            }
                        ]
                    },
                    "description": {
                        "urls": []
                    }
                },
                "profile_image_url_https": "https://pbs.twimg.com/profile_images/557169583878963204/zW17iH7I_normal.jpeg",
                "listed_count": 2688,
                "profile_background_color": "333333",
                "profile_background_image_url": "http://pbs.twimg.com/profile_background_images/378800000123769352/f3a8ad0c9fe01151df8cf34eb18efb5c.jpeg",
                "profile_sidebar_border_color": "FFFFFF",
                "profile_background_image_url_https": "https://pbs.twimg.com/profile_background_images/378800000123769352/f3a8ad0c9fe01151df8cf34eb18efb5c.jpeg",
                "protected": false,
                "favourites_count": 1462,
                "geo_enabled": true,
                "profile_text_color": "000000",
                "has_extended_profile": false,
                "name": "IndyStar",
                "url": "http://t.co/AHcf6xQRJC",
                "location": "Indianapolis, IN",
                "profile_background_tile": false,
                "friends_count": 414,
                "profile_image_url": "http://pbs.twimg.com/profile_images/557169583878963204/zW17iH7I_normal.jpeg",
                "utc_offset": -18000,
                "is_translator": false,
                "default_profile": false,
                "translator_type": "none",
                "profile_sidebar_fill_color": "E8E6D0",
                "created_at": "Wed Oct 01 20:50:45 +0000 2008",
                "description": "News that matters. Sports that thrill. A city that excites. Your IndyStar: Serving the greater good of Central Indiana with local journalism.",
                "screen_name": "indystar",
                "lang": "en"
            },
            "retweeted_status": {
                "place": null,
                "in_reply_to_screen_name": null,
                "id": 801039618711883776,
                "metadata": {
                    "iso_language_code": "en",
                    "result_type": "recent"
                },
                "created_at": "Tue Nov 22 12:28:22 +0000 2016",
                "entities": {
                    "hashtags": [],
                    "symbols": [],
                    "urls": [
                        {
                            "url": "https://t.co/SIjM0EaMgC",
                            "indices": [
                                93,
                                116
                            ],
                            "expanded_url": "http://indy.st/2fL4LwW",
                            "display_url": "indy.st/2fL4LwW"
                        }
                    ],
                    "media": [
                        {
                            "media_url": "http://pbs.twimg.com/media/Cx3dD5MWgAAZYLE.jpg",
                            "expanded_url": "https://twitter.com/ChrisFSims/status/801039618711883776/photo/1",
                            "id": 801039367703789568,
                            "sizes": {
                                "large": {
                                    "w": 1000,
                                    "h": 562,
                                    "resize": "fit"
                                },
                                "thumb": {
                                    "w": 150,
                                    "h": 150,
                                    "resize": "crop"
                                },
                                "small": {
                                    "w": 680,
                                    "h": 382,
                                    "resize": "fit"
                                },
                                "medium": {
                                    "w": 1000,
                                    "h": 562,
                                    "resize": "fit"
                                }
                            },
                            "display_url": "pic.twitter.com/tRUejefIoR",
                            "media_url_https": "https://pbs.twimg.com/media/Cx3dD5MWgAAZYLE.jpg",
                            "id_str": "801039367703789568",
                            "url": "https://t.co/tRUejefIoR",
                            "indices": [
                                117,
                                140
                            ],
                            "type": "photo"
                        }
                    ],
                    "user_mentions": []
                },
                "text": "Indiana voters had some unique write-ins. Let's just say, Donny, you're out of your element! https://t.co/SIjM0EaMgC https://t.co/tRUejefIoR",
                "favorited": false,
                "in_reply_to_user_id": null,
                "retweeted": false,
                "user": {
                    "contributors_enabled": false,
                    "is_translation_enabled": false,
                    "time_zone": "Eastern Time (US & Canada)",
                    "id": 950485620,
                    "follow_request_sent": false,
                    "notifications": false,
                    "profile_link_color": "0084B4",
                    "default_profile_image": false,
                    "following": false,
                    "profile_banner_url": "https://pbs.twimg.com/profile_banners/950485620/1435753807",
                    "verified": true,
                    "profile_use_background_image": true,
                    "statuses_count": 3195,
                    "followers_count": 1135,
                    "id_str": "950485620",
                    "entities": {
                        "url": {
                            "urls": [
                                {
                                    "url": "https://t.co/cjlqgvNLJX",
                                    "indices": [
                                        0,
                                        23
                                    ],
                                    "expanded_url": "http://www.indystar.com",
                                    "display_url": "indystar.com"
                                }
                            ]
                        },
                        "description": {
                            "urls": []
                        }
                    },
                    "profile_image_url_https": "https://pbs.twimg.com/profile_images/662823948372021248/tbinpD5B_normal.jpg",
                    "listed_count": 60,
                    "profile_background_color": "C3EBEB",
                    "profile_background_image_url": "http://pbs.twimg.com/profile_background_images/616221757746360320/dfEcAI1d.jpg",
                    "profile_sidebar_border_color": "000000",
                    "profile_background_image_url_https": "https://pbs.twimg.com/profile_background_images/616221757746360320/dfEcAI1d.jpg",
                    "protected": false,
                    "favourites_count": 763,
                    "geo_enabled": true,
                    "profile_text_color": "333333",
                    "has_extended_profile": false,
                    "name": "Chris Sims",
                    "url": "https://t.co/cjlqgvNLJX",
                    "location": "Indianapolis",
                    "profile_background_tile": true,
                    "friends_count": 841,
                    "profile_image_url": "http://pbs.twimg.com/profile_images/662823948372021248/tbinpD5B_normal.jpg",
                    "utc_offset": -18000,
                    "is_translator": false,
                    "default_profile": false,
                    "translator_type": "none",
                    "profile_sidebar_fill_color": "DDEEF6",
                    "created_at": "Thu Nov 15 21:25:46 +0000 2012",
                    "description": "Digital Producer at IndyStar - sports fan, fantasy sports fanatic, entertainment, music, news and a good laugh",
                    "screen_name": "ChrisFSims",
                    "lang": "en"
                },
                "in_reply_to_status_id_str": null,
                "coordinates": null,
                "contributors": null,
                "id_str": "801039618711883776",
                "truncated": false,
                "retweet_count": 7,
                "is_quote_status": false,
                "favorite_count": 3,
                "possibly_sensitive": false,
                "in_reply_to_user_id_str": null,
                "source": "<a href=\"http://twitter.com\" rel=\"nofollow\">Twitter Web Client</a>",
                "extended_entities": {
                    "media": [
                        {
                            "media_url": "http://pbs.twimg.com/media/Cx3dD5MWgAAZYLE.jpg",
                            "expanded_url": "https://twitter.com/ChrisFSims/status/801039618711883776/photo/1",
                            "id": 801039367703789568,
                            "sizes": {
                                "large": {
                                    "w": 1000,
                                    "h": 562,
                                    "resize": "fit"
                                },
                                "thumb": {
                                    "w": 150,
                                    "h": 150,
                                    "resize": "crop"
                                },
                                "small": {
                                    "w": 680,
                                    "h": 382,
                                    "resize": "fit"
                                },
                                "medium": {
                                    "w": 1000,
                                    "h": 562,
                                    "resize": "fit"
                                }
                            },
                            "display_url": "pic.twitter.com/tRUejefIoR",
                            "media_url_https": "https://pbs.twimg.com/media/Cx3dD5MWgAAZYLE.jpg",
                            "id_str": "801039367703789568",
                            "url": "https://t.co/tRUejefIoR",
                            "indices": [
                                117,
                                140
                            ],
                            "type": "photo"
                        }
                    ]
                },
                "geo": null,
                "in_reply_to_status_id": null,
                "lang": "en"
            },
            "in_reply_to_status_id_str": null,
            "coordinates": null,
            "contributors": null,
            "id_str": "801042511699423233",
            "truncated": false,
            "in_reply_to_screen_name": null,
            "is_quote_status": false,
            "favorite_count": 0,
            "possibly_sensitive": false,
            "in_reply_to_user_id_str": null,
            "source": "<a href=\"http://www.hootsuite.com\" rel=\"nofollow\">Hootsuite</a>",
            "geo": null,
            "in_reply_to_status_id": null,
            "lang": "en"
        }
    ],
    "search_metadata": {
        "query": "Hillary+OR+Clinton+from%3Aindystar+since%3A2016-11-22+until%3A2016-11-23+filter%3Alinks+-%40indystar",
        "since_id": 0,
        "max_id_str": "801047891271782400",
        "max_id": 801047891271782400,
        "refresh_url": "?since_id=801047891271782400&q=Hillary%20OR%20Clinton%20from%3Aindystar%20since%3A2016-11-22%20until%3A2016-11-23%20filter%3Alinks%20-%40indystar&include_entities=1",
        "count": 100,
        "since_id_str": "0",
        "completed_in": 0.027
    }
}