{
    "statuses": [
        {
            "place": null,
            "in_reply_to_screen_name": null,
            "id": 801118084505489409,
            "in_reply_to_user_id": null,
            "created_at": "Tue Nov 22 17:40:10 +0000 2016",
            "entities": {
                "hashtags": [],
                "symbols": [],
                "urls": [
                    {
                        "url": "https://t.co/noadqTo0R0",
                        "indices": [
                            115,
                            138
                        ],
                        "expanded_url": "https://twitter.com/i/web/status/801118084505489409",
                        "display_url": "twitter.com/i/web/status/8\u2026"
                    }
                ],
                "user_mentions": []
            },
            "text": "Donald Trump isn't interested in pursuing charges against Hillary Clinton, despite his repeated campaign promises\u2026 https://t.co/noadqTo0R0",
            "favorited": false,
            "metadata": {
                "iso_language_code": "en",
                "result_type": "recent"
            },
            "retweeted": false,
            "user": {
                "contributors_enabled": false,
                "is_translation_enabled": false,
                "time_zone": "Pacific Time (US & Canada)",
                "id": 16664681,
                "follow_request_sent": false,
                "notifications": false,
                "profile_link_color": "009999",
                "default_profile_image": false,
                "following": false,
                "profile_banner_url": "https://pbs.twimg.com/profile_banners/16664681/1402448809",
                "verified": true,
                "profile_use_background_image": true,
                "statuses_count": 153172,
                "followers_count": 2324768,
                "id_str": "16664681",
                "entities": {
                    "url": {
                        "urls": [
                            {
                                "url": "http://t.co/JvbZRDfNzf",
                                "indices": [
                                    0,
                                    22
                                ],
                                "expanded_url": "http://latimes.com/",
                                "display_url": "latimes.com"
                            }
                        ]
                    },
                    "description": {
                        "urls": [
                            {
                                "url": "http://t.co/zb8HyvYyAJ",
                                "indices": [
                                    48,
                                    70
                                ],
                                "expanded_url": "http://latimes.com",
                                "display_url": "latimes.com"
                            }
                        ]
                    }
                },
                "profile_image_url_https": "https://pbs.twimg.com/profile_images/546329819919560704/XMWy2Z50_normal.jpeg",
                "listed_count": 28283,
                "profile_background_color": "FFFFFF",
                "profile_background_image_url": "http://pbs.twimg.com/profile_background_images/596769492/sp4uqn6gr7cwmjefat2j.jpeg",
                "profile_sidebar_border_color": "FFFFFF",
                "profile_background_image_url_https": "https://pbs.twimg.com/profile_background_images/596769492/sp4uqn6gr7cwmjefat2j.jpeg",
                "protected": false,
                "favourites_count": 1869,
                "geo_enabled": true,
                "profile_text_color": "615F61",
                "has_extended_profile": false,
                "name": "Los Angeles Times",
                "url": "http://t.co/JvbZRDfNzf",
                "location": "Los Angeles, CA",
                "profile_background_tile": false,
                "friends_count": 10713,
                "profile_image_url": "http://pbs.twimg.com/profile_images/546329819919560704/XMWy2Z50_normal.jpeg",
                "utc_offset": -28800,
                "is_translator": false,
                "default_profile": false,
                "translator_type": "regular",
                "profile_sidebar_fill_color": "EFEFEF",
                "created_at": "Thu Oct 09 11:07:42 +0000 2008",
                "description": "News from Los Angeles and the world. Staffed by http://t.co/zb8HyvYyAJ editors.",
                "screen_name": "latimes",
                "lang": "en"
            },
            "in_reply_to_status_id_str": null,
            "coordinates": null,
            "contributors": null,
            "id_str": "801118084505489409",
            "truncated": true,
            "retweet_count": 60,
            "is_quote_status": false,
            "favorite_count": 87,
            "possibly_sensitive": false,
            "in_reply_to_user_id_str": null,
            "source": "<a href=\"http://www.hootsuite.com\" rel=\"nofollow\">Hootsuite</a>",
            "geo": null,
            "in_reply_to_status_id": null,
            "lang": "en"
        }
    ],
    "search_metadata": {
        "query": "Hillary+OR+Clinton+from%3Alatimes+since%3A2016-11-22+until%3A2016-11-23+filter%3Alinks+-%40latimes",
        "since_id": 0,
        "max_id_str": "801118084505489409",
        "max_id": 801118084505489409,
        "refresh_url": "?since_id=801118084505489409&q=Hillary%20OR%20Clinton%20from%3Alatimes%20since%3A2016-11-22%20until%3A2016-11-23%20filter%3Alinks%20-%40latimes&include_entities=1",
        "count": 100,
        "since_id_str": "0",
        "completed_in": 0.052
    }
}