{
    "statuses": [
        {
            "place": null,
            "in_reply_to_screen_name": null,
            "id": 801073338575650816,
            "metadata": {
                "iso_language_code": "en",
                "result_type": "recent"
            },
            "created_at": "Tue Nov 22 14:42:21 +0000 2016",
            "entities": {
                "hashtags": [],
                "symbols": [],
                "urls": [
                    {
                        "url": "https://t.co/zSAIJ3mghD",
                        "indices": [
                            54,
                            77
                        ],
                        "expanded_url": "http://hrld.us/2fBrQzn",
                        "display_url": "hrld.us/2fBrQzn"
                    }
                ],
                "media": [
                    {
                        "media_url": "http://pbs.twimg.com/media/Cx378wqXcAAQwha.jpg",
                        "expanded_url": "https://twitter.com/MiamiHerald/status/801073338575650816/photo/1",
                        "id": 801073330015137792,
                        "sizes": {
                            "large": {
                                "w": 960,
                                "h": 765,
                                "resize": "fit"
                            },
                            "thumb": {
                                "w": 150,
                                "h": 150,
                                "resize": "crop"
                            },
                            "small": {
                                "w": 680,
                                "h": 542,
                                "resize": "fit"
                            },
                            "medium": {
                                "w": 960,
                                "h": 765,
                                "resize": "fit"
                            }
                        },
                        "display_url": "pic.twitter.com/JB1IMh5Wpv",
                        "media_url_https": "https://pbs.twimg.com/media/Cx378wqXcAAQwha.jpg",
                        "id_str": "801073330015137792",
                        "url": "https://t.co/JB1IMh5Wpv",
                        "indices": [
                            78,
                            101
                        ],
                        "type": "photo"
                    }
                ],
                "user_mentions": []
            },
            "text": "Trump breaks campaign pledge, won\u2019t prosecute Clinton https://t.co/zSAIJ3mghD https://t.co/JB1IMh5Wpv",
            "favorited": false,
            "in_reply_to_user_id": null,
            "retweeted": false,
            "user": {
                "contributors_enabled": false,
                "is_translation_enabled": false,
                "time_zone": "Eastern Time (US & Canada)",
                "id": 14085040,
                "follow_request_sent": false,
                "notifications": false,
                "profile_link_color": "0060AF",
                "default_profile_image": false,
                "following": false,
                "profile_banner_url": "https://pbs.twimg.com/profile_banners/14085040/1401331083",
                "verified": true,
                "profile_use_background_image": true,
                "statuses_count": 128321,
                "followers_count": 308961,
                "id_str": "14085040",
                "entities": {
                    "url": {
                        "urls": [
                            {
                                "url": "http://t.co/6KpRmDdPe2",
                                "indices": [
                                    0,
                                    22
                                ],
                                "expanded_url": "http://www.miamiherald.com",
                                "display_url": "miamiherald.com"
                            }
                        ]
                    },
                    "description": {
                        "urls": [
                            {
                                "url": "https://t.co/EBuss8QhEl",
                                "indices": [
                                    42,
                                    65
                                ],
                                "expanded_url": "http://hrld.us/instagram",
                                "display_url": "hrld.us/instagram"
                            },
                            {
                                "url": "https://t.co/C8sShSEs0S",
                                "indices": [
                                    76,
                                    99
                                ],
                                "expanded_url": "http://hrld.us/facebook",
                                "display_url": "hrld.us/facebook"
                            }
                        ]
                    }
                },
                "profile_image_url_https": "https://pbs.twimg.com/profile_images/528285037498609664/JCw0pEvY_normal.jpeg",
                "listed_count": 5552,
                "profile_background_color": "FFFFFF",
                "profile_background_image_url": "http://pbs.twimg.com/profile_background_images/378800000013900789/a5a81b70f38bf7124af93439787031d0.jpeg",
                "profile_sidebar_border_color": "FFFFFF",
                "profile_background_image_url_https": "https://pbs.twimg.com/profile_background_images/378800000013900789/a5a81b70f38bf7124af93439787031d0.jpeg",
                "protected": false,
                "favourites_count": 287,
                "geo_enabled": true,
                "profile_text_color": "333333",
                "has_extended_profile": false,
                "name": "Miami Herald",
                "url": "http://t.co/6KpRmDdPe2",
                "location": "Miami, FL",
                "profile_background_tile": false,
                "friends_count": 804,
                "profile_image_url": "http://pbs.twimg.com/profile_images/528285037498609664/JCw0pEvY_normal.jpeg",
                "utc_offset": -18000,
                "is_translator": false,
                "default_profile": false,
                "translator_type": "none",
                "profile_sidebar_fill_color": "EBECED",
                "created_at": "Wed Mar 05 21:04:05 +0000 2008",
                "description": "The news. Every day. Your way.\nInstagram: https://t.co/EBuss8QhEl\nFacebook: https://t.co/C8sShSEs0S\nSnapchat: miamiherald",
                "screen_name": "MiamiHerald",
                "lang": "en"
            },
            "in_reply_to_status_id_str": null,
            "coordinates": null,
            "contributors": null,
            "id_str": "801073338575650816",
            "truncated": false,
            "retweet_count": 7,
            "is_quote_status": false,
            "favorite_count": 4,
            "possibly_sensitive": false,
            "in_reply_to_user_id_str": null,
            "source": "<a href=\"https://about.twitter.com/products/tweetdeck\" rel=\"nofollow\">TweetDeck</a>",
            "extended_entities": {
                "media": [
                    {
                        "media_url": "http://pbs.twimg.com/media/Cx378wqXcAAQwha.jpg",
                        "expanded_url": "https://twitter.com/MiamiHerald/status/801073338575650816/photo/1",
                        "id": 801073330015137792,
                        "sizes": {
                            "large": {
                                "w": 960,
                                "h": 765,
                                "resize": "fit"
                            },
                            "thumb": {
                                "w": 150,
                                "h": 150,
                                "resize": "crop"
                            },
                            "small": {
                                "w": 680,
                                "h": 542,
                                "resize": "fit"
                            },
                            "medium": {
                                "w": 960,
                                "h": 765,
                                "resize": "fit"
                            }
                        },
                        "display_url": "pic.twitter.com/JB1IMh5Wpv",
                        "media_url_https": "https://pbs.twimg.com/media/Cx378wqXcAAQwha.jpg",
                        "id_str": "801073330015137792",
                        "url": "https://t.co/JB1IMh5Wpv",
                        "indices": [
                            78,
                            101
                        ],
                        "type": "photo"
                    }
                ]
            },
            "geo": null,
            "in_reply_to_status_id": null,
            "lang": "en"
        }
    ],
    "search_metadata": {
        "query": "Hillary+OR+Clinton+from%3AMiamiHerald+since%3A2016-11-22+until%3A2016-11-23+filter%3Alinks+-%40MiamiHerald",
        "since_id": 0,
        "max_id_str": "801073338575650816",
        "max_id": 801073338575650816,
        "refresh_url": "?since_id=801073338575650816&q=Hillary%20OR%20Clinton%20from%3AMiamiHerald%20since%3A2016-11-22%20until%3A2016-11-23%20filter%3Alinks%20-%40MiamiHerald&include_entities=1",
        "count": 100,
        "since_id_str": "0",
        "completed_in": 0.019
    }
}