{
    "statuses": [
        {
            "place": null,
            "in_reply_to_screen_name": null,
            "id": 800898576532537352,
            "in_reply_to_user_id": null,
            "created_at": "Tue Nov 22 03:07:55 +0000 2016",
            "entities": {
                "hashtags": [
                    {
                        "indices": [
                            0,
                            10
                        ],
                        "text": "Waterford"
                    },
                    {
                        "indices": [
                            102,
                            110
                        ],
                        "text": "Clinton"
                    }
                ],
                "symbols": [],
                "urls": [
                    {
                        "url": "https://t.co/UozE2kNXg6",
                        "indices": [
                            113,
                            136
                        ],
                        "expanded_url": "https://twitter.com/i/web/status/800898576532537352",
                        "display_url": "twitter.com/i/web/status/8\u2026"
                    }
                ],
                "user_mentions": []
            },
            "text": "#Waterford PD have a surveillance photo of two white males that maybe involved in recent vandalism in #Clinton.\u2026 https://t.co/UozE2kNXg6",
            "favorited": false,
            "metadata": {
                "iso_language_code": "en",
                "result_type": "recent"
            },
            "retweeted": false,
            "user": {
                "contributors_enabled": false,
                "is_translation_enabled": false,
                "time_zone": null,
                "id": 34956062,
                "follow_request_sent": false,
                "notifications": false,
                "profile_link_color": "080E11",
                "default_profile_image": false,
                "following": false,
                "verified": false,
                "profile_use_background_image": false,
                "statuses_count": 64677,
                "followers_count": 52058,
                "id_str": "34956062",
                "entities": {
                    "url": {
                        "urls": [
                            {
                                "url": "https://t.co/2cox044c9b",
                                "indices": [
                                    0,
                                    23
                                ],
                                "expanded_url": "http://www.nhregister.com/",
                                "display_url": "nhregister.com"
                            }
                        ]
                    },
                    "description": {
                        "urls": []
                    }
                },
                "profile_image_url_https": "https://pbs.twimg.com/profile_images/3760081022/298ec1da0ffea485a6b6a0cb6be7d04c_normal.jpeg",
                "listed_count": 906,
                "profile_background_color": "CFCFCF",
                "profile_background_image_url": "http://pbs.twimg.com/profile_background_images/24848102/CT_NHR.jpg",
                "profile_sidebar_border_color": "FFFFFF",
                "profile_background_image_url_https": "https://pbs.twimg.com/profile_background_images/24848102/CT_NHR.jpg",
                "protected": false,
                "favourites_count": 736,
                "geo_enabled": true,
                "profile_text_color": "090707",
                "has_extended_profile": false,
                "name": "New Haven Register",
                "url": "https://t.co/2cox044c9b",
                "location": "New Haven, Connecticut",
                "profile_background_tile": false,
                "friends_count": 6170,
                "profile_image_url": "http://pbs.twimg.com/profile_images/3760081022/298ec1da0ffea485a6b6a0cb6be7d04c_normal.jpeg",
                "utc_offset": null,
                "is_translator": false,
                "default_profile": false,
                "translator_type": "none",
                "profile_sidebar_fill_color": "D2120F",
                "created_at": "Fri Apr 24 15:38:22 +0000 2009",
                "description": "A digital first multimedia news organization in Greater New Haven, Connecticut since 1812. Call in news tips: 203-789-5708",
                "screen_name": "nhregister",
                "lang": "en"
            },
            "in_reply_to_status_id_str": null,
            "coordinates": null,
            "contributors": null,
            "id_str": "800898576532537352",
            "truncated": true,
            "retweet_count": 0,
            "is_quote_status": false,
            "favorite_count": 0,
            "possibly_sensitive": false,
            "in_reply_to_user_id_str": null,
            "source": "<a href=\"https://about.twitter.com/products/tweetdeck\" rel=\"nofollow\">TweetDeck</a>",
            "geo": null,
            "in_reply_to_status_id": null,
            "lang": "en"
        }
    ],
    "search_metadata": {
        "query": "Hillary+OR+Clinton+from%3Anhregister+since%3A2016-11-22+until%3A2016-11-23+filter%3Alinks+-%40nhregister",
        "since_id": 0,
        "max_id_str": "800898576532537352",
        "max_id": 800898576532537352,
        "refresh_url": "?since_id=800898576532537352&q=Hillary%20OR%20Clinton%20from%3Anhregister%20since%3A2016-11-22%20until%3A2016-11-23%20filter%3Alinks%20-%40nhregister&include_entities=1",
        "count": 100,
        "since_id_str": "0",
        "completed_in": 0.059
    }
}