{
    "search_metadata": {
        "completed_in": 0.028,
        "query": "from%3Abostonherald+filter%3Alinks+since%3A2016-11-23+until%3A2016-11-24+Cuba+OR+Cubans+OR+Castro+or+Fidel+-%40bostonherald",
        "max_id_str": "803415265773961216",
        "refresh_url": "?since_id=803415265773961216&q=from%3Abostonherald%20filter%3Alinks%20since%3A2016-11-23%20until%3A2016-11-24%20Cuba%20OR%20Cubans%20OR%20Castro%20or%20Fidel%20-%40bostonherald&include_entities=1",
        "max_id": 803415265773961216,
        "since_id_str": "0",
        "since_id": 0,
        "count": 100
    },
    "statuses": []
}