{
    "search_metadata": {
        "max_id_str": "803420433739579392",
        "refresh_url": "?since_id=803420433739579392&q=from%3ACSTribune%20filter%3Alinks%20since%3A2016-11-23%20until%3A2016-11-24%20Cuba%20OR%20Cubans%20OR%20Castro%20or%20Fidel%20-%40CSTribune&include_entities=1",
        "query": "from%3ACSTribune+filter%3Alinks+since%3A2016-11-23+until%3A2016-11-24+Cuba+OR+Cubans+OR+Castro+or+Fidel+-%40CSTribune",
        "max_id": 803420433739579392,
        "since_id": 0,
        "count": 100,
        "completed_in": 0.013,
        "since_id_str": "0"
    },
    "statuses": []
}