{
    "search_metadata": {
        "completed_in": 0.029,
        "query": "from%3AEnquirer+filter%3Alinks+since%3A2016-11-23+until%3A2016-11-24+Cuba+OR+Cubans+OR+Castro+or+Fidel+-%40Enquirer",
        "max_id_str": "803415300813320192",
        "refresh_url": "?since_id=803415300813320192&q=from%3AEnquirer%20filter%3Alinks%20since%3A2016-11-23%20until%3A2016-11-24%20Cuba%20OR%20Cubans%20OR%20Castro%20or%20Fidel%20-%40Enquirer&include_entities=1",
        "max_id": 803415300813320192,
        "since_id_str": "0",
        "since_id": 0,
        "count": 100
    },
    "statuses": []
}