{
    "search_metadata": {
        "max_id_str": "803420427053735936",
        "refresh_url": "?since_id=803420427053735936&q=from%3AGbrValleyWV%20filter%3Alinks%20since%3A2016-11-23%20until%3A2016-11-24%20Cuba%20OR%20Cubans%20OR%20Castro%20or%20Fidel%20-%40GbrValleyWV&include_entities=1",
        "query": "from%3AGbrValleyWV+filter%3Alinks+since%3A2016-11-23+until%3A2016-11-24+Cuba+OR+Cubans+OR+Castro+or+Fidel+-%40GbrValleyWV",
        "max_id": 803420427053735936,
        "since_id": 0,
        "count": 100,
        "completed_in": 0.021,
        "since_id_str": "0"
    },
    "statuses": []
}