{
    "search_metadata": {
        "completed_in": 0.034,
        "query": "from%3Atulsaworld+filter%3Alinks+since%3A2016-11-23+until%3A2016-11-24+Cuba+OR+Cubans+OR+Castro+or+Fidel+-%40tulsaworld",
        "max_id_str": "803415303178829824",
        "refresh_url": "?since_id=803415303178829824&q=from%3Atulsaworld%20filter%3Alinks%20since%3A2016-11-23%20until%3A2016-11-24%20Cuba%20OR%20Cubans%20OR%20Castro%20or%20Fidel%20-%40tulsaworld&include_entities=1",
        "max_id": 803415303178829824,
        "since_id_str": "0",
        "since_id": 0,
        "count": 100
    },
    "statuses": []
}