{
    "statuses": [],
    "search_metadata": {
        "query": "from%3Aajc+filter%3Alinks+since%3A2016-11-24+until%3A2016-11-25+marihuana+OR+marijuana+OR+cannabis+-%40ajc",
        "count": 100,
        "refresh_url": "?since_id=803438435134566400&q=from%3Aajc%20filter%3Alinks%20since%3A2016-11-24%20until%3A2016-11-25%20marihuana%20OR%20marijuana%20OR%20cannabis%20-%40ajc&include_entities=1",
        "max_id": 803438435134566400,
        "max_id_str": "803438435134566400",
        "since_id": 0,
        "since_id_str": "0",
        "completed_in": 0.018
    }
}