{
    "statuses": [
        {
            "favorite_count": 8,
            "created_at": "Thu Nov 24 16:09:23 +0000 2016",
            "is_quote_status": false,
            "place": null,
            "in_reply_to_screen_name": null,
            "lang": "en",
            "metadata": {
                "iso_language_code": "en",
                "result_type": "recent"
            },
            "text": ".@EnquirerDoc: Medical cannabis an ally in Reggie Williams' fight against pain https://t.co/GjlSbA4g5f",
            "favorited": false,
            "truncated": false,
            "id_str": "801820017339797504",
            "entities": {
                "symbols": [],
                "hashtags": [],
                "user_mentions": [
                    {
                        "indices": [
                            1,
                            13
                        ],
                        "name": "Paul Daugherty",
                        "id_str": "22649354",
                        "id": 22649354,
                        "screen_name": "EnquirerDoc"
                    }
                ],
                "urls": [
                    {
                        "indices": [
                            79,
                            102
                        ],
                        "display_url": "cin.ci/2gkdaEB",
                        "expanded_url": "http://cin.ci/2gkdaEB",
                        "url": "https://t.co/GjlSbA4g5f"
                    }
                ]
            },
            "in_reply_to_status_id_str": null,
            "in_reply_to_user_id_str": null,
            "retweet_count": 3,
            "contributors": null,
            "in_reply_to_status_id": null,
            "geo": null,
            "id": 801820017339797504,
            "retweeted": false,
            "user": {
                "profile_image_url_https": "https://pbs.twimg.com/profile_images/526919376285728768/uSA-k8K3_normal.jpeg",
                "favourites_count": 4855,
                "verified": true,
                "created_at": "Fri Mar 07 17:03:25 +0000 2008",
                "utc_offset": -18000,
                "has_extended_profile": false,
                "profile_sidebar_fill_color": "72DDF8",
                "is_translator": false,
                "translator_type": "none",
                "profile_banner_url": "https://pbs.twimg.com/profile_banners/14095883/1478015514",
                "time_zone": "Eastern Time (US & Canada)",
                "follow_request_sent": false,
                "profile_image_url": "http://pbs.twimg.com/profile_images/526919376285728768/uSA-k8K3_normal.jpeg",
                "default_profile_image": false,
                "lang": "en",
                "profile_background_image_url_https": "https://pbs.twimg.com/profile_background_images/378800000068221048/78f238160a5e9282b007257bc5d6df33.jpeg",
                "description": "Your No. 1 source for breaking news, watchdog journalism, Reds, things to do and more. Brought to you by https://t.co/mDBCcYYlHL.",
                "following": false,
                "id_str": "14095883",
                "entities": {
                    "description": {
                        "urls": [
                            {
                                "indices": [
                                    105,
                                    128
                                ],
                                "display_url": "Cincinnati.com",
                                "expanded_url": "http://Cincinnati.com",
                                "url": "https://t.co/mDBCcYYlHL"
                            }
                        ]
                    },
                    "url": {
                        "urls": [
                            {
                                "indices": [
                                    0,
                                    23
                                ],
                                "display_url": "cincinnati.com",
                                "expanded_url": "http://www.cincinnati.com",
                                "url": "https://t.co/UGLPZYIS0f"
                            }
                        ]
                    }
                },
                "location": "Ohio and Kentucky",
                "statuses_count": 93583,
                "name": "Enquirer",
                "listed_count": 1465,
                "is_translation_enabled": false,
                "url": "https://t.co/UGLPZYIS0f",
                "contributors_enabled": false,
                "profile_link_color": "E81C4F",
                "profile_sidebar_border_color": "FFFFFF",
                "profile_background_color": "000000",
                "profile_use_background_image": true,
                "geo_enabled": true,
                "id": 14095883,
                "profile_background_image_url": "http://pbs.twimg.com/profile_background_images/378800000068221048/78f238160a5e9282b007257bc5d6df33.jpeg",
                "friends_count": 1261,
                "screen_name": "Enquirer",
                "default_profile": false,
                "profile_text_color": "000000",
                "notifications": false,
                "protected": false,
                "followers_count": 100720,
                "profile_background_tile": true
            },
            "source": "<a href=\"https://about.twitter.com/products/tweetdeck\" rel=\"nofollow\">TweetDeck</a>",
            "in_reply_to_user_id": null,
            "possibly_sensitive": false,
            "coordinates": null
        }
    ],
    "search_metadata": {
        "query": "from%3AEnquirer+filter%3Alinks+since%3A2016-11-24+until%3A2016-11-25+marihuana+OR+marijuana+OR+cannabis+-%40Enquirer",
        "count": 100,
        "refresh_url": "?since_id=801820017339797504&q=from%3AEnquirer%20filter%3Alinks%20since%3A2016-11-24%20until%3A2016-11-25%20marihuana%20OR%20marijuana%20OR%20cannabis%20-%40Enquirer&include_entities=1",
        "max_id": 801820017339797504,
        "max_id_str": "801820017339797504",
        "since_id": 0,
        "since_id_str": "0",
        "completed_in": 0.038
    }
}