{
    "statuses": [],
    "search_metadata": {
        "query": "from%3ALasVegasSun+filter%3Alinks+since%3A2016-11-24+until%3A2016-11-25+marihuana+OR+marijuana+OR+cannabis+-%40LasVegasSun",
        "count": 100,
        "refresh_url": "?since_id=803438481175379968&q=from%3ALasVegasSun%20filter%3Alinks%20since%3A2016-11-24%20until%3A2016-11-25%20marihuana%20OR%20marijuana%20OR%20cannabis%20-%40LasVegasSun&include_entities=1",
        "max_id": 803438481175379968,
        "max_id_str": "803438481175379968",
        "since_id": 0,
        "since_id_str": "0",
        "completed_in": 0.026
    }
}