{
    "statuses": [
        {
            "favorite_count": 1,
            "created_at": "Thu Nov 24 03:07:06 +0000 2016",
            "is_quote_status": false,
            "place": null,
            "in_reply_to_screen_name": null,
            "lang": "en",
            "metadata": {
                "iso_language_code": "en",
                "result_type": "recent"
            },
            "text": "State agencies warn marijuana growers of pesticide use https://t.co/zD9ehMYMBP",
            "favorited": false,
            "truncated": false,
            "id_str": "801623145589280768",
            "entities": {
                "symbols": [],
                "hashtags": [],
                "user_mentions": [],
                "urls": [
                    {
                        "indices": [
                            55,
                            78
                        ],
                        "display_url": "rgne.ws/2f9hOZU",
                        "expanded_url": "http://rgne.ws/2f9hOZU",
                        "url": "https://t.co/zD9ehMYMBP"
                    }
                ]
            },
            "in_reply_to_status_id_str": null,
            "in_reply_to_user_id_str": null,
            "retweet_count": 0,
            "contributors": null,
            "in_reply_to_status_id": null,
            "geo": null,
            "id": 801623145589280768,
            "retweeted": false,
            "user": {
                "profile_image_url_https": "https://pbs.twimg.com/profile_images/666669213466034176/zXLrqh5l_normal.png",
                "favourites_count": 811,
                "verified": true,
                "created_at": "Sat Jan 10 18:46:52 +0000 2009",
                "utc_offset": -28800,
                "has_extended_profile": false,
                "profile_sidebar_fill_color": "FFFFFF",
                "is_translator": false,
                "translator_type": "none",
                "profile_banner_url": "https://pbs.twimg.com/profile_banners/18842256/1475709071",
                "time_zone": "Pacific Time (US & Canada)",
                "follow_request_sent": false,
                "profile_image_url": "http://pbs.twimg.com/profile_images/666669213466034176/zXLrqh5l_normal.png",
                "default_profile_image": false,
                "lang": "en",
                "profile_background_image_url_https": "https://abs.twimg.com/images/themes/theme1/bg.png",
                "description": "Follow for breaking news, stories, photos, RTs of our journalists and more",
                "following": false,
                "id_str": "18842256",
                "entities": {
                    "description": {
                        "urls": []
                    },
                    "url": {
                        "urls": [
                            {
                                "indices": [
                                    0,
                                    22
                                ],
                                "display_url": "registerguard.com",
                                "expanded_url": "http://www.registerguard.com/",
                                "url": "http://t.co/O1FUaJUQ0E"
                            }
                        ]
                    }
                },
                "location": "3500 Chad Dr Eugene, OR 97408",
                "statuses_count": 33863,
                "name": "The Register-Guard",
                "listed_count": 444,
                "is_translation_enabled": false,
                "url": "http://t.co/O1FUaJUQ0E",
                "contributors_enabled": false,
                "profile_link_color": "247FE6",
                "profile_sidebar_border_color": "2D3138",
                "profile_background_color": "FFFFFF",
                "profile_use_background_image": false,
                "geo_enabled": true,
                "id": 18842256,
                "profile_background_image_url": "http://abs.twimg.com/images/themes/theme1/bg.png",
                "friends_count": 97,
                "screen_name": "registerguard",
                "default_profile": false,
                "profile_text_color": "2D3138",
                "notifications": false,
                "protected": false,
                "followers_count": 19213,
                "profile_background_tile": false
            },
            "source": "<a href=\"http://registerguard.com\" rel=\"nofollow\">RegisterGuardTweet</a>",
            "in_reply_to_user_id": null,
            "possibly_sensitive": false,
            "coordinates": null
        }
    ],
    "search_metadata": {
        "query": "from%3Aregisterguard+filter%3Alinks+since%3A2016-11-24+until%3A2016-11-25+marihuana+OR+marijuana+OR+cannabis+-%40registerguard",
        "count": 100,
        "refresh_url": "?since_id=801623145589280768&q=from%3Aregisterguard%20filter%3Alinks%20since%3A2016-11-24%20until%3A2016-11-25%20marihuana%20OR%20marijuana%20OR%20cannabis%20-%40registerguard&include_entities=1",
        "max_id": 801623145589280768,
        "max_id_str": "801623145589280768",
        "since_id": 0,
        "since_id_str": "0",
        "completed_in": 0.033
    }
}