{
    "statuses": [],
    "search_metadata": {
        "query": "from%3Atheobserver+filter%3Alinks+since%3A2016-11-24+until%3A2016-11-25+marihuana+OR+marijuana+OR+cannabis+-%40theobserver",
        "count": 100,
        "refresh_url": "?since_id=803438489027117057&q=from%3Atheobserver%20filter%3Alinks%20since%3A2016-11-24%20until%3A2016-11-25%20marihuana%20OR%20marijuana%20OR%20cannabis%20-%40theobserver&include_entities=1",
        "max_id": 803438489027117057,
        "max_id_str": "803438489027117057",
        "since_id": 0,
        "since_id_str": "0",
        "completed_in": 0.015
    }
}