{
    "statuses": [],
    "search_metadata": {
        "query": "from%3AWiStateJournal+filter%3Alinks+since%3A2016-11-24+until%3A2016-11-25+marihuana+OR+marijuana+OR+cannabis+-%40WiStateJournal",
        "count": 100,
        "refresh_url": "?since_id=803438538381348864&q=from%3AWiStateJournal%20filter%3Alinks%20since%3A2016-11-24%20until%3A2016-11-25%20marihuana%20OR%20marijuana%20OR%20cannabis%20-%40WiStateJournal&include_entities=1",
        "max_id": 803438538381348864,
        "max_id_str": "803438538381348864",
        "since_id": 0,
        "since_id_str": "0",
        "completed_in": 0.037
    }
}