{
    "search_metadata": {
        "since_id": 0,
        "since_id_str": "0",
        "count": 100,
        "refresh_url": "?since_id=803059530682634240&q=Trump%20from%3ABaltimore_Times%20since%3A2016-11-25%20until%3A2016-11-26%20filter%3Alinks%20-%40Baltimore_Times&include_entities=1",
        "query": "Trump+from%3ABaltimore_Times+since%3A2016-11-25+until%3A2016-11-26+filter%3Alinks+-%40Baltimore_Times",
        "completed_in": 0.019,
        "max_id_str": "803059530682634240",
        "max_id": 803059530682634240
    },
    "statuses": []
}