{
    "search_metadata": {
        "since_id": 0,
        "since_id_str": "0",
        "count": 100,
        "refresh_url": "?since_id=802286245992927232&q=Trump%20from%3Achicagotribune%20since%3A2016-11-25%20until%3A2016-11-26%20filter%3Alinks%20-%40chicagotribune&include_entities=1",
        "query": "Trump+from%3Achicagotribune+since%3A2016-11-25+until%3A2016-11-26+filter%3Alinks+-%40chicagotribune",
        "completed_in": 0.039,
        "max_id_str": "802286245992927232",
        "max_id": 802286245992927232
    },
    "statuses": [
        {
            "favorited": false,
            "truncated": true,
            "entities": {
                "user_mentions": [],
                "urls": [
                    {
                        "display_url": "twitter.com/i/web/status/8\u2026",
                        "indices": [
                            99,
                            122
                        ],
                        "expanded_url": "https://twitter.com/i/web/status/802286245992927232",
                        "url": "https://t.co/HHSDLHFcSG"
                    }
                ],
                "hashtags": [],
                "symbols": []
            },
            "retweeted": false,
            "in_reply_to_status_id": null,
            "place": null,
            "contributors": null,
            "in_reply_to_user_id_str": null,
            "source": "<a href=\"https://about.twitter.com/products/tweetdeck\" rel=\"nofollow\">TweetDeck</a>",
            "is_quote_status": false,
            "geo": null,
            "id_str": "802286245992927232",
            "lang": "en",
            "metadata": {
                "iso_language_code": "en",
                "result_type": "recent"
            },
            "id": 802286245992927232,
            "favorite_count": 7,
            "in_reply_to_user_id": null,
            "in_reply_to_screen_name": null,
            "in_reply_to_status_id_str": null,
            "text": "Trump fills White House counsel and deputy national security posts; Jill Stein pushes for recount\u2026 https://t.co/HHSDLHFcSG",
            "possibly_sensitive": false,
            "retweet_count": 3,
            "user": {
                "profile_background_color": "E1E1E1",
                "description": "Chicago Tribune news, features and so much more live from our newsroom. A part of your life since 1847.",
                "listed_count": 10268,
                "has_extended_profile": false,
                "notifications": false,
                "followers_count": 742326,
                "entities": {
                    "description": {
                        "urls": []
                    },
                    "url": {
                        "urls": [
                            {
                                "display_url": "chicagotribune.com",
                                "indices": [
                                    0,
                                    23
                                ],
                                "expanded_url": "http://chicagotribune.com",
                                "url": "https://t.co/gaVbUBEf0t"
                            }
                        ]
                    }
                },
                "profile_image_url": "http://pbs.twimg.com/profile_images/497063779952099328/kwXnsWCE_normal.jpeg",
                "geo_enabled": false,
                "follow_request_sent": false,
                "utc_offset": -21600,
                "profile_sidebar_fill_color": "E8F3F7",
                "id": 7313362,
                "profile_sidebar_border_color": "FFFFFF",
                "url": "https://t.co/gaVbUBEf0t",
                "profile_text_color": "414141",
                "screen_name": "chicagotribune",
                "statuses_count": 112842,
                "name": "Chicago Tribune",
                "profile_background_image_url_https": "https://pbs.twimg.com/profile_background_images/585532601131110400/8tDplQzV.jpg",
                "profile_background_tile": false,
                "default_profile": false,
                "is_translator": false,
                "id_str": "7313362",
                "lang": "en",
                "translator_type": "regular",
                "time_zone": "Central Time (US & Canada)",
                "location": "Chicago, IL",
                "favourites_count": 300,
                "default_profile_image": false,
                "following": true,
                "profile_use_background_image": false,
                "profile_banner_url": "https://pbs.twimg.com/profile_banners/7313362/1479647725",
                "verified": true,
                "protected": false,
                "contributors_enabled": false,
                "profile_image_url_https": "https://pbs.twimg.com/profile_images/497063779952099328/kwXnsWCE_normal.jpeg",
                "profile_link_color": "336699",
                "is_translation_enabled": false,
                "friends_count": 751,
                "profile_background_image_url": "http://pbs.twimg.com/profile_background_images/585532601131110400/8tDplQzV.jpg",
                "created_at": "Sat Jul 07 14:10:07 +0000 2007"
            },
            "coordinates": null,
            "created_at": "Fri Nov 25 23:02:01 +0000 2016"
        },
        {
            "favorited": false,
            "truncated": true,
            "entities": {
                "user_mentions": [],
                "urls": [
                    {
                        "display_url": "twitter.com/i/web/status/8\u2026",
                        "indices": [
                            115,
                            138
                        ],
                        "expanded_url": "https://twitter.com/i/web/status/802253598361063425",
                        "url": "https://t.co/9aROM5mgCf"
                    }
                ],
                "hashtags": [],
                "symbols": []
            },
            "retweeted": false,
            "in_reply_to_status_id": null,
            "place": null,
            "contributors": null,
            "in_reply_to_user_id_str": null,
            "source": "<a href=\"http://twitter.com\" rel=\"nofollow\">Twitter Web Client</a>",
            "is_quote_status": false,
            "geo": null,
            "id_str": "802253598361063425",
            "lang": "en",
            "metadata": {
                "iso_language_code": "en",
                "result_type": "recent"
            },
            "id": 802253598361063425,
            "favorite_count": 16,
            "in_reply_to_user_id": null,
            "in_reply_to_screen_name": null,
            "in_reply_to_status_id_str": null,
            "text": "\"Korea's Trump\" rides populist wave, rises in South Korea's presidential polls, vows to jail foe. Sound familiar?\u2026 https://t.co/9aROM5mgCf",
            "possibly_sensitive": false,
            "retweet_count": 11,
            "user": {
                "profile_background_color": "E1E1E1",
                "description": "Chicago Tribune news, features and so much more live from our newsroom. A part of your life since 1847.",
                "listed_count": 10268,
                "has_extended_profile": false,
                "notifications": false,
                "followers_count": 742326,
                "entities": {
                    "description": {
                        "urls": []
                    },
                    "url": {
                        "urls": [
                            {
                                "display_url": "chicagotribune.com",
                                "indices": [
                                    0,
                                    23
                                ],
                                "expanded_url": "http://chicagotribune.com",
                                "url": "https://t.co/gaVbUBEf0t"
                            }
                        ]
                    }
                },
                "profile_image_url": "http://pbs.twimg.com/profile_images/497063779952099328/kwXnsWCE_normal.jpeg",
                "geo_enabled": false,
                "follow_request_sent": false,
                "utc_offset": -21600,
                "profile_sidebar_fill_color": "E8F3F7",
                "id": 7313362,
                "profile_sidebar_border_color": "FFFFFF",
                "url": "https://t.co/gaVbUBEf0t",
                "profile_text_color": "414141",
                "screen_name": "chicagotribune",
                "statuses_count": 112842,
                "name": "Chicago Tribune",
                "profile_background_image_url_https": "https://pbs.twimg.com/profile_background_images/585532601131110400/8tDplQzV.jpg",
                "profile_background_tile": false,
                "default_profile": false,
                "is_translator": false,
                "id_str": "7313362",
                "lang": "en",
                "translator_type": "regular",
                "time_zone": "Central Time (US & Canada)",
                "location": "Chicago, IL",
                "favourites_count": 300,
                "default_profile_image": false,
                "following": true,
                "profile_use_background_image": false,
                "profile_banner_url": "https://pbs.twimg.com/profile_banners/7313362/1479647725",
                "verified": true,
                "protected": false,
                "contributors_enabled": false,
                "profile_image_url_https": "https://pbs.twimg.com/profile_images/497063779952099328/kwXnsWCE_normal.jpeg",
                "profile_link_color": "336699",
                "is_translation_enabled": false,
                "friends_count": 751,
                "profile_background_image_url": "http://pbs.twimg.com/profile_background_images/585532601131110400/8tDplQzV.jpg",
                "created_at": "Sat Jul 07 14:10:07 +0000 2007"
            },
            "coordinates": null,
            "created_at": "Fri Nov 25 20:52:17 +0000 2016"
        },
        {
            "favorited": false,
            "truncated": false,
            "entities": {
                "user_mentions": [],
                "urls": [
                    {
                        "display_url": "trib.in/2g0iWhX",
                        "indices": [
                            112,
                            135
                        ],
                        "expanded_url": "http://trib.in/2g0iWhX",
                        "url": "https://t.co/dx4SpspoQ2"
                    }
                ],
                "hashtags": [],
                "symbols": []
            },
            "retweeted": false,
            "in_reply_to_status_id": null,
            "place": null,
            "contributors": null,
            "in_reply_to_user_id_str": null,
            "source": "<a href=\"http://twitter.com\" rel=\"nofollow\">Twitter Web Client</a>",
            "is_quote_status": false,
            "geo": null,
            "id_str": "802243951554166786",
            "lang": "en",
            "metadata": {
                "iso_language_code": "en",
                "result_type": "recent"
            },
            "id": 802243951554166786,
            "favorite_count": 8,
            "in_reply_to_user_id": null,
            "in_reply_to_screen_name": null,
            "in_reply_to_status_id_str": null,
            "text": "As Jill Stein presses recounts, Donald Trump fills deputy national security adviser, White House counsel posts. https://t.co/dx4SpspoQ2",
            "possibly_sensitive": false,
            "retweet_count": 9,
            "user": {
                "profile_background_color": "E1E1E1",
                "description": "Chicago Tribune news, features and so much more live from our newsroom. A part of your life since 1847.",
                "listed_count": 10268,
                "has_extended_profile": false,
                "notifications": false,
                "followers_count": 742326,
                "entities": {
                    "description": {
                        "urls": []
                    },
                    "url": {
                        "urls": [
                            {
                                "display_url": "chicagotribune.com",
                                "indices": [
                                    0,
                                    23
                                ],
                                "expanded_url": "http://chicagotribune.com",
                                "url": "https://t.co/gaVbUBEf0t"
                            }
                        ]
                    }
                },
                "profile_image_url": "http://pbs.twimg.com/profile_images/497063779952099328/kwXnsWCE_normal.jpeg",
                "geo_enabled": false,
                "follow_request_sent": false,
                "utc_offset": -21600,
                "profile_sidebar_fill_color": "E8F3F7",
                "id": 7313362,
                "profile_sidebar_border_color": "FFFFFF",
                "url": "https://t.co/gaVbUBEf0t",
                "profile_text_color": "414141",
                "screen_name": "chicagotribune",
                "statuses_count": 112842,
                "name": "Chicago Tribune",
                "profile_background_image_url_https": "https://pbs.twimg.com/profile_background_images/585532601131110400/8tDplQzV.jpg",
                "profile_background_tile": false,
                "default_profile": false,
                "is_translator": false,
                "id_str": "7313362",
                "lang": "en",
                "translator_type": "regular",
                "time_zone": "Central Time (US & Canada)",
                "location": "Chicago, IL",
                "favourites_count": 300,
                "default_profile_image": false,
                "following": true,
                "profile_use_background_image": false,
                "profile_banner_url": "https://pbs.twimg.com/profile_banners/7313362/1479647725",
                "verified": true,
                "protected": false,
                "contributors_enabled": false,
                "profile_image_url_https": "https://pbs.twimg.com/profile_images/497063779952099328/kwXnsWCE_normal.jpeg",
                "profile_link_color": "336699",
                "is_translation_enabled": false,
                "friends_count": 751,
                "profile_background_image_url": "http://pbs.twimg.com/profile_background_images/585532601131110400/8tDplQzV.jpg",
                "created_at": "Sat Jul 07 14:10:07 +0000 2007"
            },
            "coordinates": null,
            "created_at": "Fri Nov 25 20:13:57 +0000 2016"
        },
        {
            "favorited": false,
            "truncated": false,
            "entities": {
                "user_mentions": [
                    {
                        "screen_name": "EricZorn",
                        "indices": [
                            3,
                            12
                        ],
                        "id_str": "19083161",
                        "id": 19083161,
                        "name": "Eric Zorn"
                    },
                    {
                        "screen_name": "PaigeWiser",
                        "indices": [
                            70,
                            81
                        ],
                        "id_str": "15863915",
                        "id": 15863915,
                        "name": "PaigeWiser"
                    }
                ],
                "urls": [
                    {
                        "display_url": "chicagotribune.com/news/opinion/z\u2026",
                        "indices": [
                            83,
                            106
                        ],
                        "expanded_url": "http://www.chicagotribune.com/news/opinion/zorn/ct-trump-neckties-pronunciation-perspec-zorn-1127-md-20161125-column.html",
                        "url": "https://t.co/nhXeWNBrso"
                    }
                ],
                "hashtags": [],
                "symbols": []
            },
            "retweeted": false,
            "in_reply_to_status_id": null,
            "place": null,
            "contributors": null,
            "in_reply_to_user_id_str": null,
            "source": "<a href=\"http://twitter.com\" rel=\"nofollow\">Twitter Web Client</a>",
            "is_quote_status": false,
            "retweeted_status": {
                "favorited": false,
                "truncated": false,
                "entities": {
                    "user_mentions": [
                        {
                            "screen_name": "PaigeWiser",
                            "indices": [
                                56,
                                67
                            ],
                            "id_str": "15863915",
                            "id": 15863915,
                            "name": "PaigeWiser"
                        }
                    ],
                    "urls": [
                        {
                            "display_url": "chicagotribune.com/news/opinion/z\u2026",
                            "indices": [
                                69,
                                92
                            ],
                            "expanded_url": "http://www.chicagotribune.com/news/opinion/zorn/ct-trump-neckties-pronunciation-perspec-zorn-1127-md-20161125-column.html",
                            "url": "https://t.co/nhXeWNBrso"
                        }
                    ],
                    "hashtags": [],
                    "symbols": []
                },
                "retweeted": false,
                "in_reply_to_status_id": null,
                "place": null,
                "contributors": null,
                "in_reply_to_user_id_str": null,
                "source": "<a href=\"http://twitter.com/#!/download/ipad\" rel=\"nofollow\">Twitter for iPad</a>",
                "is_quote_status": false,
                "geo": null,
                "id_str": "802224090123829252",
                "lang": "en",
                "metadata": {
                    "iso_language_code": "en",
                    "result_type": "recent"
                },
                "id": 802224090123829252,
                "favorite_count": 3,
                "in_reply_to_user_id": null,
                "in_reply_to_screen_name": null,
                "in_reply_to_status_id_str": null,
                "text": "In the \"let's make too much of it, shall we?\" file (h/t @PaigeWiser  https://t.co/nhXeWNBrso",
                "possibly_sensitive": false,
                "retweet_count": 3,
                "user": {
                    "profile_background_color": "9AE4E8",
                    "description": "Defender of Zephyria, Conqueror of the\n tribes of Agon, decapitator of the dark herdsmen of Grith",
                    "listed_count": 754,
                    "has_extended_profile": false,
                    "notifications": false,
                    "followers_count": 14932,
                    "entities": {
                        "description": {
                            "urls": []
                        },
                        "url": {
                            "urls": [
                                {
                                    "display_url": "chicagotribune.com/zorn",
                                    "indices": [
                                        0,
                                        22
                                    ],
                                    "expanded_url": "http://chicagotribune.com/zorn",
                                    "url": "http://t.co/HQ7BFcur0D"
                                }
                            ]
                        }
                    },
                    "profile_image_url": "http://pbs.twimg.com/profile_images/686276865879752704/CbN-KzFL_normal.jpg",
                    "geo_enabled": true,
                    "follow_request_sent": false,
                    "utc_offset": -21600,
                    "profile_sidebar_fill_color": "DDFFCC",
                    "id": 19083161,
                    "profile_sidebar_border_color": "BDDCAD",
                    "url": "http://t.co/HQ7BFcur0D",
                    "profile_text_color": "333333",
                    "screen_name": "EricZorn",
                    "statuses_count": 9666,
                    "name": "Eric Zorn",
                    "profile_background_image_url_https": "https://pbs.twimg.com/profile_background_images/3968296/9974_EricBenGuitar.jpg",
                    "profile_background_tile": true,
                    "default_profile": false,
                    "is_translator": false,
                    "id_str": "19083161",
                    "lang": "en",
                    "translator_type": "none",
                    "time_zone": "Central Time (US & Canada)",
                    "location": "Northwest Side of Chicago",
                    "favourites_count": 161,
                    "default_profile_image": false,
                    "following": false,
                    "profile_use_background_image": true,
                    "profile_banner_url": "https://pbs.twimg.com/profile_banners/19083161/1398267604",
                    "verified": false,
                    "protected": false,
                    "contributors_enabled": false,
                    "profile_image_url_https": "https://pbs.twimg.com/profile_images/686276865879752704/CbN-KzFL_normal.jpg",
                    "profile_link_color": "0084B4",
                    "is_translation_enabled": false,
                    "friends_count": 818,
                    "profile_background_image_url": "http://pbs.twimg.com/profile_background_images/3968296/9974_EricBenGuitar.jpg",
                    "created_at": "Fri Jan 16 20:18:16 +0000 2009"
                },
                "coordinates": null,
                "created_at": "Fri Nov 25 18:55:02 +0000 2016"
            },
            "geo": null,
            "id_str": "802228585532690434",
            "lang": "en",
            "metadata": {
                "iso_language_code": "en",
                "result_type": "recent"
            },
            "id": 802228585532690434,
            "favorite_count": 0,
            "in_reply_to_user_id": null,
            "in_reply_to_screen_name": null,
            "in_reply_to_status_id_str": null,
            "text": "RT @EricZorn: In the \"let's make too much of it, shall we?\" file (h/t @PaigeWiser  https://t.co/nhXeWNBrso",
            "possibly_sensitive": false,
            "retweet_count": 3,
            "user": {
                "profile_background_color": "E1E1E1",
                "description": "Chicago Tribune news, features and so much more live from our newsroom. A part of your life since 1847.",
                "listed_count": 10268,
                "has_extended_profile": false,
                "notifications": false,
                "followers_count": 742326,
                "entities": {
                    "description": {
                        "urls": []
                    },
                    "url": {
                        "urls": [
                            {
                                "display_url": "chicagotribune.com",
                                "indices": [
                                    0,
                                    23
                                ],
                                "expanded_url": "http://chicagotribune.com",
                                "url": "https://t.co/gaVbUBEf0t"
                            }
                        ]
                    }
                },
                "profile_image_url": "http://pbs.twimg.com/profile_images/497063779952099328/kwXnsWCE_normal.jpeg",
                "geo_enabled": false,
                "follow_request_sent": false,
                "utc_offset": -21600,
                "profile_sidebar_fill_color": "E8F3F7",
                "id": 7313362,
                "profile_sidebar_border_color": "FFFFFF",
                "url": "https://t.co/gaVbUBEf0t",
                "profile_text_color": "414141",
                "screen_name": "chicagotribune",
                "statuses_count": 112842,
                "name": "Chicago Tribune",
                "profile_background_image_url_https": "https://pbs.twimg.com/profile_background_images/585532601131110400/8tDplQzV.jpg",
                "profile_background_tile": false,
                "default_profile": false,
                "is_translator": false,
                "id_str": "7313362",
                "lang": "en",
                "translator_type": "regular",
                "time_zone": "Central Time (US & Canada)",
                "location": "Chicago, IL",
                "favourites_count": 300,
                "default_profile_image": false,
                "following": true,
                "profile_use_background_image": false,
                "profile_banner_url": "https://pbs.twimg.com/profile_banners/7313362/1479647725",
                "verified": true,
                "protected": false,
                "contributors_enabled": false,
                "profile_image_url_https": "https://pbs.twimg.com/profile_images/497063779952099328/kwXnsWCE_normal.jpeg",
                "profile_link_color": "336699",
                "is_translation_enabled": false,
                "friends_count": 751,
                "profile_background_image_url": "http://pbs.twimg.com/profile_background_images/585532601131110400/8tDplQzV.jpg",
                "created_at": "Sat Jul 07 14:10:07 +0000 2007"
            },
            "coordinates": null,
            "created_at": "Fri Nov 25 19:12:54 +0000 2016"
        },
        {
            "favorited": false,
            "truncated": true,
            "entities": {
                "user_mentions": [],
                "urls": [
                    {
                        "display_url": "twitter.com/i/web/status/8\u2026",
                        "indices": [
                            100,
                            123
                        ],
                        "expanded_url": "https://twitter.com/i/web/status/802184721442754560",
                        "url": "https://t.co/TMLAi9gFhU"
                    }
                ],
                "hashtags": [],
                "symbols": []
            },
            "retweeted": false,
            "in_reply_to_status_id": null,
            "place": null,
            "contributors": null,
            "in_reply_to_user_id_str": null,
            "source": "<a href=\"http://twitter.com\" rel=\"nofollow\">Twitter Web Client</a>",
            "is_quote_status": false,
            "geo": null,
            "id_str": "802184721442754560",
            "lang": "en",
            "metadata": {
                "iso_language_code": "en",
                "result_type": "recent"
            },
            "id": 802184721442754560,
            "favorite_count": 46,
            "in_reply_to_user_id": null,
            "in_reply_to_screen_name": null,
            "in_reply_to_status_id_str": null,
            "text": "Donald Trump holds stock in company building disputed Dakota Access oil pipeline, raising concern.\u2026 https://t.co/TMLAi9gFhU",
            "possibly_sensitive": false,
            "retweet_count": 83,
            "user": {
                "profile_background_color": "E1E1E1",
                "description": "Chicago Tribune news, features and so much more live from our newsroom. A part of your life since 1847.",
                "listed_count": 10268,
                "has_extended_profile": false,
                "notifications": false,
                "followers_count": 742326,
                "entities": {
                    "description": {
                        "urls": []
                    },
                    "url": {
                        "urls": [
                            {
                                "display_url": "chicagotribune.com",
                                "indices": [
                                    0,
                                    23
                                ],
                                "expanded_url": "http://chicagotribune.com",
                                "url": "https://t.co/gaVbUBEf0t"
                            }
                        ]
                    }
                },
                "profile_image_url": "http://pbs.twimg.com/profile_images/497063779952099328/kwXnsWCE_normal.jpeg",
                "geo_enabled": false,
                "follow_request_sent": false,
                "utc_offset": -21600,
                "profile_sidebar_fill_color": "E8F3F7",
                "id": 7313362,
                "profile_sidebar_border_color": "FFFFFF",
                "url": "https://t.co/gaVbUBEf0t",
                "profile_text_color": "414141",
                "screen_name": "chicagotribune",
                "statuses_count": 112842,
                "name": "Chicago Tribune",
                "profile_background_image_url_https": "https://pbs.twimg.com/profile_background_images/585532601131110400/8tDplQzV.jpg",
                "profile_background_tile": false,
                "default_profile": false,
                "is_translator": false,
                "id_str": "7313362",
                "lang": "en",
                "translator_type": "regular",
                "time_zone": "Central Time (US & Canada)",
                "location": "Chicago, IL",
                "favourites_count": 300,
                "default_profile_image": false,
                "following": true,
                "profile_use_background_image": false,
                "profile_banner_url": "https://pbs.twimg.com/profile_banners/7313362/1479647725",
                "verified": true,
                "protected": false,
                "contributors_enabled": false,
                "profile_image_url_https": "https://pbs.twimg.com/profile_images/497063779952099328/kwXnsWCE_normal.jpeg",
                "profile_link_color": "336699",
                "is_translation_enabled": false,
                "friends_count": 751,
                "profile_background_image_url": "http://pbs.twimg.com/profile_background_images/585532601131110400/8tDplQzV.jpg",
                "created_at": "Sat Jul 07 14:10:07 +0000 2007"
            },
            "coordinates": null,
            "created_at": "Fri Nov 25 16:18:36 +0000 2016"
        },
        {
            "favorited": false,
            "truncated": true,
            "entities": {
                "user_mentions": [],
                "urls": [
                    {
                        "display_url": "twitter.com/i/web/status/8\u2026",
                        "indices": [
                            115,
                            138
                        ],
                        "expanded_url": "https://twitter.com/i/web/status/802150503832571904",
                        "url": "https://t.co/PzFyn2htky"
                    }
                ],
                "hashtags": [],
                "symbols": []
            },
            "retweeted": false,
            "in_reply_to_status_id": null,
            "place": null,
            "contributors": null,
            "in_reply_to_user_id_str": null,
            "source": "<a href=\"http://twitter.com\" rel=\"nofollow\">Twitter Web Client</a>",
            "is_quote_status": false,
            "geo": null,
            "id_str": "802150503832571904",
            "lang": "en",
            "metadata": {
                "iso_language_code": "en",
                "result_type": "recent"
            },
            "id": 802150503832571904,
            "favorite_count": 13,
            "in_reply_to_user_id": null,
            "in_reply_to_screen_name": null,
            "in_reply_to_status_id_str": null,
            "text": "Conservation groups are pressing to finalize a range of rules before Inauguration Day and Donald Trump's arrival.\u2026 https://t.co/PzFyn2htky",
            "possibly_sensitive": false,
            "retweet_count": 10,
            "user": {
                "profile_background_color": "E1E1E1",
                "description": "Chicago Tribune news, features and so much more live from our newsroom. A part of your life since 1847.",
                "listed_count": 10268,
                "has_extended_profile": false,
                "notifications": false,
                "followers_count": 742326,
                "entities": {
                    "description": {
                        "urls": []
                    },
                    "url": {
                        "urls": [
                            {
                                "display_url": "chicagotribune.com",
                                "indices": [
                                    0,
                                    23
                                ],
                                "expanded_url": "http://chicagotribune.com",
                                "url": "https://t.co/gaVbUBEf0t"
                            }
                        ]
                    }
                },
                "profile_image_url": "http://pbs.twimg.com/profile_images/497063779952099328/kwXnsWCE_normal.jpeg",
                "geo_enabled": false,
                "follow_request_sent": false,
                "utc_offset": -21600,
                "profile_sidebar_fill_color": "E8F3F7",
                "id": 7313362,
                "profile_sidebar_border_color": "FFFFFF",
                "url": "https://t.co/gaVbUBEf0t",
                "profile_text_color": "414141",
                "screen_name": "chicagotribune",
                "statuses_count": 112842,
                "name": "Chicago Tribune",
                "profile_background_image_url_https": "https://pbs.twimg.com/profile_background_images/585532601131110400/8tDplQzV.jpg",
                "profile_background_tile": false,
                "default_profile": false,
                "is_translator": false,
                "id_str": "7313362",
                "lang": "en",
                "translator_type": "regular",
                "time_zone": "Central Time (US & Canada)",
                "location": "Chicago, IL",
                "favourites_count": 300,
                "default_profile_image": false,
                "following": true,
                "profile_use_background_image": false,
                "profile_banner_url": "https://pbs.twimg.com/profile_banners/7313362/1479647725",
                "verified": true,
                "protected": false,
                "contributors_enabled": false,
                "profile_image_url_https": "https://pbs.twimg.com/profile_images/497063779952099328/kwXnsWCE_normal.jpeg",
                "profile_link_color": "336699",
                "is_translation_enabled": false,
                "friends_count": 751,
                "profile_background_image_url": "http://pbs.twimg.com/profile_background_images/585532601131110400/8tDplQzV.jpg",
                "created_at": "Sat Jul 07 14:10:07 +0000 2007"
            },
            "coordinates": null,
            "created_at": "Fri Nov 25 14:02:38 +0000 2016"
        },
        {
            "favorited": false,
            "truncated": true,
            "entities": {
                "user_mentions": [],
                "urls": [
                    {
                        "display_url": "twitter.com/i/web/status/8\u2026",
                        "indices": [
                            117,
                            140
                        ],
                        "expanded_url": "https://twitter.com/i/web/status/802140010262724609",
                        "url": "https://t.co/3Zu3ylMGG5"
                    }
                ],
                "hashtags": [],
                "symbols": []
            },
            "retweeted": false,
            "in_reply_to_status_id": null,
            "place": null,
            "contributors": null,
            "in_reply_to_user_id_str": null,
            "source": "<a href=\"http://twitter.com\" rel=\"nofollow\">Twitter Web Client</a>",
            "is_quote_status": false,
            "geo": null,
            "id_str": "802140010262724609",
            "lang": "en",
            "metadata": {
                "iso_language_code": "en",
                "result_type": "recent"
            },
            "id": 802140010262724609,
            "favorite_count": 12,
            "in_reply_to_user_id": null,
            "in_reply_to_screen_name": null,
            "in_reply_to_status_id_str": null,
            "text": "As husband of Ivanka Trump, Jared Kushner holds an unassailable position inside Donald Trump\u2019s ecosystem of advisor\u2026 https://t.co/3Zu3ylMGG5",
            "possibly_sensitive": false,
            "retweet_count": 4,
            "user": {
                "profile_background_color": "E1E1E1",
                "description": "Chicago Tribune news, features and so much more live from our newsroom. A part of your life since 1847.",
                "listed_count": 10268,
                "has_extended_profile": false,
                "notifications": false,
                "followers_count": 742326,
                "entities": {
                    "description": {
                        "urls": []
                    },
                    "url": {
                        "urls": [
                            {
                                "display_url": "chicagotribune.com",
                                "indices": [
                                    0,
                                    23
                                ],
                                "expanded_url": "http://chicagotribune.com",
                                "url": "https://t.co/gaVbUBEf0t"
                            }
                        ]
                    }
                },
                "profile_image_url": "http://pbs.twimg.com/profile_images/497063779952099328/kwXnsWCE_normal.jpeg",
                "geo_enabled": false,
                "follow_request_sent": false,
                "utc_offset": -21600,
                "profile_sidebar_fill_color": "E8F3F7",
                "id": 7313362,
                "profile_sidebar_border_color": "FFFFFF",
                "url": "https://t.co/gaVbUBEf0t",
                "profile_text_color": "414141",
                "screen_name": "chicagotribune",
                "statuses_count": 112842,
                "name": "Chicago Tribune",
                "profile_background_image_url_https": "https://pbs.twimg.com/profile_background_images/585532601131110400/8tDplQzV.jpg",
                "profile_background_tile": false,
                "default_profile": false,
                "is_translator": false,
                "id_str": "7313362",
                "lang": "en",
                "translator_type": "regular",
                "time_zone": "Central Time (US & Canada)",
                "location": "Chicago, IL",
                "favourites_count": 300,
                "default_profile_image": false,
                "following": true,
                "profile_use_background_image": false,
                "profile_banner_url": "https://pbs.twimg.com/profile_banners/7313362/1479647725",
                "verified": true,
                "protected": false,
                "contributors_enabled": false,
                "profile_image_url_https": "https://pbs.twimg.com/profile_images/497063779952099328/kwXnsWCE_normal.jpeg",
                "profile_link_color": "336699",
                "is_translation_enabled": false,
                "friends_count": 751,
                "profile_background_image_url": "http://pbs.twimg.com/profile_background_images/585532601131110400/8tDplQzV.jpg",
                "created_at": "Sat Jul 07 14:10:07 +0000 2007"
            },
            "coordinates": null,
            "created_at": "Fri Nov 25 13:20:56 +0000 2016"
        },
        {
            "favorited": false,
            "truncated": false,
            "entities": {
                "user_mentions": [],
                "media": [
                    {
                        "sizes": {
                            "thumb": {
                                "h": 150,
                                "resize": "crop",
                                "w": 150
                            },
                            "large": {
                                "h": 366,
                                "resize": "fit",
                                "w": 650
                            },
                            "medium": {
                                "h": 366,
                                "resize": "fit",
                                "w": 650
                            },
                            "small": {
                                "h": 366,
                                "resize": "fit",
                                "w": 650
                            }
                        },
                        "id": 802043724603789312,
                        "id_str": "802043724603789312",
                        "url": "https://t.co/x5QPCIoaKu",
                        "expanded_url": "https://twitter.com/chicagotribune/status/802048041486315520/photo/1",
                        "type": "photo",
                        "media_url_https": "https://pbs.twimg.com/media/CyFuhKNXEAAFdF8.jpg",
                        "indices": [
                            94,
                            117
                        ],
                        "media_url": "http://pbs.twimg.com/media/CyFuhKNXEAAFdF8.jpg",
                        "display_url": "pic.twitter.com/x5QPCIoaKu"
                    }
                ],
                "urls": [
                    {
                        "display_url": "trib.in/2gmt2GM",
                        "indices": [
                            70,
                            93
                        ],
                        "expanded_url": "http://trib.in/2gmt2GM",
                        "url": "https://t.co/lzFtUyDF7M"
                    }
                ],
                "hashtags": [],
                "symbols": []
            },
            "retweeted": false,
            "in_reply_to_status_id": null,
            "place": null,
            "contributors": null,
            "in_reply_to_user_id_str": null,
            "source": "<a href=\"https://about.twitter.com/products/tweetdeck\" rel=\"nofollow\">TweetDeck</a>",
            "is_quote_status": false,
            "geo": null,
            "id_str": "802048041486315520",
            "lang": "en",
            "metadata": {
                "iso_language_code": "en",
                "result_type": "recent"
            },
            "id": 802048041486315520,
            "favorite_count": 10,
            "in_reply_to_user_id": null,
            "in_reply_to_screen_name": null,
            "in_reply_to_status_id_str": null,
            "text": "How Trump could use the presidency to help his own business interests https://t.co/lzFtUyDF7M https://t.co/x5QPCIoaKu",
            "possibly_sensitive": false,
            "retweet_count": 19,
            "extended_entities": {
                "media": [
                    {
                        "sizes": {
                            "thumb": {
                                "h": 150,
                                "resize": "crop",
                                "w": 150
                            },
                            "large": {
                                "h": 366,
                                "resize": "fit",
                                "w": 650
                            },
                            "medium": {
                                "h": 366,
                                "resize": "fit",
                                "w": 650
                            },
                            "small": {
                                "h": 366,
                                "resize": "fit",
                                "w": 650
                            }
                        },
                        "id": 802043724603789312,
                        "id_str": "802043724603789312",
                        "url": "https://t.co/x5QPCIoaKu",
                        "expanded_url": "https://twitter.com/chicagotribune/status/802048041486315520/photo/1",
                        "type": "photo",
                        "media_url_https": "https://pbs.twimg.com/media/CyFuhKNXEAAFdF8.jpg",
                        "indices": [
                            94,
                            117
                        ],
                        "media_url": "http://pbs.twimg.com/media/CyFuhKNXEAAFdF8.jpg",
                        "display_url": "pic.twitter.com/x5QPCIoaKu"
                    }
                ]
            },
            "user": {
                "profile_background_color": "E1E1E1",
                "description": "Chicago Tribune news, features and so much more live from our newsroom. A part of your life since 1847.",
                "listed_count": 10268,
                "has_extended_profile": false,
                "notifications": false,
                "followers_count": 742326,
                "entities": {
                    "description": {
                        "urls": []
                    },
                    "url": {
                        "urls": [
                            {
                                "display_url": "chicagotribune.com",
                                "indices": [
                                    0,
                                    23
                                ],
                                "expanded_url": "http://chicagotribune.com",
                                "url": "https://t.co/gaVbUBEf0t"
                            }
                        ]
                    }
                },
                "profile_image_url": "http://pbs.twimg.com/profile_images/497063779952099328/kwXnsWCE_normal.jpeg",
                "geo_enabled": false,
                "follow_request_sent": false,
                "utc_offset": -21600,
                "profile_sidebar_fill_color": "E8F3F7",
                "id": 7313362,
                "profile_sidebar_border_color": "FFFFFF",
                "url": "https://t.co/gaVbUBEf0t",
                "profile_text_color": "414141",
                "screen_name": "chicagotribune",
                "statuses_count": 112842,
                "name": "Chicago Tribune",
                "profile_background_image_url_https": "https://pbs.twimg.com/profile_background_images/585532601131110400/8tDplQzV.jpg",
                "profile_background_tile": false,
                "default_profile": false,
                "is_translator": false,
                "id_str": "7313362",
                "lang": "en",
                "translator_type": "regular",
                "time_zone": "Central Time (US & Canada)",
                "location": "Chicago, IL",
                "favourites_count": 300,
                "default_profile_image": false,
                "following": true,
                "profile_use_background_image": false,
                "profile_banner_url": "https://pbs.twimg.com/profile_banners/7313362/1479647725",
                "verified": true,
                "protected": false,
                "contributors_enabled": false,
                "profile_image_url_https": "https://pbs.twimg.com/profile_images/497063779952099328/kwXnsWCE_normal.jpeg",
                "profile_link_color": "336699",
                "is_translation_enabled": false,
                "friends_count": 751,
                "profile_background_image_url": "http://pbs.twimg.com/profile_background_images/585532601131110400/8tDplQzV.jpg",
                "created_at": "Sat Jul 07 14:10:07 +0000 2007"
            },
            "coordinates": null,
            "created_at": "Fri Nov 25 07:15:29 +0000 2016"
        },
        {
            "favorited": false,
            "truncated": false,
            "entities": {
                "user_mentions": [],
                "media": [
                    {
                        "sizes": {
                            "thumb": {
                                "h": 150,
                                "resize": "crop",
                                "w": 150
                            },
                            "large": {
                                "h": 366,
                                "resize": "fit",
                                "w": 650
                            },
                            "medium": {
                                "h": 366,
                                "resize": "fit",
                                "w": 650
                            },
                            "small": {
                                "h": 366,
                                "resize": "fit",
                                "w": 650
                            }
                        },
                        "id": 802011345323429888,
                        "id_str": "802011345323429888",
                        "url": "https://t.co/fQhXQybufX",
                        "expanded_url": "https://twitter.com/chicagotribune/status/802011381134487553/photo/1",
                        "type": "photo",
                        "media_url_https": "https://pbs.twimg.com/media/CyFREb_WEAAjG_Z.jpg",
                        "indices": [
                            107,
                            130
                        ],
                        "media_url": "http://pbs.twimg.com/media/CyFREb_WEAAjG_Z.jpg",
                        "display_url": "pic.twitter.com/fQhXQybufX"
                    }
                ],
                "urls": [
                    {
                        "display_url": "trib.in/2gm2MME",
                        "indices": [
                            83,
                            106
                        ],
                        "expanded_url": "http://trib.in/2gm2MME",
                        "url": "https://t.co/iIs0gqb3VY"
                    }
                ],
                "hashtags": [],
                "symbols": []
            },
            "retweeted": false,
            "in_reply_to_status_id": null,
            "place": null,
            "contributors": null,
            "in_reply_to_user_id_str": null,
            "source": "<a href=\"https://about.twitter.com/products/tweetdeck\" rel=\"nofollow\">TweetDeck</a>",
            "is_quote_status": false,
            "geo": null,
            "id_str": "802011381134487553",
            "lang": "en",
            "metadata": {
                "iso_language_code": "en",
                "result_type": "recent"
            },
            "id": 802011381134487553,
            "favorite_count": 14,
            "in_reply_to_user_id": null,
            "in_reply_to_screen_name": null,
            "in_reply_to_status_id_str": null,
            "text": "How is Trump spending Thanksgiving? He says he's trying to save an Indiana factory https://t.co/iIs0gqb3VY https://t.co/fQhXQybufX",
            "possibly_sensitive": false,
            "retweet_count": 10,
            "extended_entities": {
                "media": [
                    {
                        "sizes": {
                            "thumb": {
                                "h": 150,
                                "resize": "crop",
                                "w": 150
                            },
                            "large": {
                                "h": 366,
                                "resize": "fit",
                                "w": 650
                            },
                            "medium": {
                                "h": 366,
                                "resize": "fit",
                                "w": 650
                            },
                            "small": {
                                "h": 366,
                                "resize": "fit",
                                "w": 650
                            }
                        },
                        "id": 802011345323429888,
                        "id_str": "802011345323429888",
                        "url": "https://t.co/fQhXQybufX",
                        "expanded_url": "https://twitter.com/chicagotribune/status/802011381134487553/photo/1",
                        "type": "photo",
                        "media_url_https": "https://pbs.twimg.com/media/CyFREb_WEAAjG_Z.jpg",
                        "indices": [
                            107,
                            130
                        ],
                        "media_url": "http://pbs.twimg.com/media/CyFREb_WEAAjG_Z.jpg",
                        "display_url": "pic.twitter.com/fQhXQybufX"
                    }
                ]
            },
            "user": {
                "profile_background_color": "E1E1E1",
                "description": "Chicago Tribune news, features and so much more live from our newsroom. A part of your life since 1847.",
                "listed_count": 10268,
                "has_extended_profile": false,
                "notifications": false,
                "followers_count": 742326,
                "entities": {
                    "description": {
                        "urls": []
                    },
                    "url": {
                        "urls": [
                            {
                                "display_url": "chicagotribune.com",
                                "indices": [
                                    0,
                                    23
                                ],
                                "expanded_url": "http://chicagotribune.com",
                                "url": "https://t.co/gaVbUBEf0t"
                            }
                        ]
                    }
                },
                "profile_image_url": "http://pbs.twimg.com/profile_images/497063779952099328/kwXnsWCE_normal.jpeg",
                "geo_enabled": false,
                "follow_request_sent": false,
                "utc_offset": -21600,
                "profile_sidebar_fill_color": "E8F3F7",
                "id": 7313362,
                "profile_sidebar_border_color": "FFFFFF",
                "url": "https://t.co/gaVbUBEf0t",
                "profile_text_color": "414141",
                "screen_name": "chicagotribune",
                "statuses_count": 112842,
                "name": "Chicago Tribune",
                "profile_background_image_url_https": "https://pbs.twimg.com/profile_background_images/585532601131110400/8tDplQzV.jpg",
                "profile_background_tile": false,
                "default_profile": false,
                "is_translator": false,
                "id_str": "7313362",
                "lang": "en",
                "translator_type": "regular",
                "time_zone": "Central Time (US & Canada)",
                "location": "Chicago, IL",
                "favourites_count": 300,
                "default_profile_image": false,
                "following": true,
                "profile_use_background_image": false,
                "profile_banner_url": "https://pbs.twimg.com/profile_banners/7313362/1479647725",
                "verified": true,
                "protected": false,
                "contributors_enabled": false,
                "profile_image_url_https": "https://pbs.twimg.com/profile_images/497063779952099328/kwXnsWCE_normal.jpeg",
                "profile_link_color": "336699",
                "is_translation_enabled": false,
                "friends_count": 751,
                "profile_background_image_url": "http://pbs.twimg.com/profile_background_images/585532601131110400/8tDplQzV.jpg",
                "created_at": "Sat Jul 07 14:10:07 +0000 2007"
            },
            "coordinates": null,
            "created_at": "Fri Nov 25 04:49:48 +0000 2016"
        },
        {
            "favorited": false,
            "truncated": false,
            "entities": {
                "user_mentions": [],
                "media": [
                    {
                        "sizes": {
                            "large": {
                                "h": 366,
                                "resize": "fit",
                                "w": 650
                            },
                            "thumb": {
                                "h": 150,
                                "resize": "crop",
                                "w": 150
                            },
                            "medium": {
                                "h": 366,
                                "resize": "fit",
                                "w": 650
                            },
                            "small": {
                                "h": 366,
                                "resize": "fit",
                                "w": 650
                            }
                        },
                        "id": 801998586846314496,
                        "id_str": "801998586846314496",
                        "url": "https://t.co/S1bMFza7IN",
                        "expanded_url": "https://twitter.com/chicagotribune/status/802003456177356800/photo/1",
                        "type": "photo",
                        "media_url_https": "https://pbs.twimg.com/media/CyFFdy9XAAA5I-h.jpg",
                        "indices": [
                            95,
                            118
                        ],
                        "media_url": "http://pbs.twimg.com/media/CyFFdy9XAAA5I-h.jpg",
                        "display_url": "pic.twitter.com/S1bMFza7IN"
                    }
                ],
                "urls": [
                    {
                        "display_url": "trib.in/2gm1XDI",
                        "indices": [
                            71,
                            94
                        ],
                        "expanded_url": "http://trib.in/2gm1XDI",
                        "url": "https://t.co/8FDkySkWDl"
                    }
                ],
                "hashtags": [],
                "symbols": []
            },
            "retweeted": false,
            "in_reply_to_status_id": null,
            "place": null,
            "contributors": null,
            "in_reply_to_user_id_str": null,
            "source": "<a href=\"https://about.twitter.com/products/tweetdeck\" rel=\"nofollow\">TweetDeck</a>",
            "is_quote_status": false,
            "geo": null,
            "id_str": "802003456177356800",
            "lang": "en",
            "metadata": {
                "iso_language_code": "en",
                "result_type": "recent"
            },
            "id": 802003456177356800,
            "favorite_count": 19,
            "in_reply_to_user_id": null,
            "in_reply_to_screen_name": null,
            "in_reply_to_status_id_str": null,
            "text": "Will a Clinton voter be able to date a Trump supporter, or vice versa? https://t.co/8FDkySkWDl https://t.co/S1bMFza7IN",
            "possibly_sensitive": false,
            "retweet_count": 5,
            "extended_entities": {
                "media": [
                    {
                        "sizes": {
                            "large": {
                                "h": 366,
                                "resize": "fit",
                                "w": 650
                            },
                            "thumb": {
                                "h": 150,
                                "resize": "crop",
                                "w": 150
                            },
                            "medium": {
                                "h": 366,
                                "resize": "fit",
                                "w": 650
                            },
                            "small": {
                                "h": 366,
                                "resize": "fit",
                                "w": 650
                            }
                        },
                        "id": 801998586846314496,
                        "id_str": "801998586846314496",
                        "url": "https://t.co/S1bMFza7IN",
                        "expanded_url": "https://twitter.com/chicagotribune/status/802003456177356800/photo/1",
                        "type": "photo",
                        "media_url_https": "https://pbs.twimg.com/media/CyFFdy9XAAA5I-h.jpg",
                        "indices": [
                            95,
                            118
                        ],
                        "media_url": "http://pbs.twimg.com/media/CyFFdy9XAAA5I-h.jpg",
                        "display_url": "pic.twitter.com/S1bMFza7IN"
                    }
                ]
            },
            "user": {
                "profile_background_color": "E1E1E1",
                "description": "Chicago Tribune news, features and so much more live from our newsroom. A part of your life since 1847.",
                "listed_count": 10268,
                "has_extended_profile": false,
                "notifications": false,
                "followers_count": 742326,
                "entities": {
                    "description": {
                        "urls": []
                    },
                    "url": {
                        "urls": [
                            {
                                "display_url": "chicagotribune.com",
                                "indices": [
                                    0,
                                    23
                                ],
                                "expanded_url": "http://chicagotribune.com",
                                "url": "https://t.co/gaVbUBEf0t"
                            }
                        ]
                    }
                },
                "profile_image_url": "http://pbs.twimg.com/profile_images/497063779952099328/kwXnsWCE_normal.jpeg",
                "geo_enabled": false,
                "follow_request_sent": false,
                "utc_offset": -21600,
                "profile_sidebar_fill_color": "E8F3F7",
                "id": 7313362,
                "profile_sidebar_border_color": "FFFFFF",
                "url": "https://t.co/gaVbUBEf0t",
                "profile_text_color": "414141",
                "screen_name": "chicagotribune",
                "statuses_count": 112842,
                "name": "Chicago Tribune",
                "profile_background_image_url_https": "https://pbs.twimg.com/profile_background_images/585532601131110400/8tDplQzV.jpg",
                "profile_background_tile": false,
                "default_profile": false,
                "is_translator": false,
                "id_str": "7313362",
                "lang": "en",
                "translator_type": "regular",
                "time_zone": "Central Time (US & Canada)",
                "location": "Chicago, IL",
                "favourites_count": 300,
                "default_profile_image": false,
                "following": true,
                "profile_use_background_image": false,
                "profile_banner_url": "https://pbs.twimg.com/profile_banners/7313362/1479647725",
                "verified": true,
                "protected": false,
                "contributors_enabled": false,
                "profile_image_url_https": "https://pbs.twimg.com/profile_images/497063779952099328/kwXnsWCE_normal.jpeg",
                "profile_link_color": "336699",
                "is_translation_enabled": false,
                "friends_count": 751,
                "profile_background_image_url": "http://pbs.twimg.com/profile_background_images/585532601131110400/8tDplQzV.jpg",
                "created_at": "Sat Jul 07 14:10:07 +0000 2007"
            },
            "coordinates": null,
            "created_at": "Fri Nov 25 04:18:19 +0000 2016"
        },
        {
            "favorited": false,
            "truncated": true,
            "entities": {
                "user_mentions": [],
                "urls": [
                    {
                        "display_url": "trib.in/2fdOwcG",
                        "indices": [
                            84,
                            107
                        ],
                        "expanded_url": "http://trib.in/2fdOwcG",
                        "url": "https://t.co/o7k3rIKtsX"
                    },
                    {
                        "display_url": "twitter.com/i/web/status/8\u2026",
                        "indices": [
                            113,
                            136
                        ],
                        "expanded_url": "https://twitter.com/i/web/status/801978131942961152",
                        "url": "https://t.co/LlAOvBr09j"
                    }
                ],
                "hashtags": [],
                "symbols": []
            },
            "retweeted": false,
            "in_reply_to_status_id": null,
            "place": null,
            "contributors": null,
            "in_reply_to_user_id_str": null,
            "source": "<a href=\"https://about.twitter.com/products/tweetdeck\" rel=\"nofollow\">TweetDeck</a>",
            "is_quote_status": false,
            "geo": null,
            "id_str": "801978131942961152",
            "lang": "en",
            "metadata": {
                "iso_language_code": "en",
                "result_type": "recent"
            },
            "id": 801978131942961152,
            "favorite_count": 23,
            "in_reply_to_user_id": null,
            "in_reply_to_screen_name": null,
            "in_reply_to_status_id_str": null,
            "text": "Trump election win is bad timing for advocates of a National Women's History Museum https://t.co/o7k3rIKtsX via\u2026 https://t.co/LlAOvBr09j",
            "possibly_sensitive": false,
            "retweet_count": 10,
            "user": {
                "profile_background_color": "E1E1E1",
                "description": "Chicago Tribune news, features and so much more live from our newsroom. A part of your life since 1847.",
                "listed_count": 10268,
                "has_extended_profile": false,
                "notifications": false,
                "followers_count": 742326,
                "entities": {
                    "description": {
                        "urls": []
                    },
                    "url": {
                        "urls": [
                            {
                                "display_url": "chicagotribune.com",
                                "indices": [
                                    0,
                                    23
                                ],
                                "expanded_url": "http://chicagotribune.com",
                                "url": "https://t.co/gaVbUBEf0t"
                            }
                        ]
                    }
                },
                "profile_image_url": "http://pbs.twimg.com/profile_images/497063779952099328/kwXnsWCE_normal.jpeg",
                "geo_enabled": false,
                "follow_request_sent": false,
                "utc_offset": -21600,
                "profile_sidebar_fill_color": "E8F3F7",
                "id": 7313362,
                "profile_sidebar_border_color": "FFFFFF",
                "url": "https://t.co/gaVbUBEf0t",
                "profile_text_color": "414141",
                "screen_name": "chicagotribune",
                "statuses_count": 112842,
                "name": "Chicago Tribune",
                "profile_background_image_url_https": "https://pbs.twimg.com/profile_background_images/585532601131110400/8tDplQzV.jpg",
                "profile_background_tile": false,
                "default_profile": false,
                "is_translator": false,
                "id_str": "7313362",
                "lang": "en",
                "translator_type": "regular",
                "time_zone": "Central Time (US & Canada)",
                "location": "Chicago, IL",
                "favourites_count": 300,
                "default_profile_image": false,
                "following": true,
                "profile_use_background_image": false,
                "profile_banner_url": "https://pbs.twimg.com/profile_banners/7313362/1479647725",
                "verified": true,
                "protected": false,
                "contributors_enabled": false,
                "profile_image_url_https": "https://pbs.twimg.com/profile_images/497063779952099328/kwXnsWCE_normal.jpeg",
                "profile_link_color": "336699",
                "is_translation_enabled": false,
                "friends_count": 751,
                "profile_background_image_url": "http://pbs.twimg.com/profile_background_images/585532601131110400/8tDplQzV.jpg",
                "created_at": "Sat Jul 07 14:10:07 +0000 2007"
            },
            "coordinates": null,
            "created_at": "Fri Nov 25 02:37:41 +0000 2016"
        },
        {
            "favorited": false,
            "truncated": false,
            "entities": {
                "user_mentions": [],
                "media": [
                    {
                        "sizes": {
                            "thumb": {
                                "h": 150,
                                "resize": "crop",
                                "w": 150
                            },
                            "large": {
                                "h": 366,
                                "resize": "fit",
                                "w": 650
                            },
                            "medium": {
                                "h": 366,
                                "resize": "fit",
                                "w": 650
                            },
                            "small": {
                                "h": 366,
                                "resize": "fit",
                                "w": 650
                            }
                        },
                        "id": 801949905937989632,
                        "id_str": "801949905937989632",
                        "url": "https://t.co/UB2XkdiP7J",
                        "expanded_url": "https://twitter.com/chicagotribune/status/801949925642797058/photo/1",
                        "type": "photo",
                        "media_url_https": "https://pbs.twimg.com/media/CyEZMMcXgAAK1A0.jpg",
                        "indices": [
                            110,
                            133
                        ],
                        "media_url": "http://pbs.twimg.com/media/CyEZMMcXgAAK1A0.jpg",
                        "display_url": "pic.twitter.com/UB2XkdiP7J"
                    }
                ],
                "urls": [
                    {
                        "display_url": "trib.in/2glyDwK",
                        "indices": [
                            86,
                            109
                        ],
                        "expanded_url": "http://trib.in/2glyDwK",
                        "url": "https://t.co/JrgWH92Ur5"
                    }
                ],
                "hashtags": [],
                "symbols": []
            },
            "retweeted": false,
            "in_reply_to_status_id": null,
            "place": null,
            "contributors": null,
            "in_reply_to_user_id_str": null,
            "source": "<a href=\"https://about.twitter.com/products/tweetdeck\" rel=\"nofollow\">TweetDeck</a>",
            "is_quote_status": false,
            "geo": null,
            "id_str": "801949925642797058",
            "lang": "en",
            "metadata": {
                "iso_language_code": "en",
                "result_type": "recent"
            },
            "id": 801949925642797058,
            "favorite_count": 15,
            "in_reply_to_user_id": null,
            "in_reply_to_screen_name": null,
            "in_reply_to_status_id_str": null,
            "text": "Cubs co-owner Todd Ricketts in line for deputy commerce post in Trump cabinet: source https://t.co/JrgWH92Ur5 https://t.co/UB2XkdiP7J",
            "possibly_sensitive": false,
            "retweet_count": 11,
            "extended_entities": {
                "media": [
                    {
                        "sizes": {
                            "thumb": {
                                "h": 150,
                                "resize": "crop",
                                "w": 150
                            },
                            "large": {
                                "h": 366,
                                "resize": "fit",
                                "w": 650
                            },
                            "medium": {
                                "h": 366,
                                "resize": "fit",
                                "w": 650
                            },
                            "small": {
                                "h": 366,
                                "resize": "fit",
                                "w": 650
                            }
                        },
                        "id": 801949905937989632,
                        "id_str": "801949905937989632",
                        "url": "https://t.co/UB2XkdiP7J",
                        "expanded_url": "https://twitter.com/chicagotribune/status/801949925642797058/photo/1",
                        "type": "photo",
                        "media_url_https": "https://pbs.twimg.com/media/CyEZMMcXgAAK1A0.jpg",
                        "indices": [
                            110,
                            133
                        ],
                        "media_url": "http://pbs.twimg.com/media/CyEZMMcXgAAK1A0.jpg",
                        "display_url": "pic.twitter.com/UB2XkdiP7J"
                    }
                ]
            },
            "user": {
                "profile_background_color": "E1E1E1",
                "description": "Chicago Tribune news, features and so much more live from our newsroom. A part of your life since 1847.",
                "listed_count": 10268,
                "has_extended_profile": false,
                "notifications": false,
                "followers_count": 742326,
                "entities": {
                    "description": {
                        "urls": []
                    },
                    "url": {
                        "urls": [
                            {
                                "display_url": "chicagotribune.com",
                                "indices": [
                                    0,
                                    23
                                ],
                                "expanded_url": "http://chicagotribune.com",
                                "url": "https://t.co/gaVbUBEf0t"
                            }
                        ]
                    }
                },
                "profile_image_url": "http://pbs.twimg.com/profile_images/497063779952099328/kwXnsWCE_normal.jpeg",
                "geo_enabled": false,
                "follow_request_sent": false,
                "utc_offset": -21600,
                "profile_sidebar_fill_color": "E8F3F7",
                "id": 7313362,
                "profile_sidebar_border_color": "FFFFFF",
                "url": "https://t.co/gaVbUBEf0t",
                "profile_text_color": "414141",
                "screen_name": "chicagotribune",
                "statuses_count": 112842,
                "name": "Chicago Tribune",
                "profile_background_image_url_https": "https://pbs.twimg.com/profile_background_images/585532601131110400/8tDplQzV.jpg",
                "profile_background_tile": false,
                "default_profile": false,
                "is_translator": false,
                "id_str": "7313362",
                "lang": "en",
                "translator_type": "regular",
                "time_zone": "Central Time (US & Canada)",
                "location": "Chicago, IL",
                "favourites_count": 300,
                "default_profile_image": false,
                "following": true,
                "profile_use_background_image": false,
                "profile_banner_url": "https://pbs.twimg.com/profile_banners/7313362/1479647725",
                "verified": true,
                "protected": false,
                "contributors_enabled": false,
                "profile_image_url_https": "https://pbs.twimg.com/profile_images/497063779952099328/kwXnsWCE_normal.jpeg",
                "profile_link_color": "336699",
                "is_translation_enabled": false,
                "friends_count": 751,
                "profile_background_image_url": "http://pbs.twimg.com/profile_background_images/585532601131110400/8tDplQzV.jpg",
                "created_at": "Sat Jul 07 14:10:07 +0000 2007"
            },
            "coordinates": null,
            "created_at": "Fri Nov 25 00:45:36 +0000 2016"
        }
    ]
}