{
    "search_metadata": {
        "since_id": 0,
        "since_id_str": "0",
        "count": 100,
        "refresh_url": "?since_id=802239286380728325&q=Trump%20from%3Acsgazette%20since%3A2016-11-25%20until%3A2016-11-26%20filter%3Alinks%20-%40csgazette&include_entities=1",
        "query": "Trump+from%3Acsgazette+since%3A2016-11-25+until%3A2016-11-26+filter%3Alinks+-%40csgazette",
        "completed_in": 0.029,
        "max_id_str": "802239286380728325",
        "max_id": 802239286380728325
    },
    "statuses": [
        {
            "favorited": false,
            "truncated": false,
            "entities": {
                "user_mentions": [
                    {
                        "screen_name": "washingtonpost",
                        "indices": [
                            64,
                            79
                        ],
                        "id_str": "2467791",
                        "id": 2467791,
                        "name": "Washington Post"
                    }
                ],
                "media": [
                    {
                        "sizes": {
                            "thumb": {
                                "h": 150,
                                "resize": "crop",
                                "w": 150
                            },
                            "large": {
                                "h": 494,
                                "resize": "fit",
                                "w": 620
                            },
                            "medium": {
                                "h": 494,
                                "resize": "fit",
                                "w": 620
                            },
                            "small": {
                                "h": 494,
                                "resize": "fit",
                                "w": 620
                            }
                        },
                        "id": 802239284740755457,
                        "id_str": "802239284740755457",
                        "url": "https://t.co/HRHGz7sDVu",
                        "expanded_url": "https://twitter.com/csgazette/status/802239286380728325/photo/1",
                        "type": "photo",
                        "media_url_https": "https://pbs.twimg.com/media/CyIgYQfWEAEqe7j.jpg",
                        "indices": [
                            80,
                            103
                        ],
                        "media_url": "http://pbs.twimg.com/media/CyIgYQfWEAEqe7j.jpg",
                        "display_url": "pic.twitter.com/HRHGz7sDVu"
                    }
                ],
                "urls": [
                    {
                        "display_url": "gazette.com/article/159094\u2026",
                        "indices": [
                            40,
                            63
                        ],
                        "expanded_url": "http://gazette.com/article/1590943?utm_medium=social&utm_source=twitter_csgazette",
                        "url": "https://t.co/a8OK1m35Pv"
                    }
                ],
                "hashtags": [],
                "symbols": []
            },
            "retweeted": false,
            "in_reply_to_status_id": null,
            "place": null,
            "contributors": null,
            "in_reply_to_user_id_str": null,
            "source": "<a href=\"http://www.socialnewsdesk.com\" rel=\"nofollow\">SocialNewsDesk</a>",
            "is_quote_status": false,
            "geo": null,
            "id_str": "802239286380728325",
            "lang": "en",
            "metadata": {
                "iso_language_code": "en",
                "result_type": "recent"
            },
            "id": 802239286380728325,
            "favorite_count": 0,
            "in_reply_to_user_id": null,
            "in_reply_to_screen_name": null,
            "in_reply_to_status_id_str": null,
            "text": "Donald Trump really needs to get a dog: https://t.co/a8OK1m35Pv @washingtonpost https://t.co/HRHGz7sDVu",
            "possibly_sensitive": false,
            "retweet_count": 0,
            "extended_entities": {
                "media": [
                    {
                        "sizes": {
                            "thumb": {
                                "h": 150,
                                "resize": "crop",
                                "w": 150
                            },
                            "large": {
                                "h": 494,
                                "resize": "fit",
                                "w": 620
                            },
                            "medium": {
                                "h": 494,
                                "resize": "fit",
                                "w": 620
                            },
                            "small": {
                                "h": 494,
                                "resize": "fit",
                                "w": 620
                            }
                        },
                        "id": 802239284740755457,
                        "id_str": "802239284740755457",
                        "url": "https://t.co/HRHGz7sDVu",
                        "expanded_url": "https://twitter.com/csgazette/status/802239286380728325/photo/1",
                        "type": "photo",
                        "media_url_https": "https://pbs.twimg.com/media/CyIgYQfWEAEqe7j.jpg",
                        "indices": [
                            80,
                            103
                        ],
                        "media_url": "http://pbs.twimg.com/media/CyIgYQfWEAEqe7j.jpg",
                        "display_url": "pic.twitter.com/HRHGz7sDVu"
                    }
                ]
            },
            "user": {
                "profile_background_color": "131516",
                "description": "2014 Pulitzer Prize winner and #Colorado's second-largest newspaper, delivering the news from #COSprings. News tips:  https://t.co/oysvESA2t5",
                "listed_count": 1049,
                "has_extended_profile": false,
                "notifications": false,
                "followers_count": 48416,
                "entities": {
                    "description": {
                        "urls": [
                            {
                                "display_url": "gazette.com/newstip",
                                "indices": [
                                    118,
                                    141
                                ],
                                "expanded_url": "http://gazette.com/newstip",
                                "url": "https://t.co/oysvESA2t5"
                            }
                        ]
                    },
                    "url": {
                        "urls": [
                            {
                                "display_url": "gazette.com",
                                "indices": [
                                    0,
                                    22
                                ],
                                "expanded_url": "http://www.gazette.com",
                                "url": "http://t.co/wQTvR4mDC8"
                            }
                        ]
                    }
                },
                "profile_image_url": "http://pbs.twimg.com/profile_images/704378890030952448/qDdbY0RO_normal.jpg",
                "geo_enabled": true,
                "follow_request_sent": false,
                "utc_offset": -25200,
                "profile_sidebar_fill_color": "EFEFEF",
                "id": 12837932,
                "profile_sidebar_border_color": "FFFFFF",
                "url": "http://t.co/wQTvR4mDC8",
                "profile_text_color": "333333",
                "screen_name": "csgazette",
                "statuses_count": 124151,
                "name": "The Gazette",
                "profile_background_image_url_https": "https://abs.twimg.com/images/themes/theme14/bg.gif",
                "profile_background_tile": true,
                "default_profile": false,
                "is_translator": false,
                "id_str": "12837932",
                "lang": "en",
                "translator_type": "none",
                "time_zone": "Mountain Time (US & Canada)",
                "location": "Colorado Springs",
                "favourites_count": 466,
                "default_profile_image": false,
                "following": false,
                "profile_use_background_image": true,
                "profile_banner_url": "https://pbs.twimg.com/profile_banners/12837932/1432672048",
                "verified": true,
                "protected": false,
                "contributors_enabled": false,
                "profile_image_url_https": "https://pbs.twimg.com/profile_images/704378890030952448/qDdbY0RO_normal.jpg",
                "profile_link_color": "009999",
                "is_translation_enabled": false,
                "friends_count": 2850,
                "profile_background_image_url": "http://abs.twimg.com/images/themes/theme14/bg.gif",
                "created_at": "Tue Jan 29 17:46:48 +0000 2008"
            },
            "coordinates": null,
            "created_at": "Fri Nov 25 19:55:25 +0000 2016"
        },
        {
            "favorited": false,
            "truncated": false,
            "entities": {
                "user_mentions": [],
                "media": [
                    {
                        "sizes": {
                            "large": {
                                "h": 1541,
                                "resize": "fit",
                                "w": 2048
                            },
                            "thumb": {
                                "h": 150,
                                "resize": "crop",
                                "w": 150
                            },
                            "medium": {
                                "h": 903,
                                "resize": "fit",
                                "w": 1200
                            },
                            "small": {
                                "h": 512,
                                "resize": "fit",
                                "w": 680
                            }
                        },
                        "id": 802209092840329216,
                        "id_str": "802209092840329216",
                        "url": "https://t.co/h4W9qgHXEX",
                        "expanded_url": "https://twitter.com/csgazette/status/802209095923232768/photo/1",
                        "type": "photo",
                        "media_url_https": "https://pbs.twimg.com/media/CyIE625WEAAzjC_.jpg",
                        "indices": [
                            79,
                            102
                        ],
                        "media_url": "http://pbs.twimg.com/media/CyIE625WEAAzjC_.jpg",
                        "display_url": "pic.twitter.com/h4W9qgHXEX"
                    }
                ],
                "urls": [
                    {
                        "display_url": "gazette.com/article/159093\u2026",
                        "indices": [
                            55,
                            78
                        ],
                        "expanded_url": "http://gazette.com/article/1590937?utm_medium=social&utm_source=twitter_csgazette",
                        "url": "https://t.co/5f9vChJin1"
                    }
                ],
                "hashtags": [],
                "symbols": []
            },
            "retweeted": false,
            "in_reply_to_status_id": null,
            "place": null,
            "contributors": null,
            "in_reply_to_user_id_str": null,
            "source": "<a href=\"http://www.socialnewsdesk.com\" rel=\"nofollow\">SocialNewsDesk</a>",
            "is_quote_status": false,
            "geo": null,
            "id_str": "802209095923232768",
            "lang": "en",
            "metadata": {
                "iso_language_code": "en",
                "result_type": "recent"
            },
            "id": 802209095923232768,
            "favorite_count": 0,
            "in_reply_to_user_id": null,
            "in_reply_to_screen_name": null,
            "in_reply_to_status_id_str": null,
            "text": "Melania Trump is set to be a long-distance first lady: https://t.co/5f9vChJin1 https://t.co/h4W9qgHXEX",
            "possibly_sensitive": false,
            "retweet_count": 1,
            "extended_entities": {
                "media": [
                    {
                        "sizes": {
                            "large": {
                                "h": 1541,
                                "resize": "fit",
                                "w": 2048
                            },
                            "thumb": {
                                "h": 150,
                                "resize": "crop",
                                "w": 150
                            },
                            "medium": {
                                "h": 903,
                                "resize": "fit",
                                "w": 1200
                            },
                            "small": {
                                "h": 512,
                                "resize": "fit",
                                "w": 680
                            }
                        },
                        "id": 802209092840329216,
                        "id_str": "802209092840329216",
                        "url": "https://t.co/h4W9qgHXEX",
                        "expanded_url": "https://twitter.com/csgazette/status/802209095923232768/photo/1",
                        "type": "photo",
                        "media_url_https": "https://pbs.twimg.com/media/CyIE625WEAAzjC_.jpg",
                        "indices": [
                            79,
                            102
                        ],
                        "media_url": "http://pbs.twimg.com/media/CyIE625WEAAzjC_.jpg",
                        "display_url": "pic.twitter.com/h4W9qgHXEX"
                    }
                ]
            },
            "user": {
                "profile_background_color": "131516",
                "description": "2014 Pulitzer Prize winner and #Colorado's second-largest newspaper, delivering the news from #COSprings. News tips:  https://t.co/oysvESA2t5",
                "listed_count": 1049,
                "has_extended_profile": false,
                "notifications": false,
                "followers_count": 48416,
                "entities": {
                    "description": {
                        "urls": [
                            {
                                "display_url": "gazette.com/newstip",
                                "indices": [
                                    118,
                                    141
                                ],
                                "expanded_url": "http://gazette.com/newstip",
                                "url": "https://t.co/oysvESA2t5"
                            }
                        ]
                    },
                    "url": {
                        "urls": [
                            {
                                "display_url": "gazette.com",
                                "indices": [
                                    0,
                                    22
                                ],
                                "expanded_url": "http://www.gazette.com",
                                "url": "http://t.co/wQTvR4mDC8"
                            }
                        ]
                    }
                },
                "profile_image_url": "http://pbs.twimg.com/profile_images/704378890030952448/qDdbY0RO_normal.jpg",
                "geo_enabled": true,
                "follow_request_sent": false,
                "utc_offset": -25200,
                "profile_sidebar_fill_color": "EFEFEF",
                "id": 12837932,
                "profile_sidebar_border_color": "FFFFFF",
                "url": "http://t.co/wQTvR4mDC8",
                "profile_text_color": "333333",
                "screen_name": "csgazette",
                "statuses_count": 124151,
                "name": "The Gazette",
                "profile_background_image_url_https": "https://abs.twimg.com/images/themes/theme14/bg.gif",
                "profile_background_tile": true,
                "default_profile": false,
                "is_translator": false,
                "id_str": "12837932",
                "lang": "en",
                "translator_type": "none",
                "time_zone": "Mountain Time (US & Canada)",
                "location": "Colorado Springs",
                "favourites_count": 466,
                "default_profile_image": false,
                "following": false,
                "profile_use_background_image": true,
                "profile_banner_url": "https://pbs.twimg.com/profile_banners/12837932/1432672048",
                "verified": true,
                "protected": false,
                "contributors_enabled": false,
                "profile_image_url_https": "https://pbs.twimg.com/profile_images/704378890030952448/qDdbY0RO_normal.jpg",
                "profile_link_color": "009999",
                "is_translation_enabled": false,
                "friends_count": 2850,
                "profile_background_image_url": "http://abs.twimg.com/images/themes/theme14/bg.gif",
                "created_at": "Tue Jan 29 17:46:48 +0000 2008"
            },
            "coordinates": null,
            "created_at": "Fri Nov 25 17:55:27 +0000 2016"
        },
        {
            "favorited": false,
            "truncated": false,
            "entities": {
                "user_mentions": [],
                "media": [
                    {
                        "sizes": {
                            "thumb": {
                                "h": 150,
                                "resize": "crop",
                                "w": 150
                            },
                            "large": {
                                "h": 415,
                                "resize": "fit",
                                "w": 620
                            },
                            "medium": {
                                "h": 415,
                                "resize": "fit",
                                "w": 620
                            },
                            "small": {
                                "h": 415,
                                "resize": "fit",
                                "w": 620
                            }
                        },
                        "id": 802005236248354817,
                        "id_str": "802005236248354817",
                        "url": "https://t.co/tk66FIMB3U",
                        "expanded_url": "https://twitter.com/csgazette/status/802005238899216385/photo/1",
                        "type": "photo",
                        "media_url_https": "https://pbs.twimg.com/media/CyFLg16WIAEZ5t2.jpg",
                        "indices": [
                            75,
                            98
                        ],
                        "media_url": "http://pbs.twimg.com/media/CyFLg16WIAEZ5t2.jpg",
                        "display_url": "pic.twitter.com/tk66FIMB3U"
                    }
                ],
                "urls": [
                    {
                        "display_url": "gazette.com/article/feed/4\u2026",
                        "indices": [
                            51,
                            74
                        ],
                        "expanded_url": "http://gazette.com/article/feed/425081?utm_medium=social&utm_source=twitter_csgazette",
                        "url": "https://t.co/Gq1D9g2uFa"
                    }
                ],
                "hashtags": [],
                "symbols": []
            },
            "retweeted": false,
            "in_reply_to_status_id": null,
            "place": null,
            "contributors": null,
            "in_reply_to_user_id_str": null,
            "source": "<a href=\"http://www.socialnewsdesk.com\" rel=\"nofollow\">SocialNewsDesk</a>",
            "is_quote_status": false,
            "geo": null,
            "id_str": "802005238899216385",
            "lang": "en",
            "metadata": {
                "iso_language_code": "en",
                "result_type": "recent"
            },
            "id": 802005238899216385,
            "favorite_count": 2,
            "in_reply_to_user_id": null,
            "in_reply_to_screen_name": null,
            "in_reply_to_status_id_str": null,
            "text": "Trump's team to raise millions for Jan. 20 events: https://t.co/Gq1D9g2uFa https://t.co/tk66FIMB3U",
            "possibly_sensitive": false,
            "retweet_count": 0,
            "extended_entities": {
                "media": [
                    {
                        "sizes": {
                            "thumb": {
                                "h": 150,
                                "resize": "crop",
                                "w": 150
                            },
                            "large": {
                                "h": 415,
                                "resize": "fit",
                                "w": 620
                            },
                            "medium": {
                                "h": 415,
                                "resize": "fit",
                                "w": 620
                            },
                            "small": {
                                "h": 415,
                                "resize": "fit",
                                "w": 620
                            }
                        },
                        "id": 802005236248354817,
                        "id_str": "802005236248354817",
                        "url": "https://t.co/tk66FIMB3U",
                        "expanded_url": "https://twitter.com/csgazette/status/802005238899216385/photo/1",
                        "type": "photo",
                        "media_url_https": "https://pbs.twimg.com/media/CyFLg16WIAEZ5t2.jpg",
                        "indices": [
                            75,
                            98
                        ],
                        "media_url": "http://pbs.twimg.com/media/CyFLg16WIAEZ5t2.jpg",
                        "display_url": "pic.twitter.com/tk66FIMB3U"
                    }
                ]
            },
            "user": {
                "profile_background_color": "131516",
                "description": "2014 Pulitzer Prize winner and #Colorado's second-largest newspaper, delivering the news from #COSprings. News tips:  https://t.co/oysvESA2t5",
                "listed_count": 1049,
                "has_extended_profile": false,
                "notifications": false,
                "followers_count": 48416,
                "entities": {
                    "description": {
                        "urls": [
                            {
                                "display_url": "gazette.com/newstip",
                                "indices": [
                                    118,
                                    141
                                ],
                                "expanded_url": "http://gazette.com/newstip",
                                "url": "https://t.co/oysvESA2t5"
                            }
                        ]
                    },
                    "url": {
                        "urls": [
                            {
                                "display_url": "gazette.com",
                                "indices": [
                                    0,
                                    22
                                ],
                                "expanded_url": "http://www.gazette.com",
                                "url": "http://t.co/wQTvR4mDC8"
                            }
                        ]
                    }
                },
                "profile_image_url": "http://pbs.twimg.com/profile_images/704378890030952448/qDdbY0RO_normal.jpg",
                "geo_enabled": true,
                "follow_request_sent": false,
                "utc_offset": -25200,
                "profile_sidebar_fill_color": "EFEFEF",
                "id": 12837932,
                "profile_sidebar_border_color": "FFFFFF",
                "url": "http://t.co/wQTvR4mDC8",
                "profile_text_color": "333333",
                "screen_name": "csgazette",
                "statuses_count": 124151,
                "name": "The Gazette",
                "profile_background_image_url_https": "https://abs.twimg.com/images/themes/theme14/bg.gif",
                "profile_background_tile": true,
                "default_profile": false,
                "is_translator": false,
                "id_str": "12837932",
                "lang": "en",
                "translator_type": "none",
                "time_zone": "Mountain Time (US & Canada)",
                "location": "Colorado Springs",
                "favourites_count": 466,
                "default_profile_image": false,
                "following": false,
                "profile_use_background_image": true,
                "profile_banner_url": "https://pbs.twimg.com/profile_banners/12837932/1432672048",
                "verified": true,
                "protected": false,
                "contributors_enabled": false,
                "profile_image_url_https": "https://pbs.twimg.com/profile_images/704378890030952448/qDdbY0RO_normal.jpg",
                "profile_link_color": "009999",
                "is_translation_enabled": false,
                "friends_count": 2850,
                "profile_background_image_url": "http://abs.twimg.com/images/themes/theme14/bg.gif",
                "created_at": "Tue Jan 29 17:46:48 +0000 2008"
            },
            "coordinates": null,
            "created_at": "Fri Nov 25 04:25:24 +0000 2016"
        },
        {
            "favorited": false,
            "truncated": false,
            "entities": {
                "user_mentions": [],
                "media": [
                    {
                        "sizes": {
                            "thumb": {
                                "h": 150,
                                "resize": "crop",
                                "w": 150
                            },
                            "large": {
                                "h": 1796,
                                "resize": "fit",
                                "w": 2048
                            },
                            "medium": {
                                "h": 1052,
                                "resize": "fit",
                                "w": 1200
                            },
                            "small": {
                                "h": 596,
                                "resize": "fit",
                                "w": 680
                            }
                        },
                        "id": 801944837897551873,
                        "id_str": "801944837897551873",
                        "url": "https://t.co/yHAlq3gnT0",
                        "expanded_url": "https://twitter.com/csgazette/status/801944840061784065/photo/1",
                        "type": "photo",
                        "media_url_https": "https://pbs.twimg.com/media/CyEUlMhXgAEEjQW.jpg",
                        "indices": [
                            77,
                            100
                        ],
                        "media_url": "http://pbs.twimg.com/media/CyEUlMhXgAEEjQW.jpg",
                        "display_url": "pic.twitter.com/yHAlq3gnT0"
                    }
                ],
                "urls": [
                    {
                        "display_url": "gazette.com/article/159091\u2026",
                        "indices": [
                            53,
                            76
                        ],
                        "expanded_url": "http://gazette.com/article/1590914?utm_medium=social&utm_source=twitter_csgazette",
                        "url": "https://t.co/hf7wztSWSn"
                    }
                ],
                "hashtags": [],
                "symbols": []
            },
            "retweeted": false,
            "in_reply_to_status_id": null,
            "place": null,
            "contributors": null,
            "in_reply_to_user_id_str": null,
            "source": "<a href=\"http://www.socialnewsdesk.com\" rel=\"nofollow\">SocialNewsDesk</a>",
            "is_quote_status": false,
            "geo": null,
            "id_str": "801944840061784065",
            "lang": "en",
            "metadata": {
                "iso_language_code": "en",
                "result_type": "recent"
            },
            "id": 801944840061784065,
            "favorite_count": 1,
            "in_reply_to_user_id": null,
            "in_reply_to_screen_name": null,
            "in_reply_to_status_id_str": null,
            "text": "The military parade for Donald Trump has come early: https://t.co/hf7wztSWSn https://t.co/yHAlq3gnT0",
            "possibly_sensitive": false,
            "retweet_count": 0,
            "extended_entities": {
                "media": [
                    {
                        "sizes": {
                            "thumb": {
                                "h": 150,
                                "resize": "crop",
                                "w": 150
                            },
                            "large": {
                                "h": 1796,
                                "resize": "fit",
                                "w": 2048
                            },
                            "medium": {
                                "h": 1052,
                                "resize": "fit",
                                "w": 1200
                            },
                            "small": {
                                "h": 596,
                                "resize": "fit",
                                "w": 680
                            }
                        },
                        "id": 801944837897551873,
                        "id_str": "801944837897551873",
                        "url": "https://t.co/yHAlq3gnT0",
                        "expanded_url": "https://twitter.com/csgazette/status/801944840061784065/photo/1",
                        "type": "photo",
                        "media_url_https": "https://pbs.twimg.com/media/CyEUlMhXgAEEjQW.jpg",
                        "indices": [
                            77,
                            100
                        ],
                        "media_url": "http://pbs.twimg.com/media/CyEUlMhXgAEEjQW.jpg",
                        "display_url": "pic.twitter.com/yHAlq3gnT0"
                    }
                ]
            },
            "user": {
                "profile_background_color": "131516",
                "description": "2014 Pulitzer Prize winner and #Colorado's second-largest newspaper, delivering the news from #COSprings. News tips:  https://t.co/oysvESA2t5",
                "listed_count": 1049,
                "has_extended_profile": false,
                "notifications": false,
                "followers_count": 48416,
                "entities": {
                    "description": {
                        "urls": [
                            {
                                "display_url": "gazette.com/newstip",
                                "indices": [
                                    118,
                                    141
                                ],
                                "expanded_url": "http://gazette.com/newstip",
                                "url": "https://t.co/oysvESA2t5"
                            }
                        ]
                    },
                    "url": {
                        "urls": [
                            {
                                "display_url": "gazette.com",
                                "indices": [
                                    0,
                                    22
                                ],
                                "expanded_url": "http://www.gazette.com",
                                "url": "http://t.co/wQTvR4mDC8"
                            }
                        ]
                    }
                },
                "profile_image_url": "http://pbs.twimg.com/profile_images/704378890030952448/qDdbY0RO_normal.jpg",
                "geo_enabled": true,
                "follow_request_sent": false,
                "utc_offset": -25200,
                "profile_sidebar_fill_color": "EFEFEF",
                "id": 12837932,
                "profile_sidebar_border_color": "FFFFFF",
                "url": "http://t.co/wQTvR4mDC8",
                "profile_text_color": "333333",
                "screen_name": "csgazette",
                "statuses_count": 124151,
                "name": "The Gazette",
                "profile_background_image_url_https": "https://abs.twimg.com/images/themes/theme14/bg.gif",
                "profile_background_tile": true,
                "default_profile": false,
                "is_translator": false,
                "id_str": "12837932",
                "lang": "en",
                "translator_type": "none",
                "time_zone": "Mountain Time (US & Canada)",
                "location": "Colorado Springs",
                "favourites_count": 466,
                "default_profile_image": false,
                "following": false,
                "profile_use_background_image": true,
                "profile_banner_url": "https://pbs.twimg.com/profile_banners/12837932/1432672048",
                "verified": true,
                "protected": false,
                "contributors_enabled": false,
                "profile_image_url_https": "https://pbs.twimg.com/profile_images/704378890030952448/qDdbY0RO_normal.jpg",
                "profile_link_color": "009999",
                "is_translation_enabled": false,
                "friends_count": 2850,
                "profile_background_image_url": "http://abs.twimg.com/images/themes/theme14/bg.gif",
                "created_at": "Tue Jan 29 17:46:48 +0000 2008"
            },
            "coordinates": null,
            "created_at": "Fri Nov 25 00:25:23 +0000 2016"
        }
    ]
}