{
    "search_metadata": {
        "since_id": 0,
        "since_id_str": "0",
        "count": 100,
        "refresh_url": "?since_id=802270788900376576&q=Trump%20from%3Aindystar%20since%3A2016-11-25%20until%3A2016-11-26%20filter%3Alinks%20-%40indystar&include_entities=1",
        "query": "Trump+from%3Aindystar+since%3A2016-11-25+until%3A2016-11-26+filter%3Alinks+-%40indystar",
        "completed_in": 0.053,
        "max_id_str": "802270788900376576",
        "max_id": 802270788900376576
    },
    "statuses": [
        {
            "favorited": false,
            "truncated": false,
            "entities": {
                "user_mentions": [],
                "urls": [
                    {
                        "display_url": "indy.st/2goYIir",
                        "indices": [
                            117,
                            140
                        ],
                        "expanded_url": "http://indy.st/2goYIir",
                        "url": "https://t.co/j0cSSAYXTW"
                    }
                ],
                "hashtags": [],
                "symbols": []
            },
            "retweeted": false,
            "in_reply_to_status_id": null,
            "place": null,
            "contributors": null,
            "in_reply_to_user_id_str": null,
            "source": "<a href=\"http://www.hootsuite.com\" rel=\"nofollow\">Hootsuite</a>",
            "is_quote_status": false,
            "geo": null,
            "id_str": "802270788900376576",
            "lang": "en",
            "metadata": {
                "iso_language_code": "en",
                "result_type": "recent"
            },
            "id": 802270788900376576,
            "favorite_count": 4,
            "in_reply_to_user_id": null,
            "in_reply_to_screen_name": null,
            "in_reply_to_status_id_str": null,
            "text": "The passionate, revealing and always civil discussion revealed fears of racial, ethnic and religious discrimination. https://t.co/j0cSSAYXTW",
            "possibly_sensitive": false,
            "retweet_count": 2,
            "user": {
                "profile_background_color": "333333",
                "description": "News that matters. Sports that thrill. A city that excites. Your IndyStar: Serving the greater good of Central Indiana with local journalism.",
                "listed_count": 2688,
                "has_extended_profile": false,
                "notifications": false,
                "followers_count": 194087,
                "entities": {
                    "description": {
                        "urls": []
                    },
                    "url": {
                        "urls": [
                            {
                                "display_url": "indystar.com",
                                "indices": [
                                    0,
                                    22
                                ],
                                "expanded_url": "http://www.indystar.com/",
                                "url": "http://t.co/AHcf6xQRJC"
                            }
                        ]
                    }
                },
                "profile_image_url": "http://pbs.twimg.com/profile_images/557169583878963204/zW17iH7I_normal.jpeg",
                "geo_enabled": true,
                "follow_request_sent": false,
                "utc_offset": -18000,
                "profile_sidebar_fill_color": "E8E6D0",
                "id": 16550142,
                "profile_sidebar_border_color": "FFFFFF",
                "url": "http://t.co/AHcf6xQRJC",
                "profile_text_color": "000000",
                "screen_name": "indystar",
                "statuses_count": 150436,
                "name": "IndyStar",
                "profile_background_image_url_https": "https://pbs.twimg.com/profile_background_images/378800000123769352/f3a8ad0c9fe01151df8cf34eb18efb5c.jpeg",
                "profile_background_tile": false,
                "default_profile": false,
                "is_translator": false,
                "id_str": "16550142",
                "lang": "en",
                "translator_type": "none",
                "time_zone": "Eastern Time (US & Canada)",
                "location": "Indianapolis, IN",
                "favourites_count": 1462,
                "default_profile_image": false,
                "following": false,
                "profile_use_background_image": true,
                "profile_banner_url": "https://pbs.twimg.com/profile_banners/16550142/1415827321",
                "verified": true,
                "protected": false,
                "contributors_enabled": false,
                "profile_image_url_https": "https://pbs.twimg.com/profile_images/557169583878963204/zW17iH7I_normal.jpeg",
                "profile_link_color": "1373C0",
                "is_translation_enabled": false,
                "friends_count": 414,
                "profile_background_image_url": "http://pbs.twimg.com/profile_background_images/378800000123769352/f3a8ad0c9fe01151df8cf34eb18efb5c.jpeg",
                "created_at": "Wed Oct 01 20:50:45 +0000 2008"
            },
            "coordinates": null,
            "created_at": "Fri Nov 25 22:00:36 +0000 2016"
        },
        {
            "favorited": false,
            "truncated": true,
            "entities": {
                "user_mentions": [],
                "urls": [
                    {
                        "display_url": "twitter.com/i/web/status/8\u2026",
                        "indices": [
                            101,
                            124
                        ],
                        "expanded_url": "https://twitter.com/i/web/status/802260945405935616",
                        "url": "https://t.co/pa1ynHKT3e"
                    }
                ],
                "hashtags": [],
                "symbols": []
            },
            "retweeted": false,
            "in_reply_to_status_id": null,
            "place": null,
            "contributors": null,
            "in_reply_to_user_id_str": null,
            "source": "<a href=\"http://www.hootsuite.com\" rel=\"nofollow\">Hootsuite</a>",
            "is_quote_status": false,
            "geo": null,
            "id_str": "802260945405935616",
            "lang": "en",
            "metadata": {
                "iso_language_code": "en",
                "result_type": "recent"
            },
            "id": 802260945405935616,
            "favorite_count": 5,
            "in_reply_to_user_id": null,
            "in_reply_to_screen_name": null,
            "in_reply_to_status_id_str": null,
            "text": "Union president would be \"shocked\" if Donald Trump convinces Carrier Corp. to stay in Indianapolis.\u2026 https://t.co/pa1ynHKT3e",
            "possibly_sensitive": false,
            "retweet_count": 8,
            "user": {
                "profile_background_color": "333333",
                "description": "News that matters. Sports that thrill. A city that excites. Your IndyStar: Serving the greater good of Central Indiana with local journalism.",
                "listed_count": 2688,
                "has_extended_profile": false,
                "notifications": false,
                "followers_count": 194087,
                "entities": {
                    "description": {
                        "urls": []
                    },
                    "url": {
                        "urls": [
                            {
                                "display_url": "indystar.com",
                                "indices": [
                                    0,
                                    22
                                ],
                                "expanded_url": "http://www.indystar.com/",
                                "url": "http://t.co/AHcf6xQRJC"
                            }
                        ]
                    }
                },
                "profile_image_url": "http://pbs.twimg.com/profile_images/557169583878963204/zW17iH7I_normal.jpeg",
                "geo_enabled": true,
                "follow_request_sent": false,
                "utc_offset": -18000,
                "profile_sidebar_fill_color": "E8E6D0",
                "id": 16550142,
                "profile_sidebar_border_color": "FFFFFF",
                "url": "http://t.co/AHcf6xQRJC",
                "profile_text_color": "000000",
                "screen_name": "indystar",
                "statuses_count": 150436,
                "name": "IndyStar",
                "profile_background_image_url_https": "https://pbs.twimg.com/profile_background_images/378800000123769352/f3a8ad0c9fe01151df8cf34eb18efb5c.jpeg",
                "profile_background_tile": false,
                "default_profile": false,
                "is_translator": false,
                "id_str": "16550142",
                "lang": "en",
                "translator_type": "none",
                "time_zone": "Eastern Time (US & Canada)",
                "location": "Indianapolis, IN",
                "favourites_count": 1462,
                "default_profile_image": false,
                "following": false,
                "profile_use_background_image": true,
                "profile_banner_url": "https://pbs.twimg.com/profile_banners/16550142/1415827321",
                "verified": true,
                "protected": false,
                "contributors_enabled": false,
                "profile_image_url_https": "https://pbs.twimg.com/profile_images/557169583878963204/zW17iH7I_normal.jpeg",
                "profile_link_color": "1373C0",
                "is_translation_enabled": false,
                "friends_count": 414,
                "profile_background_image_url": "http://pbs.twimg.com/profile_background_images/378800000123769352/f3a8ad0c9fe01151df8cf34eb18efb5c.jpeg",
                "created_at": "Wed Oct 01 20:50:45 +0000 2008"
            },
            "coordinates": null,
            "created_at": "Fri Nov 25 21:21:29 +0000 2016"
        },
        {
            "favorited": false,
            "truncated": false,
            "entities": {
                "user_mentions": [
                    {
                        "screen_name": "tswarens",
                        "indices": [
                            82,
                            91
                        ],
                        "id_str": "22547261",
                        "id": 22547261,
                        "name": "Tim Swarens"
                    }
                ],
                "urls": [
                    {
                        "display_url": "indy.st/2guB5Ta",
                        "indices": [
                            93,
                            116
                        ],
                        "expanded_url": "http://indy.st/2guB5Ta",
                        "url": "https://t.co/KV5DUKI1H2"
                    }
                ],
                "hashtags": [],
                "symbols": []
            },
            "retweeted": false,
            "in_reply_to_status_id": null,
            "place": null,
            "contributors": null,
            "in_reply_to_user_id_str": null,
            "source": "<a href=\"http://www.hootsuite.com\" rel=\"nofollow\">Hootsuite</a>",
            "is_quote_status": false,
            "geo": null,
            "id_str": "802229150023057413",
            "lang": "en",
            "metadata": {
                "iso_language_code": "en",
                "result_type": "recent"
            },
            "id": 802229150023057413,
            "favorite_count": 7,
            "in_reply_to_user_id": null,
            "in_reply_to_screen_name": null,
            "in_reply_to_status_id_str": null,
            "text": "We brought together Clinton and Trump supporters and they listened to each other. @tswarens: https://t.co/KV5DUKI1H2",
            "possibly_sensitive": false,
            "retweet_count": 4,
            "user": {
                "profile_background_color": "333333",
                "description": "News that matters. Sports that thrill. A city that excites. Your IndyStar: Serving the greater good of Central Indiana with local journalism.",
                "listed_count": 2688,
                "has_extended_profile": false,
                "notifications": false,
                "followers_count": 194087,
                "entities": {
                    "description": {
                        "urls": []
                    },
                    "url": {
                        "urls": [
                            {
                                "display_url": "indystar.com",
                                "indices": [
                                    0,
                                    22
                                ],
                                "expanded_url": "http://www.indystar.com/",
                                "url": "http://t.co/AHcf6xQRJC"
                            }
                        ]
                    }
                },
                "profile_image_url": "http://pbs.twimg.com/profile_images/557169583878963204/zW17iH7I_normal.jpeg",
                "geo_enabled": true,
                "follow_request_sent": false,
                "utc_offset": -18000,
                "profile_sidebar_fill_color": "E8E6D0",
                "id": 16550142,
                "profile_sidebar_border_color": "FFFFFF",
                "url": "http://t.co/AHcf6xQRJC",
                "profile_text_color": "000000",
                "screen_name": "indystar",
                "statuses_count": 150436,
                "name": "IndyStar",
                "profile_background_image_url_https": "https://pbs.twimg.com/profile_background_images/378800000123769352/f3a8ad0c9fe01151df8cf34eb18efb5c.jpeg",
                "profile_background_tile": false,
                "default_profile": false,
                "is_translator": false,
                "id_str": "16550142",
                "lang": "en",
                "translator_type": "none",
                "time_zone": "Eastern Time (US & Canada)",
                "location": "Indianapolis, IN",
                "favourites_count": 1462,
                "default_profile_image": false,
                "following": false,
                "profile_use_background_image": true,
                "profile_banner_url": "https://pbs.twimg.com/profile_banners/16550142/1415827321",
                "verified": true,
                "protected": false,
                "contributors_enabled": false,
                "profile_image_url_https": "https://pbs.twimg.com/profile_images/557169583878963204/zW17iH7I_normal.jpeg",
                "profile_link_color": "1373C0",
                "is_translation_enabled": false,
                "friends_count": 414,
                "profile_background_image_url": "http://pbs.twimg.com/profile_background_images/378800000123769352/f3a8ad0c9fe01151df8cf34eb18efb5c.jpeg",
                "created_at": "Wed Oct 01 20:50:45 +0000 2008"
            },
            "coordinates": null,
            "created_at": "Fri Nov 25 19:15:08 +0000 2016"
        },
        {
            "favorited": false,
            "truncated": false,
            "entities": {
                "user_mentions": [],
                "urls": [
                    {
                        "display_url": "indy.st/2fMyW3U",
                        "indices": [
                            100,
                            123
                        ],
                        "expanded_url": "http://indy.st/2fMyW3U",
                        "url": "https://t.co/BTtMY9ynoM"
                    }
                ],
                "hashtags": [],
                "symbols": []
            },
            "retweeted": false,
            "in_reply_to_status_id": null,
            "place": null,
            "contributors": null,
            "in_reply_to_user_id_str": null,
            "source": "<a href=\"http://www.hootsuite.com\" rel=\"nofollow\">Hootsuite</a>",
            "is_quote_status": false,
            "geo": null,
            "id_str": "802225507861483520",
            "lang": "en",
            "metadata": {
                "iso_language_code": "en",
                "result_type": "recent"
            },
            "id": 802225507861483520,
            "favorite_count": 9,
            "in_reply_to_user_id": null,
            "in_reply_to_screen_name": null,
            "in_reply_to_status_id_str": null,
            "text": "\"I am working hard, even on Thanksgiving, trying to get Carrier A.C. Company to stay in (Indiana).\" https://t.co/BTtMY9ynoM",
            "possibly_sensitive": false,
            "retweet_count": 4,
            "user": {
                "profile_background_color": "333333",
                "description": "News that matters. Sports that thrill. A city that excites. Your IndyStar: Serving the greater good of Central Indiana with local journalism.",
                "listed_count": 2688,
                "has_extended_profile": false,
                "notifications": false,
                "followers_count": 194087,
                "entities": {
                    "description": {
                        "urls": []
                    },
                    "url": {
                        "urls": [
                            {
                                "display_url": "indystar.com",
                                "indices": [
                                    0,
                                    22
                                ],
                                "expanded_url": "http://www.indystar.com/",
                                "url": "http://t.co/AHcf6xQRJC"
                            }
                        ]
                    }
                },
                "profile_image_url": "http://pbs.twimg.com/profile_images/557169583878963204/zW17iH7I_normal.jpeg",
                "geo_enabled": true,
                "follow_request_sent": false,
                "utc_offset": -18000,
                "profile_sidebar_fill_color": "E8E6D0",
                "id": 16550142,
                "profile_sidebar_border_color": "FFFFFF",
                "url": "http://t.co/AHcf6xQRJC",
                "profile_text_color": "000000",
                "screen_name": "indystar",
                "statuses_count": 150436,
                "name": "IndyStar",
                "profile_background_image_url_https": "https://pbs.twimg.com/profile_background_images/378800000123769352/f3a8ad0c9fe01151df8cf34eb18efb5c.jpeg",
                "profile_background_tile": false,
                "default_profile": false,
                "is_translator": false,
                "id_str": "16550142",
                "lang": "en",
                "translator_type": "none",
                "time_zone": "Eastern Time (US & Canada)",
                "location": "Indianapolis, IN",
                "favourites_count": 1462,
                "default_profile_image": false,
                "following": false,
                "profile_use_background_image": true,
                "profile_banner_url": "https://pbs.twimg.com/profile_banners/16550142/1415827321",
                "verified": true,
                "protected": false,
                "contributors_enabled": false,
                "profile_image_url_https": "https://pbs.twimg.com/profile_images/557169583878963204/zW17iH7I_normal.jpeg",
                "profile_link_color": "1373C0",
                "is_translation_enabled": false,
                "friends_count": 414,
                "profile_background_image_url": "http://pbs.twimg.com/profile_background_images/378800000123769352/f3a8ad0c9fe01151df8cf34eb18efb5c.jpeg",
                "created_at": "Wed Oct 01 20:50:45 +0000 2008"
            },
            "coordinates": null,
            "created_at": "Fri Nov 25 19:00:40 +0000 2016"
        },
        {
            "favorited": false,
            "truncated": false,
            "entities": {
                "user_mentions": [],
                "urls": [
                    {
                        "display_url": "indy.st/2gH4sEP",
                        "indices": [
                            84,
                            107
                        ],
                        "expanded_url": "http://indy.st/2gH4sEP",
                        "url": "https://t.co/q3SXRUO7rR"
                    }
                ],
                "hashtags": [],
                "symbols": []
            },
            "retweeted": false,
            "in_reply_to_status_id": null,
            "place": null,
            "contributors": null,
            "in_reply_to_user_id_str": null,
            "source": "<a href=\"http://www.hootsuite.com\" rel=\"nofollow\">Hootsuite</a>",
            "is_quote_status": false,
            "geo": null,
            "id_str": "802195341797892096",
            "lang": "en",
            "metadata": {
                "iso_language_code": "en",
                "result_type": "recent"
            },
            "id": 802195341797892096,
            "favorite_count": 1,
            "in_reply_to_user_id": null,
            "in_reply_to_screen_name": null,
            "in_reply_to_status_id_str": null,
            "text": "ITT Tech students will likely have to go through Donald Trump for loan forgiveness. https://t.co/q3SXRUO7rR",
            "possibly_sensitive": false,
            "retweet_count": 0,
            "user": {
                "profile_background_color": "333333",
                "description": "News that matters. Sports that thrill. A city that excites. Your IndyStar: Serving the greater good of Central Indiana with local journalism.",
                "listed_count": 2688,
                "has_extended_profile": false,
                "notifications": false,
                "followers_count": 194087,
                "entities": {
                    "description": {
                        "urls": []
                    },
                    "url": {
                        "urls": [
                            {
                                "display_url": "indystar.com",
                                "indices": [
                                    0,
                                    22
                                ],
                                "expanded_url": "http://www.indystar.com/",
                                "url": "http://t.co/AHcf6xQRJC"
                            }
                        ]
                    }
                },
                "profile_image_url": "http://pbs.twimg.com/profile_images/557169583878963204/zW17iH7I_normal.jpeg",
                "geo_enabled": true,
                "follow_request_sent": false,
                "utc_offset": -18000,
                "profile_sidebar_fill_color": "E8E6D0",
                "id": 16550142,
                "profile_sidebar_border_color": "FFFFFF",
                "url": "http://t.co/AHcf6xQRJC",
                "profile_text_color": "000000",
                "screen_name": "indystar",
                "statuses_count": 150436,
                "name": "IndyStar",
                "profile_background_image_url_https": "https://pbs.twimg.com/profile_background_images/378800000123769352/f3a8ad0c9fe01151df8cf34eb18efb5c.jpeg",
                "profile_background_tile": false,
                "default_profile": false,
                "is_translator": false,
                "id_str": "16550142",
                "lang": "en",
                "translator_type": "none",
                "time_zone": "Eastern Time (US & Canada)",
                "location": "Indianapolis, IN",
                "favourites_count": 1462,
                "default_profile_image": false,
                "following": false,
                "profile_use_background_image": true,
                "profile_banner_url": "https://pbs.twimg.com/profile_banners/16550142/1415827321",
                "verified": true,
                "protected": false,
                "contributors_enabled": false,
                "profile_image_url_https": "https://pbs.twimg.com/profile_images/557169583878963204/zW17iH7I_normal.jpeg",
                "profile_link_color": "1373C0",
                "is_translation_enabled": false,
                "friends_count": 414,
                "profile_background_image_url": "http://pbs.twimg.com/profile_background_images/378800000123769352/f3a8ad0c9fe01151df8cf34eb18efb5c.jpeg",
                "created_at": "Wed Oct 01 20:50:45 +0000 2008"
            },
            "coordinates": null,
            "created_at": "Fri Nov 25 17:00:48 +0000 2016"
        },
        {
            "favorited": false,
            "truncated": false,
            "entities": {
                "user_mentions": [],
                "urls": [
                    {
                        "display_url": "indy.st/2fvOEQ3",
                        "indices": [
                            107,
                            130
                        ],
                        "expanded_url": "http://indy.st/2fvOEQ3",
                        "url": "https://t.co/HQfw8UHDnf"
                    }
                ],
                "hashtags": [],
                "symbols": []
            },
            "retweeted": false,
            "in_reply_to_status_id": null,
            "place": null,
            "contributors": null,
            "in_reply_to_user_id_str": null,
            "source": "<a href=\"http://www.hootsuite.com\" rel=\"nofollow\">Hootsuite</a>",
            "is_quote_status": false,
            "geo": null,
            "id_str": "802172406731259904",
            "lang": "en",
            "metadata": {
                "iso_language_code": "en",
                "result_type": "recent"
            },
            "id": 802172406731259904,
            "favorite_count": 5,
            "in_reply_to_user_id": null,
            "in_reply_to_screen_name": null,
            "in_reply_to_status_id_str": null,
            "text": "Up for a challenge? Invite someone who doesn\u2019t share your political, social or religious views for coffee. https://t.co/HQfw8UHDnf",
            "possibly_sensitive": false,
            "retweet_count": 1,
            "user": {
                "profile_background_color": "333333",
                "description": "News that matters. Sports that thrill. A city that excites. Your IndyStar: Serving the greater good of Central Indiana with local journalism.",
                "listed_count": 2688,
                "has_extended_profile": false,
                "notifications": false,
                "followers_count": 194087,
                "entities": {
                    "description": {
                        "urls": []
                    },
                    "url": {
                        "urls": [
                            {
                                "display_url": "indystar.com",
                                "indices": [
                                    0,
                                    22
                                ],
                                "expanded_url": "http://www.indystar.com/",
                                "url": "http://t.co/AHcf6xQRJC"
                            }
                        ]
                    }
                },
                "profile_image_url": "http://pbs.twimg.com/profile_images/557169583878963204/zW17iH7I_normal.jpeg",
                "geo_enabled": true,
                "follow_request_sent": false,
                "utc_offset": -18000,
                "profile_sidebar_fill_color": "E8E6D0",
                "id": 16550142,
                "profile_sidebar_border_color": "FFFFFF",
                "url": "http://t.co/AHcf6xQRJC",
                "profile_text_color": "000000",
                "screen_name": "indystar",
                "statuses_count": 150436,
                "name": "IndyStar",
                "profile_background_image_url_https": "https://pbs.twimg.com/profile_background_images/378800000123769352/f3a8ad0c9fe01151df8cf34eb18efb5c.jpeg",
                "profile_background_tile": false,
                "default_profile": false,
                "is_translator": false,
                "id_str": "16550142",
                "lang": "en",
                "translator_type": "none",
                "time_zone": "Eastern Time (US & Canada)",
                "location": "Indianapolis, IN",
                "favourites_count": 1462,
                "default_profile_image": false,
                "following": false,
                "profile_use_background_image": true,
                "profile_banner_url": "https://pbs.twimg.com/profile_banners/16550142/1415827321",
                "verified": true,
                "protected": false,
                "contributors_enabled": false,
                "profile_image_url_https": "https://pbs.twimg.com/profile_images/557169583878963204/zW17iH7I_normal.jpeg",
                "profile_link_color": "1373C0",
                "is_translation_enabled": false,
                "friends_count": 414,
                "profile_background_image_url": "http://pbs.twimg.com/profile_background_images/378800000123769352/f3a8ad0c9fe01151df8cf34eb18efb5c.jpeg",
                "created_at": "Wed Oct 01 20:50:45 +0000 2008"
            },
            "coordinates": null,
            "created_at": "Fri Nov 25 15:29:40 +0000 2016"
        },
        {
            "favorited": false,
            "truncated": false,
            "entities": {
                "user_mentions": [
                    {
                        "screen_name": "suzyscribe",
                        "indices": [
                            85,
                            96
                        ],
                        "id_str": "21215887",
                        "id": 21215887,
                        "name": "Suzette Hackney"
                    }
                ],
                "urls": [
                    {
                        "display_url": "indy.st/2gGXEqu",
                        "indices": [
                            98,
                            121
                        ],
                        "expanded_url": "http://indy.st/2gGXEqu",
                        "url": "https://t.co/M53LYYi1ZB"
                    }
                ],
                "hashtags": [],
                "symbols": []
            },
            "retweeted": false,
            "in_reply_to_status_id": null,
            "place": null,
            "contributors": null,
            "in_reply_to_user_id_str": null,
            "source": "<a href=\"http://www.hootsuite.com\" rel=\"nofollow\">Hootsuite</a>",
            "is_quote_status": false,
            "geo": null,
            "id_str": "802144248539791361",
            "lang": "en",
            "metadata": {
                "iso_language_code": "en",
                "result_type": "recent"
            },
            "id": 802144248539791361,
            "favorite_count": 14,
            "in_reply_to_user_id": null,
            "in_reply_to_screen_name": null,
            "in_reply_to_status_id_str": null,
            "text": "Our country remains deeply divided. And many Americans remain deeply fearful, writes @suzyscribe. https://t.co/M53LYYi1ZB",
            "possibly_sensitive": false,
            "retweet_count": 6,
            "user": {
                "profile_background_color": "333333",
                "description": "News that matters. Sports that thrill. A city that excites. Your IndyStar: Serving the greater good of Central Indiana with local journalism.",
                "listed_count": 2688,
                "has_extended_profile": false,
                "notifications": false,
                "followers_count": 194087,
                "entities": {
                    "description": {
                        "urls": []
                    },
                    "url": {
                        "urls": [
                            {
                                "display_url": "indystar.com",
                                "indices": [
                                    0,
                                    22
                                ],
                                "expanded_url": "http://www.indystar.com/",
                                "url": "http://t.co/AHcf6xQRJC"
                            }
                        ]
                    }
                },
                "profile_image_url": "http://pbs.twimg.com/profile_images/557169583878963204/zW17iH7I_normal.jpeg",
                "geo_enabled": true,
                "follow_request_sent": false,
                "utc_offset": -18000,
                "profile_sidebar_fill_color": "E8E6D0",
                "id": 16550142,
                "profile_sidebar_border_color": "FFFFFF",
                "url": "http://t.co/AHcf6xQRJC",
                "profile_text_color": "000000",
                "screen_name": "indystar",
                "statuses_count": 150436,
                "name": "IndyStar",
                "profile_background_image_url_https": "https://pbs.twimg.com/profile_background_images/378800000123769352/f3a8ad0c9fe01151df8cf34eb18efb5c.jpeg",
                "profile_background_tile": false,
                "default_profile": false,
                "is_translator": false,
                "id_str": "16550142",
                "lang": "en",
                "translator_type": "none",
                "time_zone": "Eastern Time (US & Canada)",
                "location": "Indianapolis, IN",
                "favourites_count": 1462,
                "default_profile_image": false,
                "following": false,
                "profile_use_background_image": true,
                "profile_banner_url": "https://pbs.twimg.com/profile_banners/16550142/1415827321",
                "verified": true,
                "protected": false,
                "contributors_enabled": false,
                "profile_image_url_https": "https://pbs.twimg.com/profile_images/557169583878963204/zW17iH7I_normal.jpeg",
                "profile_link_color": "1373C0",
                "is_translation_enabled": false,
                "friends_count": 414,
                "profile_background_image_url": "http://pbs.twimg.com/profile_background_images/378800000123769352/f3a8ad0c9fe01151df8cf34eb18efb5c.jpeg",
                "created_at": "Wed Oct 01 20:50:45 +0000 2008"
            },
            "coordinates": null,
            "created_at": "Fri Nov 25 13:37:46 +0000 2016"
        },
        {
            "favorited": false,
            "truncated": false,
            "entities": {
                "user_mentions": [],
                "media": [
                    {
                        "sizes": {
                            "large": {
                                "h": 1075,
                                "resize": "fit",
                                "w": 2048
                            },
                            "thumb": {
                                "h": 150,
                                "resize": "crop",
                                "w": 150
                            },
                            "medium": {
                                "h": 630,
                                "resize": "fit",
                                "w": 1200
                            },
                            "small": {
                                "h": 357,
                                "resize": "fit",
                                "w": 680
                            }
                        },
                        "id": 801944133631758336,
                        "id_str": "801944133631758336",
                        "url": "https://t.co/jHuJMR9JhY",
                        "expanded_url": "https://twitter.com/indystar/status/801944137591205889/photo/1",
                        "type": "photo",
                        "media_url_https": "https://pbs.twimg.com/media/CyET8M7UUAAvshb.jpg",
                        "indices": [
                            71,
                            94
                        ],
                        "media_url": "http://pbs.twimg.com/media/CyET8M7UUAAvshb.jpg",
                        "display_url": "pic.twitter.com/jHuJMR9JhY"
                    }
                ],
                "urls": [
                    {
                        "display_url": "dlvr.it/MktyTT",
                        "indices": [
                            47,
                            70
                        ],
                        "expanded_url": "http://dlvr.it/MktyTT",
                        "url": "https://t.co/9tXMYh5Ia8"
                    }
                ],
                "hashtags": [],
                "symbols": []
            },
            "retweeted": false,
            "in_reply_to_status_id": null,
            "place": null,
            "contributors": null,
            "in_reply_to_user_id_str": null,
            "source": "<a href=\"http://dlvr.it\" rel=\"nofollow\">dlvr.it</a>",
            "is_quote_status": false,
            "geo": null,
            "id_str": "801944137591205889",
            "lang": "en",
            "metadata": {
                "iso_language_code": "en",
                "result_type": "recent"
            },
            "id": 801944137591205889,
            "favorite_count": 7,
            "in_reply_to_user_id": null,
            "in_reply_to_screen_name": null,
            "in_reply_to_status_id_str": null,
            "text": "Trump hints Carrier might stay in Indianapolis https://t.co/9tXMYh5Ia8 https://t.co/jHuJMR9JhY",
            "possibly_sensitive": false,
            "retweet_count": 3,
            "extended_entities": {
                "media": [
                    {
                        "sizes": {
                            "large": {
                                "h": 1075,
                                "resize": "fit",
                                "w": 2048
                            },
                            "thumb": {
                                "h": 150,
                                "resize": "crop",
                                "w": 150
                            },
                            "medium": {
                                "h": 630,
                                "resize": "fit",
                                "w": 1200
                            },
                            "small": {
                                "h": 357,
                                "resize": "fit",
                                "w": 680
                            }
                        },
                        "id": 801944133631758336,
                        "id_str": "801944133631758336",
                        "url": "https://t.co/jHuJMR9JhY",
                        "expanded_url": "https://twitter.com/indystar/status/801944137591205889/photo/1",
                        "type": "photo",
                        "media_url_https": "https://pbs.twimg.com/media/CyET8M7UUAAvshb.jpg",
                        "indices": [
                            71,
                            94
                        ],
                        "media_url": "http://pbs.twimg.com/media/CyET8M7UUAAvshb.jpg",
                        "display_url": "pic.twitter.com/jHuJMR9JhY"
                    }
                ]
            },
            "user": {
                "profile_background_color": "333333",
                "description": "News that matters. Sports that thrill. A city that excites. Your IndyStar: Serving the greater good of Central Indiana with local journalism.",
                "listed_count": 2688,
                "has_extended_profile": false,
                "notifications": false,
                "followers_count": 194087,
                "entities": {
                    "description": {
                        "urls": []
                    },
                    "url": {
                        "urls": [
                            {
                                "display_url": "indystar.com",
                                "indices": [
                                    0,
                                    22
                                ],
                                "expanded_url": "http://www.indystar.com/",
                                "url": "http://t.co/AHcf6xQRJC"
                            }
                        ]
                    }
                },
                "profile_image_url": "http://pbs.twimg.com/profile_images/557169583878963204/zW17iH7I_normal.jpeg",
                "geo_enabled": true,
                "follow_request_sent": false,
                "utc_offset": -18000,
                "profile_sidebar_fill_color": "E8E6D0",
                "id": 16550142,
                "profile_sidebar_border_color": "FFFFFF",
                "url": "http://t.co/AHcf6xQRJC",
                "profile_text_color": "000000",
                "screen_name": "indystar",
                "statuses_count": 150436,
                "name": "IndyStar",
                "profile_background_image_url_https": "https://pbs.twimg.com/profile_background_images/378800000123769352/f3a8ad0c9fe01151df8cf34eb18efb5c.jpeg",
                "profile_background_tile": false,
                "default_profile": false,
                "is_translator": false,
                "id_str": "16550142",
                "lang": "en",
                "translator_type": "none",
                "time_zone": "Eastern Time (US & Canada)",
                "location": "Indianapolis, IN",
                "favourites_count": 1462,
                "default_profile_image": false,
                "following": false,
                "profile_use_background_image": true,
                "profile_banner_url": "https://pbs.twimg.com/profile_banners/16550142/1415827321",
                "verified": true,
                "protected": false,
                "contributors_enabled": false,
                "profile_image_url_https": "https://pbs.twimg.com/profile_images/557169583878963204/zW17iH7I_normal.jpeg",
                "profile_link_color": "1373C0",
                "is_translation_enabled": false,
                "friends_count": 414,
                "profile_background_image_url": "http://pbs.twimg.com/profile_background_images/378800000123769352/f3a8ad0c9fe01151df8cf34eb18efb5c.jpeg",
                "created_at": "Wed Oct 01 20:50:45 +0000 2008"
            },
            "coordinates": null,
            "created_at": "Fri Nov 25 00:22:36 +0000 2016"
        }
    ]
}