{
    "search_metadata": {
        "since_id": 0,
        "since_id_str": "0",
        "count": 100,
        "refresh_url": "?since_id=802278578247172096&q=Trump%20from%3AMiamiHerald%20since%3A2016-11-25%20until%3A2016-11-26%20filter%3Alinks%20-%40MiamiHerald&include_entities=1",
        "query": "Trump+from%3AMiamiHerald+since%3A2016-11-25+until%3A2016-11-26+filter%3Alinks+-%40MiamiHerald",
        "completed_in": 0.041,
        "max_id_str": "802278578247172096",
        "max_id": 802278578247172096
    },
    "statuses": [
        {
            "favorited": false,
            "truncated": false,
            "entities": {
                "user_mentions": [],
                "media": [
                    {
                        "sizes": {
                            "thumb": {
                                "h": 150,
                                "resize": "crop",
                                "w": 150
                            },
                            "large": {
                                "h": 673,
                                "resize": "fit",
                                "w": 960
                            },
                            "medium": {
                                "h": 673,
                                "resize": "fit",
                                "w": 960
                            },
                            "small": {
                                "h": 477,
                                "resize": "fit",
                                "w": 680
                            }
                        },
                        "id": 802278543392641025,
                        "id_str": "802278543392641025",
                        "url": "https://t.co/DGUUAA2x5I",
                        "expanded_url": "https://twitter.com/MiamiHerald/status/802278578247172096/photo/1",
                        "type": "photo",
                        "media_url_https": "https://pbs.twimg.com/media/CyJEFaXWEAETDHx.jpg",
                        "indices": [
                            86,
                            109
                        ],
                        "media_url": "http://pbs.twimg.com/media/CyJEFaXWEAETDHx.jpg",
                        "display_url": "pic.twitter.com/DGUUAA2x5I"
                    }
                ],
                "urls": [
                    {
                        "display_url": "hrld.us/2gpEuFg",
                        "indices": [
                            62,
                            85
                        ],
                        "expanded_url": "http://hrld.us/2gpEuFg",
                        "url": "https://t.co/JzmSIJU0dc"
                    }
                ],
                "hashtags": [],
                "symbols": []
            },
            "retweeted": false,
            "in_reply_to_status_id": null,
            "place": null,
            "contributors": null,
            "in_reply_to_user_id_str": null,
            "source": "<a href=\"https://about.twitter.com/products/tweetdeck\" rel=\"nofollow\">TweetDeck</a>",
            "is_quote_status": false,
            "geo": null,
            "id_str": "802278578247172096",
            "lang": "en",
            "metadata": {
                "iso_language_code": "en",
                "result_type": "recent"
            },
            "id": 802278578247172096,
            "favorite_count": 4,
            "in_reply_to_user_id": null,
            "in_reply_to_screen_name": null,
            "in_reply_to_status_id_str": null,
            "text": "Environmental groups brace to fight Trump over climate change https://t.co/JzmSIJU0dc https://t.co/DGUUAA2x5I",
            "possibly_sensitive": false,
            "retweet_count": 10,
            "extended_entities": {
                "media": [
                    {
                        "sizes": {
                            "thumb": {
                                "h": 150,
                                "resize": "crop",
                                "w": 150
                            },
                            "large": {
                                "h": 673,
                                "resize": "fit",
                                "w": 960
                            },
                            "medium": {
                                "h": 673,
                                "resize": "fit",
                                "w": 960
                            },
                            "small": {
                                "h": 477,
                                "resize": "fit",
                                "w": 680
                            }
                        },
                        "id": 802278543392641025,
                        "id_str": "802278543392641025",
                        "url": "https://t.co/DGUUAA2x5I",
                        "expanded_url": "https://twitter.com/MiamiHerald/status/802278578247172096/photo/1",
                        "type": "photo",
                        "media_url_https": "https://pbs.twimg.com/media/CyJEFaXWEAETDHx.jpg",
                        "indices": [
                            86,
                            109
                        ],
                        "media_url": "http://pbs.twimg.com/media/CyJEFaXWEAETDHx.jpg",
                        "display_url": "pic.twitter.com/DGUUAA2x5I"
                    }
                ]
            },
            "user": {
                "profile_background_color": "FFFFFF",
                "description": "The news. Every day. Your way.\nInstagram: https://t.co/EBuss8QhEl\nFacebook: https://t.co/C8sShSEs0S\nSnapchat: miamiherald",
                "listed_count": 5552,
                "has_extended_profile": false,
                "notifications": false,
                "followers_count": 308960,
                "entities": {
                    "description": {
                        "urls": [
                            {
                                "display_url": "hrld.us/instagram",
                                "indices": [
                                    42,
                                    65
                                ],
                                "expanded_url": "http://hrld.us/instagram",
                                "url": "https://t.co/EBuss8QhEl"
                            },
                            {
                                "display_url": "hrld.us/facebook",
                                "indices": [
                                    76,
                                    99
                                ],
                                "expanded_url": "http://hrld.us/facebook",
                                "url": "https://t.co/C8sShSEs0S"
                            }
                        ]
                    },
                    "url": {
                        "urls": [
                            {
                                "display_url": "miamiherald.com",
                                "indices": [
                                    0,
                                    22
                                ],
                                "expanded_url": "http://www.miamiherald.com",
                                "url": "http://t.co/6KpRmDdPe2"
                            }
                        ]
                    }
                },
                "profile_image_url": "http://pbs.twimg.com/profile_images/528285037498609664/JCw0pEvY_normal.jpeg",
                "geo_enabled": true,
                "follow_request_sent": false,
                "utc_offset": -18000,
                "profile_sidebar_fill_color": "EBECED",
                "id": 14085040,
                "profile_sidebar_border_color": "FFFFFF",
                "url": "http://t.co/6KpRmDdPe2",
                "profile_text_color": "333333",
                "screen_name": "MiamiHerald",
                "statuses_count": 128320,
                "name": "Miami Herald",
                "profile_background_image_url_https": "https://pbs.twimg.com/profile_background_images/378800000013900789/a5a81b70f38bf7124af93439787031d0.jpeg",
                "profile_background_tile": false,
                "default_profile": false,
                "is_translator": false,
                "id_str": "14085040",
                "lang": "en",
                "translator_type": "none",
                "time_zone": "Eastern Time (US & Canada)",
                "location": "Miami, FL",
                "favourites_count": 287,
                "default_profile_image": false,
                "following": false,
                "profile_use_background_image": true,
                "profile_banner_url": "https://pbs.twimg.com/profile_banners/14085040/1401331083",
                "verified": true,
                "protected": false,
                "contributors_enabled": false,
                "profile_image_url_https": "https://pbs.twimg.com/profile_images/528285037498609664/JCw0pEvY_normal.jpeg",
                "profile_link_color": "0060AF",
                "is_translation_enabled": false,
                "friends_count": 804,
                "profile_background_image_url": "http://pbs.twimg.com/profile_background_images/378800000013900789/a5a81b70f38bf7124af93439787031d0.jpeg",
                "created_at": "Wed Mar 05 21:04:05 +0000 2008"
            },
            "coordinates": null,
            "created_at": "Fri Nov 25 22:31:33 +0000 2016"
        },
        {
            "favorited": false,
            "truncated": true,
            "entities": {
                "user_mentions": [
                    {
                        "screen_name": "oppenheimera",
                        "indices": [
                            94,
                            107
                        ],
                        "id_str": "224400256",
                        "id": 224400256,
                        "name": "Andres Oppenheimer"
                    }
                ],
                "urls": [
                    {
                        "display_url": "twitter.com/i/web/status/8\u2026",
                        "indices": [
                            109,
                            132
                        ],
                        "expanded_url": "https://twitter.com/i/web/status/802244219540799488",
                        "url": "https://t.co/1YpnHntbqo"
                    }
                ],
                "hashtags": [],
                "symbols": []
            },
            "retweeted": false,
            "in_reply_to_status_id": null,
            "place": null,
            "contributors": null,
            "in_reply_to_user_id_str": null,
            "source": "<a href=\"https://about.twitter.com/products/tweetdeck\" rel=\"nofollow\">TweetDeck</a>",
            "is_quote_status": false,
            "geo": null,
            "id_str": "802244219540799488",
            "lang": "en",
            "metadata": {
                "iso_language_code": "en",
                "result_type": "recent"
            },
            "id": 802244219540799488,
            "favorite_count": 7,
            "in_reply_to_user_id": null,
            "in_reply_to_screen_name": null,
            "in_reply_to_status_id_str": null,
            "text": "Donald Trump needs positive agenda for Latin America or risks antagonizing the region, writes @oppenheimera\u2026 https://t.co/1YpnHntbqo",
            "possibly_sensitive": false,
            "retweet_count": 4,
            "user": {
                "profile_background_color": "FFFFFF",
                "description": "The news. Every day. Your way.\nInstagram: https://t.co/EBuss8QhEl\nFacebook: https://t.co/C8sShSEs0S\nSnapchat: miamiherald",
                "listed_count": 5552,
                "has_extended_profile": false,
                "notifications": false,
                "followers_count": 308960,
                "entities": {
                    "description": {
                        "urls": [
                            {
                                "display_url": "hrld.us/instagram",
                                "indices": [
                                    42,
                                    65
                                ],
                                "expanded_url": "http://hrld.us/instagram",
                                "url": "https://t.co/EBuss8QhEl"
                            },
                            {
                                "display_url": "hrld.us/facebook",
                                "indices": [
                                    76,
                                    99
                                ],
                                "expanded_url": "http://hrld.us/facebook",
                                "url": "https://t.co/C8sShSEs0S"
                            }
                        ]
                    },
                    "url": {
                        "urls": [
                            {
                                "display_url": "miamiherald.com",
                                "indices": [
                                    0,
                                    22
                                ],
                                "expanded_url": "http://www.miamiherald.com",
                                "url": "http://t.co/6KpRmDdPe2"
                            }
                        ]
                    }
                },
                "profile_image_url": "http://pbs.twimg.com/profile_images/528285037498609664/JCw0pEvY_normal.jpeg",
                "geo_enabled": true,
                "follow_request_sent": false,
                "utc_offset": -18000,
                "profile_sidebar_fill_color": "EBECED",
                "id": 14085040,
                "profile_sidebar_border_color": "FFFFFF",
                "url": "http://t.co/6KpRmDdPe2",
                "profile_text_color": "333333",
                "screen_name": "MiamiHerald",
                "statuses_count": 128320,
                "name": "Miami Herald",
                "profile_background_image_url_https": "https://pbs.twimg.com/profile_background_images/378800000013900789/a5a81b70f38bf7124af93439787031d0.jpeg",
                "profile_background_tile": false,
                "default_profile": false,
                "is_translator": false,
                "id_str": "14085040",
                "lang": "en",
                "translator_type": "none",
                "time_zone": "Eastern Time (US & Canada)",
                "location": "Miami, FL",
                "favourites_count": 287,
                "default_profile_image": false,
                "following": false,
                "profile_use_background_image": true,
                "profile_banner_url": "https://pbs.twimg.com/profile_banners/14085040/1401331083",
                "verified": true,
                "protected": false,
                "contributors_enabled": false,
                "profile_image_url_https": "https://pbs.twimg.com/profile_images/528285037498609664/JCw0pEvY_normal.jpeg",
                "profile_link_color": "0060AF",
                "is_translation_enabled": false,
                "friends_count": 804,
                "profile_background_image_url": "http://pbs.twimg.com/profile_background_images/378800000013900789/a5a81b70f38bf7124af93439787031d0.jpeg",
                "created_at": "Wed Mar 05 21:04:05 +0000 2008"
            },
            "coordinates": null,
            "created_at": "Fri Nov 25 20:15:01 +0000 2016"
        },
        {
            "favorited": false,
            "truncated": false,
            "entities": {
                "user_mentions": [],
                "media": [
                    {
                        "sizes": {
                            "thumb": {
                                "h": 150,
                                "resize": "crop",
                                "w": 150
                            },
                            "large": {
                                "h": 1384,
                                "resize": "fit",
                                "w": 2048
                            },
                            "medium": {
                                "h": 811,
                                "resize": "fit",
                                "w": 1200
                            },
                            "small": {
                                "h": 460,
                                "resize": "fit",
                                "w": 680
                            }
                        },
                        "id": 802234478160650240,
                        "id_str": "802234478160650240",
                        "url": "https://t.co/TUKBPVpoFb",
                        "expanded_url": "https://twitter.com/MiamiHerald/status/802234497492074496/photo/1",
                        "type": "photo",
                        "media_url_https": "https://pbs.twimg.com/media/CyIcAelWIAACi_z.jpg",
                        "indices": [
                            64,
                            87
                        ],
                        "media_url": "http://pbs.twimg.com/media/CyIcAelWIAACi_z.jpg",
                        "display_url": "pic.twitter.com/TUKBPVpoFb"
                    }
                ],
                "urls": [
                    {
                        "display_url": "hrld.us/2fwETB4",
                        "indices": [
                            40,
                            63
                        ],
                        "expanded_url": "http://hrld.us/2fwETB4",
                        "url": "https://t.co/XwuNWitS6Q"
                    }
                ],
                "hashtags": [],
                "symbols": []
            },
            "retweeted": false,
            "in_reply_to_status_id": null,
            "place": null,
            "contributors": null,
            "in_reply_to_user_id_str": null,
            "source": "<a href=\"https://about.twitter.com/products/tweetdeck\" rel=\"nofollow\">TweetDeck</a>",
            "is_quote_status": false,
            "geo": null,
            "id_str": "802234497492074496",
            "lang": "en",
            "metadata": {
                "iso_language_code": "en",
                "result_type": "recent"
            },
            "id": 802234497492074496,
            "favorite_count": 4,
            "in_reply_to_user_id": null,
            "in_reply_to_screen_name": null,
            "in_reply_to_status_id_str": null,
            "text": "Trump reveals 2 more staff appointments https://t.co/XwuNWitS6Q https://t.co/TUKBPVpoFb",
            "possibly_sensitive": false,
            "retweet_count": 0,
            "extended_entities": {
                "media": [
                    {
                        "sizes": {
                            "thumb": {
                                "h": 150,
                                "resize": "crop",
                                "w": 150
                            },
                            "large": {
                                "h": 1384,
                                "resize": "fit",
                                "w": 2048
                            },
                            "medium": {
                                "h": 811,
                                "resize": "fit",
                                "w": 1200
                            },
                            "small": {
                                "h": 460,
                                "resize": "fit",
                                "w": 680
                            }
                        },
                        "id": 802234478160650240,
                        "id_str": "802234478160650240",
                        "url": "https://t.co/TUKBPVpoFb",
                        "expanded_url": "https://twitter.com/MiamiHerald/status/802234497492074496/photo/1",
                        "type": "photo",
                        "media_url_https": "https://pbs.twimg.com/media/CyIcAelWIAACi_z.jpg",
                        "indices": [
                            64,
                            87
                        ],
                        "media_url": "http://pbs.twimg.com/media/CyIcAelWIAACi_z.jpg",
                        "display_url": "pic.twitter.com/TUKBPVpoFb"
                    }
                ]
            },
            "user": {
                "profile_background_color": "FFFFFF",
                "description": "The news. Every day. Your way.\nInstagram: https://t.co/EBuss8QhEl\nFacebook: https://t.co/C8sShSEs0S\nSnapchat: miamiherald",
                "listed_count": 5552,
                "has_extended_profile": false,
                "notifications": false,
                "followers_count": 308960,
                "entities": {
                    "description": {
                        "urls": [
                            {
                                "display_url": "hrld.us/instagram",
                                "indices": [
                                    42,
                                    65
                                ],
                                "expanded_url": "http://hrld.us/instagram",
                                "url": "https://t.co/EBuss8QhEl"
                            },
                            {
                                "display_url": "hrld.us/facebook",
                                "indices": [
                                    76,
                                    99
                                ],
                                "expanded_url": "http://hrld.us/facebook",
                                "url": "https://t.co/C8sShSEs0S"
                            }
                        ]
                    },
                    "url": {
                        "urls": [
                            {
                                "display_url": "miamiherald.com",
                                "indices": [
                                    0,
                                    22
                                ],
                                "expanded_url": "http://www.miamiherald.com",
                                "url": "http://t.co/6KpRmDdPe2"
                            }
                        ]
                    }
                },
                "profile_image_url": "http://pbs.twimg.com/profile_images/528285037498609664/JCw0pEvY_normal.jpeg",
                "geo_enabled": true,
                "follow_request_sent": false,
                "utc_offset": -18000,
                "profile_sidebar_fill_color": "EBECED",
                "id": 14085040,
                "profile_sidebar_border_color": "FFFFFF",
                "url": "http://t.co/6KpRmDdPe2",
                "profile_text_color": "333333",
                "screen_name": "MiamiHerald",
                "statuses_count": 128320,
                "name": "Miami Herald",
                "profile_background_image_url_https": "https://pbs.twimg.com/profile_background_images/378800000013900789/a5a81b70f38bf7124af93439787031d0.jpeg",
                "profile_background_tile": false,
                "default_profile": false,
                "is_translator": false,
                "id_str": "14085040",
                "lang": "en",
                "translator_type": "none",
                "time_zone": "Eastern Time (US & Canada)",
                "location": "Miami, FL",
                "favourites_count": 287,
                "default_profile_image": false,
                "following": false,
                "profile_use_background_image": true,
                "profile_banner_url": "https://pbs.twimg.com/profile_banners/14085040/1401331083",
                "verified": true,
                "protected": false,
                "contributors_enabled": false,
                "profile_image_url_https": "https://pbs.twimg.com/profile_images/528285037498609664/JCw0pEvY_normal.jpeg",
                "profile_link_color": "0060AF",
                "is_translation_enabled": false,
                "friends_count": 804,
                "profile_background_image_url": "http://pbs.twimg.com/profile_background_images/378800000013900789/a5a81b70f38bf7124af93439787031d0.jpeg",
                "created_at": "Wed Mar 05 21:04:05 +0000 2008"
            },
            "coordinates": null,
            "created_at": "Fri Nov 25 19:36:23 +0000 2016"
        },
        {
            "favorited": false,
            "truncated": false,
            "entities": {
                "user_mentions": [],
                "media": [
                    {
                        "sizes": {
                            "thumb": {
                                "h": 150,
                                "resize": "crop",
                                "w": 150
                            },
                            "large": {
                                "h": 673,
                                "resize": "fit",
                                "w": 960
                            },
                            "medium": {
                                "h": 673,
                                "resize": "fit",
                                "w": 960
                            },
                            "small": {
                                "h": 477,
                                "resize": "fit",
                                "w": 680
                            }
                        },
                        "id": 802213158739972096,
                        "id_str": "802213158739972096",
                        "url": "https://t.co/1DBz216N68",
                        "expanded_url": "https://twitter.com/MiamiHerald/status/802213178088296448/photo/1",
                        "type": "photo",
                        "media_url_https": "https://pbs.twimg.com/media/CyIInhjXEAAWag3.jpg",
                        "indices": [
                            86,
                            109
                        ],
                        "media_url": "http://pbs.twimg.com/media/CyIInhjXEAAWag3.jpg",
                        "display_url": "pic.twitter.com/1DBz216N68"
                    }
                ],
                "urls": [
                    {
                        "display_url": "hrld.us/2gpEuFg",
                        "indices": [
                            62,
                            85
                        ],
                        "expanded_url": "http://hrld.us/2gpEuFg",
                        "url": "https://t.co/JzmSIKbBBM"
                    }
                ],
                "hashtags": [],
                "symbols": []
            },
            "retweeted": false,
            "in_reply_to_status_id": null,
            "place": null,
            "contributors": null,
            "in_reply_to_user_id_str": null,
            "source": "<a href=\"https://about.twitter.com/products/tweetdeck\" rel=\"nofollow\">TweetDeck</a>",
            "is_quote_status": false,
            "geo": null,
            "id_str": "802213178088296448",
            "lang": "en",
            "metadata": {
                "iso_language_code": "en",
                "result_type": "recent"
            },
            "id": 802213178088296448,
            "favorite_count": 9,
            "in_reply_to_user_id": null,
            "in_reply_to_screen_name": null,
            "in_reply_to_status_id_str": null,
            "text": "Environmental groups brace to fight Trump over climate change https://t.co/JzmSIKbBBM https://t.co/1DBz216N68",
            "possibly_sensitive": false,
            "retweet_count": 12,
            "extended_entities": {
                "media": [
                    {
                        "sizes": {
                            "thumb": {
                                "h": 150,
                                "resize": "crop",
                                "w": 150
                            },
                            "large": {
                                "h": 673,
                                "resize": "fit",
                                "w": 960
                            },
                            "medium": {
                                "h": 673,
                                "resize": "fit",
                                "w": 960
                            },
                            "small": {
                                "h": 477,
                                "resize": "fit",
                                "w": 680
                            }
                        },
                        "id": 802213158739972096,
                        "id_str": "802213158739972096",
                        "url": "https://t.co/1DBz216N68",
                        "expanded_url": "https://twitter.com/MiamiHerald/status/802213178088296448/photo/1",
                        "type": "photo",
                        "media_url_https": "https://pbs.twimg.com/media/CyIInhjXEAAWag3.jpg",
                        "indices": [
                            86,
                            109
                        ],
                        "media_url": "http://pbs.twimg.com/media/CyIInhjXEAAWag3.jpg",
                        "display_url": "pic.twitter.com/1DBz216N68"
                    }
                ]
            },
            "user": {
                "profile_background_color": "FFFFFF",
                "description": "The news. Every day. Your way.\nInstagram: https://t.co/EBuss8QhEl\nFacebook: https://t.co/C8sShSEs0S\nSnapchat: miamiherald",
                "listed_count": 5552,
                "has_extended_profile": false,
                "notifications": false,
                "followers_count": 308960,
                "entities": {
                    "description": {
                        "urls": [
                            {
                                "display_url": "hrld.us/instagram",
                                "indices": [
                                    42,
                                    65
                                ],
                                "expanded_url": "http://hrld.us/instagram",
                                "url": "https://t.co/EBuss8QhEl"
                            },
                            {
                                "display_url": "hrld.us/facebook",
                                "indices": [
                                    76,
                                    99
                                ],
                                "expanded_url": "http://hrld.us/facebook",
                                "url": "https://t.co/C8sShSEs0S"
                            }
                        ]
                    },
                    "url": {
                        "urls": [
                            {
                                "display_url": "miamiherald.com",
                                "indices": [
                                    0,
                                    22
                                ],
                                "expanded_url": "http://www.miamiherald.com",
                                "url": "http://t.co/6KpRmDdPe2"
                            }
                        ]
                    }
                },
                "profile_image_url": "http://pbs.twimg.com/profile_images/528285037498609664/JCw0pEvY_normal.jpeg",
                "geo_enabled": true,
                "follow_request_sent": false,
                "utc_offset": -18000,
                "profile_sidebar_fill_color": "EBECED",
                "id": 14085040,
                "profile_sidebar_border_color": "FFFFFF",
                "url": "http://t.co/6KpRmDdPe2",
                "profile_text_color": "333333",
                "screen_name": "MiamiHerald",
                "statuses_count": 128320,
                "name": "Miami Herald",
                "profile_background_image_url_https": "https://pbs.twimg.com/profile_background_images/378800000013900789/a5a81b70f38bf7124af93439787031d0.jpeg",
                "profile_background_tile": false,
                "default_profile": false,
                "is_translator": false,
                "id_str": "14085040",
                "lang": "en",
                "translator_type": "none",
                "time_zone": "Eastern Time (US & Canada)",
                "location": "Miami, FL",
                "favourites_count": 287,
                "default_profile_image": false,
                "following": false,
                "profile_use_background_image": true,
                "profile_banner_url": "https://pbs.twimg.com/profile_banners/14085040/1401331083",
                "verified": true,
                "protected": false,
                "contributors_enabled": false,
                "profile_image_url_https": "https://pbs.twimg.com/profile_images/528285037498609664/JCw0pEvY_normal.jpeg",
                "profile_link_color": "0060AF",
                "is_translation_enabled": false,
                "friends_count": 804,
                "profile_background_image_url": "http://pbs.twimg.com/profile_background_images/378800000013900789/a5a81b70f38bf7124af93439787031d0.jpeg",
                "created_at": "Wed Mar 05 21:04:05 +0000 2008"
            },
            "coordinates": null,
            "created_at": "Fri Nov 25 18:11:40 +0000 2016"
        },
        {
            "favorited": false,
            "truncated": false,
            "entities": {
                "user_mentions": [],
                "media": [
                    {
                        "sizes": {
                            "thumb": {
                                "h": 150,
                                "resize": "crop",
                                "w": 150
                            },
                            "large": {
                                "h": 691,
                                "resize": "fit",
                                "w": 960
                            },
                            "medium": {
                                "h": 691,
                                "resize": "fit",
                                "w": 960
                            },
                            "small": {
                                "h": 489,
                                "resize": "fit",
                                "w": 680
                            }
                        },
                        "id": 802154544792793088,
                        "id_str": "802154544792793088",
                        "url": "https://t.co/WIP7vARoYG",
                        "expanded_url": "https://twitter.com/MiamiHerald/status/802154548894826497/photo/1",
                        "type": "photo",
                        "media_url_https": "https://pbs.twimg.com/media/CyHTTvlW8AAV6oe.jpg",
                        "indices": [
                            102,
                            125
                        ],
                        "media_url": "http://pbs.twimg.com/media/CyHTTvlW8AAV6oe.jpg",
                        "display_url": "pic.twitter.com/WIP7vARoYG"
                    }
                ],
                "urls": [
                    {
                        "display_url": "hrld.us/2goQhng",
                        "indices": [
                            78,
                            101
                        ],
                        "expanded_url": "http://hrld.us/2goQhng",
                        "url": "https://t.co/8NZAMkdjRT"
                    }
                ],
                "hashtags": [],
                "symbols": []
            },
            "retweeted": false,
            "in_reply_to_status_id": null,
            "place": null,
            "contributors": null,
            "in_reply_to_user_id_str": null,
            "source": "<a href=\"https://about.twitter.com/products/tweetdeck\" rel=\"nofollow\">TweetDeck</a>",
            "is_quote_status": false,
            "geo": null,
            "id_str": "802154548894826497",
            "lang": "en",
            "metadata": {
                "iso_language_code": "en",
                "result_type": "recent"
            },
            "id": 802154548894826497,
            "favorite_count": 6,
            "in_reply_to_user_id": null,
            "in_reply_to_screen_name": null,
            "in_reply_to_status_id_str": null,
            "text": "\u2018Fake news\u2019 to boost Trump aided by Russian propaganda operation, experts say\nhttps://t.co/8NZAMkdjRT https://t.co/WIP7vARoYG",
            "possibly_sensitive": false,
            "retweet_count": 13,
            "extended_entities": {
                "media": [
                    {
                        "sizes": {
                            "thumb": {
                                "h": 150,
                                "resize": "crop",
                                "w": 150
                            },
                            "large": {
                                "h": 691,
                                "resize": "fit",
                                "w": 960
                            },
                            "medium": {
                                "h": 691,
                                "resize": "fit",
                                "w": 960
                            },
                            "small": {
                                "h": 489,
                                "resize": "fit",
                                "w": 680
                            }
                        },
                        "id": 802154544792793088,
                        "id_str": "802154544792793088",
                        "url": "https://t.co/WIP7vARoYG",
                        "expanded_url": "https://twitter.com/MiamiHerald/status/802154548894826497/photo/1",
                        "type": "photo",
                        "media_url_https": "https://pbs.twimg.com/media/CyHTTvlW8AAV6oe.jpg",
                        "indices": [
                            102,
                            125
                        ],
                        "media_url": "http://pbs.twimg.com/media/CyHTTvlW8AAV6oe.jpg",
                        "display_url": "pic.twitter.com/WIP7vARoYG"
                    }
                ]
            },
            "user": {
                "profile_background_color": "FFFFFF",
                "description": "The news. Every day. Your way.\nInstagram: https://t.co/EBuss8QhEl\nFacebook: https://t.co/C8sShSEs0S\nSnapchat: miamiherald",
                "listed_count": 5552,
                "has_extended_profile": false,
                "notifications": false,
                "followers_count": 308960,
                "entities": {
                    "description": {
                        "urls": [
                            {
                                "display_url": "hrld.us/instagram",
                                "indices": [
                                    42,
                                    65
                                ],
                                "expanded_url": "http://hrld.us/instagram",
                                "url": "https://t.co/EBuss8QhEl"
                            },
                            {
                                "display_url": "hrld.us/facebook",
                                "indices": [
                                    76,
                                    99
                                ],
                                "expanded_url": "http://hrld.us/facebook",
                                "url": "https://t.co/C8sShSEs0S"
                            }
                        ]
                    },
                    "url": {
                        "urls": [
                            {
                                "display_url": "miamiherald.com",
                                "indices": [
                                    0,
                                    22
                                ],
                                "expanded_url": "http://www.miamiherald.com",
                                "url": "http://t.co/6KpRmDdPe2"
                            }
                        ]
                    }
                },
                "profile_image_url": "http://pbs.twimg.com/profile_images/528285037498609664/JCw0pEvY_normal.jpeg",
                "geo_enabled": true,
                "follow_request_sent": false,
                "utc_offset": -18000,
                "profile_sidebar_fill_color": "EBECED",
                "id": 14085040,
                "profile_sidebar_border_color": "FFFFFF",
                "url": "http://t.co/6KpRmDdPe2",
                "profile_text_color": "333333",
                "screen_name": "MiamiHerald",
                "statuses_count": 128320,
                "name": "Miami Herald",
                "profile_background_image_url_https": "https://pbs.twimg.com/profile_background_images/378800000013900789/a5a81b70f38bf7124af93439787031d0.jpeg",
                "profile_background_tile": false,
                "default_profile": false,
                "is_translator": false,
                "id_str": "14085040",
                "lang": "en",
                "translator_type": "none",
                "time_zone": "Eastern Time (US & Canada)",
                "location": "Miami, FL",
                "favourites_count": 287,
                "default_profile_image": false,
                "following": false,
                "profile_use_background_image": true,
                "profile_banner_url": "https://pbs.twimg.com/profile_banners/14085040/1401331083",
                "verified": true,
                "protected": false,
                "contributors_enabled": false,
                "profile_image_url_https": "https://pbs.twimg.com/profile_images/528285037498609664/JCw0pEvY_normal.jpeg",
                "profile_link_color": "0060AF",
                "is_translation_enabled": false,
                "friends_count": 804,
                "profile_background_image_url": "http://pbs.twimg.com/profile_background_images/378800000013900789/a5a81b70f38bf7124af93439787031d0.jpeg",
                "created_at": "Wed Mar 05 21:04:05 +0000 2008"
            },
            "coordinates": null,
            "created_at": "Fri Nov 25 14:18:42 +0000 2016"
        },
        {
            "favorited": false,
            "truncated": false,
            "entities": {
                "user_mentions": [
                    {
                        "screen_name": "oppenheimera",
                        "indices": [
                            3,
                            16
                        ],
                        "id_str": "224400256",
                        "id": 224400256,
                        "name": "Andres Oppenheimer"
                    }
                ],
                "urls": [],
                "hashtags": [
                    {
                        "text": "Trump",
                        "indices": [
                            18,
                            24
                        ]
                    }
                ],
                "symbols": []
            },
            "retweeted": false,
            "in_reply_to_status_id": null,
            "place": null,
            "contributors": null,
            "in_reply_to_user_id_str": null,
            "source": "<a href=\"https://about.twitter.com/products/tweetdeck\" rel=\"nofollow\">TweetDeck</a>",
            "is_quote_status": false,
            "retweeted_status": {
                "favorited": false,
                "truncated": true,
                "entities": {
                    "user_mentions": [],
                    "urls": [
                        {
                            "display_url": "twitter.com/i/web/status/8\u2026",
                            "indices": [
                                115,
                                138
                            ],
                            "expanded_url": "https://twitter.com/i/web/status/802131652327731204",
                            "url": "https://t.co/lhk9B0f05k"
                        }
                    ],
                    "hashtags": [
                        {
                            "text": "Trump",
                            "indices": [
                                0,
                                6
                            ]
                        }
                    ],
                    "symbols": []
                },
                "retweeted": false,
                "in_reply_to_status_id": null,
                "place": {
                    "full_name": "United States",
                    "id": "96683cc9126741d1",
                    "attributes": {},
                    "country_code": "US",
                    "url": "https://api.twitter.com/1.1/geo/id/96683cc9126741d1.json",
                    "country": "United States",
                    "bounding_box": {
                        "type": "Polygon",
                        "coordinates": [
                            [
                                [
                                    -179.231086,
                                    13.182335
                                ],
                                [
                                    179.859685,
                                    13.182335
                                ],
                                [
                                    179.859685,
                                    71.434357
                                ],
                                [
                                    -179.231086,
                                    71.434357
                                ]
                            ]
                        ]
                    },
                    "contained_within": [],
                    "place_type": "country",
                    "name": "United States"
                },
                "contributors": null,
                "in_reply_to_user_id_str": null,
                "source": "<a href=\"http://twitter.com\" rel=\"nofollow\">Twitter Web Client</a>",
                "is_quote_status": false,
                "geo": null,
                "id_str": "802131652327731204",
                "lang": "en",
                "metadata": {
                    "iso_language_code": "en",
                    "result_type": "recent"
                },
                "id": 802131652327731204,
                "favorite_count": 13,
                "in_reply_to_user_id": null,
                "in_reply_to_screen_name": null,
                "in_reply_to_status_id_str": null,
                "text": "#Trump has a negative agenda for Latin America (wall, deportations,etc.) If he doesn't produce a positive one...:\u2026 https://t.co/lhk9B0f05k",
                "possibly_sensitive": false,
                "retweet_count": 14,
                "user": {
                    "profile_background_color": "C0DEED",
                    "description": "Autor de CREAR O MORIR, columnista de The Miami Herald, El Nuevo Herald y m\u00e1s de 50 peri\u00f3dicos, y conductor de \u201cOppenheimer Presenta\u201d en CNN.",
                    "listed_count": 3476,
                    "has_extended_profile": false,
                    "notifications": false,
                    "followers_count": 366519,
                    "entities": {
                        "description": {
                            "urls": []
                        },
                        "url": {
                            "urls": [
                                {
                                    "display_url": "andresoppenheimer.com",
                                    "indices": [
                                        0,
                                        22
                                    ],
                                    "expanded_url": "http://www.andresoppenheimer.com",
                                    "url": "http://t.co/HtRvBPYvva"
                                }
                            ]
                        }
                    },
                    "profile_image_url": "http://pbs.twimg.com/profile_images/1185905578/opp1_normal.jpg",
                    "geo_enabled": true,
                    "follow_request_sent": false,
                    "utc_offset": -18000,
                    "profile_sidebar_fill_color": "DDEEF6",
                    "id": 224400256,
                    "profile_sidebar_border_color": "C0DEED",
                    "url": "http://t.co/HtRvBPYvva",
                    "screen_name": "oppenheimera",
                    "statuses_count": 10134,
                    "name": "Andres Oppenheimer",
                    "profile_background_image_url_https": "https://abs.twimg.com/images/themes/theme1/bg.png",
                    "profile_background_tile": false,
                    "default_profile": true,
                    "is_translator": false,
                    "id_str": "224400256",
                    "lang": "es",
                    "translator_type": "none",
                    "time_zone": "Quito",
                    "location": "",
                    "favourites_count": 117,
                    "default_profile_image": false,
                    "following": false,
                    "profile_use_background_image": true,
                    "profile_text_color": "333333",
                    "verified": true,
                    "protected": false,
                    "contributors_enabled": false,
                    "profile_image_url_https": "https://pbs.twimg.com/profile_images/1185905578/opp1_normal.jpg",
                    "profile_link_color": "1DA1F2",
                    "is_translation_enabled": false,
                    "friends_count": 283,
                    "profile_background_image_url": "http://abs.twimg.com/images/themes/theme1/bg.png",
                    "created_at": "Wed Dec 08 22:28:46 +0000 2010"
                },
                "coordinates": null,
                "created_at": "Fri Nov 25 12:47:43 +0000 2016"
            },
            "geo": null,
            "id_str": "802132070483038208",
            "lang": "en",
            "metadata": {
                "iso_language_code": "en",
                "result_type": "recent"
            },
            "id": 802132070483038208,
            "favorite_count": 0,
            "in_reply_to_user_id": null,
            "in_reply_to_screen_name": null,
            "in_reply_to_status_id_str": null,
            "text": "RT @oppenheimera: #Trump has a negative agenda for Latin America (wall, deportations,etc.) If he doesn't produce a positive one...: https:/\u2026",
            "retweet_count": 14,
            "user": {
                "profile_background_color": "FFFFFF",
                "description": "The news. Every day. Your way.\nInstagram: https://t.co/EBuss8QhEl\nFacebook: https://t.co/C8sShSEs0S\nSnapchat: miamiherald",
                "listed_count": 5552,
                "has_extended_profile": false,
                "notifications": false,
                "followers_count": 308960,
                "entities": {
                    "description": {
                        "urls": [
                            {
                                "display_url": "hrld.us/instagram",
                                "indices": [
                                    42,
                                    65
                                ],
                                "expanded_url": "http://hrld.us/instagram",
                                "url": "https://t.co/EBuss8QhEl"
                            },
                            {
                                "display_url": "hrld.us/facebook",
                                "indices": [
                                    76,
                                    99
                                ],
                                "expanded_url": "http://hrld.us/facebook",
                                "url": "https://t.co/C8sShSEs0S"
                            }
                        ]
                    },
                    "url": {
                        "urls": [
                            {
                                "display_url": "miamiherald.com",
                                "indices": [
                                    0,
                                    22
                                ],
                                "expanded_url": "http://www.miamiherald.com",
                                "url": "http://t.co/6KpRmDdPe2"
                            }
                        ]
                    }
                },
                "profile_image_url": "http://pbs.twimg.com/profile_images/528285037498609664/JCw0pEvY_normal.jpeg",
                "geo_enabled": true,
                "follow_request_sent": false,
                "utc_offset": -18000,
                "profile_sidebar_fill_color": "EBECED",
                "id": 14085040,
                "profile_sidebar_border_color": "FFFFFF",
                "url": "http://t.co/6KpRmDdPe2",
                "profile_text_color": "333333",
                "screen_name": "MiamiHerald",
                "statuses_count": 128320,
                "name": "Miami Herald",
                "profile_background_image_url_https": "https://pbs.twimg.com/profile_background_images/378800000013900789/a5a81b70f38bf7124af93439787031d0.jpeg",
                "profile_background_tile": false,
                "default_profile": false,
                "is_translator": false,
                "id_str": "14085040",
                "lang": "en",
                "translator_type": "none",
                "time_zone": "Eastern Time (US & Canada)",
                "location": "Miami, FL",
                "favourites_count": 287,
                "default_profile_image": false,
                "following": false,
                "profile_use_background_image": true,
                "profile_banner_url": "https://pbs.twimg.com/profile_banners/14085040/1401331083",
                "verified": true,
                "protected": false,
                "contributors_enabled": false,
                "profile_image_url_https": "https://pbs.twimg.com/profile_images/528285037498609664/JCw0pEvY_normal.jpeg",
                "profile_link_color": "0060AF",
                "is_translation_enabled": false,
                "friends_count": 804,
                "profile_background_image_url": "http://pbs.twimg.com/profile_background_images/378800000013900789/a5a81b70f38bf7124af93439787031d0.jpeg",
                "created_at": "Wed Mar 05 21:04:05 +0000 2008"
            },
            "coordinates": null,
            "created_at": "Fri Nov 25 12:49:23 +0000 2016"
        }
    ]
}