{
    "search_metadata": {
        "since_id": 0,
        "since_id_str": "0",
        "count": 100,
        "refresh_url": "?since_id=802210510401925120&q=Trump%20from%3Anwi%20since%3A2016-11-25%20until%3A2016-11-26%20filter%3Alinks%20-%40nwi&include_entities=1",
        "query": "Trump+from%3Anwi+since%3A2016-11-25+until%3A2016-11-26+filter%3Alinks+-%40nwi",
        "completed_in": 0.02,
        "max_id_str": "802210510401925120",
        "max_id": 802210510401925120
    },
    "statuses": [
        {
            "favorited": false,
            "truncated": false,
            "entities": {
                "user_mentions": [],
                "media": [
                    {
                        "sizes": {
                            "large": {
                                "h": 288,
                                "resize": "fit",
                                "w": 512
                            },
                            "thumb": {
                                "h": 150,
                                "resize": "crop",
                                "w": 150
                            },
                            "medium": {
                                "h": 288,
                                "resize": "fit",
                                "w": 512
                            },
                            "small": {
                                "h": 288,
                                "resize": "fit",
                                "w": 512
                            }
                        },
                        "id": 802210508271190017,
                        "id_str": "802210508271190017",
                        "url": "https://t.co/f3flCFXAMj",
                        "expanded_url": "https://twitter.com/nwi/status/802210510401925120/photo/1",
                        "type": "photo",
                        "media_url_https": "https://pbs.twimg.com/media/CyIGNPyXAAEpAIY.jpg",
                        "indices": [
                            77,
                            100
                        ],
                        "media_url": "http://pbs.twimg.com/media/CyIGNPyXAAEpAIY.jpg",
                        "display_url": "pic.twitter.com/f3flCFXAMj"
                    }
                ],
                "urls": [
                    {
                        "display_url": "buff.ly/2gu22GD",
                        "indices": [
                            53,
                            76
                        ],
                        "expanded_url": "http://buff.ly/2gu22GD",
                        "url": "https://t.co/vieIctxWRI"
                    }
                ],
                "hashtags": [],
                "symbols": []
            },
            "retweeted": false,
            "in_reply_to_status_id": null,
            "place": null,
            "contributors": null,
            "in_reply_to_user_id_str": null,
            "source": "<a href=\"http://bufferapp.com\" rel=\"nofollow\">Buffer</a>",
            "is_quote_status": false,
            "geo": null,
            "id_str": "802210510401925120",
            "lang": "en",
            "metadata": {
                "iso_language_code": "en",
                "result_type": "recent"
            },
            "id": 802210510401925120,
            "favorite_count": 0,
            "in_reply_to_user_id": null,
            "in_reply_to_screen_name": null,
            "in_reply_to_status_id_str": null,
            "text": "Trump's stock in oil pipeline company raises concern\nhttps://t.co/vieIctxWRI https://t.co/f3flCFXAMj",
            "possibly_sensitive": false,
            "retweet_count": 0,
            "extended_entities": {
                "media": [
                    {
                        "sizes": {
                            "large": {
                                "h": 288,
                                "resize": "fit",
                                "w": 512
                            },
                            "thumb": {
                                "h": 150,
                                "resize": "crop",
                                "w": 150
                            },
                            "medium": {
                                "h": 288,
                                "resize": "fit",
                                "w": 512
                            },
                            "small": {
                                "h": 288,
                                "resize": "fit",
                                "w": 512
                            }
                        },
                        "id": 802210508271190017,
                        "id_str": "802210508271190017",
                        "url": "https://t.co/f3flCFXAMj",
                        "expanded_url": "https://twitter.com/nwi/status/802210510401925120/photo/1",
                        "type": "photo",
                        "media_url_https": "https://pbs.twimg.com/media/CyIGNPyXAAEpAIY.jpg",
                        "indices": [
                            77,
                            100
                        ],
                        "media_url": "http://pbs.twimg.com/media/CyIGNPyXAAEpAIY.jpg",
                        "display_url": "pic.twitter.com/f3flCFXAMj"
                    }
                ]
            },
            "user": {
                "profile_background_color": "FFFFFF",
                "description": "Bringing news, information and entertainment to residents of #nwindiana. Also big believers that #civilitycounts.",
                "listed_count": 473,
                "has_extended_profile": false,
                "notifications": false,
                "followers_count": 38528,
                "entities": {
                    "description": {
                        "urls": []
                    },
                    "url": {
                        "urls": [
                            {
                                "display_url": "nwi.com",
                                "indices": [
                                    0,
                                    23
                                ],
                                "expanded_url": "http://nwi.com",
                                "url": "https://t.co/OVDinPlrCH"
                            }
                        ]
                    }
                },
                "profile_image_url": "http://pbs.twimg.com/profile_images/589830004713783296/TxKajIMq_normal.jpg",
                "geo_enabled": true,
                "follow_request_sent": false,
                "utc_offset": -21600,
                "profile_sidebar_fill_color": "EFF3F6",
                "id": 5508672,
                "profile_sidebar_border_color": "84ABD4",
                "url": "https://t.co/OVDinPlrCH",
                "profile_text_color": "000000",
                "screen_name": "nwi",
                "statuses_count": 91376,
                "name": "nwi.com",
                "profile_background_image_url_https": "https://pbs.twimg.com/profile_background_images/104628393/logo_big.jpg",
                "profile_background_tile": true,
                "default_profile": false,
                "is_translator": false,
                "id_str": "5508672",
                "lang": "en",
                "translator_type": "none",
                "time_zone": "Central Time (US & Canada)",
                "location": "Munster, IN",
                "favourites_count": 370,
                "default_profile_image": false,
                "following": false,
                "profile_use_background_image": true,
                "profile_banner_url": "https://pbs.twimg.com/profile_banners/5508672/1469150282",
                "verified": false,
                "protected": false,
                "contributors_enabled": false,
                "profile_image_url_https": "https://pbs.twimg.com/profile_images/589830004713783296/TxKajIMq_normal.jpg",
                "profile_link_color": "2E436D",
                "is_translation_enabled": false,
                "friends_count": 2535,
                "profile_background_image_url": "http://pbs.twimg.com/profile_background_images/104628393/logo_big.jpg",
                "created_at": "Wed Apr 25 21:07:09 +0000 2007"
            },
            "coordinates": null,
            "created_at": "Fri Nov 25 18:01:04 +0000 2016"
        },
        {
            "favorited": false,
            "truncated": false,
            "entities": {
                "user_mentions": [],
                "media": [
                    {
                        "sizes": {
                            "thumb": {
                                "h": 150,
                                "resize": "crop",
                                "w": 150
                            },
                            "large": {
                                "h": 288,
                                "resize": "fit",
                                "w": 512
                            },
                            "medium": {
                                "h": 288,
                                "resize": "fit",
                                "w": 512
                            },
                            "small": {
                                "h": 288,
                                "resize": "fit",
                                "w": 512
                            }
                        },
                        "id": 802180042771943424,
                        "id_str": "802180042771943424",
                        "url": "https://t.co/WsdqhaCaR0",
                        "expanded_url": "https://twitter.com/nwi/status/802180045410340865/photo/1",
                        "type": "photo",
                        "media_url_https": "https://pbs.twimg.com/media/CyHqf69UUAAKbiV.jpg",
                        "indices": [
                            66,
                            89
                        ],
                        "media_url": "http://pbs.twimg.com/media/CyHqf69UUAAKbiV.jpg",
                        "display_url": "pic.twitter.com/WsdqhaCaR0"
                    }
                ],
                "urls": [
                    {
                        "display_url": "buff.ly/2fg6Im8",
                        "indices": [
                            42,
                            65
                        ],
                        "expanded_url": "http://buff.ly/2fg6Im8",
                        "url": "https://t.co/A3nZkYRelx"
                    }
                ],
                "hashtags": [],
                "symbols": []
            },
            "retweeted": false,
            "in_reply_to_status_id": null,
            "place": null,
            "contributors": null,
            "in_reply_to_user_id_str": null,
            "source": "<a href=\"http://bufferapp.com\" rel=\"nofollow\">Buffer</a>",
            "is_quote_status": false,
            "geo": null,
            "id_str": "802180045410340865",
            "lang": "en",
            "metadata": {
                "iso_language_code": "en",
                "result_type": "recent"
            },
            "id": 802180045410340865,
            "favorite_count": 1,
            "in_reply_to_user_id": null,
            "in_reply_to_screen_name": null,
            "in_reply_to_status_id_str": null,
            "text": "Trump says he's trying to save jobs in US\nhttps://t.co/A3nZkYRelx https://t.co/WsdqhaCaR0",
            "possibly_sensitive": false,
            "retweet_count": 0,
            "extended_entities": {
                "media": [
                    {
                        "sizes": {
                            "thumb": {
                                "h": 150,
                                "resize": "crop",
                                "w": 150
                            },
                            "large": {
                                "h": 288,
                                "resize": "fit",
                                "w": 512
                            },
                            "medium": {
                                "h": 288,
                                "resize": "fit",
                                "w": 512
                            },
                            "small": {
                                "h": 288,
                                "resize": "fit",
                                "w": 512
                            }
                        },
                        "id": 802180042771943424,
                        "id_str": "802180042771943424",
                        "url": "https://t.co/WsdqhaCaR0",
                        "expanded_url": "https://twitter.com/nwi/status/802180045410340865/photo/1",
                        "type": "photo",
                        "media_url_https": "https://pbs.twimg.com/media/CyHqf69UUAAKbiV.jpg",
                        "indices": [
                            66,
                            89
                        ],
                        "media_url": "http://pbs.twimg.com/media/CyHqf69UUAAKbiV.jpg",
                        "display_url": "pic.twitter.com/WsdqhaCaR0"
                    }
                ]
            },
            "user": {
                "profile_background_color": "FFFFFF",
                "description": "Bringing news, information and entertainment to residents of #nwindiana. Also big believers that #civilitycounts.",
                "listed_count": 473,
                "has_extended_profile": false,
                "notifications": false,
                "followers_count": 38528,
                "entities": {
                    "description": {
                        "urls": []
                    },
                    "url": {
                        "urls": [
                            {
                                "display_url": "nwi.com",
                                "indices": [
                                    0,
                                    23
                                ],
                                "expanded_url": "http://nwi.com",
                                "url": "https://t.co/OVDinPlrCH"
                            }
                        ]
                    }
                },
                "profile_image_url": "http://pbs.twimg.com/profile_images/589830004713783296/TxKajIMq_normal.jpg",
                "geo_enabled": true,
                "follow_request_sent": false,
                "utc_offset": -21600,
                "profile_sidebar_fill_color": "EFF3F6",
                "id": 5508672,
                "profile_sidebar_border_color": "84ABD4",
                "url": "https://t.co/OVDinPlrCH",
                "profile_text_color": "000000",
                "screen_name": "nwi",
                "statuses_count": 91376,
                "name": "nwi.com",
                "profile_background_image_url_https": "https://pbs.twimg.com/profile_background_images/104628393/logo_big.jpg",
                "profile_background_tile": true,
                "default_profile": false,
                "is_translator": false,
                "id_str": "5508672",
                "lang": "en",
                "translator_type": "none",
                "time_zone": "Central Time (US & Canada)",
                "location": "Munster, IN",
                "favourites_count": 370,
                "default_profile_image": false,
                "following": false,
                "profile_use_background_image": true,
                "profile_banner_url": "https://pbs.twimg.com/profile_banners/5508672/1469150282",
                "verified": false,
                "protected": false,
                "contributors_enabled": false,
                "profile_image_url_https": "https://pbs.twimg.com/profile_images/589830004713783296/TxKajIMq_normal.jpg",
                "profile_link_color": "2E436D",
                "is_translation_enabled": false,
                "friends_count": 2535,
                "profile_background_image_url": "http://pbs.twimg.com/profile_background_images/104628393/logo_big.jpg",
                "created_at": "Wed Apr 25 21:07:09 +0000 2007"
            },
            "coordinates": null,
            "created_at": "Fri Nov 25 16:00:01 +0000 2016"
        }
    ]
}