{
    "search_metadata": {
        "since_id": 0,
        "since_id_str": "0",
        "count": 100,
        "refresh_url": "?since_id=802182757573152768&q=Trump%20from%3Aorlandosentinel%20since%3A2016-11-25%20until%3A2016-11-26%20filter%3Alinks%20-%40orlandosentinel&include_entities=1",
        "query": "Trump+from%3Aorlandosentinel+since%3A2016-11-25+until%3A2016-11-26+filter%3Alinks+-%40orlandosentinel",
        "completed_in": 0.038,
        "max_id_str": "802182757573152768",
        "max_id": 802182757573152768
    },
    "statuses": [
        {
            "favorited": false,
            "truncated": false,
            "entities": {
                "user_mentions": [],
                "media": [
                    {
                        "sizes": {
                            "thumb": {
                                "h": 150,
                                "resize": "crop",
                                "w": 150
                            },
                            "large": {
                                "h": 1536,
                                "resize": "fit",
                                "w": 2048
                            },
                            "medium": {
                                "h": 900,
                                "resize": "fit",
                                "w": 1200
                            },
                            "small": {
                                "h": 510,
                                "resize": "fit",
                                "w": 680
                            }
                        },
                        "id": 802182755073269760,
                        "id_str": "802182755073269760",
                        "url": "https://t.co/YUMDHknpsA",
                        "expanded_url": "https://twitter.com/orlandosentinel/status/802182757573152768/photo/1",
                        "type": "photo",
                        "media_url_https": "https://pbs.twimg.com/media/CyHs9zEWIAApGIa.jpg",
                        "indices": [
                            98,
                            121
                        ],
                        "media_url": "http://pbs.twimg.com/media/CyHs9zEWIAApGIa.jpg",
                        "display_url": "pic.twitter.com/YUMDHknpsA"
                    }
                ],
                "urls": [
                    {
                        "display_url": "thesent.nl/2gnVGqY",
                        "indices": [
                            74,
                            97
                        ],
                        "expanded_url": "http://thesent.nl/2gnVGqY",
                        "url": "https://t.co/XwCqjiXTQj"
                    }
                ],
                "hashtags": [],
                "symbols": []
            },
            "retweeted": false,
            "in_reply_to_status_id": null,
            "place": null,
            "contributors": null,
            "in_reply_to_user_id_str": null,
            "source": "<a href=\"http://www.socialflow.com\" rel=\"nofollow\">SocialFlow</a>",
            "is_quote_status": false,
            "geo": null,
            "id_str": "802182757573152768",
            "lang": "en",
            "metadata": {
                "iso_language_code": "en",
                "result_type": "recent"
            },
            "id": 802182757573152768,
            "favorite_count": 4,
            "in_reply_to_user_id": null,
            "in_reply_to_screen_name": null,
            "in_reply_to_status_id_str": null,
            "text": "Donald Trump's stock in Dakota Access oil pipeline company raises concern https://t.co/XwCqjiXTQj https://t.co/YUMDHknpsA",
            "possibly_sensitive": false,
            "retweet_count": 16,
            "extended_entities": {
                "media": [
                    {
                        "sizes": {
                            "thumb": {
                                "h": 150,
                                "resize": "crop",
                                "w": 150
                            },
                            "large": {
                                "h": 1536,
                                "resize": "fit",
                                "w": 2048
                            },
                            "medium": {
                                "h": 900,
                                "resize": "fit",
                                "w": 1200
                            },
                            "small": {
                                "h": 510,
                                "resize": "fit",
                                "w": 680
                            }
                        },
                        "id": 802182755073269760,
                        "id_str": "802182755073269760",
                        "url": "https://t.co/YUMDHknpsA",
                        "expanded_url": "https://twitter.com/orlandosentinel/status/802182757573152768/photo/1",
                        "type": "photo",
                        "media_url_https": "https://pbs.twimg.com/media/CyHs9zEWIAApGIa.jpg",
                        "indices": [
                            98,
                            121
                        ],
                        "media_url": "http://pbs.twimg.com/media/CyHs9zEWIAApGIa.jpg",
                        "display_url": "pic.twitter.com/YUMDHknpsA"
                    }
                ]
            },
            "user": {
                "profile_background_color": "F9ED2E",
                "description": "The Orlando Sentinel is the most comprehensive news source of the Central Florida region.",
                "listed_count": 3103,
                "has_extended_profile": false,
                "notifications": false,
                "followers_count": 214278,
                "entities": {
                    "description": {
                        "urls": []
                    },
                    "url": {
                        "urls": [
                            {
                                "display_url": "orlandosentinel.com",
                                "indices": [
                                    0,
                                    22
                                ],
                                "expanded_url": "http://www.orlandosentinel.com",
                                "url": "http://t.co/4aB05T4abC"
                            }
                        ]
                    }
                },
                "profile_image_url": "http://pbs.twimg.com/profile_images/511895715086225409/gkbtKjFU_normal.png",
                "geo_enabled": true,
                "follow_request_sent": false,
                "utc_offset": -18000,
                "profile_sidebar_fill_color": "A0C5C7",
                "id": 1429761,
                "profile_sidebar_border_color": "FFFFFF",
                "url": "http://t.co/4aB05T4abC",
                "profile_text_color": "333333",
                "screen_name": "orlandosentinel",
                "statuses_count": 114536,
                "name": "Orlando Sentinel",
                "profile_background_image_url_https": "https://pbs.twimg.com/profile_background_images/378800000167425621/KsGhbXdn.jpeg",
                "profile_background_tile": false,
                "default_profile": false,
                "is_translator": false,
                "id_str": "1429761",
                "lang": "en",
                "translator_type": "none",
                "time_zone": "Eastern Time (US & Canada)",
                "location": "Orlando, FL",
                "favourites_count": 670,
                "default_profile_image": false,
                "following": false,
                "profile_use_background_image": false,
                "profile_banner_url": "https://pbs.twimg.com/profile_banners/1429761/1429874320",
                "verified": true,
                "protected": false,
                "contributors_enabled": false,
                "profile_image_url_https": "https://pbs.twimg.com/profile_images/511895715086225409/gkbtKjFU_normal.png",
                "profile_link_color": "00B5CC",
                "is_translation_enabled": false,
                "friends_count": 584,
                "profile_background_image_url": "http://pbs.twimg.com/profile_background_images/378800000167425621/KsGhbXdn.jpeg",
                "created_at": "Sun Mar 18 18:02:20 +0000 2007"
            },
            "coordinates": null,
            "created_at": "Fri Nov 25 16:10:47 +0000 2016"
        },
        {
            "favorited": false,
            "truncated": false,
            "entities": {
                "user_mentions": [],
                "media": [
                    {
                        "sizes": {
                            "large": {
                                "h": 1308,
                                "resize": "fit",
                                "w": 2048
                            },
                            "thumb": {
                                "h": 150,
                                "resize": "crop",
                                "w": 150
                            },
                            "medium": {
                                "h": 766,
                                "resize": "fit",
                                "w": 1200
                            },
                            "small": {
                                "h": 434,
                                "resize": "fit",
                                "w": 680
                            }
                        },
                        "id": 802162044992704512,
                        "id_str": "802162044992704512",
                        "url": "https://t.co/48yy9Zd3jI",
                        "expanded_url": "https://twitter.com/orlandosentinel/status/802162047718924288/photo/1",
                        "type": "photo",
                        "media_url_https": "https://pbs.twimg.com/media/CyHaIUAXUAAgi12.jpg",
                        "indices": [
                            103,
                            126
                        ],
                        "media_url": "http://pbs.twimg.com/media/CyHaIUAXUAAgi12.jpg",
                        "display_url": "pic.twitter.com/48yy9Zd3jI"
                    }
                ],
                "urls": [
                    {
                        "display_url": "thesent.nl/2gc8pxF",
                        "indices": [
                            79,
                            102
                        ],
                        "expanded_url": "http://thesent.nl/2gc8pxF",
                        "url": "https://t.co/QXCt3QKSM7"
                    }
                ],
                "hashtags": [],
                "symbols": []
            },
            "retweeted": false,
            "in_reply_to_status_id": null,
            "place": null,
            "contributors": null,
            "in_reply_to_user_id_str": null,
            "source": "<a href=\"http://www.socialflow.com\" rel=\"nofollow\">SocialFlow</a>",
            "is_quote_status": false,
            "geo": null,
            "id_str": "802162047718924288",
            "lang": "en",
            "metadata": {
                "iso_language_code": "en",
                "result_type": "recent"
            },
            "id": 802162047718924288,
            "favorite_count": 0,
            "in_reply_to_user_id": null,
            "in_reply_to_screen_name": null,
            "in_reply_to_status_id_str": null,
            "text": "Jared Kushner, the Trump son-in-law who's the next president's 'eyes and ears' https://t.co/QXCt3QKSM7 https://t.co/48yy9Zd3jI",
            "possibly_sensitive": false,
            "retweet_count": 2,
            "extended_entities": {
                "media": [
                    {
                        "sizes": {
                            "large": {
                                "h": 1308,
                                "resize": "fit",
                                "w": 2048
                            },
                            "thumb": {
                                "h": 150,
                                "resize": "crop",
                                "w": 150
                            },
                            "medium": {
                                "h": 766,
                                "resize": "fit",
                                "w": 1200
                            },
                            "small": {
                                "h": 434,
                                "resize": "fit",
                                "w": 680
                            }
                        },
                        "id": 802162044992704512,
                        "id_str": "802162044992704512",
                        "url": "https://t.co/48yy9Zd3jI",
                        "expanded_url": "https://twitter.com/orlandosentinel/status/802162047718924288/photo/1",
                        "type": "photo",
                        "media_url_https": "https://pbs.twimg.com/media/CyHaIUAXUAAgi12.jpg",
                        "indices": [
                            103,
                            126
                        ],
                        "media_url": "http://pbs.twimg.com/media/CyHaIUAXUAAgi12.jpg",
                        "display_url": "pic.twitter.com/48yy9Zd3jI"
                    }
                ]
            },
            "user": {
                "profile_background_color": "F9ED2E",
                "description": "The Orlando Sentinel is the most comprehensive news source of the Central Florida region.",
                "listed_count": 3103,
                "has_extended_profile": false,
                "notifications": false,
                "followers_count": 214278,
                "entities": {
                    "description": {
                        "urls": []
                    },
                    "url": {
                        "urls": [
                            {
                                "display_url": "orlandosentinel.com",
                                "indices": [
                                    0,
                                    22
                                ],
                                "expanded_url": "http://www.orlandosentinel.com",
                                "url": "http://t.co/4aB05T4abC"
                            }
                        ]
                    }
                },
                "profile_image_url": "http://pbs.twimg.com/profile_images/511895715086225409/gkbtKjFU_normal.png",
                "geo_enabled": true,
                "follow_request_sent": false,
                "utc_offset": -18000,
                "profile_sidebar_fill_color": "A0C5C7",
                "id": 1429761,
                "profile_sidebar_border_color": "FFFFFF",
                "url": "http://t.co/4aB05T4abC",
                "profile_text_color": "333333",
                "screen_name": "orlandosentinel",
                "statuses_count": 114536,
                "name": "Orlando Sentinel",
                "profile_background_image_url_https": "https://pbs.twimg.com/profile_background_images/378800000167425621/KsGhbXdn.jpeg",
                "profile_background_tile": false,
                "default_profile": false,
                "is_translator": false,
                "id_str": "1429761",
                "lang": "en",
                "translator_type": "none",
                "time_zone": "Eastern Time (US & Canada)",
                "location": "Orlando, FL",
                "favourites_count": 670,
                "default_profile_image": false,
                "following": false,
                "profile_use_background_image": false,
                "profile_banner_url": "https://pbs.twimg.com/profile_banners/1429761/1429874320",
                "verified": true,
                "protected": false,
                "contributors_enabled": false,
                "profile_image_url_https": "https://pbs.twimg.com/profile_images/511895715086225409/gkbtKjFU_normal.png",
                "profile_link_color": "00B5CC",
                "is_translation_enabled": false,
                "friends_count": 584,
                "profile_background_image_url": "http://pbs.twimg.com/profile_background_images/378800000167425621/KsGhbXdn.jpeg",
                "created_at": "Sun Mar 18 18:02:20 +0000 2007"
            },
            "coordinates": null,
            "created_at": "Fri Nov 25 14:48:30 +0000 2016"
        }
    ]
}