{
    "search_metadata": {
        "since_id": 0,
        "since_id_str": "0",
        "count": 100,
        "refresh_url": "?since_id=802248049649127424&q=Trump%20from%3AStarAdvertiser%20since%3A2016-11-25%20until%3A2016-11-26%20filter%3Alinks%20-%40StarAdvertiser&include_entities=1",
        "query": "Trump+from%3AStarAdvertiser+since%3A2016-11-25+until%3A2016-11-26+filter%3Alinks+-%40StarAdvertiser",
        "completed_in": 0.018,
        "max_id_str": "802248049649127424",
        "max_id": 802248049649127424
    },
    "statuses": [
        {
            "favorited": false,
            "truncated": false,
            "entities": {
                "user_mentions": [
                    {
                        "screen_name": "realDonaldTrump",
                        "indices": [
                            1,
                            17
                        ],
                        "id_str": "25073877",
                        "id": 25073877,
                        "name": "Donald J. Trump"
                    },
                    {
                        "screen_name": "FoxNews",
                        "indices": [
                            23,
                            31
                        ],
                        "id_str": "1367531",
                        "id": 1367531,
                        "name": "Fox News"
                    }
                ],
                "media": [
                    {
                        "sizes": {
                            "large": {
                                "h": 600,
                                "resize": "fit",
                                "w": 960
                            },
                            "thumb": {
                                "h": 150,
                                "resize": "crop",
                                "w": 150
                            },
                            "medium": {
                                "h": 600,
                                "resize": "fit",
                                "w": 960
                            },
                            "small": {
                                "h": 425,
                                "resize": "fit",
                                "w": 680
                            }
                        },
                        "id": 802248046650290176,
                        "id_str": "802248046650290176",
                        "url": "https://t.co/Wmz6kcGBgw",
                        "expanded_url": "https://twitter.com/StarAdvertiser/status/802248049649127424/photo/1",
                        "type": "photo",
                        "media_url_https": "https://pbs.twimg.com/media/CyIoWRJXcAABUcR.jpg",
                        "indices": [
                            106,
                            129
                        ],
                        "media_url": "http://pbs.twimg.com/media/CyIoWRJXcAABUcR.jpg",
                        "display_url": "pic.twitter.com/Wmz6kcGBgw"
                    }
                ],
                "urls": [
                    {
                        "display_url": "staradvertiser.com/2016/11/25/bre\u2026",
                        "indices": [
                            82,
                            105
                        ],
                        "expanded_url": "http://www.staradvertiser.com/2016/11/25/breaking-news/trump-shaping-administration-as-stein-presses-for-recounts/",
                        "url": "https://t.co/tdh3d2V5J0"
                    }
                ],
                "hashtags": [],
                "symbols": []
            },
            "retweeted": false,
            "in_reply_to_status_id": null,
            "place": null,
            "contributors": null,
            "in_reply_to_user_id_str": null,
            "source": "<a href=\"http://www.hootsuite.com\" rel=\"nofollow\">Hootsuite</a>",
            "is_quote_status": false,
            "geo": null,
            "id_str": "802248049649127424",
            "lang": "en",
            "metadata": {
                "iso_language_code": "en",
                "result_type": "recent"
            },
            "id": 802248049649127424,
            "favorite_count": 1,
            "in_reply_to_user_id": null,
            "in_reply_to_screen_name": null,
            "in_reply_to_status_id_str": null,
            "text": ".@realDonaldTrump taps @FoxNews analyst, campaign attorney for staff appointments https://t.co/tdh3d2V5J0 https://t.co/Wmz6kcGBgw",
            "possibly_sensitive": false,
            "retweet_count": 0,
            "extended_entities": {
                "media": [
                    {
                        "sizes": {
                            "large": {
                                "h": 600,
                                "resize": "fit",
                                "w": 960
                            },
                            "thumb": {
                                "h": 150,
                                "resize": "crop",
                                "w": 150
                            },
                            "medium": {
                                "h": 600,
                                "resize": "fit",
                                "w": 960
                            },
                            "small": {
                                "h": 425,
                                "resize": "fit",
                                "w": 680
                            }
                        },
                        "id": 802248046650290176,
                        "id_str": "802248046650290176",
                        "url": "https://t.co/Wmz6kcGBgw",
                        "expanded_url": "https://twitter.com/StarAdvertiser/status/802248049649127424/photo/1",
                        "type": "photo",
                        "media_url_https": "https://pbs.twimg.com/media/CyIoWRJXcAABUcR.jpg",
                        "indices": [
                            106,
                            129
                        ],
                        "media_url": "http://pbs.twimg.com/media/CyIoWRJXcAABUcR.jpg",
                        "display_url": "pic.twitter.com/Wmz6kcGBgw"
                    }
                ]
            },
            "user": {
                "profile_background_color": "FFFFFF",
                "description": "The Pulse of Paradise. Breaking news and information from Hawaii's largest news organization.",
                "listed_count": 1366,
                "has_extended_profile": false,
                "notifications": false,
                "followers_count": 55950,
                "entities": {
                    "description": {
                        "urls": []
                    },
                    "url": {
                        "urls": [
                            {
                                "display_url": "staradvertiser.com",
                                "indices": [
                                    0,
                                    23
                                ],
                                "expanded_url": "http://www.staradvertiser.com",
                                "url": "https://t.co/IlUVJyBOsb"
                            }
                        ]
                    }
                },
                "profile_image_url": "http://pbs.twimg.com/profile_images/458796544200679426/TIwpuRqm_normal.png",
                "geo_enabled": true,
                "follow_request_sent": false,
                "utc_offset": -36000,
                "profile_sidebar_fill_color": "DDEEF6",
                "id": 126424795,
                "profile_sidebar_border_color": "C0DEED",
                "url": "https://t.co/IlUVJyBOsb",
                "profile_text_color": "333333",
                "screen_name": "StarAdvertiser",
                "statuses_count": 108806,
                "name": "Star-Advertiser",
                "profile_background_image_url_https": "https://pbs.twimg.com/profile_background_images/164414760/SABanner-2-1.jpg",
                "profile_background_tile": false,
                "default_profile": false,
                "is_translator": false,
                "id_str": "126424795",
                "lang": "en",
                "translator_type": "none",
                "time_zone": "Hawaii",
                "location": "Honolulu, Hawaii",
                "favourites_count": 8,
                "default_profile_image": false,
                "following": false,
                "profile_use_background_image": true,
                "profile_banner_url": "https://pbs.twimg.com/profile_banners/126424795/1446606044",
                "verified": true,
                "protected": false,
                "contributors_enabled": false,
                "profile_image_url_https": "https://pbs.twimg.com/profile_images/458796544200679426/TIwpuRqm_normal.png",
                "profile_link_color": "2169AD",
                "is_translation_enabled": false,
                "friends_count": 73,
                "profile_background_image_url": "http://pbs.twimg.com/profile_background_images/164414760/SABanner-2-1.jpg",
                "created_at": "Thu Mar 25 20:54:58 +0000 2010"
            },
            "coordinates": null,
            "created_at": "Fri Nov 25 20:30:14 +0000 2016"
        },
        {
            "favorited": false,
            "truncated": false,
            "entities": {
                "user_mentions": [
                    {
                        "screen_name": "realDonaldTrump",
                        "indices": [
                            1,
                            17
                        ],
                        "id_str": "25073877",
                        "id": 25073877,
                        "name": "Donald J. Trump"
                    },
                    {
                        "screen_name": "DrJillStein",
                        "indices": [
                            44,
                            56
                        ],
                        "id_str": "111216929",
                        "id": 111216929,
                        "name": "Dr. Jill Stein"
                    }
                ],
                "media": [
                    {
                        "sizes": {
                            "thumb": {
                                "h": 150,
                                "resize": "crop",
                                "w": 150
                            },
                            "large": {
                                "h": 600,
                                "resize": "fit",
                                "w": 960
                            },
                            "medium": {
                                "h": 600,
                                "resize": "fit",
                                "w": 960
                            },
                            "small": {
                                "h": 425,
                                "resize": "fit",
                                "w": 680
                            }
                        },
                        "id": 802217938816290817,
                        "id_str": "802217938816290817",
                        "url": "https://t.co/yzAzuPi0CJ",
                        "expanded_url": "https://twitter.com/StarAdvertiser/status/802217940942782465/photo/1",
                        "type": "photo",
                        "media_url_https": "https://pbs.twimg.com/media/CyIM9wuXUAESu0g.jpg",
                        "indices": [
                            102,
                            125
                        ],
                        "media_url": "http://pbs.twimg.com/media/CyIM9wuXUAESu0g.jpg",
                        "display_url": "pic.twitter.com/yzAzuPi0CJ"
                    }
                ],
                "urls": [
                    {
                        "display_url": "staradvertiser.com/2016/11/25/bre\u2026",
                        "indices": [
                            78,
                            101
                        ],
                        "expanded_url": "http://www.staradvertiser.com/2016/11/25/breaking-news/trump-shaping-administration-as-stein-presses-for-recounts/",
                        "url": "https://t.co/tdh3d2V5J0"
                    }
                ],
                "hashtags": [],
                "symbols": []
            },
            "retweeted": false,
            "in_reply_to_status_id": null,
            "place": null,
            "contributors": null,
            "in_reply_to_user_id_str": null,
            "source": "<a href=\"http://www.hootsuite.com\" rel=\"nofollow\">Hootsuite</a>",
            "is_quote_status": false,
            "geo": null,
            "id_str": "802217940942782465",
            "lang": "en",
            "metadata": {
                "iso_language_code": "en",
                "result_type": "recent"
            },
            "id": 802217940942782465,
            "favorite_count": 1,
            "in_reply_to_user_id": null,
            "in_reply_to_screen_name": null,
            "in_reply_to_status_id_str": null,
            "text": ".@realDonaldTrump shaping administration as @DrJillStein presses for recounts https://t.co/tdh3d2V5J0 https://t.co/yzAzuPi0CJ",
            "possibly_sensitive": false,
            "retweet_count": 0,
            "extended_entities": {
                "media": [
                    {
                        "sizes": {
                            "thumb": {
                                "h": 150,
                                "resize": "crop",
                                "w": 150
                            },
                            "large": {
                                "h": 600,
                                "resize": "fit",
                                "w": 960
                            },
                            "medium": {
                                "h": 600,
                                "resize": "fit",
                                "w": 960
                            },
                            "small": {
                                "h": 425,
                                "resize": "fit",
                                "w": 680
                            }
                        },
                        "id": 802217938816290817,
                        "id_str": "802217938816290817",
                        "url": "https://t.co/yzAzuPi0CJ",
                        "expanded_url": "https://twitter.com/StarAdvertiser/status/802217940942782465/photo/1",
                        "type": "photo",
                        "media_url_https": "https://pbs.twimg.com/media/CyIM9wuXUAESu0g.jpg",
                        "indices": [
                            102,
                            125
                        ],
                        "media_url": "http://pbs.twimg.com/media/CyIM9wuXUAESu0g.jpg",
                        "display_url": "pic.twitter.com/yzAzuPi0CJ"
                    }
                ]
            },
            "user": {
                "profile_background_color": "FFFFFF",
                "description": "The Pulse of Paradise. Breaking news and information from Hawaii's largest news organization.",
                "listed_count": 1366,
                "has_extended_profile": false,
                "notifications": false,
                "followers_count": 55950,
                "entities": {
                    "description": {
                        "urls": []
                    },
                    "url": {
                        "urls": [
                            {
                                "display_url": "staradvertiser.com",
                                "indices": [
                                    0,
                                    23
                                ],
                                "expanded_url": "http://www.staradvertiser.com",
                                "url": "https://t.co/IlUVJyBOsb"
                            }
                        ]
                    }
                },
                "profile_image_url": "http://pbs.twimg.com/profile_images/458796544200679426/TIwpuRqm_normal.png",
                "geo_enabled": true,
                "follow_request_sent": false,
                "utc_offset": -36000,
                "profile_sidebar_fill_color": "DDEEF6",
                "id": 126424795,
                "profile_sidebar_border_color": "C0DEED",
                "url": "https://t.co/IlUVJyBOsb",
                "profile_text_color": "333333",
                "screen_name": "StarAdvertiser",
                "statuses_count": 108806,
                "name": "Star-Advertiser",
                "profile_background_image_url_https": "https://pbs.twimg.com/profile_background_images/164414760/SABanner-2-1.jpg",
                "profile_background_tile": false,
                "default_profile": false,
                "is_translator": false,
                "id_str": "126424795",
                "lang": "en",
                "translator_type": "none",
                "time_zone": "Hawaii",
                "location": "Honolulu, Hawaii",
                "favourites_count": 8,
                "default_profile_image": false,
                "following": false,
                "profile_use_background_image": true,
                "profile_banner_url": "https://pbs.twimg.com/profile_banners/126424795/1446606044",
                "verified": true,
                "protected": false,
                "contributors_enabled": false,
                "profile_image_url_https": "https://pbs.twimg.com/profile_images/458796544200679426/TIwpuRqm_normal.png",
                "profile_link_color": "2169AD",
                "is_translation_enabled": false,
                "friends_count": 73,
                "profile_background_image_url": "http://pbs.twimg.com/profile_background_images/164414760/SABanner-2-1.jpg",
                "created_at": "Thu Mar 25 20:54:58 +0000 2010"
            },
            "coordinates": null,
            "created_at": "Fri Nov 25 18:30:36 +0000 2016"
        },
        {
            "favorited": false,
            "truncated": false,
            "entities": {
                "user_mentions": [],
                "media": [
                    {
                        "sizes": {
                            "large": {
                                "h": 237,
                                "resize": "fit",
                                "w": 309
                            },
                            "thumb": {
                                "h": 150,
                                "resize": "crop",
                                "w": 150
                            },
                            "medium": {
                                "h": 237,
                                "resize": "fit",
                                "w": 309
                            },
                            "small": {
                                "h": 237,
                                "resize": "fit",
                                "w": 309
                            }
                        },
                        "id": 801966329238433792,
                        "id_str": "801966329238433792",
                        "url": "https://t.co/Ac9R6gtojF",
                        "expanded_url": "https://twitter.com/StarAdvertiser/status/801966405943857154/photo/1",
                        "type": "photo",
                        "media_url_https": "https://pbs.twimg.com/media/CyEoIKAUsAAANR6.jpg",
                        "indices": [
                            85,
                            108
                        ],
                        "media_url": "http://pbs.twimg.com/media/CyEoIKAUsAAANR6.jpg",
                        "display_url": "pic.twitter.com/Ac9R6gtojF"
                    }
                ],
                "urls": [
                    {
                        "display_url": "staradvertiser.com/2016/11/24/bre\u2026",
                        "indices": [
                            61,
                            84
                        ],
                        "expanded_url": "http://www.staradvertiser.com/2016/11/24/breaking-news/harnessing-trump-and-sanders-korean-populist-rises-in-polls/",
                        "url": "https://t.co/PQ1jfZWVVK"
                    }
                ],
                "hashtags": [],
                "symbols": []
            },
            "retweeted": false,
            "in_reply_to_status_id": null,
            "place": {
                "full_name": "Makaha, HI",
                "id": "c3454beea7e17e9e",
                "attributes": {},
                "country_code": "US",
                "url": "https://api.twitter.com/1.1/geo/id/c3454beea7e17e9e.json",
                "country": "United States",
                "bounding_box": {
                    "type": "Polygon",
                    "coordinates": [
                        [
                            [
                                -158.231172,
                                21.45265
                            ],
                            [
                                -158.194091,
                                21.45265
                            ],
                            [
                                -158.194091,
                                21.489361
                            ],
                            [
                                -158.231172,
                                21.489361
                            ]
                        ]
                    ]
                },
                "contained_within": [],
                "place_type": "city",
                "name": "Makaha"
            },
            "contributors": null,
            "in_reply_to_user_id_str": null,
            "source": "<a href=\"http://twitter.com\" rel=\"nofollow\">Twitter Web Client</a>",
            "is_quote_status": false,
            "geo": null,
            "id_str": "801966405943857154",
            "lang": "en",
            "metadata": {
                "iso_language_code": "en",
                "result_type": "recent"
            },
            "id": 801966405943857154,
            "favorite_count": 0,
            "in_reply_to_user_id": null,
            "in_reply_to_screen_name": null,
            "in_reply_to_status_id_str": null,
            "text": "Harnessing Trump and Sanders, Korean populist rises in polls\nhttps://t.co/PQ1jfZWVVK https://t.co/Ac9R6gtojF",
            "possibly_sensitive": false,
            "retweet_count": 0,
            "extended_entities": {
                "media": [
                    {
                        "sizes": {
                            "large": {
                                "h": 237,
                                "resize": "fit",
                                "w": 309
                            },
                            "thumb": {
                                "h": 150,
                                "resize": "crop",
                                "w": 150
                            },
                            "medium": {
                                "h": 237,
                                "resize": "fit",
                                "w": 309
                            },
                            "small": {
                                "h": 237,
                                "resize": "fit",
                                "w": 309
                            }
                        },
                        "id": 801966329238433792,
                        "id_str": "801966329238433792",
                        "url": "https://t.co/Ac9R6gtojF",
                        "expanded_url": "https://twitter.com/StarAdvertiser/status/801966405943857154/photo/1",
                        "type": "photo",
                        "media_url_https": "https://pbs.twimg.com/media/CyEoIKAUsAAANR6.jpg",
                        "indices": [
                            85,
                            108
                        ],
                        "media_url": "http://pbs.twimg.com/media/CyEoIKAUsAAANR6.jpg",
                        "display_url": "pic.twitter.com/Ac9R6gtojF"
                    }
                ]
            },
            "user": {
                "profile_background_color": "FFFFFF",
                "description": "The Pulse of Paradise. Breaking news and information from Hawaii's largest news organization.",
                "listed_count": 1366,
                "has_extended_profile": false,
                "notifications": false,
                "followers_count": 55950,
                "entities": {
                    "description": {
                        "urls": []
                    },
                    "url": {
                        "urls": [
                            {
                                "display_url": "staradvertiser.com",
                                "indices": [
                                    0,
                                    23
                                ],
                                "expanded_url": "http://www.staradvertiser.com",
                                "url": "https://t.co/IlUVJyBOsb"
                            }
                        ]
                    }
                },
                "profile_image_url": "http://pbs.twimg.com/profile_images/458796544200679426/TIwpuRqm_normal.png",
                "geo_enabled": true,
                "follow_request_sent": false,
                "utc_offset": -36000,
                "profile_sidebar_fill_color": "DDEEF6",
                "id": 126424795,
                "profile_sidebar_border_color": "C0DEED",
                "url": "https://t.co/IlUVJyBOsb",
                "profile_text_color": "333333",
                "screen_name": "StarAdvertiser",
                "statuses_count": 108806,
                "name": "Star-Advertiser",
                "profile_background_image_url_https": "https://pbs.twimg.com/profile_background_images/164414760/SABanner-2-1.jpg",
                "profile_background_tile": false,
                "default_profile": false,
                "is_translator": false,
                "id_str": "126424795",
                "lang": "en",
                "translator_type": "none",
                "time_zone": "Hawaii",
                "location": "Honolulu, Hawaii",
                "favourites_count": 8,
                "default_profile_image": false,
                "following": false,
                "profile_use_background_image": true,
                "profile_banner_url": "https://pbs.twimg.com/profile_banners/126424795/1446606044",
                "verified": true,
                "protected": false,
                "contributors_enabled": false,
                "profile_image_url_https": "https://pbs.twimg.com/profile_images/458796544200679426/TIwpuRqm_normal.png",
                "profile_link_color": "2169AD",
                "is_translation_enabled": false,
                "friends_count": 73,
                "profile_background_image_url": "http://pbs.twimg.com/profile_background_images/164414760/SABanner-2-1.jpg",
                "created_at": "Thu Mar 25 20:54:58 +0000 2010"
            },
            "coordinates": null,
            "created_at": "Fri Nov 25 01:51:05 +0000 2016"
        }
    ]
}