{
    "search_metadata": {
        "since_id": 0,
        "since_id_str": "0",
        "count": 100,
        "refresh_url": "?since_id=802201223264931840&q=Trump%20from%3Astltoday%20since%3A2016-11-25%20until%3A2016-11-26%20filter%3Alinks%20-%40stltoday&include_entities=1",
        "query": "Trump+from%3Astltoday+since%3A2016-11-25+until%3A2016-11-26+filter%3Alinks+-%40stltoday",
        "completed_in": 0.026,
        "max_id_str": "802201223264931840",
        "max_id": 802201223264931840
    },
    "statuses": [
        {
            "favorited": false,
            "truncated": false,
            "entities": {
                "user_mentions": [
                    {
                        "screen_name": "PostDispatchbiz",
                        "indices": [
                            3,
                            19
                        ],
                        "id_str": "211654138",
                        "id": 211654138,
                        "name": "St. Louis Business"
                    },
                    {
                        "screen_name": "realDonaldTrump",
                        "indices": [
                            80,
                            96
                        ],
                        "id_str": "25073877",
                        "id": 25073877,
                        "name": "Donald J. Trump"
                    }
                ],
                "urls": [
                    {
                        "display_url": "stltoday.com/business/local\u2026",
                        "indices": [
                            114,
                            137
                        ],
                        "expanded_url": "http://www.stltoday.com/business/local/president-elect-trump-embraces-black-friday-with-offers-on-t/article_8dfb6ba4-a8ac-52e1-809e-dd3e6b4d9ff1.html?utm_medium=social&utm_source=twitter&utm_campaign=user-share",
                        "url": "https://t.co/edD1bWSjiT"
                    }
                ],
                "hashtags": [
                    {
                        "text": "MAGA",
                        "indices": [
                            46,
                            51
                        ]
                    }
                ],
                "symbols": []
            },
            "retweeted": false,
            "in_reply_to_status_id": null,
            "place": null,
            "contributors": null,
            "in_reply_to_user_id_str": null,
            "source": "<a href=\"https://about.twitter.com/products/tweetdeck\" rel=\"nofollow\">TweetDeck</a>",
            "is_quote_status": false,
            "retweeted_status": {
                "favorited": false,
                "truncated": false,
                "entities": {
                    "user_mentions": [
                        {
                            "screen_name": "realDonaldTrump",
                            "indices": [
                                59,
                                75
                            ],
                            "id_str": "25073877",
                            "id": 25073877,
                            "name": "Donald J. Trump"
                        },
                        {
                            "screen_name": "PostDispatchbiz",
                            "indices": [
                                121,
                                137
                            ],
                            "id_str": "211654138",
                            "id": 211654138,
                            "name": "St. Louis Business"
                        }
                    ],
                    "urls": [
                        {
                            "display_url": "stltoday.com/business/local\u2026",
                            "indices": [
                                93,
                                116
                            ],
                            "expanded_url": "http://www.stltoday.com/business/local/president-elect-trump-embraces-black-friday-with-offers-on-t/article_8dfb6ba4-a8ac-52e1-809e-dd3e6b4d9ff1.html?utm_medium=social&utm_source=twitter&utm_campaign=user-share",
                            "url": "https://t.co/edD1bWSjiT"
                        }
                    ],
                    "hashtags": [
                        {
                            "text": "MAGA",
                            "indices": [
                                25,
                                30
                            ]
                        }
                    ],
                    "symbols": []
                },
                "retweeted": false,
                "in_reply_to_status_id": null,
                "place": null,
                "contributors": null,
                "in_reply_to_user_id_str": null,
                "source": "<a href=\"http://twitter.com\" rel=\"nofollow\">Twitter Web Client</a>",
                "is_quote_status": false,
                "geo": null,
                "id_str": "802201153404633088",
                "lang": "en",
                "metadata": {
                    "iso_language_code": "en",
                    "result_type": "recent"
                },
                "id": 802201153404633088,
                "favorite_count": 1,
                "in_reply_to_user_id": null,
                "in_reply_to_screen_name": null,
                "in_reply_to_status_id_str": null,
                "text": "Would you pay $149 for a #MAGA Christmas ornament? What if @realDonaldTrump gave you a deal? https://t.co/edD1bWSjiT via @PostDispatchbiz",
                "possibly_sensitive": false,
                "retweet_count": 3,
                "user": {
                    "profile_background_color": "990000",
                    "description": "Coverage of commerce, labor and economic development by the St. Louis Post-Dispatch.",
                    "listed_count": 309,
                    "has_extended_profile": false,
                    "notifications": false,
                    "followers_count": 8605,
                    "entities": {
                        "description": {
                            "urls": []
                        },
                        "url": {
                            "urls": [
                                {
                                    "display_url": "stltoday.com/business",
                                    "indices": [
                                        0,
                                        23
                                    ],
                                    "expanded_url": "http://stltoday.com/business",
                                    "url": "https://t.co/NW5yRcp79r"
                                }
                            ]
                        }
                    },
                    "profile_image_url": "http://pbs.twimg.com/profile_images/704844315974115329/rw5EXy8s_normal.jpg",
                    "geo_enabled": false,
                    "follow_request_sent": false,
                    "utc_offset": -21600,
                    "profile_sidebar_fill_color": "FFFFFF",
                    "id": 211654138,
                    "profile_sidebar_border_color": "FFFFFF",
                    "url": "https://t.co/NW5yRcp79r",
                    "profile_text_color": "000000",
                    "screen_name": "PostDispatchbiz",
                    "statuses_count": 30523,
                    "name": "St. Louis Business",
                    "profile_background_image_url_https": "https://abs.twimg.com/images/themes/theme1/bg.png",
                    "profile_background_tile": false,
                    "default_profile": false,
                    "is_translator": false,
                    "id_str": "211654138",
                    "lang": "en",
                    "translator_type": "none",
                    "time_zone": "Central Time (US & Canada)",
                    "location": "St. Louis",
                    "favourites_count": 11,
                    "default_profile_image": false,
                    "following": false,
                    "profile_use_background_image": false,
                    "profile_banner_url": "https://pbs.twimg.com/profile_banners/211654138/1452742854",
                    "verified": false,
                    "protected": false,
                    "contributors_enabled": false,
                    "profile_image_url_https": "https://pbs.twimg.com/profile_images/704844315974115329/rw5EXy8s_normal.jpg",
                    "profile_link_color": "990000",
                    "is_translation_enabled": false,
                    "friends_count": 45,
                    "profile_background_image_url": "http://abs.twimg.com/images/themes/theme1/bg.png",
                    "created_at": "Wed Nov 03 21:43:17 +0000 2010"
                },
                "coordinates": null,
                "created_at": "Fri Nov 25 17:23:53 +0000 2016"
            },
            "geo": null,
            "id_str": "802201223264931840",
            "lang": "en",
            "metadata": {
                "iso_language_code": "en",
                "result_type": "recent"
            },
            "id": 802201223264931840,
            "favorite_count": 0,
            "in_reply_to_user_id": null,
            "in_reply_to_screen_name": null,
            "in_reply_to_status_id_str": null,
            "text": "RT @PostDispatchbiz: Would you pay $149 for a #MAGA Christmas ornament? What if @realDonaldTrump gave you a deal? https://t.co/edD1bWSjiT v\u2026",
            "possibly_sensitive": false,
            "retweet_count": 3,
            "user": {
                "profile_background_color": "990000",
                "description": "St. Louis Post-Dispatch news, sports, business, features, blogs, photos and video. @Weatherbird is the Twitter ambassador for the P-D.",
                "listed_count": 2469,
                "has_extended_profile": false,
                "notifications": false,
                "followers_count": 170410,
                "entities": {
                    "description": {
                        "urls": []
                    },
                    "url": {
                        "urls": [
                            {
                                "display_url": "stltoday.com",
                                "indices": [
                                    0,
                                    22
                                ],
                                "expanded_url": "http://www.stltoday.com",
                                "url": "http://t.co/Z1ZQ0mDZMD"
                            }
                        ]
                    }
                },
                "profile_image_url": "http://pbs.twimg.com/profile_images/766662678819373056/G64e6PTO_normal.jpg",
                "geo_enabled": false,
                "follow_request_sent": false,
                "utc_offset": -21600,
                "profile_sidebar_fill_color": "FFFFFF",
                "id": 6039302,
                "profile_sidebar_border_color": "000000",
                "url": "http://t.co/Z1ZQ0mDZMD",
                "profile_text_color": "000000",
                "screen_name": "stltoday",
                "statuses_count": 114665,
                "name": "STLtoday",
                "profile_background_image_url_https": "https://pbs.twimg.com/profile_background_images/120432356/twitter-stltodayMain.jpg",
                "profile_background_tile": false,
                "default_profile": false,
                "is_translator": false,
                "id_str": "6039302",
                "lang": "en",
                "translator_type": "none",
                "time_zone": "Central Time (US & Canada)",
                "location": "St. Louis, Mo.",
                "favourites_count": 1383,
                "default_profile_image": false,
                "following": false,
                "profile_use_background_image": false,
                "profile_banner_url": "https://pbs.twimg.com/profile_banners/6039302/1414685197",
                "verified": true,
                "protected": false,
                "contributors_enabled": false,
                "profile_image_url_https": "https://pbs.twimg.com/profile_images/766662678819373056/G64e6PTO_normal.jpg",
                "profile_link_color": "990000",
                "is_translation_enabled": false,
                "friends_count": 130,
                "profile_background_image_url": "http://pbs.twimg.com/profile_background_images/120432356/twitter-stltodayMain.jpg",
                "created_at": "Mon May 14 17:51:34 +0000 2007"
            },
            "coordinates": null,
            "created_at": "Fri Nov 25 17:24:10 +0000 2016"
        },
        {
            "favorited": false,
            "truncated": false,
            "entities": {
                "user_mentions": [],
                "urls": [
                    {
                        "display_url": "stltoday.com/business/local\u2026",
                        "indices": [
                            79,
                            102
                        ],
                        "expanded_url": "http://www.stltoday.com/business/local/president-elect-trump-embraces-black-friday-with-offers-on-t/article_8dfb6ba4-a8ac-52e1-809e-dd3e6b4d9ff1.html?utm_source=dlvr.it&utm_medium=twitter",
                        "url": "https://t.co/DJif7AE1n7"
                    }
                ],
                "hashtags": [],
                "symbols": []
            },
            "retweeted": false,
            "in_reply_to_status_id": null,
            "place": null,
            "contributors": null,
            "in_reply_to_user_id_str": null,
            "source": "<a href=\"http://dlvr.it\" rel=\"nofollow\">dlvr.it</a>",
            "is_quote_status": false,
            "geo": null,
            "id_str": "802199574857121793",
            "lang": "en",
            "metadata": {
                "iso_language_code": "en",
                "result_type": "recent"
            },
            "id": 802199574857121793,
            "favorite_count": 1,
            "in_reply_to_user_id": null,
            "in_reply_to_screen_name": null,
            "in_reply_to_status_id_str": null,
            "text": "President-elect Trump embraces Black Friday with offers on T-shirts, ornaments https://t.co/DJif7AE1n7",
            "possibly_sensitive": false,
            "retweet_count": 0,
            "user": {
                "profile_background_color": "990000",
                "description": "St. Louis Post-Dispatch news, sports, business, features, blogs, photos and video. @Weatherbird is the Twitter ambassador for the P-D.",
                "listed_count": 2469,
                "has_extended_profile": false,
                "notifications": false,
                "followers_count": 170410,
                "entities": {
                    "description": {
                        "urls": []
                    },
                    "url": {
                        "urls": [
                            {
                                "display_url": "stltoday.com",
                                "indices": [
                                    0,
                                    22
                                ],
                                "expanded_url": "http://www.stltoday.com",
                                "url": "http://t.co/Z1ZQ0mDZMD"
                            }
                        ]
                    }
                },
                "profile_image_url": "http://pbs.twimg.com/profile_images/766662678819373056/G64e6PTO_normal.jpg",
                "geo_enabled": false,
                "follow_request_sent": false,
                "utc_offset": -21600,
                "profile_sidebar_fill_color": "FFFFFF",
                "id": 6039302,
                "profile_sidebar_border_color": "000000",
                "url": "http://t.co/Z1ZQ0mDZMD",
                "profile_text_color": "000000",
                "screen_name": "stltoday",
                "statuses_count": 114665,
                "name": "STLtoday",
                "profile_background_image_url_https": "https://pbs.twimg.com/profile_background_images/120432356/twitter-stltodayMain.jpg",
                "profile_background_tile": false,
                "default_profile": false,
                "is_translator": false,
                "id_str": "6039302",
                "lang": "en",
                "translator_type": "none",
                "time_zone": "Central Time (US & Canada)",
                "location": "St. Louis, Mo.",
                "favourites_count": 1383,
                "default_profile_image": false,
                "following": false,
                "profile_use_background_image": false,
                "profile_banner_url": "https://pbs.twimg.com/profile_banners/6039302/1414685197",
                "verified": true,
                "protected": false,
                "contributors_enabled": false,
                "profile_image_url_https": "https://pbs.twimg.com/profile_images/766662678819373056/G64e6PTO_normal.jpg",
                "profile_link_color": "990000",
                "is_translation_enabled": false,
                "friends_count": 130,
                "profile_background_image_url": "http://pbs.twimg.com/profile_background_images/120432356/twitter-stltodayMain.jpg",
                "created_at": "Mon May 14 17:51:34 +0000 2007"
            },
            "coordinates": null,
            "created_at": "Fri Nov 25 17:17:37 +0000 2016"
        }
    ]
}