{
    "search_metadata": {
        "since_id": 0,
        "since_id_str": "0",
        "count": 100,
        "refresh_url": "?since_id=802269850655559680&q=Trump%20from%3ATimesRecord%20since%3A2016-11-25%20until%3A2016-11-26%20filter%3Alinks%20-%40TimesRecord&include_entities=1",
        "query": "Trump+from%3ATimesRecord+since%3A2016-11-25+until%3A2016-11-26+filter%3Alinks+-%40TimesRecord",
        "completed_in": 0.022,
        "max_id_str": "802269850655559680",
        "max_id": 802269850655559680
    },
    "statuses": [
        {
            "favorited": false,
            "truncated": false,
            "entities": {
                "user_mentions": [],
                "media": [
                    {
                        "sizes": {
                            "large": {
                                "h": 375,
                                "resize": "fit",
                                "w": 512
                            },
                            "thumb": {
                                "h": 150,
                                "resize": "crop",
                                "w": 150
                            },
                            "medium": {
                                "h": 375,
                                "resize": "fit",
                                "w": 512
                            },
                            "small": {
                                "h": 375,
                                "resize": "fit",
                                "w": 512
                            }
                        },
                        "id": 802269847946166272,
                        "id_str": "802269847946166272",
                        "url": "https://t.co/O2Q8XL8nJC",
                        "expanded_url": "https://twitter.com/TimesRecord/status/802269850655559680/photo/1",
                        "type": "photo",
                        "media_url_https": "https://pbs.twimg.com/media/CyI8LRTWgAAmLME.jpg",
                        "indices": [
                            93,
                            116
                        ],
                        "media_url": "http://pbs.twimg.com/media/CyI8LRTWgAAmLME.jpg",
                        "display_url": "pic.twitter.com/O2Q8XL8nJC"
                    }
                ],
                "urls": [
                    {
                        "display_url": "ow.ly/hMfR306wZO9",
                        "indices": [
                            69,
                            92
                        ],
                        "expanded_url": "http://ow.ly/hMfR306wZO9",
                        "url": "https://t.co/WutZMVAYFp"
                    }
                ],
                "hashtags": [],
                "symbols": []
            },
            "retweeted": false,
            "in_reply_to_status_id": null,
            "place": null,
            "contributors": null,
            "in_reply_to_user_id_str": null,
            "source": "<a href=\"http://www.hootsuite.com\" rel=\"nofollow\">Hootsuite</a>",
            "is_quote_status": false,
            "geo": null,
            "id_str": "802269850655559680",
            "lang": "en",
            "metadata": {
                "iso_language_code": "en",
                "result_type": "recent"
            },
            "id": 802269850655559680,
            "favorite_count": 0,
            "in_reply_to_user_id": null,
            "in_reply_to_screen_name": null,
            "in_reply_to_status_id_str": null,
            "text": "North Dakota oil pipeline: Trump's stock in company raises concern   https://t.co/WutZMVAYFp https://t.co/O2Q8XL8nJC",
            "possibly_sensitive": false,
            "retweet_count": 1,
            "extended_entities": {
                "media": [
                    {
                        "sizes": {
                            "large": {
                                "h": 375,
                                "resize": "fit",
                                "w": 512
                            },
                            "thumb": {
                                "h": 150,
                                "resize": "crop",
                                "w": 150
                            },
                            "medium": {
                                "h": 375,
                                "resize": "fit",
                                "w": 512
                            },
                            "small": {
                                "h": 375,
                                "resize": "fit",
                                "w": 512
                            }
                        },
                        "id": 802269847946166272,
                        "id_str": "802269847946166272",
                        "url": "https://t.co/O2Q8XL8nJC",
                        "expanded_url": "https://twitter.com/TimesRecord/status/802269850655559680/photo/1",
                        "type": "photo",
                        "media_url_https": "https://pbs.twimg.com/media/CyI8LRTWgAAmLME.jpg",
                        "indices": [
                            93,
                            116
                        ],
                        "media_url": "http://pbs.twimg.com/media/CyI8LRTWgAAmLME.jpg",
                        "display_url": "pic.twitter.com/O2Q8XL8nJC"
                    }
                ]
            },
            "user": {
                "profile_background_color": "FAFFFE",
                "description": "The local news source for Fort Smith, western Arkansas and eastern Oklahoma since 1884.",
                "listed_count": 265,
                "has_extended_profile": false,
                "notifications": false,
                "followers_count": 9974,
                "entities": {
                    "description": {
                        "urls": []
                    },
                    "url": {
                        "urls": [
                            {
                                "display_url": "swtimes.com",
                                "indices": [
                                    0,
                                    22
                                ],
                                "expanded_url": "http://www.swtimes.com",
                                "url": "http://t.co/muKqFxtYqb"
                            }
                        ]
                    }
                },
                "profile_image_url": "http://pbs.twimg.com/profile_images/2227117596/TRTwitter180x180_normal.jpg",
                "geo_enabled": true,
                "follow_request_sent": false,
                "utc_offset": -21600,
                "profile_sidebar_fill_color": "DDFFCC",
                "id": 24790910,
                "profile_sidebar_border_color": "BDDCAD",
                "url": "http://t.co/muKqFxtYqb",
                "profile_text_color": "333333",
                "screen_name": "TimesRecord",
                "statuses_count": 73520,
                "name": "Times Record",
                "profile_background_image_url_https": "https://pbs.twimg.com/profile_background_images/58593191/TR-Building.png",
                "profile_background_tile": false,
                "default_profile": false,
                "is_translator": false,
                "id_str": "24790910",
                "lang": "en",
                "translator_type": "none",
                "time_zone": "Central Time (US & Canada)",
                "location": "Fort Smith, Arkansas",
                "favourites_count": 738,
                "default_profile_image": false,
                "following": false,
                "profile_use_background_image": true,
                "profile_banner_url": "https://pbs.twimg.com/profile_banners/24790910/1423247919",
                "verified": false,
                "protected": false,
                "contributors_enabled": false,
                "profile_image_url_https": "https://pbs.twimg.com/profile_images/2227117596/TRTwitter180x180_normal.jpg",
                "profile_link_color": "DD2E44",
                "is_translation_enabled": false,
                "friends_count": 669,
                "profile_background_image_url": "http://pbs.twimg.com/profile_background_images/58593191/TR-Building.png",
                "created_at": "Mon Mar 16 23:05:48 +0000 2009"
            },
            "coordinates": null,
            "created_at": "Fri Nov 25 21:56:52 +0000 2016"
        }
    ]
}