{
    "search_metadata": {
        "query": "Trump+from%3Achicagotribune+since%3A2016-11-26+until%3A2016-11-27+filter%3Alinks+-%40chicagotribune",
        "since_id_str": "0",
        "max_id_str": "802654330725625856",
        "since_id": 0,
        "max_id": 802654330725625856,
        "completed_in": 0.034,
        "count": 100,
        "refresh_url": "?since_id=802654330725625856&q=Trump%20from%3Achicagotribune%20since%3A2016-11-26%20until%3A2016-11-27%20filter%3Alinks%20-%40chicagotribune&include_entities=1"
    },
    "statuses": [
        {
            "favorited": false,
            "coordinates": null,
            "in_reply_to_screen_name": null,
            "id_str": "802654330725625856",
            "lang": "en",
            "place": null,
            "metadata": {
                "iso_language_code": "en",
                "result_type": "recent"
            },
            "created_at": "Sat Nov 26 23:24:39 +0000 2016",
            "text": "Column: In America's tradition of political pendulum swings, rise of alt-right or something like it was predictable\u2026 https://t.co/P0DMe5xz2g",
            "truncated": true,
            "source": "<a href=\"https://about.twitter.com/products/tweetdeck\" rel=\"nofollow\">TweetDeck</a>",
            "user": {
                "profile_sidebar_fill_color": "E8F3F7",
                "description": "Chicago Tribune news, features and so much more live from our newsroom. A part of your life since 1847.",
                "profile_banner_url": "https://pbs.twimg.com/profile_banners/7313362/1479647725",
                "is_translator": false,
                "favourites_count": 300,
                "id_str": "7313362",
                "lang": "en",
                "profile_link_color": "336699",
                "name": "Chicago Tribune",
                "has_extended_profile": false,
                "profile_background_image_url_https": "https://pbs.twimg.com/profile_background_images/585532601131110400/8tDplQzV.jpg",
                "statuses_count": 112842,
                "created_at": "Sat Jul 07 14:10:07 +0000 2007",
                "screen_name": "chicagotribune",
                "notifications": false,
                "listed_count": 10268,
                "profile_background_color": "E1E1E1",
                "profile_text_color": "414141",
                "profile_background_image_url": "http://pbs.twimg.com/profile_background_images/585532601131110400/8tDplQzV.jpg",
                "geo_enabled": false,
                "default_profile": false,
                "is_translation_enabled": false,
                "id": 7313362,
                "verified": true,
                "follow_request_sent": false,
                "profile_use_background_image": false,
                "utc_offset": -21600,
                "location": "Chicago, IL",
                "protected": false,
                "following": true,
                "translator_type": "regular",
                "entities": {
                    "description": {
                        "urls": []
                    },
                    "url": {
                        "urls": [
                            {
                                "url": "https://t.co/gaVbUBEf0t",
                                "expanded_url": "http://chicagotribune.com",
                                "display_url": "chicagotribune.com",
                                "indices": [
                                    0,
                                    23
                                ]
                            }
                        ]
                    }
                },
                "profile_image_url": "http://pbs.twimg.com/profile_images/497063779952099328/kwXnsWCE_normal.jpeg",
                "profile_background_tile": false,
                "profile_image_url_https": "https://pbs.twimg.com/profile_images/497063779952099328/kwXnsWCE_normal.jpeg",
                "default_profile_image": false,
                "time_zone": "Central Time (US & Canada)",
                "friends_count": 751,
                "url": "https://t.co/gaVbUBEf0t",
                "profile_sidebar_border_color": "FFFFFF",
                "contributors_enabled": false,
                "followers_count": 742327
            },
            "in_reply_to_status_id_str": null,
            "id": 802654330725625856,
            "possibly_sensitive": false,
            "in_reply_to_status_id": null,
            "geo": null,
            "in_reply_to_user_id": null,
            "favorite_count": 13,
            "entities": {
                "hashtags": [],
                "symbols": [],
                "urls": [
                    {
                        "url": "https://t.co/P0DMe5xz2g",
                        "expanded_url": "https://twitter.com/i/web/status/802654330725625856",
                        "display_url": "twitter.com/i/web/status/8\u2026",
                        "indices": [
                            117,
                            140
                        ]
                    }
                ],
                "user_mentions": []
            },
            "in_reply_to_user_id_str": null,
            "retweeted": false,
            "is_quote_status": false,
            "contributors": null,
            "retweet_count": 7
        },
        {
            "favorited": false,
            "coordinates": null,
            "in_reply_to_screen_name": null,
            "id_str": "802640273926811648",
            "lang": "en",
            "place": null,
            "favorite_count": 83,
            "extended_entities": {
                "media": [
                    {
                        "id": 802636877169913856,
                        "url": "https://t.co/KB9TBpkGdA",
                        "indices": [
                            93,
                            116
                        ],
                        "display_url": "pic.twitter.com/KB9TBpkGdA",
                        "id_str": "802636877169913856",
                        "sizes": {
                            "large": {
                                "w": 650,
                                "resize": "fit",
                                "h": 366
                            },
                            "medium": {
                                "w": 650,
                                "resize": "fit",
                                "h": 366
                            },
                            "small": {
                                "w": 650,
                                "resize": "fit",
                                "h": 366
                            },
                            "thumb": {
                                "w": 150,
                                "resize": "crop",
                                "h": 150
                            }
                        },
                        "media_url_https": "https://pbs.twimg.com/media/CyOJ_LtXcAAy4xW.jpg",
                        "media_url": "http://pbs.twimg.com/media/CyOJ_LtXcAAy4xW.jpg",
                        "type": "photo",
                        "expanded_url": "https://twitter.com/chicagotribune/status/802640273926811648/photo/1"
                    }
                ]
            },
            "text": "Commentary: When will white working-class Trump voters see the scam? https://t.co/DcaTyEs3fe https://t.co/KB9TBpkGdA",
            "truncated": false,
            "source": "<a href=\"https://about.twitter.com/products/tweetdeck\" rel=\"nofollow\">TweetDeck</a>",
            "user": {
                "profile_sidebar_fill_color": "E8F3F7",
                "description": "Chicago Tribune news, features and so much more live from our newsroom. A part of your life since 1847.",
                "profile_banner_url": "https://pbs.twimg.com/profile_banners/7313362/1479647725",
                "is_translator": false,
                "favourites_count": 300,
                "id_str": "7313362",
                "lang": "en",
                "profile_link_color": "336699",
                "name": "Chicago Tribune",
                "has_extended_profile": false,
                "profile_background_image_url_https": "https://pbs.twimg.com/profile_background_images/585532601131110400/8tDplQzV.jpg",
                "statuses_count": 112842,
                "created_at": "Sat Jul 07 14:10:07 +0000 2007",
                "screen_name": "chicagotribune",
                "notifications": false,
                "listed_count": 10268,
                "profile_background_color": "E1E1E1",
                "profile_text_color": "414141",
                "profile_background_image_url": "http://pbs.twimg.com/profile_background_images/585532601131110400/8tDplQzV.jpg",
                "geo_enabled": false,
                "default_profile": false,
                "is_translation_enabled": false,
                "id": 7313362,
                "verified": true,
                "follow_request_sent": false,
                "profile_use_background_image": false,
                "utc_offset": -21600,
                "location": "Chicago, IL",
                "protected": false,
                "following": true,
                "translator_type": "regular",
                "entities": {
                    "description": {
                        "urls": []
                    },
                    "url": {
                        "urls": [
                            {
                                "url": "https://t.co/gaVbUBEf0t",
                                "expanded_url": "http://chicagotribune.com",
                                "display_url": "chicagotribune.com",
                                "indices": [
                                    0,
                                    23
                                ]
                            }
                        ]
                    }
                },
                "profile_image_url": "http://pbs.twimg.com/profile_images/497063779952099328/kwXnsWCE_normal.jpeg",
                "profile_background_tile": false,
                "profile_image_url_https": "https://pbs.twimg.com/profile_images/497063779952099328/kwXnsWCE_normal.jpeg",
                "default_profile_image": false,
                "time_zone": "Central Time (US & Canada)",
                "friends_count": 751,
                "url": "https://t.co/gaVbUBEf0t",
                "profile_sidebar_border_color": "FFFFFF",
                "contributors_enabled": false,
                "followers_count": 742327
            },
            "in_reply_to_status_id_str": null,
            "id": 802640273926811648,
            "possibly_sensitive": false,
            "in_reply_to_status_id": null,
            "geo": null,
            "retweeted": false,
            "in_reply_to_user_id": null,
            "metadata": {
                "iso_language_code": "en",
                "result_type": "recent"
            },
            "entities": {
                "hashtags": [],
                "media": [
                    {
                        "id": 802636877169913856,
                        "url": "https://t.co/KB9TBpkGdA",
                        "indices": [
                            93,
                            116
                        ],
                        "display_url": "pic.twitter.com/KB9TBpkGdA",
                        "id_str": "802636877169913856",
                        "sizes": {
                            "large": {
                                "w": 650,
                                "resize": "fit",
                                "h": 366
                            },
                            "medium": {
                                "w": 650,
                                "resize": "fit",
                                "h": 366
                            },
                            "small": {
                                "w": 650,
                                "resize": "fit",
                                "h": 366
                            },
                            "thumb": {
                                "w": 150,
                                "resize": "crop",
                                "h": 150
                            }
                        },
                        "media_url_https": "https://pbs.twimg.com/media/CyOJ_LtXcAAy4xW.jpg",
                        "media_url": "http://pbs.twimg.com/media/CyOJ_LtXcAAy4xW.jpg",
                        "type": "photo",
                        "expanded_url": "https://twitter.com/chicagotribune/status/802640273926811648/photo/1"
                    }
                ],
                "symbols": [],
                "urls": [
                    {
                        "url": "https://t.co/DcaTyEs3fe",
                        "expanded_url": "http://trib.in/2flQhEG",
                        "display_url": "trib.in/2flQhEG",
                        "indices": [
                            69,
                            92
                        ]
                    }
                ],
                "user_mentions": []
            },
            "in_reply_to_user_id_str": null,
            "created_at": "Sat Nov 26 22:28:48 +0000 2016",
            "is_quote_status": false,
            "contributors": null,
            "retweet_count": 48
        },
        {
            "favorited": false,
            "coordinates": null,
            "in_reply_to_screen_name": null,
            "id_str": "802628441262661632",
            "lang": "en",
            "place": null,
            "metadata": {
                "iso_language_code": "en",
                "result_type": "recent"
            },
            "created_at": "Sat Nov 26 21:41:47 +0000 2016",
            "text": "Donald Trump condemns recount push as \"a scam\": \"The people have spoken and the election is over\"\u2026 https://t.co/KFzPX9mQgo",
            "truncated": true,
            "source": "<a href=\"https://about.twitter.com/products/tweetdeck\" rel=\"nofollow\">TweetDeck</a>",
            "user": {
                "profile_sidebar_fill_color": "E8F3F7",
                "description": "Chicago Tribune news, features and so much more live from our newsroom. A part of your life since 1847.",
                "profile_banner_url": "https://pbs.twimg.com/profile_banners/7313362/1479647725",
                "is_translator": false,
                "favourites_count": 300,
                "id_str": "7313362",
                "lang": "en",
                "profile_link_color": "336699",
                "name": "Chicago Tribune",
                "has_extended_profile": false,
                "profile_background_image_url_https": "https://pbs.twimg.com/profile_background_images/585532601131110400/8tDplQzV.jpg",
                "statuses_count": 112842,
                "created_at": "Sat Jul 07 14:10:07 +0000 2007",
                "screen_name": "chicagotribune",
                "notifications": false,
                "listed_count": 10268,
                "profile_background_color": "E1E1E1",
                "profile_text_color": "414141",
                "profile_background_image_url": "http://pbs.twimg.com/profile_background_images/585532601131110400/8tDplQzV.jpg",
                "geo_enabled": false,
                "default_profile": false,
                "is_translation_enabled": false,
                "id": 7313362,
                "verified": true,
                "follow_request_sent": false,
                "profile_use_background_image": false,
                "utc_offset": -21600,
                "location": "Chicago, IL",
                "protected": false,
                "following": true,
                "translator_type": "regular",
                "entities": {
                    "description": {
                        "urls": []
                    },
                    "url": {
                        "urls": [
                            {
                                "url": "https://t.co/gaVbUBEf0t",
                                "expanded_url": "http://chicagotribune.com",
                                "display_url": "chicagotribune.com",
                                "indices": [
                                    0,
                                    23
                                ]
                            }
                        ]
                    }
                },
                "profile_image_url": "http://pbs.twimg.com/profile_images/497063779952099328/kwXnsWCE_normal.jpeg",
                "profile_background_tile": false,
                "profile_image_url_https": "https://pbs.twimg.com/profile_images/497063779952099328/kwXnsWCE_normal.jpeg",
                "default_profile_image": false,
                "time_zone": "Central Time (US & Canada)",
                "friends_count": 751,
                "url": "https://t.co/gaVbUBEf0t",
                "profile_sidebar_border_color": "FFFFFF",
                "contributors_enabled": false,
                "followers_count": 742327
            },
            "in_reply_to_status_id_str": null,
            "id": 802628441262661632,
            "possibly_sensitive": false,
            "in_reply_to_status_id": null,
            "geo": null,
            "in_reply_to_user_id": null,
            "favorite_count": 46,
            "entities": {
                "hashtags": [],
                "symbols": [],
                "urls": [
                    {
                        "url": "https://t.co/KFzPX9mQgo",
                        "expanded_url": "https://twitter.com/i/web/status/802628441262661632",
                        "display_url": "twitter.com/i/web/status/8\u2026",
                        "indices": [
                            99,
                            122
                        ]
                    }
                ],
                "user_mentions": []
            },
            "in_reply_to_user_id_str": null,
            "retweeted": false,
            "is_quote_status": false,
            "contributors": null,
            "retweet_count": 15
        },
        {
            "favorited": false,
            "coordinates": null,
            "in_reply_to_screen_name": null,
            "id_str": "802568971459432448",
            "lang": "en",
            "place": null,
            "favorite_count": 17,
            "extended_entities": {
                "media": [
                    {
                        "id": 802567614513999872,
                        "url": "https://t.co/yRBA5UYrup",
                        "indices": [
                            114,
                            137
                        ],
                        "display_url": "pic.twitter.com/yRBA5UYrup",
                        "id_str": "802567614513999872",
                        "sizes": {
                            "large": {
                                "w": 750,
                                "resize": "fit",
                                "h": 422
                            },
                            "medium": {
                                "w": 750,
                                "resize": "fit",
                                "h": 422
                            },
                            "small": {
                                "w": 680,
                                "resize": "fit",
                                "h": 383
                            },
                            "thumb": {
                                "w": 150,
                                "resize": "crop",
                                "h": 150
                            }
                        },
                        "media_url_https": "https://pbs.twimg.com/media/CyNK_kNW8AAaM2D.jpg",
                        "media_url": "http://pbs.twimg.com/media/CyNK_kNW8AAaM2D.jpg",
                        "type": "photo",
                        "expanded_url": "https://twitter.com/chicagotribune/status/802568971459432448/photo/1"
                    }
                ]
            },
            "text": "Reddit's CEO says he regrets secretly editing posts by Trump supporters that insulted him https://t.co/4Aa1F5yN6h https://t.co/yRBA5UYrup",
            "truncated": false,
            "source": "<a href=\"https://about.twitter.com/products/tweetdeck\" rel=\"nofollow\">TweetDeck</a>",
            "user": {
                "profile_sidebar_fill_color": "E8F3F7",
                "description": "Chicago Tribune news, features and so much more live from our newsroom. A part of your life since 1847.",
                "profile_banner_url": "https://pbs.twimg.com/profile_banners/7313362/1479647725",
                "is_translator": false,
                "favourites_count": 300,
                "id_str": "7313362",
                "lang": "en",
                "profile_link_color": "336699",
                "name": "Chicago Tribune",
                "has_extended_profile": false,
                "profile_background_image_url_https": "https://pbs.twimg.com/profile_background_images/585532601131110400/8tDplQzV.jpg",
                "statuses_count": 112842,
                "created_at": "Sat Jul 07 14:10:07 +0000 2007",
                "screen_name": "chicagotribune",
                "notifications": false,
                "listed_count": 10268,
                "profile_background_color": "E1E1E1",
                "profile_text_color": "414141",
                "profile_background_image_url": "http://pbs.twimg.com/profile_background_images/585532601131110400/8tDplQzV.jpg",
                "geo_enabled": false,
                "default_profile": false,
                "is_translation_enabled": false,
                "id": 7313362,
                "verified": true,
                "follow_request_sent": false,
                "profile_use_background_image": false,
                "utc_offset": -21600,
                "location": "Chicago, IL",
                "protected": false,
                "following": true,
                "translator_type": "regular",
                "entities": {
                    "description": {
                        "urls": []
                    },
                    "url": {
                        "urls": [
                            {
                                "url": "https://t.co/gaVbUBEf0t",
                                "expanded_url": "http://chicagotribune.com",
                                "display_url": "chicagotribune.com",
                                "indices": [
                                    0,
                                    23
                                ]
                            }
                        ]
                    }
                },
                "profile_image_url": "http://pbs.twimg.com/profile_images/497063779952099328/kwXnsWCE_normal.jpeg",
                "profile_background_tile": false,
                "profile_image_url_https": "https://pbs.twimg.com/profile_images/497063779952099328/kwXnsWCE_normal.jpeg",
                "default_profile_image": false,
                "time_zone": "Central Time (US & Canada)",
                "friends_count": 751,
                "url": "https://t.co/gaVbUBEf0t",
                "profile_sidebar_border_color": "FFFFFF",
                "contributors_enabled": false,
                "followers_count": 742327
            },
            "in_reply_to_status_id_str": null,
            "id": 802568971459432448,
            "possibly_sensitive": false,
            "in_reply_to_status_id": null,
            "geo": null,
            "retweeted": false,
            "in_reply_to_user_id": null,
            "metadata": {
                "iso_language_code": "en",
                "result_type": "recent"
            },
            "entities": {
                "hashtags": [],
                "media": [
                    {
                        "id": 802567614513999872,
                        "url": "https://t.co/yRBA5UYrup",
                        "indices": [
                            114,
                            137
                        ],
                        "display_url": "pic.twitter.com/yRBA5UYrup",
                        "id_str": "802567614513999872",
                        "sizes": {
                            "large": {
                                "w": 750,
                                "resize": "fit",
                                "h": 422
                            },
                            "medium": {
                                "w": 750,
                                "resize": "fit",
                                "h": 422
                            },
                            "small": {
                                "w": 680,
                                "resize": "fit",
                                "h": 383
                            },
                            "thumb": {
                                "w": 150,
                                "resize": "crop",
                                "h": 150
                            }
                        },
                        "media_url_https": "https://pbs.twimg.com/media/CyNK_kNW8AAaM2D.jpg",
                        "media_url": "http://pbs.twimg.com/media/CyNK_kNW8AAaM2D.jpg",
                        "type": "photo",
                        "expanded_url": "https://twitter.com/chicagotribune/status/802568971459432448/photo/1"
                    }
                ],
                "symbols": [],
                "urls": [
                    {
                        "url": "https://t.co/4Aa1F5yN6h",
                        "expanded_url": "http://trib.in/2gsKAo9",
                        "display_url": "trib.in/2gsKAo9",
                        "indices": [
                            90,
                            113
                        ]
                    }
                ],
                "user_mentions": []
            },
            "in_reply_to_user_id_str": null,
            "created_at": "Sat Nov 26 17:45:28 +0000 2016",
            "is_quote_status": false,
            "contributors": null,
            "retweet_count": 16
        },
        {
            "favorited": false,
            "coordinates": null,
            "in_reply_to_screen_name": null,
            "id_str": "802558027739996160",
            "lang": "en",
            "place": null,
            "metadata": {
                "iso_language_code": "en",
                "result_type": "recent"
            },
            "created_at": "Sat Nov 26 17:01:59 +0000 2016",
            "text": "World leaders react to death of old U.S. nemesis Fidel Castro. Trump: \u201cFiring squads, theft, unimaginable suffering\u201d https://t.co/kA7ZNXqQ0M",
            "truncated": false,
            "source": "<a href=\"https://about.twitter.com/products/tweetdeck\" rel=\"nofollow\">TweetDeck</a>",
            "user": {
                "profile_sidebar_fill_color": "E8F3F7",
                "description": "Chicago Tribune news, features and so much more live from our newsroom. A part of your life since 1847.",
                "profile_banner_url": "https://pbs.twimg.com/profile_banners/7313362/1479647725",
                "is_translator": false,
                "favourites_count": 300,
                "id_str": "7313362",
                "lang": "en",
                "profile_link_color": "336699",
                "name": "Chicago Tribune",
                "has_extended_profile": false,
                "profile_background_image_url_https": "https://pbs.twimg.com/profile_background_images/585532601131110400/8tDplQzV.jpg",
                "statuses_count": 112842,
                "created_at": "Sat Jul 07 14:10:07 +0000 2007",
                "screen_name": "chicagotribune",
                "notifications": false,
                "listed_count": 10268,
                "profile_background_color": "E1E1E1",
                "profile_text_color": "414141",
                "profile_background_image_url": "http://pbs.twimg.com/profile_background_images/585532601131110400/8tDplQzV.jpg",
                "geo_enabled": false,
                "default_profile": false,
                "is_translation_enabled": false,
                "id": 7313362,
                "verified": true,
                "follow_request_sent": false,
                "profile_use_background_image": false,
                "utc_offset": -21600,
                "location": "Chicago, IL",
                "protected": false,
                "following": true,
                "translator_type": "regular",
                "entities": {
                    "description": {
                        "urls": []
                    },
                    "url": {
                        "urls": [
                            {
                                "url": "https://t.co/gaVbUBEf0t",
                                "expanded_url": "http://chicagotribune.com",
                                "display_url": "chicagotribune.com",
                                "indices": [
                                    0,
                                    23
                                ]
                            }
                        ]
                    }
                },
                "profile_image_url": "http://pbs.twimg.com/profile_images/497063779952099328/kwXnsWCE_normal.jpeg",
                "profile_background_tile": false,
                "profile_image_url_https": "https://pbs.twimg.com/profile_images/497063779952099328/kwXnsWCE_normal.jpeg",
                "default_profile_image": false,
                "time_zone": "Central Time (US & Canada)",
                "friends_count": 751,
                "url": "https://t.co/gaVbUBEf0t",
                "profile_sidebar_border_color": "FFFFFF",
                "contributors_enabled": false,
                "followers_count": 742327
            },
            "in_reply_to_status_id_str": null,
            "id": 802558027739996160,
            "possibly_sensitive": false,
            "in_reply_to_status_id": null,
            "geo": null,
            "in_reply_to_user_id": null,
            "favorite_count": 7,
            "entities": {
                "hashtags": [],
                "symbols": [],
                "urls": [
                    {
                        "url": "https://t.co/kA7ZNXqQ0M",
                        "expanded_url": "http://trib.in/2gsH8Kb",
                        "display_url": "trib.in/2gsH8Kb",
                        "indices": [
                            117,
                            140
                        ]
                    }
                ],
                "user_mentions": []
            },
            "in_reply_to_user_id_str": null,
            "retweeted": false,
            "is_quote_status": false,
            "contributors": null,
            "retweet_count": 7
        },
        {
            "favorited": false,
            "coordinates": null,
            "in_reply_to_screen_name": null,
            "id_str": "802386047011274752",
            "lang": "en",
            "place": null,
            "favorite_count": 5,
            "extended_entities": {
                "media": [
                    {
                        "id": 802386024714354688,
                        "url": "https://t.co/RKhtrTvXYj",
                        "indices": [
                            73,
                            96
                        ],
                        "display_url": "pic.twitter.com/RKhtrTvXYj",
                        "id_str": "802386024714354688",
                        "sizes": {
                            "large": {
                                "w": 750,
                                "resize": "fit",
                                "h": 422
                            },
                            "medium": {
                                "w": 750,
                                "resize": "fit",
                                "h": 422
                            },
                            "small": {
                                "w": 680,
                                "resize": "fit",
                                "h": 383
                            },
                            "thumb": {
                                "w": 150,
                                "resize": "crop",
                                "h": 150
                            }
                        },
                        "media_url_https": "https://pbs.twimg.com/media/CyKl1pfWQAAvOAI.jpg",
                        "media_url": "http://pbs.twimg.com/media/CyKl1pfWQAAvOAI.jpg",
                        "type": "photo",
                        "expanded_url": "https://twitter.com/chicagotribune/status/802386047011274752/photo/1"
                    }
                ]
            },
            "text": "A brand boost? Trump's rise may jolt his empire. https://t.co/MXqnBUwQkV https://t.co/RKhtrTvXYj",
            "truncated": false,
            "source": "<a href=\"https://about.twitter.com/products/tweetdeck\" rel=\"nofollow\">TweetDeck</a>",
            "user": {
                "profile_sidebar_fill_color": "E8F3F7",
                "description": "Chicago Tribune news, features and so much more live from our newsroom. A part of your life since 1847.",
                "profile_banner_url": "https://pbs.twimg.com/profile_banners/7313362/1479647725",
                "is_translator": false,
                "favourites_count": 300,
                "id_str": "7313362",
                "lang": "en",
                "profile_link_color": "336699",
                "name": "Chicago Tribune",
                "has_extended_profile": false,
                "profile_background_image_url_https": "https://pbs.twimg.com/profile_background_images/585532601131110400/8tDplQzV.jpg",
                "statuses_count": 112842,
                "created_at": "Sat Jul 07 14:10:07 +0000 2007",
                "screen_name": "chicagotribune",
                "notifications": false,
                "listed_count": 10268,
                "profile_background_color": "E1E1E1",
                "profile_text_color": "414141",
                "profile_background_image_url": "http://pbs.twimg.com/profile_background_images/585532601131110400/8tDplQzV.jpg",
                "geo_enabled": false,
                "default_profile": false,
                "is_translation_enabled": false,
                "id": 7313362,
                "verified": true,
                "follow_request_sent": false,
                "profile_use_background_image": false,
                "utc_offset": -21600,
                "location": "Chicago, IL",
                "protected": false,
                "following": true,
                "translator_type": "regular",
                "entities": {
                    "description": {
                        "urls": []
                    },
                    "url": {
                        "urls": [
                            {
                                "url": "https://t.co/gaVbUBEf0t",
                                "expanded_url": "http://chicagotribune.com",
                                "display_url": "chicagotribune.com",
                                "indices": [
                                    0,
                                    23
                                ]
                            }
                        ]
                    }
                },
                "profile_image_url": "http://pbs.twimg.com/profile_images/497063779952099328/kwXnsWCE_normal.jpeg",
                "profile_background_tile": false,
                "profile_image_url_https": "https://pbs.twimg.com/profile_images/497063779952099328/kwXnsWCE_normal.jpeg",
                "default_profile_image": false,
                "time_zone": "Central Time (US & Canada)",
                "friends_count": 751,
                "url": "https://t.co/gaVbUBEf0t",
                "profile_sidebar_border_color": "FFFFFF",
                "contributors_enabled": false,
                "followers_count": 742327
            },
            "in_reply_to_status_id_str": null,
            "id": 802386047011274752,
            "possibly_sensitive": false,
            "in_reply_to_status_id": null,
            "geo": null,
            "retweeted": false,
            "in_reply_to_user_id": null,
            "metadata": {
                "iso_language_code": "en",
                "result_type": "recent"
            },
            "entities": {
                "hashtags": [],
                "media": [
                    {
                        "id": 802386024714354688,
                        "url": "https://t.co/RKhtrTvXYj",
                        "indices": [
                            73,
                            96
                        ],
                        "display_url": "pic.twitter.com/RKhtrTvXYj",
                        "id_str": "802386024714354688",
                        "sizes": {
                            "large": {
                                "w": 750,
                                "resize": "fit",
                                "h": 422
                            },
                            "medium": {
                                "w": 750,
                                "resize": "fit",
                                "h": 422
                            },
                            "small": {
                                "w": 680,
                                "resize": "fit",
                                "h": 383
                            },
                            "thumb": {
                                "w": 150,
                                "resize": "crop",
                                "h": 150
                            }
                        },
                        "media_url_https": "https://pbs.twimg.com/media/CyKl1pfWQAAvOAI.jpg",
                        "media_url": "http://pbs.twimg.com/media/CyKl1pfWQAAvOAI.jpg",
                        "type": "photo",
                        "expanded_url": "https://twitter.com/chicagotribune/status/802386047011274752/photo/1"
                    }
                ],
                "symbols": [],
                "urls": [
                    {
                        "url": "https://t.co/MXqnBUwQkV",
                        "expanded_url": "http://trib.in/2fiVAVq",
                        "display_url": "trib.in/2fiVAVq",
                        "indices": [
                            49,
                            72
                        ]
                    }
                ],
                "user_mentions": []
            },
            "in_reply_to_user_id_str": null,
            "created_at": "Sat Nov 26 05:38:35 +0000 2016",
            "is_quote_status": false,
            "contributors": null,
            "retweet_count": 6
        }
    ]
}