{
    "search_metadata": {
        "query": "Trump+from%3ADoverpost+since%3A2016-11-26+until%3A2016-11-27+filter%3Alinks+-%40Doverpost",
        "since_id_str": "0",
        "max_id_str": "803059814129659904",
        "since_id": 0,
        "max_id": 803059814129659904,
        "completed_in": 0.013,
        "count": 100,
        "refresh_url": "?since_id=803059814129659904&q=Trump%20from%3ADoverpost%20since%3A2016-11-26%20until%3A2016-11-27%20filter%3Alinks%20-%40Doverpost&include_entities=1"
    },
    "statuses": []
}