{
    "search_metadata": {
        "query": "Trump+from%3Aheraldleader+since%3A2016-11-26+until%3A2016-11-27+filter%3Alinks+-%40heraldleader",
        "since_id_str": "0",
        "max_id_str": "803059830197993473",
        "since_id": 0,
        "max_id": 803059830197993473,
        "completed_in": 0.032,
        "count": 100,
        "refresh_url": "?since_id=803059830197993473&q=Trump%20from%3Aheraldleader%20since%3A2016-11-26%20until%3A2016-11-27%20filter%3Alinks%20-%40heraldleader&include_entities=1"
    },
    "statuses": []
}