{
    "search_metadata": {
        "query": "Trump+from%3AIdahoStatesman+since%3A2016-11-26+until%3A2016-11-27+filter%3Alinks+-%40IdahoStatesman",
        "since_id_str": "0",
        "max_id_str": "802607861624762368",
        "since_id": 0,
        "max_id": 802607861624762368,
        "completed_in": 0.022,
        "count": 100,
        "refresh_url": "?since_id=802607861624762368&q=Trump%20from%3AIdahoStatesman%20since%3A2016-11-26%20until%3A2016-11-27%20filter%3Alinks%20-%40IdahoStatesman&include_entities=1"
    },
    "statuses": [
        {
            "favorited": false,
            "coordinates": null,
            "in_reply_to_screen_name": null,
            "id_str": "802607861624762368",
            "lang": "en",
            "place": null,
            "favorite_count": 2,
            "extended_entities": {
                "media": [
                    {
                        "id": 802586070441336832,
                        "url": "https://t.co/kGiXMnyFcR",
                        "indices": [
                            109,
                            132
                        ],
                        "display_url": "pic.twitter.com/kGiXMnyFcR",
                        "id_str": "802586070441336832",
                        "sizes": {
                            "large": {
                                "w": 960,
                                "resize": "fit",
                                "h": 640
                            },
                            "medium": {
                                "w": 960,
                                "resize": "fit",
                                "h": 640
                            },
                            "small": {
                                "w": 680,
                                "resize": "fit",
                                "h": 453
                            },
                            "thumb": {
                                "w": 150,
                                "resize": "crop",
                                "h": 150
                            }
                        },
                        "media_url_https": "https://pbs.twimg.com/media/CyNbx15VIAALAwy.jpg",
                        "media_url": "http://pbs.twimg.com/media/CyNbx15VIAALAwy.jpg",
                        "type": "photo",
                        "expanded_url": "https://twitter.com/IdahoStatesman/status/802607861624762368/photo/1"
                    }
                ]
            },
            "text": "Reddit CEO says he changed Trump supporters\u2019 posts to \u2018give the bullies a hard time\u2019\nhttps://t.co/pXKXXP3rDt https://t.co/kGiXMnyFcR",
            "truncated": false,
            "source": "<a href=\"https://about.twitter.com/products/tweetdeck\" rel=\"nofollow\">TweetDeck</a>",
            "user": {
                "profile_sidebar_fill_color": "D2D9DF",
                "description": "The Idaho Statesman newspaper is your #1 source for news, sports, outdoors, business, traffic, & more for Boise, Meridian, Eagle, Nampa, Idaho.",
                "profile_banner_url": "https://pbs.twimg.com/profile_banners/8980312/1360787921",
                "is_translator": false,
                "favourites_count": 835,
                "id_str": "8980312",
                "lang": "en",
                "profile_link_color": "537687",
                "name": "Idaho Statesman",
                "has_extended_profile": false,
                "profile_background_image_url_https": "https://pbs.twimg.com/profile_background_images/378800000085631847/7f0fc665468aa18cb5f8a9e188dc3234.jpeg",
                "statuses_count": 70486,
                "created_at": "Wed Sep 19 18:56:13 +0000 2007",
                "screen_name": "IdahoStatesman",
                "notifications": false,
                "listed_count": 965,
                "profile_background_color": "344A7D",
                "profile_text_color": "000000",
                "profile_background_image_url": "http://pbs.twimg.com/profile_background_images/378800000085631847/7f0fc665468aa18cb5f8a9e188dc3234.jpeg",
                "geo_enabled": false,
                "default_profile": false,
                "is_translation_enabled": false,
                "id": 8980312,
                "verified": true,
                "follow_request_sent": false,
                "profile_use_background_image": true,
                "utc_offset": -25200,
                "location": "Boise, Idaho, USA",
                "protected": false,
                "following": false,
                "translator_type": "none",
                "entities": {
                    "description": {
                        "urls": []
                    },
                    "url": {
                        "urls": [
                            {
                                "url": "http://t.co/706zMrpryW",
                                "expanded_url": "http://www.idahostatesman.com",
                                "display_url": "idahostatesman.com",
                                "indices": [
                                    0,
                                    22
                                ]
                            }
                        ]
                    }
                },
                "profile_image_url": "http://pbs.twimg.com/profile_images/716333844366884864/ZO_uXpzm_normal.jpg",
                "profile_background_tile": false,
                "profile_image_url_https": "https://pbs.twimg.com/profile_images/716333844366884864/ZO_uXpzm_normal.jpg",
                "default_profile_image": false,
                "time_zone": "Mountain Time (US & Canada)",
                "friends_count": 3298,
                "url": "http://t.co/706zMrpryW",
                "profile_sidebar_border_color": "FFFFFF",
                "contributors_enabled": false,
                "followers_count": 57508
            },
            "in_reply_to_status_id_str": null,
            "id": 802607861624762368,
            "possibly_sensitive": false,
            "in_reply_to_status_id": null,
            "geo": null,
            "retweeted": false,
            "in_reply_to_user_id": null,
            "metadata": {
                "iso_language_code": "en",
                "result_type": "recent"
            },
            "entities": {
                "hashtags": [],
                "media": [
                    {
                        "id": 802586070441336832,
                        "url": "https://t.co/kGiXMnyFcR",
                        "indices": [
                            109,
                            132
                        ],
                        "display_url": "pic.twitter.com/kGiXMnyFcR",
                        "id_str": "802586070441336832",
                        "sizes": {
                            "large": {
                                "w": 960,
                                "resize": "fit",
                                "h": 640
                            },
                            "medium": {
                                "w": 960,
                                "resize": "fit",
                                "h": 640
                            },
                            "small": {
                                "w": 680,
                                "resize": "fit",
                                "h": 453
                            },
                            "thumb": {
                                "w": 150,
                                "resize": "crop",
                                "h": 150
                            }
                        },
                        "media_url_https": "https://pbs.twimg.com/media/CyNbx15VIAALAwy.jpg",
                        "media_url": "http://pbs.twimg.com/media/CyNbx15VIAALAwy.jpg",
                        "type": "photo",
                        "expanded_url": "https://twitter.com/IdahoStatesman/status/802607861624762368/photo/1"
                    }
                ],
                "symbols": [],
                "urls": [
                    {
                        "url": "https://t.co/pXKXXP3rDt",
                        "expanded_url": "http://bit.ly/2g3PuaE",
                        "display_url": "bit.ly/2g3PuaE",
                        "indices": [
                            85,
                            108
                        ]
                    }
                ],
                "user_mentions": []
            },
            "in_reply_to_user_id_str": null,
            "created_at": "Sat Nov 26 20:20:00 +0000 2016",
            "is_quote_status": false,
            "contributors": null,
            "retweet_count": 2
        }
    ]
}