{
    "search_metadata": {
        "query": "Trump+from%3Aindystar+since%3A2016-11-26+until%3A2016-11-27+filter%3Alinks+-%40indystar",
        "since_id_str": "0",
        "max_id_str": "802542634367586317",
        "since_id": 0,
        "max_id": 802542634367586317,
        "completed_in": 0.026,
        "count": 100,
        "refresh_url": "?since_id=802542634367586317&q=Trump%20from%3Aindystar%20since%3A2016-11-26%20until%3A2016-11-27%20filter%3Alinks%20-%40indystar&include_entities=1"
    },
    "statuses": [
        {
            "favorited": false,
            "coordinates": null,
            "in_reply_to_screen_name": null,
            "id_str": "802542634367586317",
            "lang": "en",
            "place": null,
            "metadata": {
                "iso_language_code": "en",
                "result_type": "recent"
            },
            "created_at": "Sat Nov 26 16:00:49 +0000 2016",
            "text": "Four Donald Trump voters. Four Hillary Clinton voters. One room. And they listened to each other! https://t.co/kq8CUMrySj",
            "truncated": false,
            "source": "<a href=\"http://www.hootsuite.com\" rel=\"nofollow\">Hootsuite</a>",
            "user": {
                "profile_sidebar_fill_color": "E8E6D0",
                "description": "News that matters. Sports that thrill. A city that excites. Your IndyStar: Serving the greater good of Central Indiana with local journalism.",
                "profile_banner_url": "https://pbs.twimg.com/profile_banners/16550142/1415827321",
                "is_translator": false,
                "favourites_count": 1462,
                "id_str": "16550142",
                "lang": "en",
                "profile_link_color": "1373C0",
                "name": "IndyStar",
                "has_extended_profile": false,
                "profile_background_image_url_https": "https://pbs.twimg.com/profile_background_images/378800000123769352/f3a8ad0c9fe01151df8cf34eb18efb5c.jpeg",
                "statuses_count": 150438,
                "created_at": "Wed Oct 01 20:50:45 +0000 2008",
                "screen_name": "indystar",
                "notifications": false,
                "listed_count": 2688,
                "profile_background_color": "333333",
                "profile_text_color": "000000",
                "profile_background_image_url": "http://pbs.twimg.com/profile_background_images/378800000123769352/f3a8ad0c9fe01151df8cf34eb18efb5c.jpeg",
                "geo_enabled": true,
                "default_profile": false,
                "is_translation_enabled": false,
                "id": 16550142,
                "verified": true,
                "follow_request_sent": false,
                "profile_use_background_image": true,
                "utc_offset": -18000,
                "location": "Indianapolis, IN",
                "protected": false,
                "following": false,
                "translator_type": "none",
                "entities": {
                    "description": {
                        "urls": []
                    },
                    "url": {
                        "urls": [
                            {
                                "url": "http://t.co/AHcf6xQRJC",
                                "expanded_url": "http://www.indystar.com/",
                                "display_url": "indystar.com",
                                "indices": [
                                    0,
                                    22
                                ]
                            }
                        ]
                    }
                },
                "profile_image_url": "http://pbs.twimg.com/profile_images/557169583878963204/zW17iH7I_normal.jpeg",
                "profile_background_tile": false,
                "profile_image_url_https": "https://pbs.twimg.com/profile_images/557169583878963204/zW17iH7I_normal.jpeg",
                "default_profile_image": false,
                "time_zone": "Eastern Time (US & Canada)",
                "friends_count": 414,
                "url": "http://t.co/AHcf6xQRJC",
                "profile_sidebar_border_color": "FFFFFF",
                "contributors_enabled": false,
                "followers_count": 194087
            },
            "in_reply_to_status_id_str": null,
            "id": 802542634367586317,
            "possibly_sensitive": false,
            "in_reply_to_status_id": null,
            "geo": null,
            "in_reply_to_user_id": null,
            "favorite_count": 6,
            "entities": {
                "hashtags": [],
                "symbols": [],
                "urls": [
                    {
                        "url": "https://t.co/kq8CUMrySj",
                        "expanded_url": "http://indy.st/2fzxXGL",
                        "display_url": "indy.st/2fzxXGL",
                        "indices": [
                            98,
                            121
                        ]
                    }
                ],
                "user_mentions": []
            },
            "in_reply_to_user_id_str": null,
            "retweeted": false,
            "is_quote_status": false,
            "contributors": null,
            "retweet_count": 2
        },
        {
            "favorited": false,
            "coordinates": null,
            "in_reply_to_screen_name": null,
            "id_str": "802317610792587264",
            "lang": "en",
            "place": null,
            "metadata": {
                "iso_language_code": "en",
                "result_type": "recent"
            },
            "created_at": "Sat Nov 26 01:06:39 +0000 2016",
            "text": "Suzette Hackney: A Trump presidency; a fearful nation. https://t.co/ChzTI7tmO5",
            "truncated": false,
            "source": "<a href=\"http://www.indystar.com\" rel=\"nofollow\">Presto alert</a>",
            "user": {
                "profile_sidebar_fill_color": "E8E6D0",
                "description": "News that matters. Sports that thrill. A city that excites. Your IndyStar: Serving the greater good of Central Indiana with local journalism.",
                "profile_banner_url": "https://pbs.twimg.com/profile_banners/16550142/1415827321",
                "is_translator": false,
                "favourites_count": 1462,
                "id_str": "16550142",
                "lang": "en",
                "profile_link_color": "1373C0",
                "name": "IndyStar",
                "has_extended_profile": false,
                "profile_background_image_url_https": "https://pbs.twimg.com/profile_background_images/378800000123769352/f3a8ad0c9fe01151df8cf34eb18efb5c.jpeg",
                "statuses_count": 150438,
                "created_at": "Wed Oct 01 20:50:45 +0000 2008",
                "screen_name": "indystar",
                "notifications": false,
                "listed_count": 2688,
                "profile_background_color": "333333",
                "profile_text_color": "000000",
                "profile_background_image_url": "http://pbs.twimg.com/profile_background_images/378800000123769352/f3a8ad0c9fe01151df8cf34eb18efb5c.jpeg",
                "geo_enabled": true,
                "default_profile": false,
                "is_translation_enabled": false,
                "id": 16550142,
                "verified": true,
                "follow_request_sent": false,
                "profile_use_background_image": true,
                "utc_offset": -18000,
                "location": "Indianapolis, IN",
                "protected": false,
                "following": false,
                "translator_type": "none",
                "entities": {
                    "description": {
                        "urls": []
                    },
                    "url": {
                        "urls": [
                            {
                                "url": "http://t.co/AHcf6xQRJC",
                                "expanded_url": "http://www.indystar.com/",
                                "display_url": "indystar.com",
                                "indices": [
                                    0,
                                    22
                                ]
                            }
                        ]
                    }
                },
                "profile_image_url": "http://pbs.twimg.com/profile_images/557169583878963204/zW17iH7I_normal.jpeg",
                "profile_background_tile": false,
                "profile_image_url_https": "https://pbs.twimg.com/profile_images/557169583878963204/zW17iH7I_normal.jpeg",
                "default_profile_image": false,
                "time_zone": "Eastern Time (US & Canada)",
                "friends_count": 414,
                "url": "http://t.co/AHcf6xQRJC",
                "profile_sidebar_border_color": "FFFFFF",
                "contributors_enabled": false,
                "followers_count": 194087
            },
            "in_reply_to_status_id_str": null,
            "id": 802317610792587264,
            "possibly_sensitive": false,
            "in_reply_to_status_id": null,
            "geo": null,
            "in_reply_to_user_id": null,
            "favorite_count": 5,
            "entities": {
                "hashtags": [],
                "symbols": [],
                "urls": [
                    {
                        "url": "https://t.co/ChzTI7tmO5",
                        "expanded_url": "http://indy.st/2gncJcy",
                        "display_url": "indy.st/2gncJcy",
                        "indices": [
                            55,
                            78
                        ]
                    }
                ],
                "user_mentions": []
            },
            "in_reply_to_user_id_str": null,
            "retweeted": false,
            "is_quote_status": false,
            "contributors": null,
            "retweet_count": 4
        }
    ]
}