{
    "search_metadata": {
        "query": "Trump+from%3AMidWeekHawaii+since%3A2016-11-26+until%3A2016-11-27+filter%3Alinks+-%40MidWeekHawaii",
        "since_id_str": "0",
        "max_id_str": "803059818227466240",
        "since_id": 0,
        "max_id": 803059818227466240,
        "completed_in": 0.033,
        "count": 100,
        "refresh_url": "?since_id=803059818227466240&q=Trump%20from%3AMidWeekHawaii%20since%3A2016-11-26%20until%3A2016-11-27%20filter%3Alinks%20-%40MidWeekHawaii&include_entities=1"
    },
    "statuses": []
}