{
    "search_metadata": {
        "query": "Trump+from%3ANewsWilmington+since%3A2016-11-26+until%3A2016-11-27+filter%3Alinks+-%40NewsWilmington",
        "since_id_str": "0",
        "max_id_str": "803059812833619968",
        "since_id": 0,
        "max_id": 803059812833619968,
        "completed_in": 0.016,
        "count": 100,
        "refresh_url": "?since_id=803059812833619968&q=Trump%20from%3ANewsWilmington%20since%3A2016-11-26%20until%3A2016-11-27%20filter%3Alinks%20-%40NewsWilmington&include_entities=1"
    },
    "statuses": []
}