{
    "search_metadata": {
        "query": "Trump+from%3Anwademgaz+since%3A2016-11-26+until%3A2016-11-27+filter%3Alinks+-%40nwademgaz",
        "since_id_str": "0",
        "max_id_str": "803059807305351168",
        "since_id": 0,
        "max_id": 803059807305351168,
        "completed_in": 0.044,
        "count": 100,
        "refresh_url": "?since_id=803059807305351168&q=Trump%20from%3Anwademgaz%20since%3A2016-11-26%20until%3A2016-11-27%20filter%3Alinks%20-%40nwademgaz&include_entities=1"
    },
    "statuses": []
}