{
    "search_metadata": {
        "query": "Trump+from%3Aorlandosentinel+since%3A2016-11-26+until%3A2016-11-27+filter%3Alinks+-%40orlandosentinel",
        "since_id_str": "0",
        "max_id_str": "802621813297704961",
        "since_id": 0,
        "max_id": 802621813297704961,
        "completed_in": 0.037,
        "count": 100,
        "refresh_url": "?since_id=802621813297704961&q=Trump%20from%3Aorlandosentinel%20since%3A2016-11-26%20until%3A2016-11-27%20filter%3Alinks%20-%40orlandosentinel&include_entities=1"
    },
    "statuses": [
        {
            "favorited": false,
            "coordinates": null,
            "in_reply_to_screen_name": null,
            "id_str": "802621813297704961",
            "lang": "en",
            "place": null,
            "favorite_count": 3,
            "extended_entities": {
                "media": [
                    {
                        "id": 802621810575572992,
                        "url": "https://t.co/3NpLpASTk5",
                        "indices": [
                            103,
                            126
                        ],
                        "display_url": "pic.twitter.com/3NpLpASTk5",
                        "id_str": "802621810575572992",
                        "sizes": {
                            "large": {
                                "w": 2048,
                                "resize": "fit",
                                "h": 1365
                            },
                            "medium": {
                                "w": 1200,
                                "resize": "fit",
                                "h": 800
                            },
                            "small": {
                                "w": 680,
                                "resize": "fit",
                                "h": 453
                            },
                            "thumb": {
                                "w": 150,
                                "resize": "crop",
                                "h": 150
                            }
                        },
                        "media_url_https": "https://pbs.twimg.com/media/CyN8SMRWgAAoynA.jpg",
                        "media_url": "http://pbs.twimg.com/media/CyN8SMRWgAAoynA.jpg",
                        "type": "photo",
                        "expanded_url": "https://twitter.com/orlandosentinel/status/802621813297704961/photo/1"
                    }
                ]
            },
            "text": "Reddit's CEO regrets trolling Trump supporters by secretly editing their posts\nhttps://t.co/fEmTsYqoho https://t.co/3NpLpASTk5",
            "truncated": false,
            "source": "<a href=\"http://www.socialflow.com\" rel=\"nofollow\">SocialFlow</a>",
            "user": {
                "profile_sidebar_fill_color": "A0C5C7",
                "description": "The Orlando Sentinel is the most comprehensive news source of the Central Florida region.",
                "profile_banner_url": "https://pbs.twimg.com/profile_banners/1429761/1429874320",
                "is_translator": false,
                "favourites_count": 670,
                "id_str": "1429761",
                "lang": "en",
                "profile_link_color": "00B5CC",
                "name": "Orlando Sentinel",
                "has_extended_profile": false,
                "profile_background_image_url_https": "https://pbs.twimg.com/profile_background_images/378800000167425621/KsGhbXdn.jpeg",
                "statuses_count": 114536,
                "created_at": "Sun Mar 18 18:02:20 +0000 2007",
                "screen_name": "orlandosentinel",
                "notifications": false,
                "listed_count": 3103,
                "profile_background_color": "F9ED2E",
                "profile_text_color": "333333",
                "profile_background_image_url": "http://pbs.twimg.com/profile_background_images/378800000167425621/KsGhbXdn.jpeg",
                "geo_enabled": true,
                "default_profile": false,
                "is_translation_enabled": false,
                "id": 1429761,
                "verified": true,
                "follow_request_sent": false,
                "profile_use_background_image": false,
                "utc_offset": -18000,
                "location": "Orlando, FL",
                "protected": false,
                "following": false,
                "translator_type": "none",
                "entities": {
                    "description": {
                        "urls": []
                    },
                    "url": {
                        "urls": [
                            {
                                "url": "http://t.co/4aB05T4abC",
                                "expanded_url": "http://www.orlandosentinel.com",
                                "display_url": "orlandosentinel.com",
                                "indices": [
                                    0,
                                    22
                                ]
                            }
                        ]
                    }
                },
                "profile_image_url": "http://pbs.twimg.com/profile_images/511895715086225409/gkbtKjFU_normal.png",
                "profile_background_tile": false,
                "profile_image_url_https": "https://pbs.twimg.com/profile_images/511895715086225409/gkbtKjFU_normal.png",
                "default_profile_image": false,
                "time_zone": "Eastern Time (US & Canada)",
                "friends_count": 584,
                "url": "http://t.co/4aB05T4abC",
                "profile_sidebar_border_color": "FFFFFF",
                "contributors_enabled": false,
                "followers_count": 214278
            },
            "in_reply_to_status_id_str": null,
            "id": 802621813297704961,
            "possibly_sensitive": false,
            "in_reply_to_status_id": null,
            "geo": null,
            "retweeted": false,
            "in_reply_to_user_id": null,
            "metadata": {
                "iso_language_code": "en",
                "result_type": "recent"
            },
            "entities": {
                "hashtags": [],
                "media": [
                    {
                        "id": 802621810575572992,
                        "url": "https://t.co/3NpLpASTk5",
                        "indices": [
                            103,
                            126
                        ],
                        "display_url": "pic.twitter.com/3NpLpASTk5",
                        "id_str": "802621810575572992",
                        "sizes": {
                            "large": {
                                "w": 2048,
                                "resize": "fit",
                                "h": 1365
                            },
                            "medium": {
                                "w": 1200,
                                "resize": "fit",
                                "h": 800
                            },
                            "small": {
                                "w": 680,
                                "resize": "fit",
                                "h": 453
                            },
                            "thumb": {
                                "w": 150,
                                "resize": "crop",
                                "h": 150
                            }
                        },
                        "media_url_https": "https://pbs.twimg.com/media/CyN8SMRWgAAoynA.jpg",
                        "media_url": "http://pbs.twimg.com/media/CyN8SMRWgAAoynA.jpg",
                        "type": "photo",
                        "expanded_url": "https://twitter.com/orlandosentinel/status/802621813297704961/photo/1"
                    }
                ],
                "symbols": [],
                "urls": [
                    {
                        "url": "https://t.co/fEmTsYqoho",
                        "expanded_url": "http://thesent.nl/2fQsF7f",
                        "display_url": "thesent.nl/2fQsF7f",
                        "indices": [
                            79,
                            102
                        ]
                    }
                ],
                "user_mentions": []
            },
            "in_reply_to_user_id_str": null,
            "created_at": "Sat Nov 26 21:15:26 +0000 2016",
            "is_quote_status": false,
            "contributors": null,
            "retweet_count": 1
        },
        {
            "favorited": false,
            "coordinates": null,
            "in_reply_to_screen_name": null,
            "id_str": "802546517131329536",
            "lang": "en",
            "place": null,
            "favorite_count": 7,
            "extended_entities": {
                "media": [
                    {
                        "id": 802546514878955520,
                        "url": "https://t.co/rne8p8GmKW",
                        "indices": [
                            98,
                            121
                        ],
                        "display_url": "pic.twitter.com/rne8p8GmKW",
                        "id_str": "802546514878955520",
                        "sizes": {
                            "large": {
                                "w": 1200,
                                "resize": "fit",
                                "h": 600
                            },
                            "medium": {
                                "w": 1200,
                                "resize": "fit",
                                "h": 600
                            },
                            "small": {
                                "w": 680,
                                "resize": "fit",
                                "h": 340
                            },
                            "thumb": {
                                "w": 150,
                                "resize": "crop",
                                "h": 150
                            }
                        },
                        "media_url_https": "https://pbs.twimg.com/media/CyM3zZ8WgAAWAyg.jpg",
                        "media_url": "http://pbs.twimg.com/media/CyM3zZ8WgAAWAyg.jpg",
                        "type": "photo",
                        "expanded_url": "https://twitter.com/orlandosentinel/status/802546517131329536/photo/1"
                    }
                ]
            },
            "text": "Jill Stein says she's raised enough money for Wis., Pa. election recounts https://t.co/Y15xDr2VAO https://t.co/rne8p8GmKW",
            "truncated": false,
            "source": "<a href=\"http://www.socialflow.com\" rel=\"nofollow\">SocialFlow</a>",
            "user": {
                "profile_sidebar_fill_color": "A0C5C7",
                "description": "The Orlando Sentinel is the most comprehensive news source of the Central Florida region.",
                "profile_banner_url": "https://pbs.twimg.com/profile_banners/1429761/1429874320",
                "is_translator": false,
                "favourites_count": 670,
                "id_str": "1429761",
                "lang": "en",
                "profile_link_color": "00B5CC",
                "name": "Orlando Sentinel",
                "has_extended_profile": false,
                "profile_background_image_url_https": "https://pbs.twimg.com/profile_background_images/378800000167425621/KsGhbXdn.jpeg",
                "statuses_count": 114536,
                "created_at": "Sun Mar 18 18:02:20 +0000 2007",
                "screen_name": "orlandosentinel",
                "notifications": false,
                "listed_count": 3103,
                "profile_background_color": "F9ED2E",
                "profile_text_color": "333333",
                "profile_background_image_url": "http://pbs.twimg.com/profile_background_images/378800000167425621/KsGhbXdn.jpeg",
                "geo_enabled": true,
                "default_profile": false,
                "is_translation_enabled": false,
                "id": 1429761,
                "verified": true,
                "follow_request_sent": false,
                "profile_use_background_image": false,
                "utc_offset": -18000,
                "location": "Orlando, FL",
                "protected": false,
                "following": false,
                "translator_type": "none",
                "entities": {
                    "description": {
                        "urls": []
                    },
                    "url": {
                        "urls": [
                            {
                                "url": "http://t.co/4aB05T4abC",
                                "expanded_url": "http://www.orlandosentinel.com",
                                "display_url": "orlandosentinel.com",
                                "indices": [
                                    0,
                                    22
                                ]
                            }
                        ]
                    }
                },
                "profile_image_url": "http://pbs.twimg.com/profile_images/511895715086225409/gkbtKjFU_normal.png",
                "profile_background_tile": false,
                "profile_image_url_https": "https://pbs.twimg.com/profile_images/511895715086225409/gkbtKjFU_normal.png",
                "default_profile_image": false,
                "time_zone": "Eastern Time (US & Canada)",
                "friends_count": 584,
                "url": "http://t.co/4aB05T4abC",
                "profile_sidebar_border_color": "FFFFFF",
                "contributors_enabled": false,
                "followers_count": 214278
            },
            "in_reply_to_status_id_str": null,
            "id": 802546517131329536,
            "possibly_sensitive": false,
            "in_reply_to_status_id": null,
            "geo": null,
            "retweeted": false,
            "in_reply_to_user_id": null,
            "metadata": {
                "iso_language_code": "en",
                "result_type": "recent"
            },
            "entities": {
                "hashtags": [],
                "media": [
                    {
                        "id": 802546514878955520,
                        "url": "https://t.co/rne8p8GmKW",
                        "indices": [
                            98,
                            121
                        ],
                        "display_url": "pic.twitter.com/rne8p8GmKW",
                        "id_str": "802546514878955520",
                        "sizes": {
                            "large": {
                                "w": 1200,
                                "resize": "fit",
                                "h": 600
                            },
                            "medium": {
                                "w": 1200,
                                "resize": "fit",
                                "h": 600
                            },
                            "small": {
                                "w": 680,
                                "resize": "fit",
                                "h": 340
                            },
                            "thumb": {
                                "w": 150,
                                "resize": "crop",
                                "h": 150
                            }
                        },
                        "media_url_https": "https://pbs.twimg.com/media/CyM3zZ8WgAAWAyg.jpg",
                        "media_url": "http://pbs.twimg.com/media/CyM3zZ8WgAAWAyg.jpg",
                        "type": "photo",
                        "expanded_url": "https://twitter.com/orlandosentinel/status/802546517131329536/photo/1"
                    }
                ],
                "symbols": [],
                "urls": [
                    {
                        "url": "https://t.co/Y15xDr2VAO",
                        "expanded_url": "http://thesent.nl/2ggqQBc",
                        "display_url": "thesent.nl/2ggqQBc",
                        "indices": [
                            74,
                            97
                        ]
                    }
                ],
                "user_mentions": []
            },
            "in_reply_to_user_id_str": null,
            "created_at": "Sat Nov 26 16:16:14 +0000 2016",
            "is_quote_status": false,
            "contributors": null,
            "retweet_count": 2
        },
        {
            "favorited": false,
            "coordinates": null,
            "in_reply_to_screen_name": null,
            "id_str": "802350554341052417",
            "lang": "en",
            "place": null,
            "favorite_count": 3,
            "extended_entities": {
                "media": [
                    {
                        "id": 802350551778422788,
                        "url": "https://t.co/iE1AcQreMF",
                        "indices": [
                            85,
                            108
                        ],
                        "display_url": "pic.twitter.com/iE1AcQreMF",
                        "id_str": "802350551778422788",
                        "sizes": {
                            "large": {
                                "w": 2048,
                                "resize": "fit",
                                "h": 1366
                            },
                            "medium": {
                                "w": 1200,
                                "resize": "fit",
                                "h": 800
                            },
                            "small": {
                                "w": 680,
                                "resize": "fit",
                                "h": 454
                            },
                            "thumb": {
                                "w": 150,
                                "resize": "crop",
                                "h": 150
                            }
                        },
                        "media_url_https": "https://pbs.twimg.com/media/CyKFk2gXcAQf4dT.jpg",
                        "media_url": "http://pbs.twimg.com/media/CyKFk2gXcAQf4dT.jpg",
                        "type": "photo",
                        "expanded_url": "https://twitter.com/orlandosentinel/status/802350554341052417/photo/1"
                    }
                ]
            },
            "text": "'Korea's Trump' rises in polls as voter anger fuels populism\nhttps://t.co/HXkbpPFtTz https://t.co/iE1AcQreMF",
            "truncated": false,
            "source": "<a href=\"http://www.socialflow.com\" rel=\"nofollow\">SocialFlow</a>",
            "user": {
                "profile_sidebar_fill_color": "A0C5C7",
                "description": "The Orlando Sentinel is the most comprehensive news source of the Central Florida region.",
                "profile_banner_url": "https://pbs.twimg.com/profile_banners/1429761/1429874320",
                "is_translator": false,
                "favourites_count": 670,
                "id_str": "1429761",
                "lang": "en",
                "profile_link_color": "00B5CC",
                "name": "Orlando Sentinel",
                "has_extended_profile": false,
                "profile_background_image_url_https": "https://pbs.twimg.com/profile_background_images/378800000167425621/KsGhbXdn.jpeg",
                "statuses_count": 114536,
                "created_at": "Sun Mar 18 18:02:20 +0000 2007",
                "screen_name": "orlandosentinel",
                "notifications": false,
                "listed_count": 3103,
                "profile_background_color": "F9ED2E",
                "profile_text_color": "333333",
                "profile_background_image_url": "http://pbs.twimg.com/profile_background_images/378800000167425621/KsGhbXdn.jpeg",
                "geo_enabled": true,
                "default_profile": false,
                "is_translation_enabled": false,
                "id": 1429761,
                "verified": true,
                "follow_request_sent": false,
                "profile_use_background_image": false,
                "utc_offset": -18000,
                "location": "Orlando, FL",
                "protected": false,
                "following": false,
                "translator_type": "none",
                "entities": {
                    "description": {
                        "urls": []
                    },
                    "url": {
                        "urls": [
                            {
                                "url": "http://t.co/4aB05T4abC",
                                "expanded_url": "http://www.orlandosentinel.com",
                                "display_url": "orlandosentinel.com",
                                "indices": [
                                    0,
                                    22
                                ]
                            }
                        ]
                    }
                },
                "profile_image_url": "http://pbs.twimg.com/profile_images/511895715086225409/gkbtKjFU_normal.png",
                "profile_background_tile": false,
                "profile_image_url_https": "https://pbs.twimg.com/profile_images/511895715086225409/gkbtKjFU_normal.png",
                "default_profile_image": false,
                "time_zone": "Eastern Time (US & Canada)",
                "friends_count": 584,
                "url": "http://t.co/4aB05T4abC",
                "profile_sidebar_border_color": "FFFFFF",
                "contributors_enabled": false,
                "followers_count": 214278
            },
            "in_reply_to_status_id_str": null,
            "id": 802350554341052417,
            "possibly_sensitive": false,
            "in_reply_to_status_id": null,
            "geo": null,
            "retweeted": false,
            "in_reply_to_user_id": null,
            "metadata": {
                "iso_language_code": "en",
                "result_type": "recent"
            },
            "entities": {
                "hashtags": [],
                "media": [
                    {
                        "id": 802350551778422788,
                        "url": "https://t.co/iE1AcQreMF",
                        "indices": [
                            85,
                            108
                        ],
                        "display_url": "pic.twitter.com/iE1AcQreMF",
                        "id_str": "802350551778422788",
                        "sizes": {
                            "large": {
                                "w": 2048,
                                "resize": "fit",
                                "h": 1366
                            },
                            "medium": {
                                "w": 1200,
                                "resize": "fit",
                                "h": 800
                            },
                            "small": {
                                "w": 680,
                                "resize": "fit",
                                "h": 454
                            },
                            "thumb": {
                                "w": 150,
                                "resize": "crop",
                                "h": 150
                            }
                        },
                        "media_url_https": "https://pbs.twimg.com/media/CyKFk2gXcAQf4dT.jpg",
                        "media_url": "http://pbs.twimg.com/media/CyKFk2gXcAQf4dT.jpg",
                        "type": "photo",
                        "expanded_url": "https://twitter.com/orlandosentinel/status/802350554341052417/photo/1"
                    }
                ],
                "symbols": [],
                "urls": [
                    {
                        "url": "https://t.co/HXkbpPFtTz",
                        "expanded_url": "http://thesent.nl/2gI5Cjj",
                        "display_url": "thesent.nl/2gI5Cjj",
                        "indices": [
                            61,
                            84
                        ]
                    }
                ],
                "user_mentions": []
            },
            "in_reply_to_user_id_str": null,
            "created_at": "Sat Nov 26 03:17:33 +0000 2016",
            "is_quote_status": false,
            "contributors": null,
            "retweet_count": 5
        },
        {
            "favorited": false,
            "coordinates": null,
            "in_reply_to_screen_name": null,
            "id_str": "802345193655570432",
            "lang": "en",
            "place": null,
            "favorite_count": 11,
            "extended_entities": {
                "media": [
                    {
                        "id": 802345191369801728,
                        "url": "https://t.co/hovK4jYMn6",
                        "indices": [
                            99,
                            122
                        ],
                        "display_url": "pic.twitter.com/hovK4jYMn6",
                        "id_str": "802345191369801728",
                        "sizes": {
                            "large": {
                                "w": 1280,
                                "resize": "fit",
                                "h": 720
                            },
                            "medium": {
                                "w": 1200,
                                "resize": "fit",
                                "h": 675
                            },
                            "small": {
                                "w": 680,
                                "resize": "fit",
                                "h": 383
                            },
                            "thumb": {
                                "w": 150,
                                "resize": "crop",
                                "h": 150
                            }
                        },
                        "media_url_https": "https://pbs.twimg.com/media/CyKAs1bXAAApe1Q.jpg",
                        "media_url": "http://pbs.twimg.com/media/CyKAs1bXAAApe1Q.jpg",
                        "type": "photo",
                        "expanded_url": "https://twitter.com/orlandosentinel/status/802345193655570432/photo/1"
                    }
                ]
            },
            "text": "Readers take on Trump, grits, pot and me, writes columnist @Scott_Maxwell \nhttps://t.co/HbsbglOpWP https://t.co/hovK4jYMn6",
            "truncated": false,
            "source": "<a href=\"http://www.socialflow.com\" rel=\"nofollow\">SocialFlow</a>",
            "user": {
                "profile_sidebar_fill_color": "A0C5C7",
                "description": "The Orlando Sentinel is the most comprehensive news source of the Central Florida region.",
                "profile_banner_url": "https://pbs.twimg.com/profile_banners/1429761/1429874320",
                "is_translator": false,
                "favourites_count": 670,
                "id_str": "1429761",
                "lang": "en",
                "profile_link_color": "00B5CC",
                "name": "Orlando Sentinel",
                "has_extended_profile": false,
                "profile_background_image_url_https": "https://pbs.twimg.com/profile_background_images/378800000167425621/KsGhbXdn.jpeg",
                "statuses_count": 114536,
                "created_at": "Sun Mar 18 18:02:20 +0000 2007",
                "screen_name": "orlandosentinel",
                "notifications": false,
                "listed_count": 3103,
                "profile_background_color": "F9ED2E",
                "profile_text_color": "333333",
                "profile_background_image_url": "http://pbs.twimg.com/profile_background_images/378800000167425621/KsGhbXdn.jpeg",
                "geo_enabled": true,
                "default_profile": false,
                "is_translation_enabled": false,
                "id": 1429761,
                "verified": true,
                "follow_request_sent": false,
                "profile_use_background_image": false,
                "utc_offset": -18000,
                "location": "Orlando, FL",
                "protected": false,
                "following": false,
                "translator_type": "none",
                "entities": {
                    "description": {
                        "urls": []
                    },
                    "url": {
                        "urls": [
                            {
                                "url": "http://t.co/4aB05T4abC",
                                "expanded_url": "http://www.orlandosentinel.com",
                                "display_url": "orlandosentinel.com",
                                "indices": [
                                    0,
                                    22
                                ]
                            }
                        ]
                    }
                },
                "profile_image_url": "http://pbs.twimg.com/profile_images/511895715086225409/gkbtKjFU_normal.png",
                "profile_background_tile": false,
                "profile_image_url_https": "https://pbs.twimg.com/profile_images/511895715086225409/gkbtKjFU_normal.png",
                "default_profile_image": false,
                "time_zone": "Eastern Time (US & Canada)",
                "friends_count": 584,
                "url": "http://t.co/4aB05T4abC",
                "profile_sidebar_border_color": "FFFFFF",
                "contributors_enabled": false,
                "followers_count": 214278
            },
            "in_reply_to_status_id_str": null,
            "id": 802345193655570432,
            "possibly_sensitive": false,
            "in_reply_to_status_id": null,
            "geo": null,
            "retweeted": false,
            "in_reply_to_user_id": null,
            "metadata": {
                "iso_language_code": "en",
                "result_type": "recent"
            },
            "entities": {
                "hashtags": [],
                "media": [
                    {
                        "id": 802345191369801728,
                        "url": "https://t.co/hovK4jYMn6",
                        "indices": [
                            99,
                            122
                        ],
                        "display_url": "pic.twitter.com/hovK4jYMn6",
                        "id_str": "802345191369801728",
                        "sizes": {
                            "large": {
                                "w": 1280,
                                "resize": "fit",
                                "h": 720
                            },
                            "medium": {
                                "w": 1200,
                                "resize": "fit",
                                "h": 675
                            },
                            "small": {
                                "w": 680,
                                "resize": "fit",
                                "h": 383
                            },
                            "thumb": {
                                "w": 150,
                                "resize": "crop",
                                "h": 150
                            }
                        },
                        "media_url_https": "https://pbs.twimg.com/media/CyKAs1bXAAApe1Q.jpg",
                        "media_url": "http://pbs.twimg.com/media/CyKAs1bXAAApe1Q.jpg",
                        "type": "photo",
                        "expanded_url": "https://twitter.com/orlandosentinel/status/802345193655570432/photo/1"
                    }
                ],
                "symbols": [],
                "urls": [
                    {
                        "url": "https://t.co/HbsbglOpWP",
                        "expanded_url": "http://thesent.nl/2guwwrW",
                        "display_url": "thesent.nl/2guwwrW",
                        "indices": [
                            75,
                            98
                        ]
                    }
                ],
                "user_mentions": [
                    {
                        "id_str": "36473948",
                        "id": 36473948,
                        "name": "Scott Maxwell",
                        "screen_name": "Scott_Maxwell",
                        "indices": [
                            59,
                            73
                        ]
                    }
                ]
            },
            "in_reply_to_user_id_str": null,
            "created_at": "Sat Nov 26 02:56:15 +0000 2016",
            "is_quote_status": false,
            "contributors": null,
            "retweet_count": 3
        }
    ]
}