{
    "search_metadata": {
        "query": "Trump+from%3APioneerPress+since%3A2016-11-26+until%3A2016-11-27+filter%3Alinks+-%40PioneerPress",
        "since_id_str": "0",
        "max_id_str": "802431879257460736",
        "since_id": 0,
        "max_id": 802431879257460736,
        "completed_in": 0.047,
        "count": 100,
        "refresh_url": "?since_id=802431879257460736&q=Trump%20from%3APioneerPress%20since%3A2016-11-26%20until%3A2016-11-27%20filter%3Alinks%20-%40PioneerPress&include_entities=1"
    },
    "statuses": [
        {
            "favorited": false,
            "coordinates": null,
            "in_reply_to_screen_name": null,
            "id_str": "802431879257460736",
            "lang": "en",
            "place": null,
            "favorite_count": 1,
            "extended_entities": {
                "media": [
                    {
                        "id": 802431877013499904,
                        "url": "https://t.co/Zvq3yRDyJ3",
                        "indices": [
                            83,
                            106
                        ],
                        "display_url": "pic.twitter.com/Zvq3yRDyJ3",
                        "id_str": "802431877013499904",
                        "sizes": {
                            "large": {
                                "w": 1024,
                                "resize": "fit",
                                "h": 683
                            },
                            "medium": {
                                "w": 1024,
                                "resize": "fit",
                                "h": 683
                            },
                            "small": {
                                "w": 680,
                                "resize": "fit",
                                "h": 454
                            },
                            "thumb": {
                                "w": 150,
                                "resize": "crop",
                                "h": 150
                            }
                        },
                        "media_url_https": "https://pbs.twimg.com/media/CyLPimnW8AAr1BO.jpg",
                        "media_url": "http://pbs.twimg.com/media/CyLPimnW8AAr1BO.jpg",
                        "type": "photo",
                        "expanded_url": "https://twitter.com/PioneerPress/status/802431879257460736/photo/1"
                    }
                ]
            },
            "text": "With recounts looming, Trump adds new administration picks https://t.co/B9waPtG0qz https://t.co/Zvq3yRDyJ3",
            "truncated": false,
            "source": "<a href=\"https://secure.echoboxapp.com\" rel=\"nofollow\">Echobox Social</a>",
            "user": {
                "profile_sidebar_fill_color": "DDEEF6",
                "description": "Twin Cities news, sports, politics, entertainment and business from the St. Paul Pioneer Press, Minnesota's first newspaper.",
                "profile_banner_url": "https://pbs.twimg.com/profile_banners/15926431/1459964480",
                "is_translator": false,
                "favourites_count": 426,
                "id_str": "15926431",
                "lang": "en",
                "profile_link_color": "1DA1F2",
                "name": "Pioneer Press",
                "has_extended_profile": false,
                "profile_background_image_url_https": "https://abs.twimg.com/images/themes/theme1/bg.png",
                "statuses_count": 85578,
                "created_at": "Thu Aug 21 02:06:57 +0000 2008",
                "screen_name": "PioneerPress",
                "notifications": false,
                "listed_count": 1919,
                "profile_background_color": "C0DEED",
                "profile_text_color": "333333",
                "profile_background_image_url": "http://abs.twimg.com/images/themes/theme1/bg.png",
                "geo_enabled": true,
                "default_profile": true,
                "is_translation_enabled": false,
                "id": 15926431,
                "verified": true,
                "follow_request_sent": false,
                "profile_use_background_image": true,
                "utc_offset": -21600,
                "location": "St. Paul, Minnesota",
                "protected": false,
                "following": false,
                "translator_type": "none",
                "entities": {
                    "description": {
                        "urls": []
                    },
                    "url": {
                        "urls": [
                            {
                                "url": "http://t.co/yJ5nYDoPOU",
                                "expanded_url": "http://twincities.com",
                                "display_url": "twincities.com",
                                "indices": [
                                    0,
                                    22
                                ]
                            }
                        ]
                    }
                },
                "profile_image_url": "http://pbs.twimg.com/profile_images/781599536925913089/dBlnUX2m_normal.jpg",
                "profile_background_tile": false,
                "profile_image_url_https": "https://pbs.twimg.com/profile_images/781599536925913089/dBlnUX2m_normal.jpg",
                "default_profile_image": false,
                "time_zone": "Central Time (US & Canada)",
                "friends_count": 10915,
                "url": "http://t.co/yJ5nYDoPOU",
                "profile_sidebar_border_color": "C0DEED",
                "contributors_enabled": false,
                "followers_count": 120578
            },
            "in_reply_to_status_id_str": null,
            "id": 802431879257460736,
            "possibly_sensitive": false,
            "in_reply_to_status_id": null,
            "geo": null,
            "retweeted": false,
            "in_reply_to_user_id": null,
            "metadata": {
                "iso_language_code": "en",
                "result_type": "recent"
            },
            "entities": {
                "hashtags": [],
                "media": [
                    {
                        "id": 802431877013499904,
                        "url": "https://t.co/Zvq3yRDyJ3",
                        "indices": [
                            83,
                            106
                        ],
                        "display_url": "pic.twitter.com/Zvq3yRDyJ3",
                        "id_str": "802431877013499904",
                        "sizes": {
                            "large": {
                                "w": 1024,
                                "resize": "fit",
                                "h": 683
                            },
                            "medium": {
                                "w": 1024,
                                "resize": "fit",
                                "h": 683
                            },
                            "small": {
                                "w": 680,
                                "resize": "fit",
                                "h": 454
                            },
                            "thumb": {
                                "w": 150,
                                "resize": "crop",
                                "h": 150
                            }
                        },
                        "media_url_https": "https://pbs.twimg.com/media/CyLPimnW8AAr1BO.jpg",
                        "media_url": "http://pbs.twimg.com/media/CyLPimnW8AAr1BO.jpg",
                        "type": "photo",
                        "expanded_url": "https://twitter.com/PioneerPress/status/802431879257460736/photo/1"
                    }
                ],
                "symbols": [],
                "urls": [
                    {
                        "url": "https://t.co/B9waPtG0qz",
                        "expanded_url": "http://ebx.sh/2fObqDy",
                        "display_url": "ebx.sh/2fObqDy",
                        "indices": [
                            59,
                            82
                        ]
                    }
                ],
                "user_mentions": []
            },
            "in_reply_to_user_id_str": null,
            "created_at": "Sat Nov 26 08:40:43 +0000 2016",
            "is_quote_status": false,
            "contributors": null,
            "retweet_count": 0
        }
    ]
}