{
    "search_metadata": {
        "query": "Trump+from%3APortlandPhoenix+since%3A2016-11-26+until%3A2016-11-27+filter%3Alinks+-%40PortlandPhoenix",
        "since_id_str": "0",
        "max_id_str": "803059832576098305",
        "since_id": 0,
        "max_id": 803059832576098305,
        "completed_in": 0.05,
        "count": 100,
        "refresh_url": "?since_id=803059832576098305&q=Trump%20from%3APortlandPhoenix%20since%3A2016-11-26%20until%3A2016-11-27%20filter%3Alinks%20-%40PortlandPhoenix&include_entities=1"
    },
    "statuses": []
}