{
    "search_metadata": {
        "query": "Trump+from%3Asfchronicle+since%3A2016-11-26+until%3A2016-11-27+filter%3Alinks+-%40sfchronicle",
        "since_id_str": "0",
        "max_id_str": "802655677114028033",
        "since_id": 0,
        "max_id": 802655677114028033,
        "completed_in": 0.034,
        "count": 100,
        "refresh_url": "?since_id=802655677114028033&q=Trump%20from%3Asfchronicle%20since%3A2016-11-26%20until%3A2016-11-27%20filter%3Alinks%20-%40sfchronicle&include_entities=1"
    },
    "statuses": [
        {
            "favorited": false,
            "coordinates": null,
            "in_reply_to_screen_name": null,
            "id_str": "802655677114028033",
            "lang": "en",
            "place": null,
            "favorite_count": 3,
            "extended_entities": {
                "media": [
                    {
                        "id": 802359406939643904,
                        "url": "https://t.co/LsKPBY1D0e",
                        "indices": [
                            103,
                            126
                        ],
                        "display_url": "pic.twitter.com/LsKPBY1D0e",
                        "id_str": "802359406939643904",
                        "sizes": {
                            "large": {
                                "w": 907,
                                "resize": "fit",
                                "h": 516
                            },
                            "medium": {
                                "w": 907,
                                "resize": "fit",
                                "h": 516
                            },
                            "small": {
                                "w": 680,
                                "resize": "fit",
                                "h": 387
                            },
                            "thumb": {
                                "w": 150,
                                "resize": "crop",
                                "h": 150
                            }
                        },
                        "media_url_https": "https://pbs.twimg.com/media/CyKNoSjUoAA--Sn.jpg",
                        "media_url": "http://pbs.twimg.com/media/CyKNoSjUoAA--Sn.jpg",
                        "type": "photo",
                        "expanded_url": "https://twitter.com/sfchronicle/status/802655677114028033/photo/1"
                    }
                ]
            },
            "text": "Trump high court could threaten public employee unions\u2019 cash flow. via @egelko https://t.co/dEtceplJhk https://t.co/LsKPBY1D0e",
            "truncated": false,
            "source": "<a href=\"https://about.twitter.com/products/tweetdeck\" rel=\"nofollow\">TweetDeck</a>",
            "user": {
                "profile_sidebar_fill_color": "000000",
                "description": "The Voice of the West. The Voice of San Francisco and the Bay Area.",
                "profile_banner_url": "https://pbs.twimg.com/profile_banners/121597316/1431378314",
                "is_translator": false,
                "favourites_count": 2576,
                "id_str": "121597316",
                "lang": "en",
                "profile_link_color": "FA743E",
                "name": "SFChronicle",
                "has_extended_profile": false,
                "profile_background_image_url_https": "https://abs.twimg.com/images/themes/theme15/bg.png",
                "statuses_count": 46970,
                "created_at": "Wed Mar 10 00:44:07 +0000 2010",
                "screen_name": "sfchronicle",
                "notifications": false,
                "listed_count": 2172,
                "profile_background_color": "000000",
                "profile_text_color": "000000",
                "profile_background_image_url": "http://abs.twimg.com/images/themes/theme15/bg.png",
                "geo_enabled": false,
                "default_profile": false,
                "is_translation_enabled": false,
                "id": 121597316,
                "verified": true,
                "follow_request_sent": false,
                "profile_use_background_image": false,
                "utc_offset": -28800,
                "location": "San Francisco, CA",
                "protected": false,
                "following": false,
                "translator_type": "none",
                "entities": {
                    "description": {
                        "urls": []
                    },
                    "url": {
                        "urls": [
                            {
                                "url": "https://t.co/CV0gqM16Hp",
                                "expanded_url": "http://SFChronicle.com",
                                "display_url": "SFChronicle.com",
                                "indices": [
                                    0,
                                    23
                                ]
                            }
                        ]
                    }
                },
                "profile_image_url": "http://pbs.twimg.com/profile_images/695773573919543296/Q1mS960c_normal.jpg",
                "profile_background_tile": false,
                "profile_image_url_https": "https://pbs.twimg.com/profile_images/695773573919543296/Q1mS960c_normal.jpg",
                "default_profile_image": false,
                "time_zone": "Pacific Time (US & Canada)",
                "friends_count": 156,
                "url": "https://t.co/CV0gqM16Hp",
                "profile_sidebar_border_color": "000000",
                "contributors_enabled": false,
                "followers_count": 102130
            },
            "in_reply_to_status_id_str": null,
            "id": 802655677114028033,
            "possibly_sensitive": false,
            "in_reply_to_status_id": null,
            "geo": null,
            "retweeted": false,
            "in_reply_to_user_id": null,
            "metadata": {
                "iso_language_code": "en",
                "result_type": "recent"
            },
            "entities": {
                "hashtags": [],
                "media": [
                    {
                        "id": 802359406939643904,
                        "url": "https://t.co/LsKPBY1D0e",
                        "indices": [
                            103,
                            126
                        ],
                        "display_url": "pic.twitter.com/LsKPBY1D0e",
                        "id_str": "802359406939643904",
                        "sizes": {
                            "large": {
                                "w": 907,
                                "resize": "fit",
                                "h": 516
                            },
                            "medium": {
                                "w": 907,
                                "resize": "fit",
                                "h": 516
                            },
                            "small": {
                                "w": 680,
                                "resize": "fit",
                                "h": 387
                            },
                            "thumb": {
                                "w": 150,
                                "resize": "crop",
                                "h": 150
                            }
                        },
                        "media_url_https": "https://pbs.twimg.com/media/CyKNoSjUoAA--Sn.jpg",
                        "media_url": "http://pbs.twimg.com/media/CyKNoSjUoAA--Sn.jpg",
                        "type": "photo",
                        "expanded_url": "https://twitter.com/sfchronicle/status/802655677114028033/photo/1"
                    }
                ],
                "symbols": [],
                "urls": [
                    {
                        "url": "https://t.co/dEtceplJhk",
                        "expanded_url": "http://sfchronicle.com/news/article/Trump-high-court-could-threaten-public-employee-10636810.php",
                        "display_url": "sfchronicle.com/news/article/T\u2026",
                        "indices": [
                            79,
                            102
                        ]
                    }
                ],
                "user_mentions": [
                    {
                        "id_str": "1531505672",
                        "id": 1531505672,
                        "name": "Bob Egelko",
                        "screen_name": "egelko",
                        "indices": [
                            71,
                            78
                        ]
                    }
                ]
            },
            "in_reply_to_user_id_str": null,
            "created_at": "Sat Nov 26 23:30:00 +0000 2016",
            "is_quote_status": false,
            "contributors": null,
            "retweet_count": 2
        },
        {
            "favorited": false,
            "coordinates": null,
            "in_reply_to_screen_name": null,
            "id_str": "802545201059270656",
            "lang": "en",
            "place": null,
            "favorite_count": 1,
            "extended_entities": {
                "media": [
                    {
                        "id": 802359137535283200,
                        "url": "https://t.co/RHVtLXx95Z",
                        "indices": [
                            103,
                            126
                        ],
                        "display_url": "pic.twitter.com/RHVtLXx95Z",
                        "id_str": "802359137535283200",
                        "sizes": {
                            "large": {
                                "w": 907,
                                "resize": "fit",
                                "h": 516
                            },
                            "medium": {
                                "w": 907,
                                "resize": "fit",
                                "h": 516
                            },
                            "small": {
                                "w": 680,
                                "resize": "fit",
                                "h": 387
                            },
                            "thumb": {
                                "w": 150,
                                "resize": "crop",
                                "h": 150
                            }
                        },
                        "media_url_https": "https://pbs.twimg.com/media/CyKNYm8UUAAGf8_.jpg",
                        "media_url": "http://pbs.twimg.com/media/CyKNYm8UUAAGf8_.jpg",
                        "type": "photo",
                        "expanded_url": "https://twitter.com/sfchronicle/status/802545201059270656/photo/1"
                    }
                ]
            },
            "text": "Trump high court could threaten public employee unions\u2019 cash flow. via @egelko https://t.co/dEtceplJhk https://t.co/RHVtLXx95Z",
            "truncated": false,
            "source": "<a href=\"https://about.twitter.com/products/tweetdeck\" rel=\"nofollow\">TweetDeck</a>",
            "user": {
                "profile_sidebar_fill_color": "000000",
                "description": "The Voice of the West. The Voice of San Francisco and the Bay Area.",
                "profile_banner_url": "https://pbs.twimg.com/profile_banners/121597316/1431378314",
                "is_translator": false,
                "favourites_count": 2576,
                "id_str": "121597316",
                "lang": "en",
                "profile_link_color": "FA743E",
                "name": "SFChronicle",
                "has_extended_profile": false,
                "profile_background_image_url_https": "https://abs.twimg.com/images/themes/theme15/bg.png",
                "statuses_count": 46970,
                "created_at": "Wed Mar 10 00:44:07 +0000 2010",
                "screen_name": "sfchronicle",
                "notifications": false,
                "listed_count": 2172,
                "profile_background_color": "000000",
                "profile_text_color": "000000",
                "profile_background_image_url": "http://abs.twimg.com/images/themes/theme15/bg.png",
                "geo_enabled": false,
                "default_profile": false,
                "is_translation_enabled": false,
                "id": 121597316,
                "verified": true,
                "follow_request_sent": false,
                "profile_use_background_image": false,
                "utc_offset": -28800,
                "location": "San Francisco, CA",
                "protected": false,
                "following": false,
                "translator_type": "none",
                "entities": {
                    "description": {
                        "urls": []
                    },
                    "url": {
                        "urls": [
                            {
                                "url": "https://t.co/CV0gqM16Hp",
                                "expanded_url": "http://SFChronicle.com",
                                "display_url": "SFChronicle.com",
                                "indices": [
                                    0,
                                    23
                                ]
                            }
                        ]
                    }
                },
                "profile_image_url": "http://pbs.twimg.com/profile_images/695773573919543296/Q1mS960c_normal.jpg",
                "profile_background_tile": false,
                "profile_image_url_https": "https://pbs.twimg.com/profile_images/695773573919543296/Q1mS960c_normal.jpg",
                "default_profile_image": false,
                "time_zone": "Pacific Time (US & Canada)",
                "friends_count": 156,
                "url": "https://t.co/CV0gqM16Hp",
                "profile_sidebar_border_color": "000000",
                "contributors_enabled": false,
                "followers_count": 102130
            },
            "in_reply_to_status_id_str": null,
            "id": 802545201059270656,
            "possibly_sensitive": false,
            "in_reply_to_status_id": null,
            "geo": null,
            "retweeted": false,
            "in_reply_to_user_id": null,
            "metadata": {
                "iso_language_code": "en",
                "result_type": "recent"
            },
            "entities": {
                "hashtags": [],
                "media": [
                    {
                        "id": 802359137535283200,
                        "url": "https://t.co/RHVtLXx95Z",
                        "indices": [
                            103,
                            126
                        ],
                        "display_url": "pic.twitter.com/RHVtLXx95Z",
                        "id_str": "802359137535283200",
                        "sizes": {
                            "large": {
                                "w": 907,
                                "resize": "fit",
                                "h": 516
                            },
                            "medium": {
                                "w": 907,
                                "resize": "fit",
                                "h": 516
                            },
                            "small": {
                                "w": 680,
                                "resize": "fit",
                                "h": 387
                            },
                            "thumb": {
                                "w": 150,
                                "resize": "crop",
                                "h": 150
                            }
                        },
                        "media_url_https": "https://pbs.twimg.com/media/CyKNYm8UUAAGf8_.jpg",
                        "media_url": "http://pbs.twimg.com/media/CyKNYm8UUAAGf8_.jpg",
                        "type": "photo",
                        "expanded_url": "https://twitter.com/sfchronicle/status/802545201059270656/photo/1"
                    }
                ],
                "symbols": [],
                "urls": [
                    {
                        "url": "https://t.co/dEtceplJhk",
                        "expanded_url": "http://sfchronicle.com/news/article/Trump-high-court-could-threaten-public-employee-10636810.php",
                        "display_url": "sfchronicle.com/news/article/T\u2026",
                        "indices": [
                            79,
                            102
                        ]
                    }
                ],
                "user_mentions": [
                    {
                        "id_str": "1531505672",
                        "id": 1531505672,
                        "name": "Bob Egelko",
                        "screen_name": "egelko",
                        "indices": [
                            71,
                            78
                        ]
                    }
                ]
            },
            "in_reply_to_user_id_str": null,
            "created_at": "Sat Nov 26 16:11:01 +0000 2016",
            "is_quote_status": false,
            "contributors": null,
            "retweet_count": 2
        },
        {
            "favorited": false,
            "coordinates": null,
            "in_reply_to_screen_name": null,
            "id_str": "802513743234015232",
            "lang": "en",
            "place": null,
            "favorite_count": 1,
            "extended_entities": {
                "media": [
                    {
                        "id": 802359306242822145,
                        "url": "https://t.co/RMZuN63B8q",
                        "indices": [
                            103,
                            126
                        ],
                        "display_url": "pic.twitter.com/RMZuN63B8q",
                        "id_str": "802359306242822145",
                        "sizes": {
                            "large": {
                                "w": 907,
                                "resize": "fit",
                                "h": 516
                            },
                            "medium": {
                                "w": 907,
                                "resize": "fit",
                                "h": 516
                            },
                            "small": {
                                "w": 680,
                                "resize": "fit",
                                "h": 387
                            },
                            "thumb": {
                                "w": 150,
                                "resize": "crop",
                                "h": 150
                            }
                        },
                        "media_url_https": "https://pbs.twimg.com/media/CyKNibbVEAE-5a2.jpg",
                        "media_url": "http://pbs.twimg.com/media/CyKNibbVEAE-5a2.jpg",
                        "type": "photo",
                        "expanded_url": "https://twitter.com/sfchronicle/status/802513743234015232/photo/1"
                    }
                ]
            },
            "text": "Trump high court could threaten public employee unions\u2019 cash flow. via @egelko https://t.co/dEtceplJhk https://t.co/RMZuN63B8q",
            "truncated": false,
            "source": "<a href=\"https://about.twitter.com/products/tweetdeck\" rel=\"nofollow\">TweetDeck</a>",
            "user": {
                "profile_sidebar_fill_color": "000000",
                "description": "The Voice of the West. The Voice of San Francisco and the Bay Area.",
                "profile_banner_url": "https://pbs.twimg.com/profile_banners/121597316/1431378314",
                "is_translator": false,
                "favourites_count": 2576,
                "id_str": "121597316",
                "lang": "en",
                "profile_link_color": "FA743E",
                "name": "SFChronicle",
                "has_extended_profile": false,
                "profile_background_image_url_https": "https://abs.twimg.com/images/themes/theme15/bg.png",
                "statuses_count": 46970,
                "created_at": "Wed Mar 10 00:44:07 +0000 2010",
                "screen_name": "sfchronicle",
                "notifications": false,
                "listed_count": 2172,
                "profile_background_color": "000000",
                "profile_text_color": "000000",
                "profile_background_image_url": "http://abs.twimg.com/images/themes/theme15/bg.png",
                "geo_enabled": false,
                "default_profile": false,
                "is_translation_enabled": false,
                "id": 121597316,
                "verified": true,
                "follow_request_sent": false,
                "profile_use_background_image": false,
                "utc_offset": -28800,
                "location": "San Francisco, CA",
                "protected": false,
                "following": false,
                "translator_type": "none",
                "entities": {
                    "description": {
                        "urls": []
                    },
                    "url": {
                        "urls": [
                            {
                                "url": "https://t.co/CV0gqM16Hp",
                                "expanded_url": "http://SFChronicle.com",
                                "display_url": "SFChronicle.com",
                                "indices": [
                                    0,
                                    23
                                ]
                            }
                        ]
                    }
                },
                "profile_image_url": "http://pbs.twimg.com/profile_images/695773573919543296/Q1mS960c_normal.jpg",
                "profile_background_tile": false,
                "profile_image_url_https": "https://pbs.twimg.com/profile_images/695773573919543296/Q1mS960c_normal.jpg",
                "default_profile_image": false,
                "time_zone": "Pacific Time (US & Canada)",
                "friends_count": 156,
                "url": "https://t.co/CV0gqM16Hp",
                "profile_sidebar_border_color": "000000",
                "contributors_enabled": false,
                "followers_count": 102130
            },
            "in_reply_to_status_id_str": null,
            "id": 802513743234015232,
            "possibly_sensitive": false,
            "in_reply_to_status_id": null,
            "geo": null,
            "retweeted": false,
            "in_reply_to_user_id": null,
            "metadata": {
                "iso_language_code": "en",
                "result_type": "recent"
            },
            "entities": {
                "hashtags": [],
                "media": [
                    {
                        "id": 802359306242822145,
                        "url": "https://t.co/RMZuN63B8q",
                        "indices": [
                            103,
                            126
                        ],
                        "display_url": "pic.twitter.com/RMZuN63B8q",
                        "id_str": "802359306242822145",
                        "sizes": {
                            "large": {
                                "w": 907,
                                "resize": "fit",
                                "h": 516
                            },
                            "medium": {
                                "w": 907,
                                "resize": "fit",
                                "h": 516
                            },
                            "small": {
                                "w": 680,
                                "resize": "fit",
                                "h": 387
                            },
                            "thumb": {
                                "w": 150,
                                "resize": "crop",
                                "h": 150
                            }
                        },
                        "media_url_https": "https://pbs.twimg.com/media/CyKNibbVEAE-5a2.jpg",
                        "media_url": "http://pbs.twimg.com/media/CyKNibbVEAE-5a2.jpg",
                        "type": "photo",
                        "expanded_url": "https://twitter.com/sfchronicle/status/802513743234015232/photo/1"
                    }
                ],
                "symbols": [],
                "urls": [
                    {
                        "url": "https://t.co/dEtceplJhk",
                        "expanded_url": "http://sfchronicle.com/news/article/Trump-high-court-could-threaten-public-employee-10636810.php",
                        "display_url": "sfchronicle.com/news/article/T\u2026",
                        "indices": [
                            79,
                            102
                        ]
                    }
                ],
                "user_mentions": [
                    {
                        "id_str": "1531505672",
                        "id": 1531505672,
                        "name": "Bob Egelko",
                        "screen_name": "egelko",
                        "indices": [
                            71,
                            78
                        ]
                    }
                ]
            },
            "in_reply_to_user_id_str": null,
            "created_at": "Sat Nov 26 14:06:01 +0000 2016",
            "is_quote_status": false,
            "contributors": null,
            "retweet_count": 1
        }
    ]
}