{
    "search_metadata": {
        "query": "Trump+from%3AStarTribune+since%3A2016-11-26+until%3A2016-11-27+filter%3Alinks+-%40StarTribune",
        "since_id_str": "0",
        "max_id_str": "802643398486167554",
        "since_id": 0,
        "max_id": 802643398486167554,
        "completed_in": 0.04,
        "count": 100,
        "refresh_url": "?since_id=802643398486167554&q=Trump%20from%3AStarTribune%20since%3A2016-11-26%20until%3A2016-11-27%20filter%3Alinks%20-%40StarTribune&include_entities=1"
    },
    "statuses": [
        {
            "favorited": false,
            "coordinates": null,
            "in_reply_to_screen_name": null,
            "id_str": "802643398486167554",
            "lang": "en",
            "place": null,
            "favorite_count": 3,
            "extended_entities": {
                "media": [
                    {
                        "id": 802643395571306496,
                        "url": "https://t.co/QiXB1UhTsA",
                        "indices": [
                            84,
                            107
                        ],
                        "display_url": "pic.twitter.com/QiXB1UhTsA",
                        "id_str": "802643395571306496",
                        "sizes": {
                            "large": {
                                "w": 1200,
                                "resize": "fit",
                                "h": 630
                            },
                            "medium": {
                                "w": 1200,
                                "resize": "fit",
                                "h": 630
                            },
                            "small": {
                                "w": 680,
                                "resize": "fit",
                                "h": 357
                            },
                            "thumb": {
                                "w": 150,
                                "resize": "crop",
                                "h": 150
                            }
                        },
                        "media_url_https": "https://pbs.twimg.com/media/CyOP6mpXUAA5VOY.jpg",
                        "media_url": "http://pbs.twimg.com/media/CyOP6mpXUAA5VOY.jpg",
                        "type": "photo",
                        "expanded_url": "https://twitter.com/StarTribune/status/802643398486167554/photo/1"
                    }
                ]
            },
            "text": "Trump slams recount push as 'a scam,' says election is over https://t.co/Cuy7SCBwUW https://t.co/QiXB1UhTsA",
            "truncated": false,
            "source": "<a href=\"http://bufferapp.com\" rel=\"nofollow\">Buffer</a>",
            "user": {
                "profile_sidebar_fill_color": "E6EDE4",
                "description": "Minnesota's top choice for news and more. See https://t.co/DKVw7iC5C9 to follow our journalists. Find customer service at @startribsupport.",
                "profile_banner_url": "https://pbs.twimg.com/profile_banners/17348525/1480105232",
                "is_translator": false,
                "favourites_count": 1213,
                "id_str": "17348525",
                "lang": "en",
                "profile_link_color": "31661E",
                "name": "Star Tribune",
                "has_extended_profile": false,
                "profile_background_image_url_https": "https://pbs.twimg.com/profile_background_images/378800000177961119/MxVaJ3fR.jpeg",
                "statuses_count": 100965,
                "created_at": "Wed Nov 12 20:55:38 +0000 2008",
                "screen_name": "StarTribune",
                "notifications": false,
                "listed_count": 3336,
                "profile_background_color": "FFFFFF",
                "profile_text_color": "333333",
                "profile_background_image_url": "http://pbs.twimg.com/profile_background_images/378800000177961119/MxVaJ3fR.jpeg",
                "geo_enabled": false,
                "default_profile": false,
                "is_translation_enabled": false,
                "id": 17348525,
                "verified": true,
                "follow_request_sent": false,
                "profile_use_background_image": true,
                "utc_offset": -21600,
                "location": "Minneapolis, MN ",
                "protected": false,
                "following": false,
                "translator_type": "regular",
                "entities": {
                    "description": {
                        "urls": [
                            {
                                "url": "https://t.co/DKVw7iC5C9",
                                "expanded_url": "http://strib.mn/STtweets",
                                "display_url": "strib.mn/STtweets",
                                "indices": [
                                    46,
                                    69
                                ]
                            }
                        ]
                    },
                    "url": {
                        "urls": [
                            {
                                "url": "https://t.co/2perTa45jk",
                                "expanded_url": "http://www.startribune.com",
                                "display_url": "startribune.com",
                                "indices": [
                                    0,
                                    23
                                ]
                            }
                        ]
                    }
                },
                "profile_image_url": "http://pbs.twimg.com/profile_images/427289765734404096/Ip4UAv5q_normal.jpeg",
                "profile_background_tile": false,
                "profile_image_url_https": "https://pbs.twimg.com/profile_images/427289765734404096/Ip4UAv5q_normal.jpeg",
                "default_profile_image": false,
                "time_zone": "Central Time (US & Canada)",
                "friends_count": 800,
                "url": "https://t.co/2perTa45jk",
                "profile_sidebar_border_color": "FFFFFF",
                "contributors_enabled": false,
                "followers_count": 251628
            },
            "in_reply_to_status_id_str": null,
            "id": 802643398486167554,
            "possibly_sensitive": false,
            "in_reply_to_status_id": null,
            "geo": null,
            "retweeted": false,
            "in_reply_to_user_id": null,
            "metadata": {
                "iso_language_code": "en",
                "result_type": "recent"
            },
            "entities": {
                "hashtags": [],
                "media": [
                    {
                        "id": 802643395571306496,
                        "url": "https://t.co/QiXB1UhTsA",
                        "indices": [
                            84,
                            107
                        ],
                        "display_url": "pic.twitter.com/QiXB1UhTsA",
                        "id_str": "802643395571306496",
                        "sizes": {
                            "large": {
                                "w": 1200,
                                "resize": "fit",
                                "h": 630
                            },
                            "medium": {
                                "w": 1200,
                                "resize": "fit",
                                "h": 630
                            },
                            "small": {
                                "w": 680,
                                "resize": "fit",
                                "h": 357
                            },
                            "thumb": {
                                "w": 150,
                                "resize": "crop",
                                "h": 150
                            }
                        },
                        "media_url_https": "https://pbs.twimg.com/media/CyOP6mpXUAA5VOY.jpg",
                        "media_url": "http://pbs.twimg.com/media/CyOP6mpXUAA5VOY.jpg",
                        "type": "photo",
                        "expanded_url": "https://twitter.com/StarTribune/status/802643398486167554/photo/1"
                    }
                ],
                "symbols": [],
                "urls": [
                    {
                        "url": "https://t.co/Cuy7SCBwUW",
                        "expanded_url": "http://strib.mn/2fQLSWH",
                        "display_url": "strib.mn/2fQLSWH",
                        "indices": [
                            60,
                            83
                        ]
                    }
                ],
                "user_mentions": []
            },
            "in_reply_to_user_id_str": null,
            "created_at": "Sat Nov 26 22:41:13 +0000 2016",
            "is_quote_status": false,
            "contributors": null,
            "retweet_count": 3
        },
        {
            "favorited": false,
            "coordinates": null,
            "in_reply_to_screen_name": null,
            "id_str": "802624471530164225",
            "lang": "en",
            "place": null,
            "favorite_count": 4,
            "extended_entities": {
                "media": [
                    {
                        "id": 802624469604831232,
                        "url": "https://t.co/BZcyU2jlIU",
                        "indices": [
                            79,
                            102
                        ],
                        "display_url": "pic.twitter.com/BZcyU2jlIU",
                        "id_str": "802624469604831232",
                        "sizes": {
                            "large": {
                                "w": 1200,
                                "resize": "fit",
                                "h": 630
                            },
                            "medium": {
                                "w": 1200,
                                "resize": "fit",
                                "h": 630
                            },
                            "small": {
                                "w": 680,
                                "resize": "fit",
                                "h": 357
                            },
                            "thumb": {
                                "w": 150,
                                "resize": "crop",
                                "h": 150
                            }
                        },
                        "media_url_https": "https://pbs.twimg.com/media/CyN-s97VEAAg4L8.jpg",
                        "media_url": "http://pbs.twimg.com/media/CyN-s97VEAAg4L8.jpg",
                        "type": "photo",
                        "expanded_url": "https://twitter.com/StarTribune/status/802624471530164225/photo/1"
                    }
                ]
            },
            "text": "Trump disavowal of 'alt-right' doesn't quiet concerns. https://t.co/pq3zghUILL https://t.co/BZcyU2jlIU",
            "truncated": false,
            "source": "<a href=\"http://bufferapp.com\" rel=\"nofollow\">Buffer</a>",
            "user": {
                "profile_sidebar_fill_color": "E6EDE4",
                "description": "Minnesota's top choice for news and more. See https://t.co/DKVw7iC5C9 to follow our journalists. Find customer service at @startribsupport.",
                "profile_banner_url": "https://pbs.twimg.com/profile_banners/17348525/1480105232",
                "is_translator": false,
                "favourites_count": 1213,
                "id_str": "17348525",
                "lang": "en",
                "profile_link_color": "31661E",
                "name": "Star Tribune",
                "has_extended_profile": false,
                "profile_background_image_url_https": "https://pbs.twimg.com/profile_background_images/378800000177961119/MxVaJ3fR.jpeg",
                "statuses_count": 100965,
                "created_at": "Wed Nov 12 20:55:38 +0000 2008",
                "screen_name": "StarTribune",
                "notifications": false,
                "listed_count": 3336,
                "profile_background_color": "FFFFFF",
                "profile_text_color": "333333",
                "profile_background_image_url": "http://pbs.twimg.com/profile_background_images/378800000177961119/MxVaJ3fR.jpeg",
                "geo_enabled": false,
                "default_profile": false,
                "is_translation_enabled": false,
                "id": 17348525,
                "verified": true,
                "follow_request_sent": false,
                "profile_use_background_image": true,
                "utc_offset": -21600,
                "location": "Minneapolis, MN ",
                "protected": false,
                "following": false,
                "translator_type": "regular",
                "entities": {
                    "description": {
                        "urls": [
                            {
                                "url": "https://t.co/DKVw7iC5C9",
                                "expanded_url": "http://strib.mn/STtweets",
                                "display_url": "strib.mn/STtweets",
                                "indices": [
                                    46,
                                    69
                                ]
                            }
                        ]
                    },
                    "url": {
                        "urls": [
                            {
                                "url": "https://t.co/2perTa45jk",
                                "expanded_url": "http://www.startribune.com",
                                "display_url": "startribune.com",
                                "indices": [
                                    0,
                                    23
                                ]
                            }
                        ]
                    }
                },
                "profile_image_url": "http://pbs.twimg.com/profile_images/427289765734404096/Ip4UAv5q_normal.jpeg",
                "profile_background_tile": false,
                "profile_image_url_https": "https://pbs.twimg.com/profile_images/427289765734404096/Ip4UAv5q_normal.jpeg",
                "default_profile_image": false,
                "time_zone": "Central Time (US & Canada)",
                "friends_count": 800,
                "url": "https://t.co/2perTa45jk",
                "profile_sidebar_border_color": "FFFFFF",
                "contributors_enabled": false,
                "followers_count": 251628
            },
            "in_reply_to_status_id_str": null,
            "id": 802624471530164225,
            "possibly_sensitive": false,
            "in_reply_to_status_id": null,
            "geo": null,
            "retweeted": false,
            "in_reply_to_user_id": null,
            "metadata": {
                "iso_language_code": "en",
                "result_type": "recent"
            },
            "entities": {
                "hashtags": [],
                "media": [
                    {
                        "id": 802624469604831232,
                        "url": "https://t.co/BZcyU2jlIU",
                        "indices": [
                            79,
                            102
                        ],
                        "display_url": "pic.twitter.com/BZcyU2jlIU",
                        "id_str": "802624469604831232",
                        "sizes": {
                            "large": {
                                "w": 1200,
                                "resize": "fit",
                                "h": 630
                            },
                            "medium": {
                                "w": 1200,
                                "resize": "fit",
                                "h": 630
                            },
                            "small": {
                                "w": 680,
                                "resize": "fit",
                                "h": 357
                            },
                            "thumb": {
                                "w": 150,
                                "resize": "crop",
                                "h": 150
                            }
                        },
                        "media_url_https": "https://pbs.twimg.com/media/CyN-s97VEAAg4L8.jpg",
                        "media_url": "http://pbs.twimg.com/media/CyN-s97VEAAg4L8.jpg",
                        "type": "photo",
                        "expanded_url": "https://twitter.com/StarTribune/status/802624471530164225/photo/1"
                    }
                ],
                "symbols": [],
                "urls": [
                    {
                        "url": "https://t.co/pq3zghUILL",
                        "expanded_url": "http://strib.mn/2gt91BY",
                        "display_url": "strib.mn/2gt91BY",
                        "indices": [
                            55,
                            78
                        ]
                    }
                ],
                "user_mentions": []
            },
            "in_reply_to_user_id_str": null,
            "created_at": "Sat Nov 26 21:26:00 +0000 2016",
            "is_quote_status": false,
            "contributors": null,
            "retweet_count": 0
        },
        {
            "favorited": false,
            "coordinates": null,
            "in_reply_to_screen_name": null,
            "id_str": "802515756084850689",
            "lang": "en",
            "place": null,
            "favorite_count": 1,
            "extended_entities": {
                "media": [
                    {
                        "id": 802511367848607748,
                        "url": "https://t.co/K9Rttz8BZs",
                        "indices": [
                            76,
                            99
                        ],
                        "display_url": "pic.twitter.com/K9Rttz8BZs",
                        "id_str": "802511367848607748",
                        "sizes": {
                            "large": {
                                "w": 525,
                                "resize": "fit",
                                "h": 350
                            },
                            "medium": {
                                "w": 525,
                                "resize": "fit",
                                "h": 350
                            },
                            "small": {
                                "w": 525,
                                "resize": "fit",
                                "h": 350
                            },
                            "thumb": {
                                "w": 150,
                                "resize": "crop",
                                "h": 150
                            }
                        },
                        "media_url_https": "https://pbs.twimg.com/media/CyMX1lDUQAQ8ECs.jpg",
                        "media_url": "http://pbs.twimg.com/media/CyMX1lDUQAQ8ECs.jpg",
                        "type": "photo",
                        "expanded_url": "https://twitter.com/StarTribune/status/802515756084850689/photo/1"
                    }
                ]
            },
            "text": "Trump still navigating white supremacists' support. https://t.co/o5a1ormIEe https://t.co/K9Rttz8BZs",
            "truncated": false,
            "source": "<a href=\"https://about.twitter.com/products/tweetdeck\" rel=\"nofollow\">TweetDeck</a>",
            "user": {
                "profile_sidebar_fill_color": "E6EDE4",
                "description": "Minnesota's top choice for news and more. See https://t.co/DKVw7iC5C9 to follow our journalists. Find customer service at @startribsupport.",
                "profile_banner_url": "https://pbs.twimg.com/profile_banners/17348525/1480105232",
                "is_translator": false,
                "favourites_count": 1213,
                "id_str": "17348525",
                "lang": "en",
                "profile_link_color": "31661E",
                "name": "Star Tribune",
                "has_extended_profile": false,
                "profile_background_image_url_https": "https://pbs.twimg.com/profile_background_images/378800000177961119/MxVaJ3fR.jpeg",
                "statuses_count": 100965,
                "created_at": "Wed Nov 12 20:55:38 +0000 2008",
                "screen_name": "StarTribune",
                "notifications": false,
                "listed_count": 3336,
                "profile_background_color": "FFFFFF",
                "profile_text_color": "333333",
                "profile_background_image_url": "http://pbs.twimg.com/profile_background_images/378800000177961119/MxVaJ3fR.jpeg",
                "geo_enabled": false,
                "default_profile": false,
                "is_translation_enabled": false,
                "id": 17348525,
                "verified": true,
                "follow_request_sent": false,
                "profile_use_background_image": true,
                "utc_offset": -21600,
                "location": "Minneapolis, MN ",
                "protected": false,
                "following": false,
                "translator_type": "regular",
                "entities": {
                    "description": {
                        "urls": [
                            {
                                "url": "https://t.co/DKVw7iC5C9",
                                "expanded_url": "http://strib.mn/STtweets",
                                "display_url": "strib.mn/STtweets",
                                "indices": [
                                    46,
                                    69
                                ]
                            }
                        ]
                    },
                    "url": {
                        "urls": [
                            {
                                "url": "https://t.co/2perTa45jk",
                                "expanded_url": "http://www.startribune.com",
                                "display_url": "startribune.com",
                                "indices": [
                                    0,
                                    23
                                ]
                            }
                        ]
                    }
                },
                "profile_image_url": "http://pbs.twimg.com/profile_images/427289765734404096/Ip4UAv5q_normal.jpeg",
                "profile_background_tile": false,
                "profile_image_url_https": "https://pbs.twimg.com/profile_images/427289765734404096/Ip4UAv5q_normal.jpeg",
                "default_profile_image": false,
                "time_zone": "Central Time (US & Canada)",
                "friends_count": 800,
                "url": "https://t.co/2perTa45jk",
                "profile_sidebar_border_color": "FFFFFF",
                "contributors_enabled": false,
                "followers_count": 251628
            },
            "in_reply_to_status_id_str": null,
            "id": 802515756084850689,
            "possibly_sensitive": false,
            "in_reply_to_status_id": null,
            "geo": null,
            "retweeted": false,
            "in_reply_to_user_id": null,
            "metadata": {
                "iso_language_code": "en",
                "result_type": "recent"
            },
            "entities": {
                "hashtags": [],
                "media": [
                    {
                        "id": 802511367848607748,
                        "url": "https://t.co/K9Rttz8BZs",
                        "indices": [
                            76,
                            99
                        ],
                        "display_url": "pic.twitter.com/K9Rttz8BZs",
                        "id_str": "802511367848607748",
                        "sizes": {
                            "large": {
                                "w": 525,
                                "resize": "fit",
                                "h": 350
                            },
                            "medium": {
                                "w": 525,
                                "resize": "fit",
                                "h": 350
                            },
                            "small": {
                                "w": 525,
                                "resize": "fit",
                                "h": 350
                            },
                            "thumb": {
                                "w": 150,
                                "resize": "crop",
                                "h": 150
                            }
                        },
                        "media_url_https": "https://pbs.twimg.com/media/CyMX1lDUQAQ8ECs.jpg",
                        "media_url": "http://pbs.twimg.com/media/CyMX1lDUQAQ8ECs.jpg",
                        "type": "photo",
                        "expanded_url": "https://twitter.com/StarTribune/status/802515756084850689/photo/1"
                    }
                ],
                "symbols": [],
                "urls": [
                    {
                        "url": "https://t.co/o5a1ormIEe",
                        "expanded_url": "http://strib.mn/2fC1lfz",
                        "display_url": "strib.mn/2fC1lfz",
                        "indices": [
                            52,
                            75
                        ]
                    }
                ],
                "user_mentions": []
            },
            "in_reply_to_user_id_str": null,
            "created_at": "Sat Nov 26 14:14:00 +0000 2016",
            "is_quote_status": false,
            "contributors": null,
            "retweet_count": 2
        }
    ]
}