{
    "search_metadata": {
        "query": "Trump+from%3Asunjournal+since%3A2016-11-26+until%3A2016-11-27+filter%3Alinks+-%40sunjournal",
        "since_id_str": "0",
        "max_id_str": "802617932702433280",
        "since_id": 0,
        "max_id": 802617932702433280,
        "completed_in": 0.028,
        "count": 100,
        "refresh_url": "?since_id=802617932702433280&q=Trump%20from%3Asunjournal%20since%3A2016-11-26%20until%3A2016-11-27%20filter%3Alinks%20-%40sunjournal&include_entities=1"
    },
    "statuses": [
        {
            "favorited": false,
            "coordinates": null,
            "in_reply_to_screen_name": null,
            "id_str": "802617932702433280",
            "lang": "en",
            "place": null,
            "favorite_count": 1,
            "extended_entities": {
                "media": [
                    {
                        "id": 801489685059141635,
                        "url": "https://t.co/afjPIwom8m",
                        "indices": [
                            107,
                            130
                        ],
                        "display_url": "pic.twitter.com/afjPIwom8m",
                        "id_str": "801489685059141635",
                        "sizes": {
                            "large": {
                                "w": 620,
                                "resize": "fit",
                                "h": 403
                            },
                            "medium": {
                                "w": 620,
                                "resize": "fit",
                                "h": 403
                            },
                            "small": {
                                "w": 620,
                                "resize": "fit",
                                "h": 403
                            },
                            "thumb": {
                                "w": 150,
                                "resize": "crop",
                                "h": 150
                            }
                        },
                        "media_url_https": "https://pbs.twimg.com/media/Cx92n0EXAAM3GFz.jpg",
                        "media_url": "http://pbs.twimg.com/media/Cx92n0EXAAM3GFz.jpg",
                        "type": "photo",
                        "expanded_url": "https://twitter.com/sunjournal/status/802617932702433280/photo/1"
                    }
                ]
            },
            "text": ".@realDonaldTrump picks charter school advocate Becky DeVos as education secretary https://t.co/qoDKVaW9Ja https://t.co/afjPIwom8m",
            "truncated": false,
            "source": "<a href=\"https://about.twitter.com/products/tweetdeck\" rel=\"nofollow\">TweetDeck</a>",
            "user": {
                "profile_sidebar_fill_color": "DAECF4",
                "description": "News and conversations from Maine since 1847. Send breaking news: breaking@sunjournal.com",
                "profile_banner_url": "https://pbs.twimg.com/profile_banners/8729092/1480257563",
                "is_translator": false,
                "favourites_count": 460,
                "id_str": "8729092",
                "lang": "en",
                "profile_link_color": "1F98C7",
                "name": "Sun Journal",
                "has_extended_profile": false,
                "profile_background_image_url_https": "https://abs.twimg.com/images/themes/theme2/bg.gif",
                "statuses_count": 57357,
                "created_at": "Fri Sep 07 17:48:02 +0000 2007",
                "screen_name": "sunjournal",
                "notifications": false,
                "listed_count": 530,
                "profile_background_color": "C6E2EE",
                "profile_text_color": "663B12",
                "profile_background_image_url": "http://abs.twimg.com/images/themes/theme2/bg.gif",
                "geo_enabled": true,
                "default_profile": false,
                "is_translation_enabled": false,
                "id": 8729092,
                "verified": false,
                "follow_request_sent": false,
                "profile_use_background_image": true,
                "utc_offset": -18000,
                "location": "Lewiston/Auburn, Maine",
                "protected": false,
                "following": false,
                "translator_type": "none",
                "entities": {
                    "description": {
                        "urls": []
                    },
                    "url": {
                        "urls": [
                            {
                                "url": "http://t.co/g6rua9MqV4",
                                "expanded_url": "http://www.sunjournal.com",
                                "display_url": "sunjournal.com",
                                "indices": [
                                    0,
                                    22
                                ]
                            }
                        ]
                    }
                },
                "profile_image_url": "http://pbs.twimg.com/profile_images/707249051130003456/KfksyOzx_normal.jpg",
                "profile_background_tile": false,
                "profile_image_url_https": "https://pbs.twimg.com/profile_images/707249051130003456/KfksyOzx_normal.jpg",
                "default_profile_image": false,
                "time_zone": "Eastern Time (US & Canada)",
                "friends_count": 2483,
                "url": "http://t.co/g6rua9MqV4",
                "profile_sidebar_border_color": "C6E2EE",
                "contributors_enabled": false,
                "followers_count": 28099
            },
            "in_reply_to_status_id_str": null,
            "id": 802617932702433280,
            "possibly_sensitive": false,
            "in_reply_to_status_id": null,
            "geo": null,
            "retweeted": false,
            "in_reply_to_user_id": null,
            "metadata": {
                "iso_language_code": "en",
                "result_type": "recent"
            },
            "entities": {
                "hashtags": [],
                "media": [
                    {
                        "id": 801489685059141635,
                        "url": "https://t.co/afjPIwom8m",
                        "indices": [
                            107,
                            130
                        ],
                        "display_url": "pic.twitter.com/afjPIwom8m",
                        "id_str": "801489685059141635",
                        "sizes": {
                            "large": {
                                "w": 620,
                                "resize": "fit",
                                "h": 403
                            },
                            "medium": {
                                "w": 620,
                                "resize": "fit",
                                "h": 403
                            },
                            "small": {
                                "w": 620,
                                "resize": "fit",
                                "h": 403
                            },
                            "thumb": {
                                "w": 150,
                                "resize": "crop",
                                "h": 150
                            }
                        },
                        "media_url_https": "https://pbs.twimg.com/media/Cx92n0EXAAM3GFz.jpg",
                        "media_url": "http://pbs.twimg.com/media/Cx92n0EXAAM3GFz.jpg",
                        "type": "photo",
                        "expanded_url": "https://twitter.com/sunjournal/status/802617932702433280/photo/1"
                    }
                ],
                "symbols": [],
                "urls": [
                    {
                        "url": "https://t.co/qoDKVaW9Ja",
                        "expanded_url": "http://www.sunjournal.com/news/0001/11/30/trump-picks-charter-school-advocate-becky-devos-education-secretary/2035012",
                        "display_url": "sunjournal.com/news/0001/11/3\u2026",
                        "indices": [
                            83,
                            106
                        ]
                    }
                ],
                "user_mentions": [
                    {
                        "id_str": "25073877",
                        "id": 25073877,
                        "name": "Donald J. Trump",
                        "screen_name": "realDonaldTrump",
                        "indices": [
                            1,
                            17
                        ]
                    }
                ]
            },
            "in_reply_to_user_id_str": null,
            "created_at": "Sat Nov 26 21:00:01 +0000 2016",
            "is_quote_status": false,
            "contributors": null,
            "retweet_count": 0
        },
        {
            "favorited": false,
            "coordinates": null,
            "in_reply_to_screen_name": null,
            "id_str": "802301090595147776",
            "lang": "en",
            "place": null,
            "metadata": {
                "iso_language_code": "en",
                "result_type": "recent"
            },
            "created_at": "Sat Nov 26 00:01:00 +0000 2016",
            "text": "Donald Trump blasted John Roberts but could need his Supreme Court vote https://t.co/DFwwr962gL",
            "truncated": false,
            "source": "<a href=\"http://bufferapp.com\" rel=\"nofollow\">Buffer</a>",
            "user": {
                "profile_sidebar_fill_color": "DAECF4",
                "description": "News and conversations from Maine since 1847. Send breaking news: breaking@sunjournal.com",
                "profile_banner_url": "https://pbs.twimg.com/profile_banners/8729092/1480257563",
                "is_translator": false,
                "favourites_count": 460,
                "id_str": "8729092",
                "lang": "en",
                "profile_link_color": "1F98C7",
                "name": "Sun Journal",
                "has_extended_profile": false,
                "profile_background_image_url_https": "https://abs.twimg.com/images/themes/theme2/bg.gif",
                "statuses_count": 57357,
                "created_at": "Fri Sep 07 17:48:02 +0000 2007",
                "screen_name": "sunjournal",
                "notifications": false,
                "listed_count": 530,
                "profile_background_color": "C6E2EE",
                "profile_text_color": "663B12",
                "profile_background_image_url": "http://abs.twimg.com/images/themes/theme2/bg.gif",
                "geo_enabled": true,
                "default_profile": false,
                "is_translation_enabled": false,
                "id": 8729092,
                "verified": false,
                "follow_request_sent": false,
                "profile_use_background_image": true,
                "utc_offset": -18000,
                "location": "Lewiston/Auburn, Maine",
                "protected": false,
                "following": false,
                "translator_type": "none",
                "entities": {
                    "description": {
                        "urls": []
                    },
                    "url": {
                        "urls": [
                            {
                                "url": "http://t.co/g6rua9MqV4",
                                "expanded_url": "http://www.sunjournal.com",
                                "display_url": "sunjournal.com",
                                "indices": [
                                    0,
                                    22
                                ]
                            }
                        ]
                    }
                },
                "profile_image_url": "http://pbs.twimg.com/profile_images/707249051130003456/KfksyOzx_normal.jpg",
                "profile_background_tile": false,
                "profile_image_url_https": "https://pbs.twimg.com/profile_images/707249051130003456/KfksyOzx_normal.jpg",
                "default_profile_image": false,
                "time_zone": "Eastern Time (US & Canada)",
                "friends_count": 2483,
                "url": "http://t.co/g6rua9MqV4",
                "profile_sidebar_border_color": "C6E2EE",
                "contributors_enabled": false,
                "followers_count": 28099
            },
            "in_reply_to_status_id_str": null,
            "id": 802301090595147776,
            "possibly_sensitive": false,
            "in_reply_to_status_id": null,
            "geo": null,
            "in_reply_to_user_id": null,
            "favorite_count": 0,
            "entities": {
                "hashtags": [],
                "symbols": [],
                "urls": [
                    {
                        "url": "https://t.co/DFwwr962gL",
                        "expanded_url": "http://ift.tt/2fzdX7b",
                        "display_url": "ift.tt/2fzdX7b",
                        "indices": [
                            72,
                            95
                        ]
                    }
                ],
                "user_mentions": []
            },
            "in_reply_to_user_id_str": null,
            "retweeted": false,
            "is_quote_status": false,
            "contributors": null,
            "retweet_count": 0
        }
    ]
}