{
    "search_metadata": {
        "query": "Trump+from%3ASuntimes+since%3A2016-11-26+until%3A2016-11-27+filter%3Alinks+-%40Suntimes",
        "since_id_str": "0",
        "max_id_str": "803059822509903874",
        "since_id": 0,
        "max_id": 803059822509903874,
        "completed_in": 0.04,
        "count": 100,
        "refresh_url": "?since_id=803059822509903874&q=Trump%20from%3ASuntimes%20since%3A2016-11-26%20until%3A2016-11-27%20filter%3Alinks%20-%40Suntimes&include_entities=1"
    },
    "statuses": []
}