{
    "search_metadata": {
        "query": "Trump+from%3Atheadvocatebr+since%3A2016-11-26+until%3A2016-11-27+filter%3Alinks+-%40theadvocatebr",
        "since_id_str": "0",
        "max_id_str": "803059831653289985",
        "since_id": 0,
        "max_id": 803059831653289985,
        "completed_in": 0.023,
        "count": 100,
        "refresh_url": "?since_id=803059831653289985&q=Trump%20from%3Atheadvocatebr%20since%3A2016-11-26%20until%3A2016-11-27%20filter%3Alinks%20-%40theadvocatebr&include_entities=1"
    },
    "statuses": []
}