{
    "search_metadata": {
        "query": "Trump+from%3ATucsonStar+since%3A2016-11-26+until%3A2016-11-27+filter%3Alinks+-%40TucsonStar",
        "since_id_str": "0",
        "max_id_str": "802659462448222208",
        "since_id": 0,
        "max_id": 802659462448222208,
        "completed_in": 0.036,
        "count": 100,
        "refresh_url": "?since_id=802659462448222208&q=Trump%20from%3ATucsonStar%20since%3A2016-11-26%20until%3A2016-11-27%20filter%3Alinks%20-%40TucsonStar&include_entities=1"
    },
    "statuses": [
        {
            "favorited": false,
            "coordinates": null,
            "in_reply_to_screen_name": null,
            "id_str": "802659462448222208",
            "lang": "en",
            "place": null,
            "favorite_count": 3,
            "extended_entities": {
                "media": [
                    {
                        "id": 802659461013770240,
                        "url": "https://t.co/6D8siMlrwm",
                        "indices": [
                            85,
                            108
                        ],
                        "display_url": "pic.twitter.com/6D8siMlrwm",
                        "id_str": "802659461013770240",
                        "sizes": {
                            "large": {
                                "w": 620,
                                "resize": "fit",
                                "h": 442
                            },
                            "medium": {
                                "w": 620,
                                "resize": "fit",
                                "h": 442
                            },
                            "small": {
                                "w": 620,
                                "resize": "fit",
                                "h": 442
                            },
                            "thumb": {
                                "w": 150,
                                "resize": "crop",
                                "h": 150
                            }
                        },
                        "media_url_https": "https://pbs.twimg.com/media/CyOehvFVEAA5nIt.jpg",
                        "media_url": "http://pbs.twimg.com/media/CyOehvFVEAA5nIt.jpg",
                        "type": "photo",
                        "expanded_url": "https://twitter.com/TucsonStar/status/802659462448222208/photo/1"
                    }
                ]
            },
            "text": "Trump, Sanders campaigns won't pay bills for Tucson security https://t.co/R85OxcHrIw https://t.co/6D8siMlrwm",
            "truncated": false,
            "source": "<a href=\"http://tucson.com/\" rel=\"nofollow\">StarNet Labs</a>",
            "user": {
                "profile_sidebar_fill_color": "FFFFFF",
                "description": "The Arizona Daily Star is Tucson's main source for local news. We cover the issues that Southern Arizonans care about most.",
                "profile_banner_url": "https://pbs.twimg.com/profile_banners/3952661/1405105163",
                "is_translator": false,
                "favourites_count": 332,
                "id_str": "3952661",
                "lang": "en",
                "profile_link_color": "B87333",
                "name": "Arizona Daily Star",
                "has_extended_profile": false,
                "profile_background_image_url_https": "https://pbs.twimg.com/profile_background_images/1347572/sn_background1.gif",
                "statuses_count": 108162,
                "created_at": "Mon Apr 09 23:04:05 +0000 2007",
                "screen_name": "TucsonStar",
                "notifications": false,
                "listed_count": 882,
                "profile_background_color": "FFFFFF",
                "profile_text_color": "000000",
                "profile_background_image_url": "http://pbs.twimg.com/profile_background_images/1347572/sn_background1.gif",
                "geo_enabled": true,
                "default_profile": false,
                "is_translation_enabled": false,
                "id": 3952661,
                "verified": true,
                "follow_request_sent": false,
                "profile_use_background_image": false,
                "utc_offset": -25200,
                "location": "Tucson, Arizona",
                "protected": false,
                "following": false,
                "translator_type": "none",
                "entities": {
                    "description": {
                        "urls": []
                    },
                    "url": {
                        "urls": [
                            {
                                "url": "http://t.co/ZGB0gZXZ56",
                                "expanded_url": "http://tucson.com",
                                "display_url": "tucson.com",
                                "indices": [
                                    0,
                                    22
                                ]
                            }
                        ]
                    }
                },
                "profile_image_url": "http://pbs.twimg.com/profile_images/543482959592828928/_-9aHXUq_normal.png",
                "profile_background_tile": true,
                "profile_image_url_https": "https://pbs.twimg.com/profile_images/543482959592828928/_-9aHXUq_normal.png",
                "default_profile_image": false,
                "time_zone": "Arizona",
                "friends_count": 4961,
                "url": "http://t.co/ZGB0gZXZ56",
                "profile_sidebar_border_color": "FFFFFF",
                "contributors_enabled": false,
                "followers_count": 47976
            },
            "in_reply_to_status_id_str": null,
            "id": 802659462448222208,
            "possibly_sensitive": false,
            "in_reply_to_status_id": null,
            "geo": null,
            "retweeted": false,
            "in_reply_to_user_id": null,
            "metadata": {
                "iso_language_code": "en",
                "result_type": "recent"
            },
            "entities": {
                "hashtags": [],
                "media": [
                    {
                        "id": 802659461013770240,
                        "url": "https://t.co/6D8siMlrwm",
                        "indices": [
                            85,
                            108
                        ],
                        "display_url": "pic.twitter.com/6D8siMlrwm",
                        "id_str": "802659461013770240",
                        "sizes": {
                            "large": {
                                "w": 620,
                                "resize": "fit",
                                "h": 442
                            },
                            "medium": {
                                "w": 620,
                                "resize": "fit",
                                "h": 442
                            },
                            "small": {
                                "w": 620,
                                "resize": "fit",
                                "h": 442
                            },
                            "thumb": {
                                "w": 150,
                                "resize": "crop",
                                "h": 150
                            }
                        },
                        "media_url_https": "https://pbs.twimg.com/media/CyOehvFVEAA5nIt.jpg",
                        "media_url": "http://pbs.twimg.com/media/CyOehvFVEAA5nIt.jpg",
                        "type": "photo",
                        "expanded_url": "https://twitter.com/TucsonStar/status/802659462448222208/photo/1"
                    }
                ],
                "symbols": [],
                "urls": [
                    {
                        "url": "https://t.co/R85OxcHrIw",
                        "expanded_url": "http://tucne.ws/ftl",
                        "display_url": "tucne.ws/ftl",
                        "indices": [
                            61,
                            84
                        ]
                    }
                ],
                "user_mentions": []
            },
            "in_reply_to_user_id_str": null,
            "created_at": "Sat Nov 26 23:45:03 +0000 2016",
            "is_quote_status": false,
            "contributors": null,
            "retweet_count": 2
        },
        {
            "favorited": false,
            "coordinates": null,
            "in_reply_to_screen_name": null,
            "id_str": "802643115798458368",
            "lang": "en",
            "place": null,
            "favorite_count": 1,
            "extended_entities": {
                "media": [
                    {
                        "id": 802643113651019776,
                        "url": "https://t.co/WIn70rGG1V",
                        "indices": [
                            89,
                            112
                        ],
                        "display_url": "pic.twitter.com/WIn70rGG1V",
                        "id_str": "802643113651019776",
                        "sizes": {
                            "large": {
                                "w": 620,
                                "resize": "fit",
                                "h": 442
                            },
                            "medium": {
                                "w": 620,
                                "resize": "fit",
                                "h": 442
                            },
                            "small": {
                                "w": 620,
                                "resize": "fit",
                                "h": 442
                            },
                            "thumb": {
                                "w": 150,
                                "resize": "crop",
                                "h": 150
                            }
                        },
                        "media_url_https": "https://pbs.twimg.com/media/CyOPqMaVIAAHnx7.jpg",
                        "media_url": "http://pbs.twimg.com/media/CyOPqMaVIAAHnx7.jpg",
                        "type": "photo",
                        "expanded_url": "https://twitter.com/TucsonStar/status/802643115798458368/photo/1"
                    }
                ]
            },
            "text": "Trump, Sanders campaigns won't be paying city bills for security https://t.co/R85OxcHrIw https://t.co/WIn70rGG1V",
            "truncated": false,
            "source": "<a href=\"http://tucson.com/\" rel=\"nofollow\">StarNet Labs</a>",
            "user": {
                "profile_sidebar_fill_color": "FFFFFF",
                "description": "The Arizona Daily Star is Tucson's main source for local news. We cover the issues that Southern Arizonans care about most.",
                "profile_banner_url": "https://pbs.twimg.com/profile_banners/3952661/1405105163",
                "is_translator": false,
                "favourites_count": 332,
                "id_str": "3952661",
                "lang": "en",
                "profile_link_color": "B87333",
                "name": "Arizona Daily Star",
                "has_extended_profile": false,
                "profile_background_image_url_https": "https://pbs.twimg.com/profile_background_images/1347572/sn_background1.gif",
                "statuses_count": 108162,
                "created_at": "Mon Apr 09 23:04:05 +0000 2007",
                "screen_name": "TucsonStar",
                "notifications": false,
                "listed_count": 882,
                "profile_background_color": "FFFFFF",
                "profile_text_color": "000000",
                "profile_background_image_url": "http://pbs.twimg.com/profile_background_images/1347572/sn_background1.gif",
                "geo_enabled": true,
                "default_profile": false,
                "is_translation_enabled": false,
                "id": 3952661,
                "verified": true,
                "follow_request_sent": false,
                "profile_use_background_image": false,
                "utc_offset": -25200,
                "location": "Tucson, Arizona",
                "protected": false,
                "following": false,
                "translator_type": "none",
                "entities": {
                    "description": {
                        "urls": []
                    },
                    "url": {
                        "urls": [
                            {
                                "url": "http://t.co/ZGB0gZXZ56",
                                "expanded_url": "http://tucson.com",
                                "display_url": "tucson.com",
                                "indices": [
                                    0,
                                    22
                                ]
                            }
                        ]
                    }
                },
                "profile_image_url": "http://pbs.twimg.com/profile_images/543482959592828928/_-9aHXUq_normal.png",
                "profile_background_tile": true,
                "profile_image_url_https": "https://pbs.twimg.com/profile_images/543482959592828928/_-9aHXUq_normal.png",
                "default_profile_image": false,
                "time_zone": "Arizona",
                "friends_count": 4961,
                "url": "http://t.co/ZGB0gZXZ56",
                "profile_sidebar_border_color": "FFFFFF",
                "contributors_enabled": false,
                "followers_count": 47976
            },
            "in_reply_to_status_id_str": null,
            "id": 802643115798458368,
            "possibly_sensitive": false,
            "in_reply_to_status_id": null,
            "geo": null,
            "retweeted": false,
            "in_reply_to_user_id": null,
            "metadata": {
                "iso_language_code": "en",
                "result_type": "recent"
            },
            "entities": {
                "hashtags": [],
                "media": [
                    {
                        "id": 802643113651019776,
                        "url": "https://t.co/WIn70rGG1V",
                        "indices": [
                            89,
                            112
                        ],
                        "display_url": "pic.twitter.com/WIn70rGG1V",
                        "id_str": "802643113651019776",
                        "sizes": {
                            "large": {
                                "w": 620,
                                "resize": "fit",
                                "h": 442
                            },
                            "medium": {
                                "w": 620,
                                "resize": "fit",
                                "h": 442
                            },
                            "small": {
                                "w": 620,
                                "resize": "fit",
                                "h": 442
                            },
                            "thumb": {
                                "w": 150,
                                "resize": "crop",
                                "h": 150
                            }
                        },
                        "media_url_https": "https://pbs.twimg.com/media/CyOPqMaVIAAHnx7.jpg",
                        "media_url": "http://pbs.twimg.com/media/CyOPqMaVIAAHnx7.jpg",
                        "type": "photo",
                        "expanded_url": "https://twitter.com/TucsonStar/status/802643115798458368/photo/1"
                    }
                ],
                "symbols": [],
                "urls": [
                    {
                        "url": "https://t.co/R85OxcHrIw",
                        "expanded_url": "http://tucne.ws/ftl",
                        "display_url": "tucne.ws/ftl",
                        "indices": [
                            65,
                            88
                        ]
                    }
                ],
                "user_mentions": []
            },
            "in_reply_to_user_id_str": null,
            "created_at": "Sat Nov 26 22:40:05 +0000 2016",
            "is_quote_status": false,
            "contributors": null,
            "retweet_count": 1
        },
        {
            "favorited": false,
            "coordinates": null,
            "in_reply_to_screen_name": null,
            "id_str": "802609136772923392",
            "lang": "en",
            "place": null,
            "favorite_count": 17,
            "extended_entities": {
                "media": [
                    {
                        "id": 802609134914838528,
                        "url": "https://t.co/aBdNZoilUp",
                        "indices": [
                            96,
                            119
                        ],
                        "display_url": "pic.twitter.com/aBdNZoilUp",
                        "id_str": "802609134914838528",
                        "sizes": {
                            "large": {
                                "w": 512,
                                "resize": "fit",
                                "h": 341
                            },
                            "medium": {
                                "w": 512,
                                "resize": "fit",
                                "h": 341
                            },
                            "small": {
                                "w": 512,
                                "resize": "fit",
                                "h": 341
                            },
                            "thumb": {
                                "w": 150,
                                "resize": "crop",
                                "h": 150
                            }
                        },
                        "media_url_https": "https://pbs.twimg.com/media/CyNwwXwVIAAitx9.jpg",
                        "media_url": "http://pbs.twimg.com/media/CyNwwXwVIAAitx9.jpg",
                        "type": "photo",
                        "expanded_url": "https://twitter.com/TucsonStar/status/802609136772923392/photo/1"
                    }
                ]
            },
            "text": "Riding high after Trump win, State Treasurer DeWit says Arizona is home https://t.co/mRwf5Hzr16 https://t.co/aBdNZoilUp",
            "truncated": false,
            "source": "<a href=\"http://tucson.com/\" rel=\"nofollow\">StarNet Labs</a>",
            "user": {
                "profile_sidebar_fill_color": "FFFFFF",
                "description": "The Arizona Daily Star is Tucson's main source for local news. We cover the issues that Southern Arizonans care about most.",
                "profile_banner_url": "https://pbs.twimg.com/profile_banners/3952661/1405105163",
                "is_translator": false,
                "favourites_count": 332,
                "id_str": "3952661",
                "lang": "en",
                "profile_link_color": "B87333",
                "name": "Arizona Daily Star",
                "has_extended_profile": false,
                "profile_background_image_url_https": "https://pbs.twimg.com/profile_background_images/1347572/sn_background1.gif",
                "statuses_count": 108162,
                "created_at": "Mon Apr 09 23:04:05 +0000 2007",
                "screen_name": "TucsonStar",
                "notifications": false,
                "listed_count": 882,
                "profile_background_color": "FFFFFF",
                "profile_text_color": "000000",
                "profile_background_image_url": "http://pbs.twimg.com/profile_background_images/1347572/sn_background1.gif",
                "geo_enabled": true,
                "default_profile": false,
                "is_translation_enabled": false,
                "id": 3952661,
                "verified": true,
                "follow_request_sent": false,
                "profile_use_background_image": false,
                "utc_offset": -25200,
                "location": "Tucson, Arizona",
                "protected": false,
                "following": false,
                "translator_type": "none",
                "entities": {
                    "description": {
                        "urls": []
                    },
                    "url": {
                        "urls": [
                            {
                                "url": "http://t.co/ZGB0gZXZ56",
                                "expanded_url": "http://tucson.com",
                                "display_url": "tucson.com",
                                "indices": [
                                    0,
                                    22
                                ]
                            }
                        ]
                    }
                },
                "profile_image_url": "http://pbs.twimg.com/profile_images/543482959592828928/_-9aHXUq_normal.png",
                "profile_background_tile": true,
                "profile_image_url_https": "https://pbs.twimg.com/profile_images/543482959592828928/_-9aHXUq_normal.png",
                "default_profile_image": false,
                "time_zone": "Arizona",
                "friends_count": 4961,
                "url": "http://t.co/ZGB0gZXZ56",
                "profile_sidebar_border_color": "FFFFFF",
                "contributors_enabled": false,
                "followers_count": 47976
            },
            "in_reply_to_status_id_str": null,
            "id": 802609136772923392,
            "possibly_sensitive": false,
            "in_reply_to_status_id": null,
            "geo": null,
            "retweeted": false,
            "in_reply_to_user_id": null,
            "metadata": {
                "iso_language_code": "en",
                "result_type": "recent"
            },
            "entities": {
                "hashtags": [],
                "media": [
                    {
                        "id": 802609134914838528,
                        "url": "https://t.co/aBdNZoilUp",
                        "indices": [
                            96,
                            119
                        ],
                        "display_url": "pic.twitter.com/aBdNZoilUp",
                        "id_str": "802609134914838528",
                        "sizes": {
                            "large": {
                                "w": 512,
                                "resize": "fit",
                                "h": 341
                            },
                            "medium": {
                                "w": 512,
                                "resize": "fit",
                                "h": 341
                            },
                            "small": {
                                "w": 512,
                                "resize": "fit",
                                "h": 341
                            },
                            "thumb": {
                                "w": 150,
                                "resize": "crop",
                                "h": 150
                            }
                        },
                        "media_url_https": "https://pbs.twimg.com/media/CyNwwXwVIAAitx9.jpg",
                        "media_url": "http://pbs.twimg.com/media/CyNwwXwVIAAitx9.jpg",
                        "type": "photo",
                        "expanded_url": "https://twitter.com/TucsonStar/status/802609136772923392/photo/1"
                    }
                ],
                "symbols": [],
                "urls": [
                    {
                        "url": "https://t.co/mRwf5Hzr16",
                        "expanded_url": "http://tucne.ws/fta",
                        "display_url": "tucne.ws/fta",
                        "indices": [
                            72,
                            95
                        ]
                    }
                ],
                "user_mentions": []
            },
            "in_reply_to_user_id_str": null,
            "created_at": "Sat Nov 26 20:25:04 +0000 2016",
            "is_quote_status": false,
            "contributors": null,
            "retweet_count": 8
        }
    ]
}