{
    "statuses": [],
    "search_metadata": {
        "refresh_url": "?since_id=803426643717091332&q=from%3ADeseretNews%20filter%3Alinks%20since%3A2016-11-25%20until%3A2016-11-26%20Cuba%20OR%20Cubans%20OR%20Castro%20or%20Fidel%20-%40DeseretNews&include_entities=1",
        "since_id_str": "0",
        "query": "from%3ADeseretNews+filter%3Alinks+since%3A2016-11-25+until%3A2016-11-26+Cuba+OR+Cubans+OR+Castro+or+Fidel+-%40DeseretNews",
        "completed_in": 0.013,
        "count": 100,
        "max_id": 803426643717091332,
        "max_id_str": "803426643717091332",
        "since_id": 0
    }
}