{
    "statuses": [],
    "search_metadata": {
        "refresh_url": "?since_id=803426639866720260&q=from%3Anewssentinel%20filter%3Alinks%20since%3A2016-11-25%20until%3A2016-11-26%20Cuba%20OR%20Cubans%20OR%20Castro%20or%20Fidel%20-%40newssentinel&include_entities=1",
        "since_id_str": "0",
        "query": "from%3Anewssentinel+filter%3Alinks+since%3A2016-11-25+until%3A2016-11-26+Cuba+OR+Cubans+OR+Castro+or+Fidel+-%40newssentinel",
        "completed_in": 0.014,
        "count": 100,
        "max_id": 803426639866720260,
        "max_id_str": "803426639866720260",
        "since_id": 0
    }
}