{
    "statuses": [],
    "search_metadata": {
        "refresh_url": "?since_id=803426630542721024&q=from%3APhillyInquirer%20filter%3Alinks%20since%3A2016-11-25%20until%3A2016-11-26%20Cuba%20OR%20Cubans%20OR%20Castro%20or%20Fidel%20-%40PhillyInquirer&include_entities=1",
        "since_id_str": "0",
        "query": "from%3APhillyInquirer+filter%3Alinks+since%3A2016-11-25+until%3A2016-11-26+Cuba+OR+Cubans+OR+Castro+or+Fidel+-%40PhillyInquirer",
        "completed_in": 0.042,
        "count": 100,
        "max_id": 803426630542721024,
        "max_id_str": "803426630542721024",
        "since_id": 0
    }
}