{
    "statuses": [],
    "search_metadata": {
        "refresh_url": "?since_id=803421509611991040&q=from%3AStarTribune%20filter%3Alinks%20since%3A2016-11-25%20until%3A2016-11-26%20Cuba%20OR%20Cubans%20OR%20Castro%20or%20Fidel%20-%40StarTribune&include_entities=1",
        "max_id_str": "803421509611991040",
        "count": 100,
        "since_id": 0,
        "query": "from%3AStarTribune+filter%3Alinks+since%3A2016-11-25+until%3A2016-11-26+Cuba+OR+Cubans+OR+Castro+or+Fidel+-%40StarTribune",
        "since_id_str": "0",
        "completed_in": 0.031,
        "max_id": 803421509611991040
    }
}