{
    "statuses": [],
    "search_metadata": {
        "refresh_url": "?since_id=803421543934136324&q=from%3Atheforum%20filter%3Alinks%20since%3A2016-11-25%20until%3A2016-11-26%20Cuba%20OR%20Cubans%20OR%20Castro%20or%20Fidel%20-%40theforum&include_entities=1",
        "max_id_str": "803421543934136324",
        "count": 100,
        "since_id": 0,
        "query": "from%3Atheforum+filter%3Alinks+since%3A2016-11-25+until%3A2016-11-26+Cuba+OR+Cubans+OR+Castro+or+Fidel+-%40theforum",
        "since_id_str": "0",
        "completed_in": 0.017,
        "max_id": 803421543934136324
    }
}