{
    "search_metadata": {
        "query": "Trump+from%3Aajc+since%3A2016-11-26+until%3A2016-11-27+filter%3Alinks+-%40ajc",
        "since_id_str": "0",
        "max_id_str": "802455598671548416",
        "since_id": 0,
        "max_id": 802455598671548416,
        "completed_in": 0.044,
        "count": 100,
        "refresh_url": "?since_id=802455598671548416&q=Trump%20from%3Aajc%20since%3A2016-11-26%20until%3A2016-11-27%20filter%3Alinks%20-%40ajc&include_entities=1"
    },
    "statuses": [
        {
            "favorited": false,
            "coordinates": null,
            "in_reply_to_screen_name": null,
            "id_str": "802455598671548416",
            "lang": "en",
            "place": null,
            "favorite_count": 2,
            "extended_entities": {
                "media": [
                    {
                        "id": 802455596452679680,
                        "url": "https://t.co/yAbuXu34YE",
                        "indices": [
                            87,
                            110
                        ],
                        "display_url": "pic.twitter.com/yAbuXu34YE",
                        "id_str": "802455596452679680",
                        "sizes": {
                            "large": {
                                "w": 1024,
                                "resize": "fit",
                                "h": 696
                            },
                            "medium": {
                                "w": 1024,
                                "resize": "fit",
                                "h": 696
                            },
                            "small": {
                                "w": 680,
                                "resize": "fit",
                                "h": 462
                            },
                            "thumb": {
                                "w": 150,
                                "resize": "crop",
                                "h": 150
                            }
                        },
                        "media_url_https": "https://pbs.twimg.com/media/CyLlHQaWEAAMeOC.jpg",
                        "media_url": "http://pbs.twimg.com/media/CyLlHQaWEAAMeOC.jpg",
                        "type": "photo",
                        "expanded_url": "https://twitter.com/ajc/status/802455598671548416/photo/1"
                    }
                ]
            },
            "text": "Trump may break another tradition \u2014 No pets in the White House https://t.co/h8y4EGe6uq https://t.co/yAbuXu34YE",
            "truncated": false,
            "source": "<a href=\"http://www.socialflow.com\" rel=\"nofollow\">SocialFlow</a>",
            "user": {
                "profile_sidebar_fill_color": "F0F5ED",
                "description": "Atlanta's best source for news.",
                "profile_banner_url": "https://pbs.twimg.com/profile_banners/4170491/1425070056",
                "is_translator": false,
                "favourites_count": 336,
                "id_str": "4170491",
                "lang": "en",
                "profile_link_color": "00539B",
                "name": "AJC",
                "has_extended_profile": false,
                "profile_background_image_url_https": "https://pbs.twimg.com/profile_background_images/378800000091127693/6d3a47ce57110dc1a703b0110831c19e.jpeg",
                "statuses_count": 155958,
                "created_at": "Wed Apr 11 12:50:15 +0000 2007",
                "screen_name": "ajc",
                "notifications": false,
                "listed_count": 4576,
                "profile_background_color": "00539B",
                "profile_text_color": "333333",
                "profile_background_image_url": "http://pbs.twimg.com/profile_background_images/378800000091127693/6d3a47ce57110dc1a703b0110831c19e.jpeg",
                "geo_enabled": true,
                "default_profile": false,
                "is_translation_enabled": false,
                "id": 4170491,
                "verified": true,
                "follow_request_sent": false,
                "profile_use_background_image": false,
                "utc_offset": -18000,
                "location": "Atlanta, GA",
                "protected": false,
                "following": false,
                "translator_type": "regular",
                "entities": {
                    "description": {
                        "urls": []
                    },
                    "url": {
                        "urls": [
                            {
                                "url": "http://t.co/EvK8XZMw4P",
                                "expanded_url": "http://www.ajc.com",
                                "display_url": "ajc.com",
                                "indices": [
                                    0,
                                    22
                                ]
                            }
                        ]
                    }
                },
                "profile_image_url": "http://pbs.twimg.com/profile_images/667060822930145280/ZFty7bte_normal.jpg",
                "profile_background_tile": false,
                "profile_image_url_https": "https://pbs.twimg.com/profile_images/667060822930145280/ZFty7bte_normal.jpg",
                "default_profile_image": false,
                "time_zone": "Eastern Time (US & Canada)",
                "friends_count": 58284,
                "url": "http://t.co/EvK8XZMw4P",
                "profile_sidebar_border_color": "FFFFFF",
                "contributors_enabled": false,
                "followers_count": 611788
            },
            "in_reply_to_status_id_str": null,
            "id": 802455598671548416,
            "possibly_sensitive": false,
            "in_reply_to_status_id": null,
            "geo": null,
            "retweeted": false,
            "in_reply_to_user_id": null,
            "metadata": {
                "iso_language_code": "en",
                "result_type": "recent"
            },
            "entities": {
                "hashtags": [],
                "media": [
                    {
                        "id": 802455596452679680,
                        "url": "https://t.co/yAbuXu34YE",
                        "indices": [
                            87,
                            110
                        ],
                        "display_url": "pic.twitter.com/yAbuXu34YE",
                        "id_str": "802455596452679680",
                        "sizes": {
                            "large": {
                                "w": 1024,
                                "resize": "fit",
                                "h": 696
                            },
                            "medium": {
                                "w": 1024,
                                "resize": "fit",
                                "h": 696
                            },
                            "small": {
                                "w": 680,
                                "resize": "fit",
                                "h": 462
                            },
                            "thumb": {
                                "w": 150,
                                "resize": "crop",
                                "h": 150
                            }
                        },
                        "media_url_https": "https://pbs.twimg.com/media/CyLlHQaWEAAMeOC.jpg",
                        "media_url": "http://pbs.twimg.com/media/CyLlHQaWEAAMeOC.jpg",
                        "type": "photo",
                        "expanded_url": "https://twitter.com/ajc/status/802455598671548416/photo/1"
                    }
                ],
                "symbols": [],
                "urls": [
                    {
                        "url": "https://t.co/h8y4EGe6uq",
                        "expanded_url": "http://on-ajc.com/2gfI41P",
                        "display_url": "on-ajc.com/2gfI41P",
                        "indices": [
                            63,
                            86
                        ]
                    }
                ],
                "user_mentions": []
            },
            "in_reply_to_user_id_str": null,
            "created_at": "Sat Nov 26 10:14:58 +0000 2016",
            "is_quote_status": false,
            "contributors": null,
            "retweet_count": 0
        }
    ]
}