{
    "search_metadata": {
        "query": "Trump+from%3ABaltimore_Times+since%3A2016-11-26+until%3A2016-11-27+filter%3Alinks+-%40Baltimore_Times",
        "since_id_str": "0",
        "max_id_str": "803059834476253184",
        "since_id": 0,
        "max_id": 803059834476253184,
        "completed_in": 0.017,
        "count": 100,
        "refresh_url": "?since_id=803059834476253184&q=Trump%20from%3ABaltimore_Times%20since%3A2016-11-26%20until%3A2016-11-27%20filter%3Alinks%20-%40Baltimore_Times&include_entities=1"
    },
    "statuses": []
}