{
    "search_metadata": {
        "query": "Trump+from%3Aclarionledger+since%3A2016-11-26+until%3A2016-11-27+filter%3Alinks+-%40clarionledger",
        "since_id_str": "0",
        "max_id_str": "803059837370142721",
        "since_id": 0,
        "max_id": 803059837370142721,
        "completed_in": 0.032,
        "count": 100,
        "refresh_url": "?since_id=803059837370142721&q=Trump%20from%3Aclarionledger%20since%3A2016-11-26%20until%3A2016-11-27%20filter%3Alinks%20-%40clarionledger&include_entities=1"
    },
    "statuses": []
}