{
    "search_metadata": {
        "query": "Trump+from%3Acourierjournal+since%3A2016-11-26+until%3A2016-11-27+filter%3Alinks+-%40courierjournal",
        "since_id_str": "0",
        "max_id_str": "803059829505982464",
        "since_id": 0,
        "max_id": 803059829505982464,
        "completed_in": 0.015,
        "count": 100,
        "refresh_url": "?since_id=803059829505982464&q=Trump%20from%3Acourierjournal%20since%3A2016-11-26%20until%3A2016-11-27%20filter%3Alinks%20-%40courierjournal&include_entities=1"
    },
    "statuses": []
}