{
    "search_metadata": {
        "query": "Trump+from%3Acsgazette+since%3A2016-11-26+until%3A2016-11-27+filter%3Alinks+-%40csgazette",
        "since_id_str": "0",
        "max_id_str": "802518634421690369",
        "since_id": 0,
        "max_id": 802518634421690369,
        "completed_in": 0.02,
        "count": 100,
        "refresh_url": "?since_id=802518634421690369&q=Trump%20from%3Acsgazette%20since%3A2016-11-26%20until%3A2016-11-27%20filter%3Alinks%20-%40csgazette&include_entities=1"
    },
    "statuses": [
        {
            "favorited": false,
            "coordinates": null,
            "in_reply_to_screen_name": null,
            "id_str": "802518634421690369",
            "lang": "en",
            "place": null,
            "favorite_count": 1,
            "extended_entities": {
                "media": [
                    {
                        "id": 802518632941178880,
                        "url": "https://t.co/YKJdwo5uIE",
                        "indices": [
                            85,
                            108
                        ],
                        "display_url": "pic.twitter.com/YKJdwo5uIE",
                        "id_str": "802518632941178880",
                        "sizes": {
                            "large": {
                                "w": 620,
                                "resize": "fit",
                                "h": 419
                            },
                            "medium": {
                                "w": 620,
                                "resize": "fit",
                                "h": 419
                            },
                            "small": {
                                "w": 620,
                                "resize": "fit",
                                "h": 419
                            },
                            "thumb": {
                                "w": 150,
                                "resize": "crop",
                                "h": 150
                            }
                        },
                        "media_url_https": "https://pbs.twimg.com/media/CyMecdoXUAA-WDw.jpg",
                        "media_url": "http://pbs.twimg.com/media/CyMecdoXUAA-WDw.jpg",
                        "type": "photo",
                        "expanded_url": "https://twitter.com/csgazette/status/802518634421690369/photo/1"
                    }
                ]
            },
            "text": "With recounts looming, #Trump adds new administration picks: https://t.co/8W1m6aZoE2 https://t.co/YKJdwo5uIE",
            "truncated": false,
            "source": "<a href=\"http://www.socialnewsdesk.com\" rel=\"nofollow\">SocialNewsDesk</a>",
            "user": {
                "profile_sidebar_fill_color": "EFEFEF",
                "description": "2014 Pulitzer Prize winner and #Colorado's second-largest newspaper, delivering the news from #COSprings. News tips:  https://t.co/oysvESA2t5",
                "profile_banner_url": "https://pbs.twimg.com/profile_banners/12837932/1432672048",
                "is_translator": false,
                "favourites_count": 466,
                "id_str": "12837932",
                "lang": "en",
                "profile_link_color": "009999",
                "name": "The Gazette",
                "has_extended_profile": false,
                "profile_background_image_url_https": "https://abs.twimg.com/images/themes/theme14/bg.gif",
                "statuses_count": 124151,
                "created_at": "Tue Jan 29 17:46:48 +0000 2008",
                "screen_name": "csgazette",
                "notifications": false,
                "listed_count": 1049,
                "profile_background_color": "131516",
                "profile_text_color": "333333",
                "profile_background_image_url": "http://abs.twimg.com/images/themes/theme14/bg.gif",
                "geo_enabled": true,
                "default_profile": false,
                "is_translation_enabled": false,
                "id": 12837932,
                "verified": true,
                "follow_request_sent": false,
                "profile_use_background_image": true,
                "utc_offset": -25200,
                "location": "Colorado Springs",
                "protected": false,
                "following": false,
                "translator_type": "none",
                "entities": {
                    "description": {
                        "urls": [
                            {
                                "url": "https://t.co/oysvESA2t5",
                                "expanded_url": "http://gazette.com/newstip",
                                "display_url": "gazette.com/newstip",
                                "indices": [
                                    118,
                                    141
                                ]
                            }
                        ]
                    },
                    "url": {
                        "urls": [
                            {
                                "url": "http://t.co/wQTvR4mDC8",
                                "expanded_url": "http://www.gazette.com",
                                "display_url": "gazette.com",
                                "indices": [
                                    0,
                                    22
                                ]
                            }
                        ]
                    }
                },
                "profile_image_url": "http://pbs.twimg.com/profile_images/704378890030952448/qDdbY0RO_normal.jpg",
                "profile_background_tile": true,
                "profile_image_url_https": "https://pbs.twimg.com/profile_images/704378890030952448/qDdbY0RO_normal.jpg",
                "default_profile_image": false,
                "time_zone": "Mountain Time (US & Canada)",
                "friends_count": 2850,
                "url": "http://t.co/wQTvR4mDC8",
                "profile_sidebar_border_color": "FFFFFF",
                "contributors_enabled": false,
                "followers_count": 48416
            },
            "in_reply_to_status_id_str": null,
            "id": 802518634421690369,
            "possibly_sensitive": false,
            "in_reply_to_status_id": null,
            "geo": null,
            "retweeted": false,
            "in_reply_to_user_id": null,
            "metadata": {
                "iso_language_code": "en",
                "result_type": "recent"
            },
            "entities": {
                "hashtags": [
                    {
                        "indices": [
                            23,
                            29
                        ],
                        "text": "Trump"
                    }
                ],
                "media": [
                    {
                        "id": 802518632941178880,
                        "url": "https://t.co/YKJdwo5uIE",
                        "indices": [
                            85,
                            108
                        ],
                        "display_url": "pic.twitter.com/YKJdwo5uIE",
                        "id_str": "802518632941178880",
                        "sizes": {
                            "large": {
                                "w": 620,
                                "resize": "fit",
                                "h": 419
                            },
                            "medium": {
                                "w": 620,
                                "resize": "fit",
                                "h": 419
                            },
                            "small": {
                                "w": 620,
                                "resize": "fit",
                                "h": 419
                            },
                            "thumb": {
                                "w": 150,
                                "resize": "crop",
                                "h": 150
                            }
                        },
                        "media_url_https": "https://pbs.twimg.com/media/CyMecdoXUAA-WDw.jpg",
                        "media_url": "http://pbs.twimg.com/media/CyMecdoXUAA-WDw.jpg",
                        "type": "photo",
                        "expanded_url": "https://twitter.com/csgazette/status/802518634421690369/photo/1"
                    }
                ],
                "symbols": [],
                "urls": [
                    {
                        "url": "https://t.co/8W1m6aZoE2",
                        "expanded_url": "http://gazette.com/article/1590980",
                        "display_url": "gazette.com/article/1590980",
                        "indices": [
                            61,
                            84
                        ]
                    }
                ],
                "user_mentions": []
            },
            "in_reply_to_user_id_str": null,
            "created_at": "Sat Nov 26 14:25:27 +0000 2016",
            "is_quote_status": false,
            "contributors": null,
            "retweet_count": 0
        }
    ]
}