{
    "search_metadata": {
        "query": "Trump+from%3Adenverpost+since%3A2016-11-26+until%3A2016-11-27+filter%3Alinks+-%40denverpost",
        "since_id_str": "0",
        "max_id_str": "802421640340578304",
        "since_id": 0,
        "max_id": 802421640340578304,
        "completed_in": 0.044,
        "count": 100,
        "refresh_url": "?since_id=802421640340578304&q=Trump%20from%3Adenverpost%20since%3A2016-11-26%20until%3A2016-11-27%20filter%3Alinks%20-%40denverpost&include_entities=1"
    },
    "statuses": [
        {
            "favorited": false,
            "coordinates": null,
            "in_reply_to_screen_name": null,
            "id_str": "802421640340578304",
            "lang": "en",
            "place": null,
            "favorite_count": 3,
            "extended_entities": {
                "media": [
                    {
                        "id": 802339880600637440,
                        "url": "https://t.co/3IslXI4mEO",
                        "indices": [
                            83,
                            106
                        ],
                        "display_url": "pic.twitter.com/3IslXI4mEO",
                        "id_str": "802339880600637440",
                        "sizes": {
                            "large": {
                                "w": 796,
                                "resize": "fit",
                                "h": 530
                            },
                            "medium": {
                                "w": 796,
                                "resize": "fit",
                                "h": 530
                            },
                            "small": {
                                "w": 680,
                                "resize": "fit",
                                "h": 453
                            },
                            "thumb": {
                                "w": 150,
                                "resize": "crop",
                                "h": 150
                            }
                        },
                        "media_url_https": "https://pbs.twimg.com/media/CyJ73tRUkAA74EZ.jpg",
                        "media_url": "http://pbs.twimg.com/media/CyJ73tRUkAA74EZ.jpg",
                        "type": "photo",
                        "expanded_url": "https://twitter.com/denverpost/status/802421640340578304/photo/1"
                    }
                ]
            },
            "text": "With recounts looming, Trump adds new administration picks\nhttps://t.co/f8LDN329rF https://t.co/3IslXI4mEO",
            "truncated": false,
            "source": "<a href=\"https://about.twitter.com/products/tweetdeck\" rel=\"nofollow\">TweetDeck</a>",
            "user": {
                "profile_sidebar_fill_color": "003459",
                "description": "Colorado's source for breaking news and information. Tweets by @francieswidler @kourtneygeers @ericjlubbers @danielpetty. Send tips here or tips@denverpost.com.",
                "profile_banner_url": "https://pbs.twimg.com/profile_banners/8216772/1398475184",
                "is_translator": false,
                "favourites_count": 1131,
                "id_str": "8216772",
                "lang": "en",
                "profile_link_color": "257DDB",
                "name": "The Denver Post",
                "has_extended_profile": true,
                "profile_background_image_url_https": "https://pbs.twimg.com/profile_background_images/601920030/usz02cw4o5h6j9wgkdca.jpeg",
                "statuses_count": 143829,
                "created_at": "Thu Aug 16 04:20:09 +0000 2007",
                "screen_name": "denverpost",
                "notifications": false,
                "listed_count": 5493,
                "profile_background_color": "000000",
                "profile_text_color": "626262",
                "profile_background_image_url": "http://pbs.twimg.com/profile_background_images/601920030/usz02cw4o5h6j9wgkdca.jpeg",
                "geo_enabled": true,
                "default_profile": false,
                "is_translation_enabled": false,
                "id": 8216772,
                "verified": true,
                "follow_request_sent": false,
                "profile_use_background_image": true,
                "utc_offset": -25200,
                "location": "Denver, CO",
                "protected": false,
                "following": false,
                "translator_type": "regular",
                "entities": {
                    "description": {
                        "urls": []
                    },
                    "url": {
                        "urls": [
                            {
                                "url": "http://t.co/HvDYiwfHFX",
                                "expanded_url": "http://www.denverpost.com/",
                                "display_url": "denverpost.com",
                                "indices": [
                                    0,
                                    22
                                ]
                            }
                        ]
                    }
                },
                "profile_image_url": "http://pbs.twimg.com/profile_images/696779704150335488/yF8sCXSN_normal.jpg",
                "profile_background_tile": false,
                "profile_image_url_https": "https://pbs.twimg.com/profile_images/696779704150335488/yF8sCXSN_normal.jpg",
                "default_profile_image": false,
                "time_zone": "Mountain Time (US & Canada)",
                "friends_count": 631,
                "url": "http://t.co/HvDYiwfHFX",
                "profile_sidebar_border_color": "000000",
                "contributors_enabled": false,
                "followers_count": 304174
            },
            "in_reply_to_status_id_str": null,
            "id": 802421640340578304,
            "possibly_sensitive": false,
            "in_reply_to_status_id": null,
            "geo": null,
            "retweeted": false,
            "in_reply_to_user_id": null,
            "metadata": {
                "iso_language_code": "en",
                "result_type": "recent"
            },
            "entities": {
                "hashtags": [],
                "media": [
                    {
                        "id": 802339880600637440,
                        "url": "https://t.co/3IslXI4mEO",
                        "indices": [
                            83,
                            106
                        ],
                        "display_url": "pic.twitter.com/3IslXI4mEO",
                        "id_str": "802339880600637440",
                        "sizes": {
                            "large": {
                                "w": 796,
                                "resize": "fit",
                                "h": 530
                            },
                            "medium": {
                                "w": 796,
                                "resize": "fit",
                                "h": 530
                            },
                            "small": {
                                "w": 680,
                                "resize": "fit",
                                "h": 453
                            },
                            "thumb": {
                                "w": 150,
                                "resize": "crop",
                                "h": 150
                            }
                        },
                        "media_url_https": "https://pbs.twimg.com/media/CyJ73tRUkAA74EZ.jpg",
                        "media_url": "http://pbs.twimg.com/media/CyJ73tRUkAA74EZ.jpg",
                        "type": "photo",
                        "expanded_url": "https://twitter.com/denverpost/status/802421640340578304/photo/1"
                    }
                ],
                "symbols": [],
                "urls": [
                    {
                        "url": "https://t.co/f8LDN329rF",
                        "expanded_url": "http://dpo.st/2gvrewb",
                        "display_url": "dpo.st/2gvrewb",
                        "indices": [
                            59,
                            82
                        ]
                    }
                ],
                "user_mentions": []
            },
            "in_reply_to_user_id_str": null,
            "created_at": "Sat Nov 26 08:00:01 +0000 2016",
            "is_quote_status": false,
            "contributors": null,
            "retweet_count": 0
        },
        {
            "favorited": false,
            "coordinates": null,
            "in_reply_to_screen_name": null,
            "id_str": "802338589887430656",
            "lang": "en",
            "place": null,
            "favorite_count": 3,
            "extended_entities": {
                "media": [
                    {
                        "id": 802325761679966208,
                        "url": "https://t.co/GHK8D53a47",
                        "indices": [
                            98,
                            121
                        ],
                        "display_url": "pic.twitter.com/GHK8D53a47",
                        "id_str": "802325761679966208",
                        "sizes": {
                            "large": {
                                "w": 620,
                                "resize": "fit",
                                "h": 413
                            },
                            "medium": {
                                "w": 620,
                                "resize": "fit",
                                "h": 413
                            },
                            "small": {
                                "w": 620,
                                "resize": "fit",
                                "h": 413
                            },
                            "thumb": {
                                "w": 150,
                                "resize": "crop",
                                "h": 150
                            }
                        },
                        "media_url_https": "https://pbs.twimg.com/media/CyJvB4MUQAA0seL.jpg",
                        "media_url": "http://pbs.twimg.com/media/CyJvB4MUQAA0seL.jpg",
                        "type": "photo",
                        "expanded_url": "https://twitter.com/denverpost/status/802338589887430656/photo/1"
                    }
                ]
            },
            "text": "Donald Trump fills White House counsel and deputy national security posts https://t.co/JoMKpzmfdh https://t.co/GHK8D53a47",
            "truncated": false,
            "source": "<a href=\"https://about.twitter.com/products/tweetdeck\" rel=\"nofollow\">TweetDeck</a>",
            "user": {
                "profile_sidebar_fill_color": "003459",
                "description": "Colorado's source for breaking news and information. Tweets by @francieswidler @kourtneygeers @ericjlubbers @danielpetty. Send tips here or tips@denverpost.com.",
                "profile_banner_url": "https://pbs.twimg.com/profile_banners/8216772/1398475184",
                "is_translator": false,
                "favourites_count": 1131,
                "id_str": "8216772",
                "lang": "en",
                "profile_link_color": "257DDB",
                "name": "The Denver Post",
                "has_extended_profile": true,
                "profile_background_image_url_https": "https://pbs.twimg.com/profile_background_images/601920030/usz02cw4o5h6j9wgkdca.jpeg",
                "statuses_count": 143829,
                "created_at": "Thu Aug 16 04:20:09 +0000 2007",
                "screen_name": "denverpost",
                "notifications": false,
                "listed_count": 5493,
                "profile_background_color": "000000",
                "profile_text_color": "626262",
                "profile_background_image_url": "http://pbs.twimg.com/profile_background_images/601920030/usz02cw4o5h6j9wgkdca.jpeg",
                "geo_enabled": true,
                "default_profile": false,
                "is_translation_enabled": false,
                "id": 8216772,
                "verified": true,
                "follow_request_sent": false,
                "profile_use_background_image": true,
                "utc_offset": -25200,
                "location": "Denver, CO",
                "protected": false,
                "following": false,
                "translator_type": "regular",
                "entities": {
                    "description": {
                        "urls": []
                    },
                    "url": {
                        "urls": [
                            {
                                "url": "http://t.co/HvDYiwfHFX",
                                "expanded_url": "http://www.denverpost.com/",
                                "display_url": "denverpost.com",
                                "indices": [
                                    0,
                                    22
                                ]
                            }
                        ]
                    }
                },
                "profile_image_url": "http://pbs.twimg.com/profile_images/696779704150335488/yF8sCXSN_normal.jpg",
                "profile_background_tile": false,
                "profile_image_url_https": "https://pbs.twimg.com/profile_images/696779704150335488/yF8sCXSN_normal.jpg",
                "default_profile_image": false,
                "time_zone": "Mountain Time (US & Canada)",
                "friends_count": 631,
                "url": "http://t.co/HvDYiwfHFX",
                "profile_sidebar_border_color": "000000",
                "contributors_enabled": false,
                "followers_count": 304174
            },
            "in_reply_to_status_id_str": null,
            "id": 802338589887430656,
            "possibly_sensitive": false,
            "in_reply_to_status_id": null,
            "geo": null,
            "retweeted": false,
            "in_reply_to_user_id": null,
            "metadata": {
                "iso_language_code": "en",
                "result_type": "recent"
            },
            "entities": {
                "hashtags": [],
                "media": [
                    {
                        "id": 802325761679966208,
                        "url": "https://t.co/GHK8D53a47",
                        "indices": [
                            98,
                            121
                        ],
                        "display_url": "pic.twitter.com/GHK8D53a47",
                        "id_str": "802325761679966208",
                        "sizes": {
                            "large": {
                                "w": 620,
                                "resize": "fit",
                                "h": 413
                            },
                            "medium": {
                                "w": 620,
                                "resize": "fit",
                                "h": 413
                            },
                            "small": {
                                "w": 620,
                                "resize": "fit",
                                "h": 413
                            },
                            "thumb": {
                                "w": 150,
                                "resize": "crop",
                                "h": 150
                            }
                        },
                        "media_url_https": "https://pbs.twimg.com/media/CyJvB4MUQAA0seL.jpg",
                        "media_url": "http://pbs.twimg.com/media/CyJvB4MUQAA0seL.jpg",
                        "type": "photo",
                        "expanded_url": "https://twitter.com/denverpost/status/802338589887430656/photo/1"
                    }
                ],
                "symbols": [],
                "urls": [
                    {
                        "url": "https://t.co/JoMKpzmfdh",
                        "expanded_url": "http://dpo.st/2gvkOx9",
                        "display_url": "dpo.st/2gvkOx9",
                        "indices": [
                            74,
                            97
                        ]
                    }
                ],
                "user_mentions": []
            },
            "in_reply_to_user_id_str": null,
            "created_at": "Sat Nov 26 02:30:01 +0000 2016",
            "is_quote_status": false,
            "contributors": null,
            "retweet_count": 1
        }
    ]
}