{
    "search_metadata": {
        "query": "Trump+from%3Adetroitnews+since%3A2016-11-26+until%3A2016-11-27+filter%3Alinks+-%40detroitnews",
        "since_id_str": "0",
        "max_id_str": "802646029233487872",
        "since_id": 0,
        "max_id": 802646029233487872,
        "completed_in": 0.04,
        "count": 100,
        "refresh_url": "?since_id=802646029233487872&q=Trump%20from%3Adetroitnews%20since%3A2016-11-26%20until%3A2016-11-27%20filter%3Alinks%20-%40detroitnews&include_entities=1"
    },
    "statuses": [
        {
            "favorited": false,
            "coordinates": null,
            "in_reply_to_screen_name": null,
            "id_str": "802646029233487872",
            "lang": "en",
            "place": null,
            "metadata": {
                "iso_language_code": "en",
                "result_type": "recent"
            },
            "created_at": "Sat Nov 26 22:51:40 +0000 2016",
            "text": "Donald Trump calls Jill Stein's recount efforts in Mich., Penn., Wisc., a \"scam\" designed to fill her coffers\u2026 https://t.co/221XUzlpyV",
            "truncated": true,
            "source": "<a href=\"https://about.twitter.com/products/tweetdeck\" rel=\"nofollow\">TweetDeck</a>",
            "user": {
                "profile_sidebar_fill_color": "252429",
                "description": "Detroit's best source for news and information. You can reach The Detroit News at online(at)detroitnews(dot)com. https://t.co/gma4B8adFW",
                "profile_banner_url": "https://pbs.twimg.com/profile_banners/16543775/1480021089",
                "is_translator": false,
                "favourites_count": 913,
                "id_str": "16543775",
                "lang": "en",
                "profile_link_color": "2FC2EF",
                "name": "The Detroit News",
                "has_extended_profile": false,
                "profile_background_image_url_https": "https://pbs.twimg.com/profile_background_images/377647659/twitter-detnews4.jpg",
                "statuses_count": 143231,
                "created_at": "Wed Oct 01 13:36:49 +0000 2008",
                "screen_name": "detroitnews",
                "notifications": false,
                "listed_count": 2945,
                "profile_background_color": "1A1B1F",
                "profile_text_color": "666666",
                "profile_background_image_url": "http://pbs.twimg.com/profile_background_images/377647659/twitter-detnews4.jpg",
                "geo_enabled": true,
                "default_profile": false,
                "is_translation_enabled": false,
                "id": 16543775,
                "verified": true,
                "follow_request_sent": false,
                "profile_use_background_image": false,
                "utc_offset": -18000,
                "location": "Detroit,MI USA",
                "protected": false,
                "following": false,
                "translator_type": "none",
                "entities": {
                    "description": {
                        "urls": [
                            {
                                "url": "https://t.co/gma4B8adFW",
                                "expanded_url": "http://www.detroitnews.com",
                                "display_url": "detroitnews.com",
                                "indices": [
                                    113,
                                    136
                                ]
                            }
                        ]
                    },
                    "url": {
                        "urls": [
                            {
                                "url": "https://t.co/gma4B8adFW",
                                "expanded_url": "http://www.detroitnews.com",
                                "display_url": "detroitnews.com",
                                "indices": [
                                    0,
                                    23
                                ]
                            }
                        ]
                    }
                },
                "profile_image_url": "http://pbs.twimg.com/profile_images/512551439021768704/yKZZwFHJ_normal.jpeg",
                "profile_background_tile": false,
                "profile_image_url_https": "https://pbs.twimg.com/profile_images/512551439021768704/yKZZwFHJ_normal.jpeg",
                "default_profile_image": false,
                "time_zone": "Eastern Time (US & Canada)",
                "friends_count": 2311,
                "url": "https://t.co/gma4B8adFW",
                "profile_sidebar_border_color": "181A1E",
                "contributors_enabled": false,
                "followers_count": 196579
            },
            "in_reply_to_status_id_str": null,
            "id": 802646029233487872,
            "possibly_sensitive": false,
            "in_reply_to_status_id": null,
            "geo": null,
            "in_reply_to_user_id": null,
            "favorite_count": 5,
            "entities": {
                "hashtags": [],
                "symbols": [],
                "urls": [
                    {
                        "url": "https://t.co/221XUzlpyV",
                        "expanded_url": "https://twitter.com/i/web/status/802646029233487872",
                        "display_url": "twitter.com/i/web/status/8\u2026",
                        "indices": [
                            111,
                            134
                        ]
                    }
                ],
                "user_mentions": []
            },
            "in_reply_to_user_id_str": null,
            "retweeted": false,
            "is_quote_status": false,
            "contributors": null,
            "retweet_count": 2
        }
    ]
}