{
    "search_metadata": {
        "query": "Trump+from%3ADMRegister+since%3A2016-11-26+until%3A2016-11-27+filter%3Alinks+-%40DMRegister",
        "since_id_str": "0",
        "max_id_str": "802337348834856960",
        "since_id": 0,
        "max_id": 802337348834856960,
        "completed_in": 0.03,
        "count": 100,
        "refresh_url": "?since_id=802337348834856960&q=Trump%20from%3ADMRegister%20since%3A2016-11-26%20until%3A2016-11-27%20filter%3Alinks%20-%40DMRegister&include_entities=1"
    },
    "statuses": [
        {
            "favorited": false,
            "coordinates": null,
            "in_reply_to_screen_name": null,
            "id_str": "802337348834856960",
            "lang": "en",
            "place": null,
            "metadata": {
                "iso_language_code": "en",
                "result_type": "recent"
            },
            "created_at": "Sat Nov 26 02:25:05 +0000 2016",
            "text": "Most people should see lower taxes under a #Trump presidency, but not everyone. https://t.co/tji5IhBj6i",
            "truncated": false,
            "source": "<a href=\"http://www.hootsuite.com\" rel=\"nofollow\">Hootsuite</a>",
            "user": {
                "profile_sidebar_fill_color": "E0FF92",
                "description": "Latest headlines from The Des Moines Register",
                "profile_banner_url": "https://pbs.twimg.com/profile_banners/13657922/1398290852",
                "is_translator": false,
                "favourites_count": 729,
                "id_str": "13657922",
                "lang": "en",
                "profile_link_color": "0000FF",
                "name": "Des Moines Register",
                "has_extended_profile": false,
                "profile_background_image_url_https": "https://pbs.twimg.com/profile_background_images/2548271/reglogo.jpg",
                "statuses_count": 56892,
                "created_at": "Tue Feb 19 04:56:13 +0000 2008",
                "screen_name": "DMRegister",
                "notifications": false,
                "listed_count": 2229,
                "profile_background_color": "FFFFFF",
                "profile_text_color": "000000",
                "profile_background_image_url": "http://pbs.twimg.com/profile_background_images/2548271/reglogo.jpg",
                "geo_enabled": true,
                "default_profile": false,
                "is_translation_enabled": false,
                "id": 13657922,
                "verified": true,
                "follow_request_sent": false,
                "profile_use_background_image": true,
                "utc_offset": -21600,
                "location": "Des Moines, Iowa, USA",
                "protected": false,
                "following": false,
                "translator_type": "none",
                "entities": {
                    "description": {
                        "urls": []
                    },
                    "url": {
                        "urls": [
                            {
                                "url": "http://t.co/RmnjvtAsaP",
                                "expanded_url": "http://www.desmoinesregister.com",
                                "display_url": "desmoinesregister.com",
                                "indices": [
                                    0,
                                    22
                                ]
                            }
                        ]
                    }
                },
                "profile_image_url": "http://pbs.twimg.com/profile_images/651111022976086016/52Fga2lp_normal.jpg",
                "profile_background_tile": false,
                "profile_image_url_https": "https://pbs.twimg.com/profile_images/651111022976086016/52Fga2lp_normal.jpg",
                "default_profile_image": false,
                "time_zone": "Central Time (US & Canada)",
                "friends_count": 5104,
                "url": "http://t.co/RmnjvtAsaP",
                "profile_sidebar_border_color": "87BC44",
                "contributors_enabled": false,
                "followers_count": 120597
            },
            "in_reply_to_status_id_str": null,
            "id": 802337348834856960,
            "possibly_sensitive": false,
            "in_reply_to_status_id": null,
            "geo": null,
            "in_reply_to_user_id": null,
            "favorite_count": 1,
            "entities": {
                "hashtags": [
                    {
                        "indices": [
                            43,
                            49
                        ],
                        "text": "Trump"
                    }
                ],
                "symbols": [],
                "urls": [
                    {
                        "url": "https://t.co/tji5IhBj6i",
                        "expanded_url": "http://dmreg.co/2gdPK4t",
                        "display_url": "dmreg.co/2gdPK4t",
                        "indices": [
                            80,
                            103
                        ]
                    }
                ],
                "user_mentions": []
            },
            "in_reply_to_user_id_str": null,
            "retweeted": false,
            "is_quote_status": false,
            "contributors": null,
            "retweet_count": 3
        },
        {
            "favorited": false,
            "coordinates": null,
            "in_reply_to_screen_name": null,
            "id_str": "802302122121428992",
            "lang": "en",
            "place": null,
            "metadata": {
                "iso_language_code": "en",
                "result_type": "recent"
            },
            "created_at": "Sat Nov 26 00:05:06 +0000 2016",
            "text": "Register editorial: Will #Trump's agricultural secretary advance policies to help rural America? https://t.co/hptnZhBfCI",
            "truncated": false,
            "source": "<a href=\"http://www.hootsuite.com\" rel=\"nofollow\">Hootsuite</a>",
            "user": {
                "profile_sidebar_fill_color": "E0FF92",
                "description": "Latest headlines from The Des Moines Register",
                "profile_banner_url": "https://pbs.twimg.com/profile_banners/13657922/1398290852",
                "is_translator": false,
                "favourites_count": 729,
                "id_str": "13657922",
                "lang": "en",
                "profile_link_color": "0000FF",
                "name": "Des Moines Register",
                "has_extended_profile": false,
                "profile_background_image_url_https": "https://pbs.twimg.com/profile_background_images/2548271/reglogo.jpg",
                "statuses_count": 56892,
                "created_at": "Tue Feb 19 04:56:13 +0000 2008",
                "screen_name": "DMRegister",
                "notifications": false,
                "listed_count": 2229,
                "profile_background_color": "FFFFFF",
                "profile_text_color": "000000",
                "profile_background_image_url": "http://pbs.twimg.com/profile_background_images/2548271/reglogo.jpg",
                "geo_enabled": true,
                "default_profile": false,
                "is_translation_enabled": false,
                "id": 13657922,
                "verified": true,
                "follow_request_sent": false,
                "profile_use_background_image": true,
                "utc_offset": -21600,
                "location": "Des Moines, Iowa, USA",
                "protected": false,
                "following": false,
                "translator_type": "none",
                "entities": {
                    "description": {
                        "urls": []
                    },
                    "url": {
                        "urls": [
                            {
                                "url": "http://t.co/RmnjvtAsaP",
                                "expanded_url": "http://www.desmoinesregister.com",
                                "display_url": "desmoinesregister.com",
                                "indices": [
                                    0,
                                    22
                                ]
                            }
                        ]
                    }
                },
                "profile_image_url": "http://pbs.twimg.com/profile_images/651111022976086016/52Fga2lp_normal.jpg",
                "profile_background_tile": false,
                "profile_image_url_https": "https://pbs.twimg.com/profile_images/651111022976086016/52Fga2lp_normal.jpg",
                "default_profile_image": false,
                "time_zone": "Central Time (US & Canada)",
                "friends_count": 5104,
                "url": "http://t.co/RmnjvtAsaP",
                "profile_sidebar_border_color": "87BC44",
                "contributors_enabled": false,
                "followers_count": 120597
            },
            "in_reply_to_status_id_str": null,
            "id": 802302122121428992,
            "possibly_sensitive": false,
            "in_reply_to_status_id": null,
            "geo": null,
            "in_reply_to_user_id": null,
            "favorite_count": 1,
            "entities": {
                "hashtags": [
                    {
                        "indices": [
                            25,
                            31
                        ],
                        "text": "Trump"
                    }
                ],
                "symbols": [],
                "urls": [
                    {
                        "url": "https://t.co/hptnZhBfCI",
                        "expanded_url": "http://dmreg.co/2gdRF9i",
                        "display_url": "dmreg.co/2gdRF9i",
                        "indices": [
                            97,
                            120
                        ]
                    }
                ],
                "user_mentions": []
            },
            "in_reply_to_user_id_str": null,
            "retweeted": false,
            "is_quote_status": false,
            "contributors": null,
            "retweet_count": 1
        }
    ]
}