{
    "search_metadata": {
        "query": "Trump+from%3Afreep+since%3A2016-11-26+until%3A2016-11-27+filter%3Alinks+-%40freep",
        "since_id_str": "0",
        "max_id_str": "802572859793088513",
        "since_id": 0,
        "max_id": 802572859793088513,
        "completed_in": 0.017,
        "count": 100,
        "refresh_url": "?since_id=802572859793088513&q=Trump%20from%3Afreep%20since%3A2016-11-26%20until%3A2016-11-27%20filter%3Alinks%20-%40freep&include_entities=1"
    },
    "statuses": [
        {
            "favorited": false,
            "coordinates": null,
            "in_reply_to_screen_name": null,
            "id_str": "802572859793088513",
            "lang": "en",
            "place": null,
            "metadata": {
                "iso_language_code": "en",
                "result_type": "recent"
            },
            "created_at": "Sat Nov 26 18:00:55 +0000 2016",
            "text": "Donald Trump condemns Fidel Castro, who died Friday, as a \"brutal dictator.\" https://t.co/ocWkG4O7yn",
            "truncated": false,
            "source": "<a href=\"https://about.twitter.com/products/tweetdeck\" rel=\"nofollow\">TweetDeck</a>",
            "user": {
                "profile_sidebar_fill_color": "FFFFFF",
                "description": "News from Detroit. w/@aetmanshuschka, @Ash_Detroit @BrianManzullo, @lissa218 and the @Freep web team",
                "profile_banner_url": "https://pbs.twimg.com/profile_banners/8795772/1406564135",
                "is_translator": false,
                "favourites_count": 3973,
                "id_str": "8795772",
                "lang": "en",
                "profile_link_color": "5678A3",
                "name": "Detroit Free Press",
                "has_extended_profile": false,
                "profile_background_image_url_https": "https://pbs.twimg.com/profile_background_images/662745333/ua0fr1vxqje8dgtrwv5x.jpeg",
                "statuses_count": 152903,
                "created_at": "Mon Sep 10 21:42:21 +0000 2007",
                "screen_name": "freep",
                "notifications": false,
                "listed_count": 4176,
                "profile_background_color": "496595",
                "profile_text_color": "000000",
                "profile_background_image_url": "http://pbs.twimg.com/profile_background_images/662745333/ua0fr1vxqje8dgtrwv5x.jpeg",
                "geo_enabled": true,
                "default_profile": false,
                "is_translation_enabled": false,
                "id": 8795772,
                "verified": true,
                "follow_request_sent": false,
                "profile_use_background_image": true,
                "utc_offset": -18000,
                "location": "Detroit",
                "protected": false,
                "following": false,
                "translator_type": "none",
                "entities": {
                    "description": {
                        "urls": []
                    },
                    "url": {
                        "urls": [
                            {
                                "url": "http://t.co/QaxDeaxx0H",
                                "expanded_url": "http://www.freep.com",
                                "display_url": "freep.com",
                                "indices": [
                                    0,
                                    22
                                ]
                            }
                        ]
                    }
                },
                "profile_image_url": "http://pbs.twimg.com/profile_images/765605644254707712/MxgZ4fRN_normal.jpg",
                "profile_background_tile": true,
                "profile_image_url_https": "https://pbs.twimg.com/profile_images/765605644254707712/MxgZ4fRN_normal.jpg",
                "default_profile_image": false,
                "time_zone": "Eastern Time (US & Canada)",
                "friends_count": 3552,
                "url": "http://t.co/QaxDeaxx0H",
                "profile_sidebar_border_color": "FFFFFF",
                "contributors_enabled": false,
                "followers_count": 311790
            },
            "in_reply_to_status_id_str": null,
            "id": 802572859793088513,
            "possibly_sensitive": false,
            "in_reply_to_status_id": null,
            "geo": null,
            "in_reply_to_user_id": null,
            "favorite_count": 6,
            "entities": {
                "hashtags": [],
                "symbols": [],
                "urls": [
                    {
                        "url": "https://t.co/ocWkG4O7yn",
                        "expanded_url": "http://on.freep.com/2gsmrKX",
                        "display_url": "on.freep.com/2gsmrKX",
                        "indices": [
                            77,
                            100
                        ]
                    }
                ],
                "user_mentions": []
            },
            "in_reply_to_user_id_str": null,
            "retweeted": false,
            "is_quote_status": false,
            "contributors": null,
            "retweet_count": 3
        }
    ]
}