{
    "search_metadata": {
        "query": "Trump+from%3Agazettedotcom+since%3A2016-11-26+until%3A2016-11-27+filter%3Alinks+-%40gazettedotcom",
        "since_id_str": "0",
        "max_id_str": "802564353362829312",
        "since_id": 0,
        "max_id": 802564353362829312,
        "completed_in": 0.048,
        "count": 100,
        "refresh_url": "?since_id=802564353362829312&q=Trump%20from%3Agazettedotcom%20since%3A2016-11-26%20until%3A2016-11-27%20filter%3Alinks%20-%40gazettedotcom&include_entities=1"
    },
    "statuses": [
        {
            "favorited": false,
            "coordinates": null,
            "in_reply_to_screen_name": null,
            "id_str": "802564353362829312",
            "lang": "en",
            "place": null,
            "metadata": {
                "iso_language_code": "en",
                "result_type": "recent"
            },
            "created_at": "Sat Nov 26 17:27:07 +0000 2016",
            "text": "Castro\u2019s death puts renewed focus on Trump\u2019s Cuba policy https://t.co/DsmWr82rk2",
            "truncated": false,
            "source": "<a href=\"http://dlvr.it\" rel=\"nofollow\">dlvr.it</a>",
            "user": {
                "profile_sidebar_fill_color": "000000",
                "description": "Eastern Iowa News and Sports, since 1883 | Gazette Photos: @gazettevisuals | Gazette Sports: @CRGazetteSports | Tweets by @St3phenSchmidt @richpria",
                "profile_banner_url": "https://pbs.twimg.com/profile_banners/14370739/1477340766",
                "is_translator": false,
                "favourites_count": 62,
                "id_str": "14370739",
                "lang": "en",
                "profile_link_color": "ABB8C2",
                "name": "The Gazette",
                "has_extended_profile": false,
                "profile_background_image_url_https": "https://abs.twimg.com/images/themes/theme14/bg.gif",
                "statuses_count": 25570,
                "created_at": "Sat Apr 12 20:03:50 +0000 2008",
                "screen_name": "gazettedotcom",
                "notifications": false,
                "listed_count": 700,
                "profile_background_color": "000000",
                "profile_text_color": "000000",
                "profile_background_image_url": "http://abs.twimg.com/images/themes/theme14/bg.gif",
                "geo_enabled": false,
                "default_profile": false,
                "is_translation_enabled": false,
                "id": 14370739,
                "verified": false,
                "follow_request_sent": false,
                "profile_use_background_image": false,
                "utc_offset": -21600,
                "location": "Cedar Rapids, Iowa",
                "protected": false,
                "following": false,
                "translator_type": "none",
                "entities": {
                    "description": {
                        "urls": []
                    },
                    "url": {
                        "urls": [
                            {
                                "url": "http://t.co/KLwTTv8TGS",
                                "expanded_url": "http://www.thegazette.com",
                                "display_url": "thegazette.com",
                                "indices": [
                                    0,
                                    22
                                ]
                            }
                        ]
                    }
                },
                "profile_image_url": "http://pbs.twimg.com/profile_images/1429295829/tG_normal.jpg",
                "profile_background_tile": false,
                "profile_image_url_https": "https://pbs.twimg.com/profile_images/1429295829/tG_normal.jpg",
                "default_profile_image": false,
                "time_zone": "Central Time (US & Canada)",
                "friends_count": 3190,
                "url": "http://t.co/KLwTTv8TGS",
                "profile_sidebar_border_color": "000000",
                "contributors_enabled": false,
                "followers_count": 37007
            },
            "in_reply_to_status_id_str": null,
            "id": 802564353362829312,
            "possibly_sensitive": false,
            "in_reply_to_status_id": null,
            "geo": null,
            "in_reply_to_user_id": null,
            "favorite_count": 0,
            "entities": {
                "hashtags": [],
                "symbols": [],
                "urls": [
                    {
                        "url": "https://t.co/DsmWr82rk2",
                        "expanded_url": "http://bit.ly/2gsKuNp",
                        "display_url": "bit.ly/2gsKuNp",
                        "indices": [
                            57,
                            80
                        ]
                    }
                ],
                "user_mentions": []
            },
            "in_reply_to_user_id_str": null,
            "retweeted": false,
            "is_quote_status": false,
            "contributors": null,
            "retweet_count": 0
        }
    ]
}