{
    "search_metadata": {
        "query": "Trump+from%3Akansasdotcom+since%3A2016-11-26+until%3A2016-11-27+filter%3Alinks+-%40kansasdotcom",
        "since_id_str": "0",
        "max_id_str": "803059825252990977",
        "since_id": 0,
        "max_id": 803059825252990977,
        "completed_in": 0.057,
        "count": 100,
        "refresh_url": "?since_id=803059825252990977&q=Trump%20from%3Akansasdotcom%20since%3A2016-11-26%20until%3A2016-11-27%20filter%3Alinks%20-%40kansasdotcom&include_entities=1"
    },
    "statuses": []
}