{
    "search_metadata": {
        "query": "Trump+from%3AKCStar+since%3A2016-11-26+until%3A2016-11-27+filter%3Alinks+-%40KCStar",
        "since_id_str": "0",
        "max_id_str": "802644108250595328",
        "since_id": 0,
        "max_id": 802644108250595328,
        "completed_in": 0.047,
        "count": 100,
        "refresh_url": "?since_id=802644108250595328&q=Trump%20from%3AKCStar%20since%3A2016-11-26%20until%3A2016-11-27%20filter%3Alinks%20-%40KCStar&include_entities=1"
    },
    "statuses": [
        {
            "favorited": false,
            "coordinates": null,
            "in_reply_to_screen_name": null,
            "id_str": "802644108250595328",
            "lang": "en",
            "place": null,
            "metadata": {
                "iso_language_code": "en",
                "result_type": "recent"
            },
            "created_at": "Sat Nov 26 22:44:02 +0000 2016",
            "text": "Trump slams recount push as \u2018a scam,\u2019 says election is over https://t.co/XeAjkuAcWm",
            "truncated": false,
            "source": "<a href=\"http://www.kansascity.com\" rel=\"nofollow\">KC Star: Breaking News</a>",
            "user": {
                "profile_sidebar_fill_color": "DDEEF6",
                "description": "Breaking the news in Kansas City since 1880.",
                "profile_banner_url": "https://pbs.twimg.com/profile_banners/14955722/1430340133",
                "is_translator": false,
                "favourites_count": 1318,
                "id_str": "14955722",
                "lang": "en",
                "profile_link_color": "0084B4",
                "name": "The Kansas City Star",
                "has_extended_profile": false,
                "profile_background_image_url_https": "https://pbs.twimg.com/profile_background_images/309357173/Star-Twitter-page.jpg",
                "statuses_count": 141356,
                "created_at": "Fri May 30 16:08:18 +0000 2008",
                "screen_name": "KCStar",
                "notifications": false,
                "listed_count": 2488,
                "profile_background_color": "C0DEED",
                "profile_text_color": "333333",
                "profile_background_image_url": "http://pbs.twimg.com/profile_background_images/309357173/Star-Twitter-page.jpg",
                "geo_enabled": false,
                "default_profile": false,
                "is_translation_enabled": false,
                "id": 14955722,
                "verified": true,
                "follow_request_sent": false,
                "profile_use_background_image": true,
                "utc_offset": -21600,
                "location": "Kansas City, Mo. ",
                "protected": false,
                "following": false,
                "translator_type": "none",
                "entities": {
                    "description": {
                        "urls": []
                    },
                    "url": {
                        "urls": [
                            {
                                "url": "https://t.co/5avXc9kQvj",
                                "expanded_url": "http://www.kansascity.com",
                                "display_url": "kansascity.com",
                                "indices": [
                                    0,
                                    23
                                ]
                            }
                        ]
                    }
                },
                "profile_image_url": "http://pbs.twimg.com/profile_images/710203133536894977/eYU-xrl7_normal.jpg",
                "profile_background_tile": false,
                "profile_image_url_https": "https://pbs.twimg.com/profile_images/710203133536894977/eYU-xrl7_normal.jpg",
                "default_profile_image": false,
                "time_zone": "Central Time (US & Canada)",
                "friends_count": 824,
                "url": "https://t.co/5avXc9kQvj",
                "profile_sidebar_border_color": "C0DEED",
                "contributors_enabled": false,
                "followers_count": 173250
            },
            "in_reply_to_status_id_str": null,
            "id": 802644108250595328,
            "possibly_sensitive": false,
            "in_reply_to_status_id": null,
            "geo": null,
            "in_reply_to_user_id": null,
            "favorite_count": 3,
            "entities": {
                "hashtags": [],
                "symbols": [],
                "urls": [
                    {
                        "url": "https://t.co/XeAjkuAcWm",
                        "expanded_url": "http://www.kansascity.com/news/politics-government/article117272278.html#storylink=twt_staff",
                        "display_url": "kansascity.com/news/politics-\u2026",
                        "indices": [
                            60,
                            83
                        ]
                    }
                ],
                "user_mentions": []
            },
            "in_reply_to_user_id_str": null,
            "retweeted": false,
            "is_quote_status": false,
            "contributors": null,
            "retweet_count": 1
        },
        {
            "favorited": false,
            "coordinates": null,
            "in_reply_to_screen_name": null,
            "id_str": "802627496084733952",
            "lang": "en",
            "place": null,
            "metadata": {
                "iso_language_code": "en",
                "result_type": "recent"
            },
            "created_at": "Sat Nov 26 21:38:01 +0000 2016",
            "text": "Will Fidel Castro\u2019s death offer Trump an opening on Cuba? https://t.co/kpsUv3W1JV",
            "truncated": false,
            "source": "<a href=\"http://www.kansascity.com\" rel=\"nofollow\">KC Star: Breaking News</a>",
            "user": {
                "profile_sidebar_fill_color": "DDEEF6",
                "description": "Breaking the news in Kansas City since 1880.",
                "profile_banner_url": "https://pbs.twimg.com/profile_banners/14955722/1430340133",
                "is_translator": false,
                "favourites_count": 1318,
                "id_str": "14955722",
                "lang": "en",
                "profile_link_color": "0084B4",
                "name": "The Kansas City Star",
                "has_extended_profile": false,
                "profile_background_image_url_https": "https://pbs.twimg.com/profile_background_images/309357173/Star-Twitter-page.jpg",
                "statuses_count": 141356,
                "created_at": "Fri May 30 16:08:18 +0000 2008",
                "screen_name": "KCStar",
                "notifications": false,
                "listed_count": 2488,
                "profile_background_color": "C0DEED",
                "profile_text_color": "333333",
                "profile_background_image_url": "http://pbs.twimg.com/profile_background_images/309357173/Star-Twitter-page.jpg",
                "geo_enabled": false,
                "default_profile": false,
                "is_translation_enabled": false,
                "id": 14955722,
                "verified": true,
                "follow_request_sent": false,
                "profile_use_background_image": true,
                "utc_offset": -21600,
                "location": "Kansas City, Mo. ",
                "protected": false,
                "following": false,
                "translator_type": "none",
                "entities": {
                    "description": {
                        "urls": []
                    },
                    "url": {
                        "urls": [
                            {
                                "url": "https://t.co/5avXc9kQvj",
                                "expanded_url": "http://www.kansascity.com",
                                "display_url": "kansascity.com",
                                "indices": [
                                    0,
                                    23
                                ]
                            }
                        ]
                    }
                },
                "profile_image_url": "http://pbs.twimg.com/profile_images/710203133536894977/eYU-xrl7_normal.jpg",
                "profile_background_tile": false,
                "profile_image_url_https": "https://pbs.twimg.com/profile_images/710203133536894977/eYU-xrl7_normal.jpg",
                "default_profile_image": false,
                "time_zone": "Central Time (US & Canada)",
                "friends_count": 824,
                "url": "https://t.co/5avXc9kQvj",
                "profile_sidebar_border_color": "C0DEED",
                "contributors_enabled": false,
                "followers_count": 173250
            },
            "in_reply_to_status_id_str": null,
            "id": 802627496084733952,
            "possibly_sensitive": false,
            "in_reply_to_status_id": null,
            "geo": null,
            "in_reply_to_user_id": null,
            "favorite_count": 2,
            "entities": {
                "hashtags": [],
                "symbols": [],
                "urls": [
                    {
                        "url": "https://t.co/kpsUv3W1JV",
                        "expanded_url": "http://www.kansascity.com/news/politics-government/article117253558.html#storylink=twt_staff",
                        "display_url": "kansascity.com/news/politics-\u2026",
                        "indices": [
                            58,
                            81
                        ]
                    }
                ],
                "user_mentions": []
            },
            "in_reply_to_user_id_str": null,
            "retweeted": false,
            "is_quote_status": false,
            "contributors": null,
            "retweet_count": 2
        },
        {
            "favorited": false,
            "coordinates": null,
            "in_reply_to_screen_name": null,
            "id_str": "802520793783660544",
            "lang": "en",
            "place": null,
            "metadata": {
                "iso_language_code": "en",
                "result_type": "recent"
            },
            "created_at": "Sat Nov 26 14:34:02 +0000 2016",
            "text": "How Donald Trump responded to Fidel Castro's death https://t.co/FA1JUX2kIb",
            "truncated": false,
            "source": "<a href=\"http://www.kansascity.com\" rel=\"nofollow\">KC Star: Breaking News</a>",
            "user": {
                "profile_sidebar_fill_color": "DDEEF6",
                "description": "Breaking the news in Kansas City since 1880.",
                "profile_banner_url": "https://pbs.twimg.com/profile_banners/14955722/1430340133",
                "is_translator": false,
                "favourites_count": 1318,
                "id_str": "14955722",
                "lang": "en",
                "profile_link_color": "0084B4",
                "name": "The Kansas City Star",
                "has_extended_profile": false,
                "profile_background_image_url_https": "https://pbs.twimg.com/profile_background_images/309357173/Star-Twitter-page.jpg",
                "statuses_count": 141356,
                "created_at": "Fri May 30 16:08:18 +0000 2008",
                "screen_name": "KCStar",
                "notifications": false,
                "listed_count": 2488,
                "profile_background_color": "C0DEED",
                "profile_text_color": "333333",
                "profile_background_image_url": "http://pbs.twimg.com/profile_background_images/309357173/Star-Twitter-page.jpg",
                "geo_enabled": false,
                "default_profile": false,
                "is_translation_enabled": false,
                "id": 14955722,
                "verified": true,
                "follow_request_sent": false,
                "profile_use_background_image": true,
                "utc_offset": -21600,
                "location": "Kansas City, Mo. ",
                "protected": false,
                "following": false,
                "translator_type": "none",
                "entities": {
                    "description": {
                        "urls": []
                    },
                    "url": {
                        "urls": [
                            {
                                "url": "https://t.co/5avXc9kQvj",
                                "expanded_url": "http://www.kansascity.com",
                                "display_url": "kansascity.com",
                                "indices": [
                                    0,
                                    23
                                ]
                            }
                        ]
                    }
                },
                "profile_image_url": "http://pbs.twimg.com/profile_images/710203133536894977/eYU-xrl7_normal.jpg",
                "profile_background_tile": false,
                "profile_image_url_https": "https://pbs.twimg.com/profile_images/710203133536894977/eYU-xrl7_normal.jpg",
                "default_profile_image": false,
                "time_zone": "Central Time (US & Canada)",
                "friends_count": 824,
                "url": "https://t.co/5avXc9kQvj",
                "profile_sidebar_border_color": "C0DEED",
                "contributors_enabled": false,
                "followers_count": 173250
            },
            "in_reply_to_status_id_str": null,
            "id": 802520793783660544,
            "possibly_sensitive": false,
            "in_reply_to_status_id": null,
            "geo": null,
            "in_reply_to_user_id": null,
            "favorite_count": 4,
            "entities": {
                "hashtags": [],
                "symbols": [],
                "urls": [
                    {
                        "url": "https://t.co/FA1JUX2kIb",
                        "expanded_url": "http://www.kansascity.com/news/politics-government/article117215883.html#storylink=twt_staff",
                        "display_url": "kansascity.com/news/politics-\u2026",
                        "indices": [
                            51,
                            74
                        ]
                    }
                ],
                "user_mentions": []
            },
            "in_reply_to_user_id_str": null,
            "retweeted": false,
            "is_quote_status": false,
            "contributors": null,
            "retweet_count": 1
        }
    ]
}