{
    "search_metadata": {
        "query": "Trump+from%3Alatimes+since%3A2016-11-26+until%3A2016-11-27+filter%3Alinks+-%40latimes",
        "since_id_str": "0",
        "max_id_str": "802612836849565696",
        "since_id": 0,
        "max_id": 802612836849565696,
        "completed_in": 0.031,
        "count": 100,
        "refresh_url": "?since_id=802612836849565696&q=Trump%20from%3Alatimes%20since%3A2016-11-26%20until%3A2016-11-27%20filter%3Alinks%20-%40latimes&include_entities=1"
    },
    "statuses": [
        {
            "favorited": false,
            "coordinates": null,
            "in_reply_to_screen_name": null,
            "id_str": "802612836849565696",
            "lang": "en",
            "place": null,
            "metadata": {
                "iso_language_code": "en",
                "result_type": "recent"
            },
            "created_at": "Sat Nov 26 20:39:46 +0000 2016",
            "text": "Letters threatening genocide against Muslims and praising Trump sent to multiple California mosques\u2026 https://t.co/ptFA0xjHYE",
            "truncated": true,
            "source": "<a href=\"http://www.hootsuite.com\" rel=\"nofollow\">Hootsuite</a>",
            "user": {
                "profile_sidebar_fill_color": "EFEFEF",
                "description": "News from Los Angeles and the world. Staffed by http://t.co/zb8HyvYyAJ editors.",
                "profile_banner_url": "https://pbs.twimg.com/profile_banners/16664681/1402448809",
                "is_translator": false,
                "favourites_count": 1869,
                "id_str": "16664681",
                "lang": "en",
                "profile_link_color": "009999",
                "name": "Los Angeles Times",
                "has_extended_profile": false,
                "profile_background_image_url_https": "https://pbs.twimg.com/profile_background_images/596769492/sp4uqn6gr7cwmjefat2j.jpeg",
                "statuses_count": 153172,
                "created_at": "Thu Oct 09 11:07:42 +0000 2008",
                "screen_name": "latimes",
                "notifications": false,
                "listed_count": 28283,
                "profile_background_color": "FFFFFF",
                "profile_text_color": "615F61",
                "profile_background_image_url": "http://pbs.twimg.com/profile_background_images/596769492/sp4uqn6gr7cwmjefat2j.jpeg",
                "geo_enabled": true,
                "default_profile": false,
                "is_translation_enabled": false,
                "id": 16664681,
                "verified": true,
                "follow_request_sent": false,
                "profile_use_background_image": true,
                "utc_offset": -28800,
                "location": "Los Angeles, CA",
                "protected": false,
                "following": false,
                "translator_type": "regular",
                "entities": {
                    "description": {
                        "urls": [
                            {
                                "url": "http://t.co/zb8HyvYyAJ",
                                "expanded_url": "http://latimes.com",
                                "display_url": "latimes.com",
                                "indices": [
                                    48,
                                    70
                                ]
                            }
                        ]
                    },
                    "url": {
                        "urls": [
                            {
                                "url": "http://t.co/JvbZRDfNzf",
                                "expanded_url": "http://latimes.com/",
                                "display_url": "latimes.com",
                                "indices": [
                                    0,
                                    22
                                ]
                            }
                        ]
                    }
                },
                "profile_image_url": "http://pbs.twimg.com/profile_images/546329819919560704/XMWy2Z50_normal.jpeg",
                "profile_background_tile": false,
                "profile_image_url_https": "https://pbs.twimg.com/profile_images/546329819919560704/XMWy2Z50_normal.jpeg",
                "default_profile_image": false,
                "time_zone": "Pacific Time (US & Canada)",
                "friends_count": 10713,
                "url": "http://t.co/JvbZRDfNzf",
                "profile_sidebar_border_color": "FFFFFF",
                "contributors_enabled": false,
                "followers_count": 2324762
            },
            "in_reply_to_status_id_str": null,
            "id": 802612836849565696,
            "possibly_sensitive": false,
            "in_reply_to_status_id": null,
            "geo": null,
            "in_reply_to_user_id": null,
            "favorite_count": 77,
            "entities": {
                "hashtags": [],
                "symbols": [],
                "urls": [
                    {
                        "url": "https://t.co/ptFA0xjHYE",
                        "expanded_url": "https://twitter.com/i/web/status/802612836849565696",
                        "display_url": "twitter.com/i/web/status/8\u2026",
                        "indices": [
                            101,
                            124
                        ]
                    }
                ],
                "user_mentions": []
            },
            "in_reply_to_user_id_str": null,
            "retweeted": false,
            "is_quote_status": false,
            "contributors": null,
            "retweet_count": 204
        },
        {
            "favorited": false,
            "coordinates": null,
            "in_reply_to_screen_name": null,
            "id_str": "802585231626801152",
            "lang": "en",
            "place": null,
            "metadata": {
                "iso_language_code": "en",
                "result_type": "recent"
            },
            "created_at": "Sat Nov 26 18:50:05 +0000 2016",
            "text": "Trump seems ready to fight the world on climate change, and it could cost the U.S. https://t.co/L7ayHCqXeq",
            "truncated": false,
            "source": "<a href=\"http://www.hootsuite.com\" rel=\"nofollow\">Hootsuite</a>",
            "user": {
                "profile_sidebar_fill_color": "EFEFEF",
                "description": "News from Los Angeles and the world. Staffed by http://t.co/zb8HyvYyAJ editors.",
                "profile_banner_url": "https://pbs.twimg.com/profile_banners/16664681/1402448809",
                "is_translator": false,
                "favourites_count": 1869,
                "id_str": "16664681",
                "lang": "en",
                "profile_link_color": "009999",
                "name": "Los Angeles Times",
                "has_extended_profile": false,
                "profile_background_image_url_https": "https://pbs.twimg.com/profile_background_images/596769492/sp4uqn6gr7cwmjefat2j.jpeg",
                "statuses_count": 153172,
                "created_at": "Thu Oct 09 11:07:42 +0000 2008",
                "screen_name": "latimes",
                "notifications": false,
                "listed_count": 28283,
                "profile_background_color": "FFFFFF",
                "profile_text_color": "615F61",
                "profile_background_image_url": "http://pbs.twimg.com/profile_background_images/596769492/sp4uqn6gr7cwmjefat2j.jpeg",
                "geo_enabled": true,
                "default_profile": false,
                "is_translation_enabled": false,
                "id": 16664681,
                "verified": true,
                "follow_request_sent": false,
                "profile_use_background_image": true,
                "utc_offset": -28800,
                "location": "Los Angeles, CA",
                "protected": false,
                "following": false,
                "translator_type": "regular",
                "entities": {
                    "description": {
                        "urls": [
                            {
                                "url": "http://t.co/zb8HyvYyAJ",
                                "expanded_url": "http://latimes.com",
                                "display_url": "latimes.com",
                                "indices": [
                                    48,
                                    70
                                ]
                            }
                        ]
                    },
                    "url": {
                        "urls": [
                            {
                                "url": "http://t.co/JvbZRDfNzf",
                                "expanded_url": "http://latimes.com/",
                                "display_url": "latimes.com",
                                "indices": [
                                    0,
                                    22
                                ]
                            }
                        ]
                    }
                },
                "profile_image_url": "http://pbs.twimg.com/profile_images/546329819919560704/XMWy2Z50_normal.jpeg",
                "profile_background_tile": false,
                "profile_image_url_https": "https://pbs.twimg.com/profile_images/546329819919560704/XMWy2Z50_normal.jpeg",
                "default_profile_image": false,
                "time_zone": "Pacific Time (US & Canada)",
                "friends_count": 10713,
                "url": "http://t.co/JvbZRDfNzf",
                "profile_sidebar_border_color": "FFFFFF",
                "contributors_enabled": false,
                "followers_count": 2324762
            },
            "in_reply_to_status_id_str": null,
            "id": 802585231626801152,
            "possibly_sensitive": false,
            "in_reply_to_status_id": null,
            "geo": null,
            "in_reply_to_user_id": null,
            "favorite_count": 77,
            "entities": {
                "hashtags": [],
                "symbols": [],
                "urls": [
                    {
                        "url": "https://t.co/L7ayHCqXeq",
                        "expanded_url": "http://lat.ms/2gsMvJB",
                        "display_url": "lat.ms/2gsMvJB",
                        "indices": [
                            83,
                            106
                        ]
                    }
                ],
                "user_mentions": []
            },
            "in_reply_to_user_id_str": null,
            "retweeted": false,
            "is_quote_status": false,
            "contributors": null,
            "retweet_count": 84
        },
        {
            "favorited": false,
            "coordinates": null,
            "in_reply_to_screen_name": null,
            "id_str": "802551288244346880",
            "lang": "en",
            "place": null,
            "metadata": {
                "iso_language_code": "en",
                "result_type": "recent"
            },
            "created_at": "Sat Nov 26 16:35:12 +0000 2016",
            "text": "Any Trump nominee to the U.S. Supreme Court is almost guaranteed to be a conservative who's anti-abortion\u2026 https://t.co/8Xf4iHTNw8",
            "truncated": true,
            "source": "<a href=\"http://www.hootsuite.com\" rel=\"nofollow\">Hootsuite</a>",
            "user": {
                "profile_sidebar_fill_color": "EFEFEF",
                "description": "News from Los Angeles and the world. Staffed by http://t.co/zb8HyvYyAJ editors.",
                "profile_banner_url": "https://pbs.twimg.com/profile_banners/16664681/1402448809",
                "is_translator": false,
                "favourites_count": 1869,
                "id_str": "16664681",
                "lang": "en",
                "profile_link_color": "009999",
                "name": "Los Angeles Times",
                "has_extended_profile": false,
                "profile_background_image_url_https": "https://pbs.twimg.com/profile_background_images/596769492/sp4uqn6gr7cwmjefat2j.jpeg",
                "statuses_count": 153172,
                "created_at": "Thu Oct 09 11:07:42 +0000 2008",
                "screen_name": "latimes",
                "notifications": false,
                "listed_count": 28283,
                "profile_background_color": "FFFFFF",
                "profile_text_color": "615F61",
                "profile_background_image_url": "http://pbs.twimg.com/profile_background_images/596769492/sp4uqn6gr7cwmjefat2j.jpeg",
                "geo_enabled": true,
                "default_profile": false,
                "is_translation_enabled": false,
                "id": 16664681,
                "verified": true,
                "follow_request_sent": false,
                "profile_use_background_image": true,
                "utc_offset": -28800,
                "location": "Los Angeles, CA",
                "protected": false,
                "following": false,
                "translator_type": "regular",
                "entities": {
                    "description": {
                        "urls": [
                            {
                                "url": "http://t.co/zb8HyvYyAJ",
                                "expanded_url": "http://latimes.com",
                                "display_url": "latimes.com",
                                "indices": [
                                    48,
                                    70
                                ]
                            }
                        ]
                    },
                    "url": {
                        "urls": [
                            {
                                "url": "http://t.co/JvbZRDfNzf",
                                "expanded_url": "http://latimes.com/",
                                "display_url": "latimes.com",
                                "indices": [
                                    0,
                                    22
                                ]
                            }
                        ]
                    }
                },
                "profile_image_url": "http://pbs.twimg.com/profile_images/546329819919560704/XMWy2Z50_normal.jpeg",
                "profile_background_tile": false,
                "profile_image_url_https": "https://pbs.twimg.com/profile_images/546329819919560704/XMWy2Z50_normal.jpeg",
                "default_profile_image": false,
                "time_zone": "Pacific Time (US & Canada)",
                "friends_count": 10713,
                "url": "http://t.co/JvbZRDfNzf",
                "profile_sidebar_border_color": "FFFFFF",
                "contributors_enabled": false,
                "followers_count": 2324762
            },
            "in_reply_to_status_id_str": null,
            "id": 802551288244346880,
            "possibly_sensitive": false,
            "in_reply_to_status_id": null,
            "geo": null,
            "in_reply_to_user_id": null,
            "favorite_count": 54,
            "entities": {
                "hashtags": [],
                "symbols": [],
                "urls": [
                    {
                        "url": "https://t.co/8Xf4iHTNw8",
                        "expanded_url": "https://twitter.com/i/web/status/802551288244346880",
                        "display_url": "twitter.com/i/web/status/8\u2026",
                        "indices": [
                            107,
                            130
                        ]
                    }
                ],
                "user_mentions": []
            },
            "in_reply_to_user_id_str": null,
            "retweeted": false,
            "is_quote_status": false,
            "contributors": null,
            "retweet_count": 51
        },
        {
            "favorited": false,
            "coordinates": null,
            "in_reply_to_screen_name": null,
            "id_str": "802543757719642116",
            "lang": "en",
            "place": null,
            "favorite_count": 49,
            "extended_entities": {
                "media": [
                    {
                        "id": 802543753990995968,
                        "url": "https://t.co/iW52YQ8zyX",
                        "indices": [
                            101,
                            124
                        ],
                        "display_url": "pic.twitter.com/iW52YQ8zyX",
                        "id_str": "802543753990995968",
                        "sizes": {
                            "large": {
                                "w": 2048,
                                "resize": "fit",
                                "h": 1365
                            },
                            "medium": {
                                "w": 1200,
                                "resize": "fit",
                                "h": 800
                            },
                            "small": {
                                "w": 680,
                                "resize": "fit",
                                "h": 453
                            },
                            "thumb": {
                                "w": 150,
                                "resize": "crop",
                                "h": 150
                            }
                        },
                        "media_url_https": "https://pbs.twimg.com/media/CyM1Ss1XgAAxtw5.jpg",
                        "media_url": "http://pbs.twimg.com/media/CyM1Ss1XgAAxtw5.jpg",
                        "type": "photo",
                        "expanded_url": "https://twitter.com/latimes/status/802543757719642116/photo/1"
                    }
                ]
            },
            "text": "How Donald Trump could use the presidency to help his own business interests https://t.co/UQaXdlgMMY https://t.co/iW52YQ8zyX",
            "truncated": false,
            "source": "<a href=\"http://www.hootsuite.com\" rel=\"nofollow\">Hootsuite</a>",
            "user": {
                "profile_sidebar_fill_color": "EFEFEF",
                "description": "News from Los Angeles and the world. Staffed by http://t.co/zb8HyvYyAJ editors.",
                "profile_banner_url": "https://pbs.twimg.com/profile_banners/16664681/1402448809",
                "is_translator": false,
                "favourites_count": 1869,
                "id_str": "16664681",
                "lang": "en",
                "profile_link_color": "009999",
                "name": "Los Angeles Times",
                "has_extended_profile": false,
                "profile_background_image_url_https": "https://pbs.twimg.com/profile_background_images/596769492/sp4uqn6gr7cwmjefat2j.jpeg",
                "statuses_count": 153172,
                "created_at": "Thu Oct 09 11:07:42 +0000 2008",
                "screen_name": "latimes",
                "notifications": false,
                "listed_count": 28283,
                "profile_background_color": "FFFFFF",
                "profile_text_color": "615F61",
                "profile_background_image_url": "http://pbs.twimg.com/profile_background_images/596769492/sp4uqn6gr7cwmjefat2j.jpeg",
                "geo_enabled": true,
                "default_profile": false,
                "is_translation_enabled": false,
                "id": 16664681,
                "verified": true,
                "follow_request_sent": false,
                "profile_use_background_image": true,
                "utc_offset": -28800,
                "location": "Los Angeles, CA",
                "protected": false,
                "following": false,
                "translator_type": "regular",
                "entities": {
                    "description": {
                        "urls": [
                            {
                                "url": "http://t.co/zb8HyvYyAJ",
                                "expanded_url": "http://latimes.com",
                                "display_url": "latimes.com",
                                "indices": [
                                    48,
                                    70
                                ]
                            }
                        ]
                    },
                    "url": {
                        "urls": [
                            {
                                "url": "http://t.co/JvbZRDfNzf",
                                "expanded_url": "http://latimes.com/",
                                "display_url": "latimes.com",
                                "indices": [
                                    0,
                                    22
                                ]
                            }
                        ]
                    }
                },
                "profile_image_url": "http://pbs.twimg.com/profile_images/546329819919560704/XMWy2Z50_normal.jpeg",
                "profile_background_tile": false,
                "profile_image_url_https": "https://pbs.twimg.com/profile_images/546329819919560704/XMWy2Z50_normal.jpeg",
                "default_profile_image": false,
                "time_zone": "Pacific Time (US & Canada)",
                "friends_count": 10713,
                "url": "http://t.co/JvbZRDfNzf",
                "profile_sidebar_border_color": "FFFFFF",
                "contributors_enabled": false,
                "followers_count": 2324762
            },
            "in_reply_to_status_id_str": null,
            "id": 802543757719642116,
            "possibly_sensitive": false,
            "in_reply_to_status_id": null,
            "geo": null,
            "retweeted": false,
            "in_reply_to_user_id": null,
            "metadata": {
                "iso_language_code": "en",
                "result_type": "recent"
            },
            "entities": {
                "hashtags": [],
                "media": [
                    {
                        "id": 802543753990995968,
                        "url": "https://t.co/iW52YQ8zyX",
                        "indices": [
                            101,
                            124
                        ],
                        "display_url": "pic.twitter.com/iW52YQ8zyX",
                        "id_str": "802543753990995968",
                        "sizes": {
                            "large": {
                                "w": 2048,
                                "resize": "fit",
                                "h": 1365
                            },
                            "medium": {
                                "w": 1200,
                                "resize": "fit",
                                "h": 800
                            },
                            "small": {
                                "w": 680,
                                "resize": "fit",
                                "h": 453
                            },
                            "thumb": {
                                "w": 150,
                                "resize": "crop",
                                "h": 150
                            }
                        },
                        "media_url_https": "https://pbs.twimg.com/media/CyM1Ss1XgAAxtw5.jpg",
                        "media_url": "http://pbs.twimg.com/media/CyM1Ss1XgAAxtw5.jpg",
                        "type": "photo",
                        "expanded_url": "https://twitter.com/latimes/status/802543757719642116/photo/1"
                    }
                ],
                "symbols": [],
                "urls": [
                    {
                        "url": "https://t.co/UQaXdlgMMY",
                        "expanded_url": "http://lat.ms/2fBdVcA",
                        "display_url": "lat.ms/2fBdVcA",
                        "indices": [
                            77,
                            100
                        ]
                    }
                ],
                "user_mentions": []
            },
            "in_reply_to_user_id_str": null,
            "created_at": "Sat Nov 26 16:05:17 +0000 2016",
            "is_quote_status": false,
            "contributors": null,
            "retweet_count": 65
        },
        {
            "favorited": false,
            "coordinates": null,
            "in_reply_to_screen_name": null,
            "id_str": "802529917510422528",
            "lang": "en",
            "place": null,
            "metadata": {
                "iso_language_code": "en",
                "result_type": "recent"
            },
            "created_at": "Sat Nov 26 15:10:17 +0000 2016",
            "text": "Citing Trump, L.A. will consider decriminalizing sidewalk vending in order to protect immigrant street vendors\u2026 https://t.co/SFREjMAMVK",
            "truncated": true,
            "source": "<a href=\"http://www.hootsuite.com\" rel=\"nofollow\">Hootsuite</a>",
            "user": {
                "profile_sidebar_fill_color": "EFEFEF",
                "description": "News from Los Angeles and the world. Staffed by http://t.co/zb8HyvYyAJ editors.",
                "profile_banner_url": "https://pbs.twimg.com/profile_banners/16664681/1402448809",
                "is_translator": false,
                "favourites_count": 1869,
                "id_str": "16664681",
                "lang": "en",
                "profile_link_color": "009999",
                "name": "Los Angeles Times",
                "has_extended_profile": false,
                "profile_background_image_url_https": "https://pbs.twimg.com/profile_background_images/596769492/sp4uqn6gr7cwmjefat2j.jpeg",
                "statuses_count": 153172,
                "created_at": "Thu Oct 09 11:07:42 +0000 2008",
                "screen_name": "latimes",
                "notifications": false,
                "listed_count": 28283,
                "profile_background_color": "FFFFFF",
                "profile_text_color": "615F61",
                "profile_background_image_url": "http://pbs.twimg.com/profile_background_images/596769492/sp4uqn6gr7cwmjefat2j.jpeg",
                "geo_enabled": true,
                "default_profile": false,
                "is_translation_enabled": false,
                "id": 16664681,
                "verified": true,
                "follow_request_sent": false,
                "profile_use_background_image": true,
                "utc_offset": -28800,
                "location": "Los Angeles, CA",
                "protected": false,
                "following": false,
                "translator_type": "regular",
                "entities": {
                    "description": {
                        "urls": [
                            {
                                "url": "http://t.co/zb8HyvYyAJ",
                                "expanded_url": "http://latimes.com",
                                "display_url": "latimes.com",
                                "indices": [
                                    48,
                                    70
                                ]
                            }
                        ]
                    },
                    "url": {
                        "urls": [
                            {
                                "url": "http://t.co/JvbZRDfNzf",
                                "expanded_url": "http://latimes.com/",
                                "display_url": "latimes.com",
                                "indices": [
                                    0,
                                    22
                                ]
                            }
                        ]
                    }
                },
                "profile_image_url": "http://pbs.twimg.com/profile_images/546329819919560704/XMWy2Z50_normal.jpeg",
                "profile_background_tile": false,
                "profile_image_url_https": "https://pbs.twimg.com/profile_images/546329819919560704/XMWy2Z50_normal.jpeg",
                "default_profile_image": false,
                "time_zone": "Pacific Time (US & Canada)",
                "friends_count": 10713,
                "url": "http://t.co/JvbZRDfNzf",
                "profile_sidebar_border_color": "FFFFFF",
                "contributors_enabled": false,
                "followers_count": 2324762
            },
            "in_reply_to_status_id_str": null,
            "id": 802529917510422528,
            "possibly_sensitive": false,
            "in_reply_to_status_id": null,
            "geo": null,
            "in_reply_to_user_id": null,
            "favorite_count": 541,
            "entities": {
                "hashtags": [],
                "symbols": [],
                "urls": [
                    {
                        "url": "https://t.co/SFREjMAMVK",
                        "expanded_url": "https://twitter.com/i/web/status/802529917510422528",
                        "display_url": "twitter.com/i/web/status/8\u2026",
                        "indices": [
                            112,
                            135
                        ]
                    }
                ],
                "user_mentions": []
            },
            "in_reply_to_user_id_str": null,
            "retweeted": false,
            "is_quote_status": false,
            "contributors": null,
            "retweet_count": 315
        },
        {
            "favorited": false,
            "coordinates": null,
            "in_reply_to_screen_name": null,
            "id_str": "802473424564211716",
            "lang": "en",
            "place": null,
            "favorite_count": 57,
            "extended_entities": {
                "media": [
                    {
                        "id": 802473421560872960,
                        "url": "https://t.co/noThUuyNnn",
                        "indices": [
                            100,
                            123
                        ],
                        "display_url": "pic.twitter.com/noThUuyNnn",
                        "id_str": "802473421560872960",
                        "sizes": {
                            "large": {
                                "w": 750,
                                "resize": "fit",
                                "h": 422
                            },
                            "medium": {
                                "w": 750,
                                "resize": "fit",
                                "h": 422
                            },
                            "small": {
                                "w": 680,
                                "resize": "fit",
                                "h": 383
                            },
                            "thumb": {
                                "w": 150,
                                "resize": "crop",
                                "h": 150
                            }
                        },
                        "media_url_https": "https://pbs.twimg.com/media/CyL1U0HUAAAOH35.jpg",
                        "media_url": "http://pbs.twimg.com/media/CyL1U0HUAAAOH35.jpg",
                        "type": "photo",
                        "expanded_url": "https://twitter.com/latimes/status/802473424564211716/photo/1"
                    }
                ]
            },
            "text": "Immigrants fear that definition of \u2018criminal\u2019 will be stretched under Trump https://t.co/EQStHiur0n https://t.co/noThUuyNnn",
            "truncated": false,
            "source": "<a href=\"http://www.hootsuite.com\" rel=\"nofollow\">Hootsuite</a>",
            "user": {
                "profile_sidebar_fill_color": "EFEFEF",
                "description": "News from Los Angeles and the world. Staffed by http://t.co/zb8HyvYyAJ editors.",
                "profile_banner_url": "https://pbs.twimg.com/profile_banners/16664681/1402448809",
                "is_translator": false,
                "favourites_count": 1869,
                "id_str": "16664681",
                "lang": "en",
                "profile_link_color": "009999",
                "name": "Los Angeles Times",
                "has_extended_profile": false,
                "profile_background_image_url_https": "https://pbs.twimg.com/profile_background_images/596769492/sp4uqn6gr7cwmjefat2j.jpeg",
                "statuses_count": 153172,
                "created_at": "Thu Oct 09 11:07:42 +0000 2008",
                "screen_name": "latimes",
                "notifications": false,
                "listed_count": 28283,
                "profile_background_color": "FFFFFF",
                "profile_text_color": "615F61",
                "profile_background_image_url": "http://pbs.twimg.com/profile_background_images/596769492/sp4uqn6gr7cwmjefat2j.jpeg",
                "geo_enabled": true,
                "default_profile": false,
                "is_translation_enabled": false,
                "id": 16664681,
                "verified": true,
                "follow_request_sent": false,
                "profile_use_background_image": true,
                "utc_offset": -28800,
                "location": "Los Angeles, CA",
                "protected": false,
                "following": false,
                "translator_type": "regular",
                "entities": {
                    "description": {
                        "urls": [
                            {
                                "url": "http://t.co/zb8HyvYyAJ",
                                "expanded_url": "http://latimes.com",
                                "display_url": "latimes.com",
                                "indices": [
                                    48,
                                    70
                                ]
                            }
                        ]
                    },
                    "url": {
                        "urls": [
                            {
                                "url": "http://t.co/JvbZRDfNzf",
                                "expanded_url": "http://latimes.com/",
                                "display_url": "latimes.com",
                                "indices": [
                                    0,
                                    22
                                ]
                            }
                        ]
                    }
                },
                "profile_image_url": "http://pbs.twimg.com/profile_images/546329819919560704/XMWy2Z50_normal.jpeg",
                "profile_background_tile": false,
                "profile_image_url_https": "https://pbs.twimg.com/profile_images/546329819919560704/XMWy2Z50_normal.jpeg",
                "default_profile_image": false,
                "time_zone": "Pacific Time (US & Canada)",
                "friends_count": 10713,
                "url": "http://t.co/JvbZRDfNzf",
                "profile_sidebar_border_color": "FFFFFF",
                "contributors_enabled": false,
                "followers_count": 2324762
            },
            "in_reply_to_status_id_str": null,
            "id": 802473424564211716,
            "possibly_sensitive": false,
            "in_reply_to_status_id": null,
            "geo": null,
            "retweeted": false,
            "in_reply_to_user_id": null,
            "metadata": {
                "iso_language_code": "en",
                "result_type": "recent"
            },
            "entities": {
                "hashtags": [],
                "media": [
                    {
                        "id": 802473421560872960,
                        "url": "https://t.co/noThUuyNnn",
                        "indices": [
                            100,
                            123
                        ],
                        "display_url": "pic.twitter.com/noThUuyNnn",
                        "id_str": "802473421560872960",
                        "sizes": {
                            "large": {
                                "w": 750,
                                "resize": "fit",
                                "h": 422
                            },
                            "medium": {
                                "w": 750,
                                "resize": "fit",
                                "h": 422
                            },
                            "small": {
                                "w": 680,
                                "resize": "fit",
                                "h": 383
                            },
                            "thumb": {
                                "w": 150,
                                "resize": "crop",
                                "h": 150
                            }
                        },
                        "media_url_https": "https://pbs.twimg.com/media/CyL1U0HUAAAOH35.jpg",
                        "media_url": "http://pbs.twimg.com/media/CyL1U0HUAAAOH35.jpg",
                        "type": "photo",
                        "expanded_url": "https://twitter.com/latimes/status/802473424564211716/photo/1"
                    }
                ],
                "symbols": [],
                "urls": [
                    {
                        "url": "https://t.co/EQStHiur0n",
                        "expanded_url": "http://lat.ms/2gwtrrz",
                        "display_url": "lat.ms/2gwtrrz",
                        "indices": [
                            76,
                            99
                        ]
                    }
                ],
                "user_mentions": []
            },
            "in_reply_to_user_id_str": null,
            "created_at": "Sat Nov 26 11:25:48 +0000 2016",
            "is_quote_status": false,
            "contributors": null,
            "retweet_count": 57
        },
        {
            "favorited": false,
            "coordinates": null,
            "in_reply_to_screen_name": null,
            "id_str": "802422931817164800",
            "lang": "en",
            "place": null,
            "metadata": {
                "iso_language_code": "en",
                "result_type": "recent"
            },
            "created_at": "Sat Nov 26 08:05:09 +0000 2016",
            "text": "How the showdown at Standing Rock mirrors our troubled democracy (via @latimesopinion) https://t.co/WLDYMlB9We",
            "truncated": false,
            "source": "<a href=\"http://www.hootsuite.com\" rel=\"nofollow\">Hootsuite</a>",
            "user": {
                "profile_sidebar_fill_color": "EFEFEF",
                "description": "News from Los Angeles and the world. Staffed by http://t.co/zb8HyvYyAJ editors.",
                "profile_banner_url": "https://pbs.twimg.com/profile_banners/16664681/1402448809",
                "is_translator": false,
                "favourites_count": 1869,
                "id_str": "16664681",
                "lang": "en",
                "profile_link_color": "009999",
                "name": "Los Angeles Times",
                "has_extended_profile": false,
                "profile_background_image_url_https": "https://pbs.twimg.com/profile_background_images/596769492/sp4uqn6gr7cwmjefat2j.jpeg",
                "statuses_count": 153172,
                "created_at": "Thu Oct 09 11:07:42 +0000 2008",
                "screen_name": "latimes",
                "notifications": false,
                "listed_count": 28283,
                "profile_background_color": "FFFFFF",
                "profile_text_color": "615F61",
                "profile_background_image_url": "http://pbs.twimg.com/profile_background_images/596769492/sp4uqn6gr7cwmjefat2j.jpeg",
                "geo_enabled": true,
                "default_profile": false,
                "is_translation_enabled": false,
                "id": 16664681,
                "verified": true,
                "follow_request_sent": false,
                "profile_use_background_image": true,
                "utc_offset": -28800,
                "location": "Los Angeles, CA",
                "protected": false,
                "following": false,
                "translator_type": "regular",
                "entities": {
                    "description": {
                        "urls": [
                            {
                                "url": "http://t.co/zb8HyvYyAJ",
                                "expanded_url": "http://latimes.com",
                                "display_url": "latimes.com",
                                "indices": [
                                    48,
                                    70
                                ]
                            }
                        ]
                    },
                    "url": {
                        "urls": [
                            {
                                "url": "http://t.co/JvbZRDfNzf",
                                "expanded_url": "http://latimes.com/",
                                "display_url": "latimes.com",
                                "indices": [
                                    0,
                                    22
                                ]
                            }
                        ]
                    }
                },
                "profile_image_url": "http://pbs.twimg.com/profile_images/546329819919560704/XMWy2Z50_normal.jpeg",
                "profile_background_tile": false,
                "profile_image_url_https": "https://pbs.twimg.com/profile_images/546329819919560704/XMWy2Z50_normal.jpeg",
                "default_profile_image": false,
                "time_zone": "Pacific Time (US & Canada)",
                "friends_count": 10713,
                "url": "http://t.co/JvbZRDfNzf",
                "profile_sidebar_border_color": "FFFFFF",
                "contributors_enabled": false,
                "followers_count": 2324762
            },
            "in_reply_to_status_id_str": null,
            "id": 802422931817164800,
            "possibly_sensitive": false,
            "in_reply_to_status_id": null,
            "geo": null,
            "in_reply_to_user_id": null,
            "favorite_count": 47,
            "entities": {
                "hashtags": [],
                "symbols": [],
                "urls": [
                    {
                        "url": "https://t.co/WLDYMlB9We",
                        "expanded_url": "http://lat.ms/2gzmQiO",
                        "display_url": "lat.ms/2gzmQiO",
                        "indices": [
                            87,
                            110
                        ]
                    }
                ],
                "user_mentions": [
                    {
                        "id_str": "17825891",
                        "id": 17825891,
                        "name": "L.A. Times Opinion",
                        "screen_name": "latimesopinion",
                        "indices": [
                            70,
                            85
                        ]
                    }
                ]
            },
            "in_reply_to_user_id_str": null,
            "retweeted": false,
            "is_quote_status": false,
            "contributors": null,
            "retweet_count": 46
        },
        {
            "favorited": false,
            "coordinates": null,
            "in_reply_to_screen_name": null,
            "id_str": "802377622600687616",
            "lang": "en",
            "place": null,
            "metadata": {
                "iso_language_code": "en",
                "result_type": "recent"
            },
            "created_at": "Sat Nov 26 05:05:07 +0000 2016",
            "text": "Border Patrol union welcomes Trump's proposed wall as a \u201cvital tool\u201d https://t.co/zaWRl1PtMx",
            "truncated": false,
            "source": "<a href=\"http://www.hootsuite.com\" rel=\"nofollow\">Hootsuite</a>",
            "user": {
                "profile_sidebar_fill_color": "EFEFEF",
                "description": "News from Los Angeles and the world. Staffed by http://t.co/zb8HyvYyAJ editors.",
                "profile_banner_url": "https://pbs.twimg.com/profile_banners/16664681/1402448809",
                "is_translator": false,
                "favourites_count": 1869,
                "id_str": "16664681",
                "lang": "en",
                "profile_link_color": "009999",
                "name": "Los Angeles Times",
                "has_extended_profile": false,
                "profile_background_image_url_https": "https://pbs.twimg.com/profile_background_images/596769492/sp4uqn6gr7cwmjefat2j.jpeg",
                "statuses_count": 153172,
                "created_at": "Thu Oct 09 11:07:42 +0000 2008",
                "screen_name": "latimes",
                "notifications": false,
                "listed_count": 28283,
                "profile_background_color": "FFFFFF",
                "profile_text_color": "615F61",
                "profile_background_image_url": "http://pbs.twimg.com/profile_background_images/596769492/sp4uqn6gr7cwmjefat2j.jpeg",
                "geo_enabled": true,
                "default_profile": false,
                "is_translation_enabled": false,
                "id": 16664681,
                "verified": true,
                "follow_request_sent": false,
                "profile_use_background_image": true,
                "utc_offset": -28800,
                "location": "Los Angeles, CA",
                "protected": false,
                "following": false,
                "translator_type": "regular",
                "entities": {
                    "description": {
                        "urls": [
                            {
                                "url": "http://t.co/zb8HyvYyAJ",
                                "expanded_url": "http://latimes.com",
                                "display_url": "latimes.com",
                                "indices": [
                                    48,
                                    70
                                ]
                            }
                        ]
                    },
                    "url": {
                        "urls": [
                            {
                                "url": "http://t.co/JvbZRDfNzf",
                                "expanded_url": "http://latimes.com/",
                                "display_url": "latimes.com",
                                "indices": [
                                    0,
                                    22
                                ]
                            }
                        ]
                    }
                },
                "profile_image_url": "http://pbs.twimg.com/profile_images/546329819919560704/XMWy2Z50_normal.jpeg",
                "profile_background_tile": false,
                "profile_image_url_https": "https://pbs.twimg.com/profile_images/546329819919560704/XMWy2Z50_normal.jpeg",
                "default_profile_image": false,
                "time_zone": "Pacific Time (US & Canada)",
                "friends_count": 10713,
                "url": "http://t.co/JvbZRDfNzf",
                "profile_sidebar_border_color": "FFFFFF",
                "contributors_enabled": false,
                "followers_count": 2324762
            },
            "in_reply_to_status_id_str": null,
            "id": 802377622600687616,
            "possibly_sensitive": false,
            "in_reply_to_status_id": null,
            "geo": null,
            "in_reply_to_user_id": null,
            "favorite_count": 53,
            "entities": {
                "hashtags": [],
                "symbols": [],
                "urls": [
                    {
                        "url": "https://t.co/zaWRl1PtMx",
                        "expanded_url": "http://lat.ms/2grd3Mp",
                        "display_url": "lat.ms/2grd3Mp",
                        "indices": [
                            69,
                            92
                        ]
                    }
                ],
                "user_mentions": []
            },
            "in_reply_to_user_id_str": null,
            "retweeted": false,
            "is_quote_status": false,
            "contributors": null,
            "retweet_count": 51
        },
        {
            "favorited": false,
            "coordinates": null,
            "in_reply_to_screen_name": null,
            "id_str": "802348690061017088",
            "lang": "en",
            "place": null,
            "metadata": {
                "iso_language_code": "en",
                "result_type": "recent"
            },
            "created_at": "Sat Nov 26 03:10:09 +0000 2016",
            "text": "In the wake of Donald Trump's victory, some movies don't feel like they were intended to https://t.co/mQNREQNctR",
            "truncated": false,
            "source": "<a href=\"http://www.hootsuite.com\" rel=\"nofollow\">Hootsuite</a>",
            "user": {
                "profile_sidebar_fill_color": "EFEFEF",
                "description": "News from Los Angeles and the world. Staffed by http://t.co/zb8HyvYyAJ editors.",
                "profile_banner_url": "https://pbs.twimg.com/profile_banners/16664681/1402448809",
                "is_translator": false,
                "favourites_count": 1869,
                "id_str": "16664681",
                "lang": "en",
                "profile_link_color": "009999",
                "name": "Los Angeles Times",
                "has_extended_profile": false,
                "profile_background_image_url_https": "https://pbs.twimg.com/profile_background_images/596769492/sp4uqn6gr7cwmjefat2j.jpeg",
                "statuses_count": 153172,
                "created_at": "Thu Oct 09 11:07:42 +0000 2008",
                "screen_name": "latimes",
                "notifications": false,
                "listed_count": 28283,
                "profile_background_color": "FFFFFF",
                "profile_text_color": "615F61",
                "profile_background_image_url": "http://pbs.twimg.com/profile_background_images/596769492/sp4uqn6gr7cwmjefat2j.jpeg",
                "geo_enabled": true,
                "default_profile": false,
                "is_translation_enabled": false,
                "id": 16664681,
                "verified": true,
                "follow_request_sent": false,
                "profile_use_background_image": true,
                "utc_offset": -28800,
                "location": "Los Angeles, CA",
                "protected": false,
                "following": false,
                "translator_type": "regular",
                "entities": {
                    "description": {
                        "urls": [
                            {
                                "url": "http://t.co/zb8HyvYyAJ",
                                "expanded_url": "http://latimes.com",
                                "display_url": "latimes.com",
                                "indices": [
                                    48,
                                    70
                                ]
                            }
                        ]
                    },
                    "url": {
                        "urls": [
                            {
                                "url": "http://t.co/JvbZRDfNzf",
                                "expanded_url": "http://latimes.com/",
                                "display_url": "latimes.com",
                                "indices": [
                                    0,
                                    22
                                ]
                            }
                        ]
                    }
                },
                "profile_image_url": "http://pbs.twimg.com/profile_images/546329819919560704/XMWy2Z50_normal.jpeg",
                "profile_background_tile": false,
                "profile_image_url_https": "https://pbs.twimg.com/profile_images/546329819919560704/XMWy2Z50_normal.jpeg",
                "default_profile_image": false,
                "time_zone": "Pacific Time (US & Canada)",
                "friends_count": 10713,
                "url": "http://t.co/JvbZRDfNzf",
                "profile_sidebar_border_color": "FFFFFF",
                "contributors_enabled": false,
                "followers_count": 2324762
            },
            "in_reply_to_status_id_str": null,
            "id": 802348690061017088,
            "possibly_sensitive": false,
            "in_reply_to_status_id": null,
            "geo": null,
            "in_reply_to_user_id": null,
            "favorite_count": 39,
            "entities": {
                "hashtags": [],
                "symbols": [],
                "urls": [
                    {
                        "url": "https://t.co/mQNREQNctR",
                        "expanded_url": "http://lat.ms/2gfc54F",
                        "display_url": "lat.ms/2gfc54F",
                        "indices": [
                            89,
                            112
                        ]
                    }
                ],
                "user_mentions": []
            },
            "in_reply_to_user_id_str": null,
            "retweeted": false,
            "is_quote_status": false,
            "contributors": null,
            "retweet_count": 22
        }
    ]
}