{
    "search_metadata": {
        "query": "Trump+from%3AMiamiHerald+since%3A2016-11-26+until%3A2016-11-27+filter%3Alinks+-%40MiamiHerald",
        "since_id_str": "0",
        "max_id_str": "802617289497571328",
        "since_id": 0,
        "max_id": 802617289497571328,
        "completed_in": 0.026,
        "count": 100,
        "refresh_url": "?since_id=802617289497571328&q=Trump%20from%3AMiamiHerald%20since%3A2016-11-26%20until%3A2016-11-27%20filter%3Alinks%20-%40MiamiHerald&include_entities=1"
    },
    "statuses": [
        {
            "favorited": false,
            "coordinates": null,
            "in_reply_to_screen_name": null,
            "id_str": "802617289497571328",
            "lang": "en",
            "place": null,
            "favorite_count": 7,
            "extended_entities": {
                "media": [
                    {
                        "id": 802617073331564548,
                        "url": "https://t.co/rUYyygdFTY",
                        "indices": [
                            95,
                            118
                        ],
                        "display_url": "pic.twitter.com/rUYyygdFTY",
                        "id_str": "802617073331564548",
                        "sizes": {
                            "large": {
                                "w": 960,
                                "resize": "fit",
                                "h": 747
                            },
                            "medium": {
                                "w": 960,
                                "resize": "fit",
                                "h": 747
                            },
                            "small": {
                                "w": 680,
                                "resize": "fit",
                                "h": 529
                            },
                            "thumb": {
                                "w": 150,
                                "resize": "crop",
                                "h": 150
                            }
                        },
                        "media_url_https": "https://pbs.twimg.com/media/CyN3-cqXcAQ1KXl.jpg",
                        "media_url": "http://pbs.twimg.com/media/CyN3-cqXcAQ1KXl.jpg",
                        "type": "photo",
                        "expanded_url": "https://twitter.com/MiamiHerald/status/802617289497571328/photo/1"
                    }
                ]
            },
            "text": "Miami politicians spy opening for Donald Trump to adopt Cuba hard line https://t.co/p93tL25D3k https://t.co/rUYyygdFTY",
            "truncated": false,
            "source": "<a href=\"https://about.twitter.com/products/tweetdeck\" rel=\"nofollow\">TweetDeck</a>",
            "user": {
                "profile_sidebar_fill_color": "EBECED",
                "description": "The news. Every day. Your way.\nInstagram: https://t.co/EBuss8QhEl\nFacebook: https://t.co/C8sShSEs0S\nSnapchat: miamiherald",
                "profile_banner_url": "https://pbs.twimg.com/profile_banners/14085040/1401331083",
                "is_translator": false,
                "favourites_count": 287,
                "id_str": "14085040",
                "lang": "en",
                "profile_link_color": "0060AF",
                "name": "Miami Herald",
                "has_extended_profile": false,
                "profile_background_image_url_https": "https://pbs.twimg.com/profile_background_images/378800000013900789/a5a81b70f38bf7124af93439787031d0.jpeg",
                "statuses_count": 128321,
                "created_at": "Wed Mar 05 21:04:05 +0000 2008",
                "screen_name": "MiamiHerald",
                "notifications": false,
                "listed_count": 5552,
                "profile_background_color": "FFFFFF",
                "profile_text_color": "333333",
                "profile_background_image_url": "http://pbs.twimg.com/profile_background_images/378800000013900789/a5a81b70f38bf7124af93439787031d0.jpeg",
                "geo_enabled": true,
                "default_profile": false,
                "is_translation_enabled": false,
                "id": 14085040,
                "verified": true,
                "follow_request_sent": false,
                "profile_use_background_image": true,
                "utc_offset": -18000,
                "location": "Miami, FL",
                "protected": false,
                "following": false,
                "translator_type": "none",
                "entities": {
                    "description": {
                        "urls": [
                            {
                                "url": "https://t.co/EBuss8QhEl",
                                "expanded_url": "http://hrld.us/instagram",
                                "display_url": "hrld.us/instagram",
                                "indices": [
                                    42,
                                    65
                                ]
                            },
                            {
                                "url": "https://t.co/C8sShSEs0S",
                                "expanded_url": "http://hrld.us/facebook",
                                "display_url": "hrld.us/facebook",
                                "indices": [
                                    76,
                                    99
                                ]
                            }
                        ]
                    },
                    "url": {
                        "urls": [
                            {
                                "url": "http://t.co/6KpRmDdPe2",
                                "expanded_url": "http://www.miamiherald.com",
                                "display_url": "miamiherald.com",
                                "indices": [
                                    0,
                                    22
                                ]
                            }
                        ]
                    }
                },
                "profile_image_url": "http://pbs.twimg.com/profile_images/528285037498609664/JCw0pEvY_normal.jpeg",
                "profile_background_tile": false,
                "profile_image_url_https": "https://pbs.twimg.com/profile_images/528285037498609664/JCw0pEvY_normal.jpeg",
                "default_profile_image": false,
                "time_zone": "Eastern Time (US & Canada)",
                "friends_count": 804,
                "url": "http://t.co/6KpRmDdPe2",
                "profile_sidebar_border_color": "FFFFFF",
                "contributors_enabled": false,
                "followers_count": 308960
            },
            "in_reply_to_status_id_str": null,
            "id": 802617289497571328,
            "possibly_sensitive": false,
            "in_reply_to_status_id": null,
            "geo": null,
            "retweeted": false,
            "in_reply_to_user_id": null,
            "metadata": {
                "iso_language_code": "en",
                "result_type": "recent"
            },
            "entities": {
                "hashtags": [],
                "media": [
                    {
                        "id": 802617073331564548,
                        "url": "https://t.co/rUYyygdFTY",
                        "indices": [
                            95,
                            118
                        ],
                        "display_url": "pic.twitter.com/rUYyygdFTY",
                        "id_str": "802617073331564548",
                        "sizes": {
                            "large": {
                                "w": 960,
                                "resize": "fit",
                                "h": 747
                            },
                            "medium": {
                                "w": 960,
                                "resize": "fit",
                                "h": 747
                            },
                            "small": {
                                "w": 680,
                                "resize": "fit",
                                "h": 529
                            },
                            "thumb": {
                                "w": 150,
                                "resize": "crop",
                                "h": 150
                            }
                        },
                        "media_url_https": "https://pbs.twimg.com/media/CyN3-cqXcAQ1KXl.jpg",
                        "media_url": "http://pbs.twimg.com/media/CyN3-cqXcAQ1KXl.jpg",
                        "type": "photo",
                        "expanded_url": "https://twitter.com/MiamiHerald/status/802617289497571328/photo/1"
                    }
                ],
                "symbols": [],
                "urls": [
                    {
                        "url": "https://t.co/p93tL25D3k",
                        "expanded_url": "http://hrld.us/2fzvd8Y",
                        "display_url": "hrld.us/2fzvd8Y",
                        "indices": [
                            71,
                            94
                        ]
                    }
                ],
                "user_mentions": []
            },
            "in_reply_to_user_id_str": null,
            "created_at": "Sat Nov 26 20:57:28 +0000 2016",
            "is_quote_status": false,
            "contributors": null,
            "retweet_count": 9
        },
        {
            "favorited": false,
            "coordinates": null,
            "in_reply_to_screen_name": null,
            "retweeted_status": {
                "favorited": false,
                "coordinates": null,
                "in_reply_to_screen_name": null,
                "id_str": "802567527276642305",
                "lang": "en",
                "place": null,
                "metadata": {
                    "iso_language_code": "en",
                    "result_type": "recent"
                },
                "created_at": "Sat Nov 26 17:39:44 +0000 2016",
                "text": "Donald Trump calls Miami-Dade\u2019s mayor to express \u201csolidarity\u201d with Cuban-Americans https://t.co/jB28E0qzDp",
                "truncated": false,
                "source": "<a href=\"http://twitter.com/download/iphone\" rel=\"nofollow\">Twitter for iPhone</a>",
                "user": {
                    "profile_sidebar_fill_color": "DDEEF6",
                    "description": "Doug Hanks covers Miami-Dade County for The Miami Herald. Email is dhanks@miamiherald.com",
                    "profile_banner_url": "https://pbs.twimg.com/profile_banners/23852881/1411047586",
                    "is_translator": false,
                    "favourites_count": 2032,
                    "id_str": "23852881",
                    "lang": "en",
                    "profile_link_color": "1DA1F2",
                    "name": "Doug Hanks",
                    "has_extended_profile": false,
                    "profile_background_image_url_https": "https://abs.twimg.com/images/themes/theme1/bg.png",
                    "statuses_count": 20560,
                    "created_at": "Wed Mar 11 23:31:41 +0000 2009",
                    "screen_name": "doug_hanks",
                    "notifications": false,
                    "listed_count": 247,
                    "profile_background_color": "C0DEED",
                    "profile_text_color": "333333",
                    "profile_background_image_url": "http://abs.twimg.com/images/themes/theme1/bg.png",
                    "geo_enabled": false,
                    "default_profile": true,
                    "is_translation_enabled": false,
                    "id": 23852881,
                    "verified": true,
                    "follow_request_sent": false,
                    "profile_use_background_image": true,
                    "utc_offset": -18000,
                    "location": "Miami",
                    "protected": false,
                    "following": false,
                    "translator_type": "none",
                    "entities": {
                        "description": {
                            "urls": []
                        },
                        "url": {
                            "urls": [
                                {
                                    "url": "https://t.co/e3L2TJSbYR",
                                    "expanded_url": "http://miamiherald.com",
                                    "display_url": "miamiherald.com",
                                    "indices": [
                                        0,
                                        23
                                    ]
                                }
                            ]
                        }
                    },
                    "profile_image_url": "http://pbs.twimg.com/profile_images/710522350735900672/zAssd8YZ_normal.jpg",
                    "profile_background_tile": false,
                    "profile_image_url_https": "https://pbs.twimg.com/profile_images/710522350735900672/zAssd8YZ_normal.jpg",
                    "default_profile_image": false,
                    "time_zone": "Eastern Time (US & Canada)",
                    "friends_count": 1278,
                    "url": "https://t.co/e3L2TJSbYR",
                    "profile_sidebar_border_color": "C0DEED",
                    "contributors_enabled": false,
                    "followers_count": 6306
                },
                "in_reply_to_status_id_str": null,
                "id": 802567527276642305,
                "possibly_sensitive": false,
                "in_reply_to_status_id": null,
                "geo": null,
                "in_reply_to_user_id": null,
                "favorite_count": 30,
                "entities": {
                    "hashtags": [],
                    "symbols": [],
                    "urls": [
                        {
                            "url": "https://t.co/jB28E0qzDp",
                            "expanded_url": "http://www.miamiherald.com/news/local/community/miami-dade/article117230473.html",
                            "display_url": "miamiherald.com/news/local/com\u2026",
                            "indices": [
                                83,
                                106
                            ]
                        }
                    ],
                    "user_mentions": []
                },
                "in_reply_to_user_id_str": null,
                "retweeted": false,
                "is_quote_status": false,
                "contributors": null,
                "retweet_count": 33
            },
            "id_str": "802568056052613120",
            "lang": "en",
            "place": null,
            "favorite_count": 0,
            "created_at": "Sat Nov 26 17:41:50 +0000 2016",
            "text": "RT @doug_hanks: Donald Trump calls Miami-Dade\u2019s mayor to express \u201csolidarity\u201d with Cuban-Americans https://t.co/jB28E0qzDp",
            "truncated": false,
            "source": "<a href=\"https://about.twitter.com/products/tweetdeck\" rel=\"nofollow\">TweetDeck</a>",
            "user": {
                "profile_sidebar_fill_color": "EBECED",
                "description": "The news. Every day. Your way.\nInstagram: https://t.co/EBuss8QhEl\nFacebook: https://t.co/C8sShSEs0S\nSnapchat: miamiherald",
                "profile_banner_url": "https://pbs.twimg.com/profile_banners/14085040/1401331083",
                "is_translator": false,
                "favourites_count": 287,
                "id_str": "14085040",
                "lang": "en",
                "profile_link_color": "0060AF",
                "name": "Miami Herald",
                "has_extended_profile": false,
                "profile_background_image_url_https": "https://pbs.twimg.com/profile_background_images/378800000013900789/a5a81b70f38bf7124af93439787031d0.jpeg",
                "statuses_count": 128321,
                "created_at": "Wed Mar 05 21:04:05 +0000 2008",
                "screen_name": "MiamiHerald",
                "notifications": false,
                "listed_count": 5552,
                "profile_background_color": "FFFFFF",
                "profile_text_color": "333333",
                "profile_background_image_url": "http://pbs.twimg.com/profile_background_images/378800000013900789/a5a81b70f38bf7124af93439787031d0.jpeg",
                "geo_enabled": true,
                "default_profile": false,
                "is_translation_enabled": false,
                "id": 14085040,
                "verified": true,
                "follow_request_sent": false,
                "profile_use_background_image": true,
                "utc_offset": -18000,
                "location": "Miami, FL",
                "protected": false,
                "following": false,
                "translator_type": "none",
                "entities": {
                    "description": {
                        "urls": [
                            {
                                "url": "https://t.co/EBuss8QhEl",
                                "expanded_url": "http://hrld.us/instagram",
                                "display_url": "hrld.us/instagram",
                                "indices": [
                                    42,
                                    65
                                ]
                            },
                            {
                                "url": "https://t.co/C8sShSEs0S",
                                "expanded_url": "http://hrld.us/facebook",
                                "display_url": "hrld.us/facebook",
                                "indices": [
                                    76,
                                    99
                                ]
                            }
                        ]
                    },
                    "url": {
                        "urls": [
                            {
                                "url": "http://t.co/6KpRmDdPe2",
                                "expanded_url": "http://www.miamiherald.com",
                                "display_url": "miamiherald.com",
                                "indices": [
                                    0,
                                    22
                                ]
                            }
                        ]
                    }
                },
                "profile_image_url": "http://pbs.twimg.com/profile_images/528285037498609664/JCw0pEvY_normal.jpeg",
                "profile_background_tile": false,
                "profile_image_url_https": "https://pbs.twimg.com/profile_images/528285037498609664/JCw0pEvY_normal.jpeg",
                "default_profile_image": false,
                "time_zone": "Eastern Time (US & Canada)",
                "friends_count": 804,
                "url": "http://t.co/6KpRmDdPe2",
                "profile_sidebar_border_color": "FFFFFF",
                "contributors_enabled": false,
                "followers_count": 308960
            },
            "in_reply_to_status_id_str": null,
            "id": 802568056052613120,
            "possibly_sensitive": false,
            "in_reply_to_status_id": null,
            "geo": null,
            "in_reply_to_user_id": null,
            "metadata": {
                "iso_language_code": "en",
                "result_type": "recent"
            },
            "entities": {
                "hashtags": [],
                "symbols": [],
                "urls": [
                    {
                        "url": "https://t.co/jB28E0qzDp",
                        "expanded_url": "http://www.miamiherald.com/news/local/community/miami-dade/article117230473.html",
                        "display_url": "miamiherald.com/news/local/com\u2026",
                        "indices": [
                            99,
                            122
                        ]
                    }
                ],
                "user_mentions": [
                    {
                        "id_str": "23852881",
                        "id": 23852881,
                        "name": "Doug Hanks",
                        "screen_name": "doug_hanks",
                        "indices": [
                            3,
                            14
                        ]
                    }
                ]
            },
            "in_reply_to_user_id_str": null,
            "retweeted": false,
            "is_quote_status": false,
            "contributors": null,
            "retweet_count": 33
        }
    ]
}