{
    "search_metadata": {
        "query": "Trump+from%3AStarAdvertiser+since%3A2016-11-26+until%3A2016-11-27+filter%3Alinks+-%40StarAdvertiser",
        "since_id_str": "0",
        "max_id_str": "802627378438553600",
        "since_id": 0,
        "max_id": 802627378438553600,
        "completed_in": 0.023,
        "count": 100,
        "refresh_url": "?since_id=802627378438553600&q=Trump%20from%3AStarAdvertiser%20since%3A2016-11-26%20until%3A2016-11-27%20filter%3Alinks%20-%40StarAdvertiser&include_entities=1"
    },
    "statuses": [
        {
            "favorited": false,
            "coordinates": null,
            "in_reply_to_screen_name": null,
            "id_str": "802627378438553600",
            "lang": "en",
            "place": null,
            "favorite_count": 2,
            "extended_entities": {
                "media": [
                    {
                        "id": 802627375632498689,
                        "url": "https://t.co/sVRaW28Jem",
                        "indices": [
                            84,
                            107
                        ],
                        "display_url": "pic.twitter.com/sVRaW28Jem",
                        "id_str": "802627375632498689",
                        "sizes": {
                            "large": {
                                "w": 640,
                                "resize": "fit",
                                "h": 427
                            },
                            "medium": {
                                "w": 640,
                                "resize": "fit",
                                "h": 427
                            },
                            "small": {
                                "w": 640,
                                "resize": "fit",
                                "h": 427
                            },
                            "thumb": {
                                "w": 150,
                                "resize": "crop",
                                "h": 150
                            }
                        },
                        "media_url_https": "https://pbs.twimg.com/media/CyOBWHuUQAEmx8Z.jpg",
                        "media_url": "http://pbs.twimg.com/media/CyOBWHuUQAEmx8Z.jpg",
                        "type": "photo",
                        "expanded_url": "https://twitter.com/StarAdvertiser/status/802627378438553600/photo/1"
                    }
                ]
            },
            "text": "Trump slams recount push as \u2018a scam,\u2019 says election is over https://t.co/ZTZbhfQS7Y https://t.co/sVRaW28Jem",
            "truncated": false,
            "source": "<a href=\"http://dlvr.it\" rel=\"nofollow\">dlvr.it</a>",
            "user": {
                "profile_sidebar_fill_color": "DDEEF6",
                "description": "The Pulse of Paradise. Breaking news and information from Hawaii's largest news organization.",
                "profile_banner_url": "https://pbs.twimg.com/profile_banners/126424795/1446606044",
                "is_translator": false,
                "favourites_count": 8,
                "id_str": "126424795",
                "lang": "en",
                "profile_link_color": "2169AD",
                "name": "Star-Advertiser",
                "has_extended_profile": false,
                "profile_background_image_url_https": "https://pbs.twimg.com/profile_background_images/164414760/SABanner-2-1.jpg",
                "statuses_count": 108806,
                "created_at": "Thu Mar 25 20:54:58 +0000 2010",
                "screen_name": "StarAdvertiser",
                "notifications": false,
                "listed_count": 1366,
                "profile_background_color": "FFFFFF",
                "profile_text_color": "333333",
                "profile_background_image_url": "http://pbs.twimg.com/profile_background_images/164414760/SABanner-2-1.jpg",
                "geo_enabled": true,
                "default_profile": false,
                "is_translation_enabled": false,
                "id": 126424795,
                "verified": true,
                "follow_request_sent": false,
                "profile_use_background_image": true,
                "utc_offset": -36000,
                "location": "Honolulu, Hawaii",
                "protected": false,
                "following": false,
                "translator_type": "none",
                "entities": {
                    "description": {
                        "urls": []
                    },
                    "url": {
                        "urls": [
                            {
                                "url": "https://t.co/IlUVJyBOsb",
                                "expanded_url": "http://www.staradvertiser.com",
                                "display_url": "staradvertiser.com",
                                "indices": [
                                    0,
                                    23
                                ]
                            }
                        ]
                    }
                },
                "profile_image_url": "http://pbs.twimg.com/profile_images/458796544200679426/TIwpuRqm_normal.png",
                "profile_background_tile": false,
                "profile_image_url_https": "https://pbs.twimg.com/profile_images/458796544200679426/TIwpuRqm_normal.png",
                "default_profile_image": false,
                "time_zone": "Hawaii",
                "friends_count": 73,
                "url": "https://t.co/IlUVJyBOsb",
                "profile_sidebar_border_color": "C0DEED",
                "contributors_enabled": false,
                "followers_count": 55950
            },
            "in_reply_to_status_id_str": null,
            "id": 802627378438553600,
            "possibly_sensitive": false,
            "in_reply_to_status_id": null,
            "geo": null,
            "retweeted": false,
            "in_reply_to_user_id": null,
            "metadata": {
                "iso_language_code": "en",
                "result_type": "recent"
            },
            "entities": {
                "hashtags": [],
                "media": [
                    {
                        "id": 802627375632498689,
                        "url": "https://t.co/sVRaW28Jem",
                        "indices": [
                            84,
                            107
                        ],
                        "display_url": "pic.twitter.com/sVRaW28Jem",
                        "id_str": "802627375632498689",
                        "sizes": {
                            "large": {
                                "w": 640,
                                "resize": "fit",
                                "h": 427
                            },
                            "medium": {
                                "w": 640,
                                "resize": "fit",
                                "h": 427
                            },
                            "small": {
                                "w": 640,
                                "resize": "fit",
                                "h": 427
                            },
                            "thumb": {
                                "w": 150,
                                "resize": "crop",
                                "h": 150
                            }
                        },
                        "media_url_https": "https://pbs.twimg.com/media/CyOBWHuUQAEmx8Z.jpg",
                        "media_url": "http://pbs.twimg.com/media/CyOBWHuUQAEmx8Z.jpg",
                        "type": "photo",
                        "expanded_url": "https://twitter.com/StarAdvertiser/status/802627378438553600/photo/1"
                    }
                ],
                "symbols": [],
                "urls": [
                    {
                        "url": "https://t.co/ZTZbhfQS7Y",
                        "expanded_url": "http://dlvr.it/MlYFFw",
                        "display_url": "dlvr.it/MlYFFw",
                        "indices": [
                            60,
                            83
                        ]
                    }
                ],
                "user_mentions": []
            },
            "in_reply_to_user_id_str": null,
            "created_at": "Sat Nov 26 21:37:33 +0000 2016",
            "is_quote_status": false,
            "contributors": null,
            "retweet_count": 0
        },
        {
            "favorited": false,
            "coordinates": null,
            "in_reply_to_screen_name": null,
            "id_str": "802624363056930817",
            "lang": "en",
            "place": null,
            "favorite_count": 3,
            "extended_entities": {
                "media": [
                    {
                        "id": 802624360469016576,
                        "url": "https://t.co/4bWB1gshhT",
                        "indices": [
                            96,
                            119
                        ],
                        "display_url": "pic.twitter.com/4bWB1gshhT",
                        "id_str": "802624360469016576",
                        "sizes": {
                            "large": {
                                "w": 606,
                                "resize": "fit",
                                "h": 480
                            },
                            "medium": {
                                "w": 606,
                                "resize": "fit",
                                "h": 480
                            },
                            "small": {
                                "w": 606,
                                "resize": "fit",
                                "h": 480
                            },
                            "thumb": {
                                "w": 150,
                                "resize": "crop",
                                "h": 150
                            }
                        },
                        "media_url_https": "https://pbs.twimg.com/media/CyN-mnXUsAAotN7.jpg",
                        "media_url": "http://pbs.twimg.com/media/CyN-mnXUsAAotN7.jpg",
                        "type": "photo",
                        "expanded_url": "https://twitter.com/StarAdvertiser/status/802624363056930817/photo/1"
                    }
                ]
            },
            "text": "Island Voices: Trump must condemn internment camp \u2018precedent\u2019 comments  https://t.co/NqeX9RgcYA https://t.co/4bWB1gshhT",
            "truncated": false,
            "source": "<a href=\"http://dlvr.it\" rel=\"nofollow\">dlvr.it</a>",
            "user": {
                "profile_sidebar_fill_color": "DDEEF6",
                "description": "The Pulse of Paradise. Breaking news and information from Hawaii's largest news organization.",
                "profile_banner_url": "https://pbs.twimg.com/profile_banners/126424795/1446606044",
                "is_translator": false,
                "favourites_count": 8,
                "id_str": "126424795",
                "lang": "en",
                "profile_link_color": "2169AD",
                "name": "Star-Advertiser",
                "has_extended_profile": false,
                "profile_background_image_url_https": "https://pbs.twimg.com/profile_background_images/164414760/SABanner-2-1.jpg",
                "statuses_count": 108806,
                "created_at": "Thu Mar 25 20:54:58 +0000 2010",
                "screen_name": "StarAdvertiser",
                "notifications": false,
                "listed_count": 1366,
                "profile_background_color": "FFFFFF",
                "profile_text_color": "333333",
                "profile_background_image_url": "http://pbs.twimg.com/profile_background_images/164414760/SABanner-2-1.jpg",
                "geo_enabled": true,
                "default_profile": false,
                "is_translation_enabled": false,
                "id": 126424795,
                "verified": true,
                "follow_request_sent": false,
                "profile_use_background_image": true,
                "utc_offset": -36000,
                "location": "Honolulu, Hawaii",
                "protected": false,
                "following": false,
                "translator_type": "none",
                "entities": {
                    "description": {
                        "urls": []
                    },
                    "url": {
                        "urls": [
                            {
                                "url": "https://t.co/IlUVJyBOsb",
                                "expanded_url": "http://www.staradvertiser.com",
                                "display_url": "staradvertiser.com",
                                "indices": [
                                    0,
                                    23
                                ]
                            }
                        ]
                    }
                },
                "profile_image_url": "http://pbs.twimg.com/profile_images/458796544200679426/TIwpuRqm_normal.png",
                "profile_background_tile": false,
                "profile_image_url_https": "https://pbs.twimg.com/profile_images/458796544200679426/TIwpuRqm_normal.png",
                "default_profile_image": false,
                "time_zone": "Hawaii",
                "friends_count": 73,
                "url": "https://t.co/IlUVJyBOsb",
                "profile_sidebar_border_color": "C0DEED",
                "contributors_enabled": false,
                "followers_count": 55950
            },
            "in_reply_to_status_id_str": null,
            "id": 802624363056930817,
            "possibly_sensitive": false,
            "in_reply_to_status_id": null,
            "geo": null,
            "retweeted": false,
            "in_reply_to_user_id": null,
            "metadata": {
                "iso_language_code": "en",
                "result_type": "recent"
            },
            "entities": {
                "hashtags": [],
                "media": [
                    {
                        "id": 802624360469016576,
                        "url": "https://t.co/4bWB1gshhT",
                        "indices": [
                            96,
                            119
                        ],
                        "display_url": "pic.twitter.com/4bWB1gshhT",
                        "id_str": "802624360469016576",
                        "sizes": {
                            "large": {
                                "w": 606,
                                "resize": "fit",
                                "h": 480
                            },
                            "medium": {
                                "w": 606,
                                "resize": "fit",
                                "h": 480
                            },
                            "small": {
                                "w": 606,
                                "resize": "fit",
                                "h": 480
                            },
                            "thumb": {
                                "w": 150,
                                "resize": "crop",
                                "h": 150
                            }
                        },
                        "media_url_https": "https://pbs.twimg.com/media/CyN-mnXUsAAotN7.jpg",
                        "media_url": "http://pbs.twimg.com/media/CyN-mnXUsAAotN7.jpg",
                        "type": "photo",
                        "expanded_url": "https://twitter.com/StarAdvertiser/status/802624363056930817/photo/1"
                    }
                ],
                "symbols": [],
                "urls": [
                    {
                        "url": "https://t.co/NqeX9RgcYA",
                        "expanded_url": "http://dlvr.it/MlY67S",
                        "display_url": "dlvr.it/MlY67S",
                        "indices": [
                            72,
                            95
                        ]
                    }
                ],
                "user_mentions": []
            },
            "in_reply_to_user_id_str": null,
            "created_at": "Sat Nov 26 21:25:34 +0000 2016",
            "is_quote_status": false,
            "contributors": null,
            "retweet_count": 3
        },
        {
            "favorited": false,
            "coordinates": null,
            "in_reply_to_screen_name": null,
            "id_str": "802613037836353536",
            "lang": "en",
            "place": null,
            "favorite_count": 1,
            "extended_entities": {
                "media": [
                    {
                        "id": 802613033998565376,
                        "url": "https://t.co/3j1LubVGOu",
                        "indices": [
                            85,
                            108
                        ],
                        "display_url": "pic.twitter.com/3j1LubVGOu",
                        "id_str": "802613033998565376",
                        "sizes": {
                            "large": {
                                "w": 640,
                                "resize": "fit",
                                "h": 562
                            },
                            "medium": {
                                "w": 640,
                                "resize": "fit",
                                "h": 562
                            },
                            "small": {
                                "w": 640,
                                "resize": "fit",
                                "h": 562
                            },
                            "thumb": {
                                "w": 150,
                                "resize": "crop",
                                "h": 150
                            }
                        },
                        "media_url_https": "https://pbs.twimg.com/media/CyN0TU-VQAAyo3F.jpg",
                        "media_url": "http://pbs.twimg.com/media/CyN0TU-VQAAyo3F.jpg",
                        "type": "photo",
                        "expanded_url": "https://twitter.com/StarAdvertiser/status/802613037836353536/photo/1"
                    }
                ]
            },
            "text": "For some in middle class, Trump plan would mean tax increase https://t.co/ZSHS6EuIWo https://t.co/3j1LubVGOu",
            "truncated": false,
            "source": "<a href=\"http://dlvr.it\" rel=\"nofollow\">dlvr.it</a>",
            "user": {
                "profile_sidebar_fill_color": "DDEEF6",
                "description": "The Pulse of Paradise. Breaking news and information from Hawaii's largest news organization.",
                "profile_banner_url": "https://pbs.twimg.com/profile_banners/126424795/1446606044",
                "is_translator": false,
                "favourites_count": 8,
                "id_str": "126424795",
                "lang": "en",
                "profile_link_color": "2169AD",
                "name": "Star-Advertiser",
                "has_extended_profile": false,
                "profile_background_image_url_https": "https://pbs.twimg.com/profile_background_images/164414760/SABanner-2-1.jpg",
                "statuses_count": 108806,
                "created_at": "Thu Mar 25 20:54:58 +0000 2010",
                "screen_name": "StarAdvertiser",
                "notifications": false,
                "listed_count": 1366,
                "profile_background_color": "FFFFFF",
                "profile_text_color": "333333",
                "profile_background_image_url": "http://pbs.twimg.com/profile_background_images/164414760/SABanner-2-1.jpg",
                "geo_enabled": true,
                "default_profile": false,
                "is_translation_enabled": false,
                "id": 126424795,
                "verified": true,
                "follow_request_sent": false,
                "profile_use_background_image": true,
                "utc_offset": -36000,
                "location": "Honolulu, Hawaii",
                "protected": false,
                "following": false,
                "translator_type": "none",
                "entities": {
                    "description": {
                        "urls": []
                    },
                    "url": {
                        "urls": [
                            {
                                "url": "https://t.co/IlUVJyBOsb",
                                "expanded_url": "http://www.staradvertiser.com",
                                "display_url": "staradvertiser.com",
                                "indices": [
                                    0,
                                    23
                                ]
                            }
                        ]
                    }
                },
                "profile_image_url": "http://pbs.twimg.com/profile_images/458796544200679426/TIwpuRqm_normal.png",
                "profile_background_tile": false,
                "profile_image_url_https": "https://pbs.twimg.com/profile_images/458796544200679426/TIwpuRqm_normal.png",
                "default_profile_image": false,
                "time_zone": "Hawaii",
                "friends_count": 73,
                "url": "https://t.co/IlUVJyBOsb",
                "profile_sidebar_border_color": "C0DEED",
                "contributors_enabled": false,
                "followers_count": 55950
            },
            "in_reply_to_status_id_str": null,
            "id": 802613037836353536,
            "possibly_sensitive": false,
            "in_reply_to_status_id": null,
            "geo": null,
            "retweeted": false,
            "in_reply_to_user_id": null,
            "metadata": {
                "iso_language_code": "en",
                "result_type": "recent"
            },
            "entities": {
                "hashtags": [],
                "media": [
                    {
                        "id": 802613033998565376,
                        "url": "https://t.co/3j1LubVGOu",
                        "indices": [
                            85,
                            108
                        ],
                        "display_url": "pic.twitter.com/3j1LubVGOu",
                        "id_str": "802613033998565376",
                        "sizes": {
                            "large": {
                                "w": 640,
                                "resize": "fit",
                                "h": 562
                            },
                            "medium": {
                                "w": 640,
                                "resize": "fit",
                                "h": 562
                            },
                            "small": {
                                "w": 640,
                                "resize": "fit",
                                "h": 562
                            },
                            "thumb": {
                                "w": 150,
                                "resize": "crop",
                                "h": 150
                            }
                        },
                        "media_url_https": "https://pbs.twimg.com/media/CyN0TU-VQAAyo3F.jpg",
                        "media_url": "http://pbs.twimg.com/media/CyN0TU-VQAAyo3F.jpg",
                        "type": "photo",
                        "expanded_url": "https://twitter.com/StarAdvertiser/status/802613037836353536/photo/1"
                    }
                ],
                "symbols": [],
                "urls": [
                    {
                        "url": "https://t.co/ZSHS6EuIWo",
                        "expanded_url": "http://dlvr.it/MlXdzh",
                        "display_url": "dlvr.it/MlXdzh",
                        "indices": [
                            61,
                            84
                        ]
                    }
                ],
                "user_mentions": []
            },
            "in_reply_to_user_id_str": null,
            "created_at": "Sat Nov 26 20:40:34 +0000 2016",
            "is_quote_status": false,
            "contributors": null,
            "retweet_count": 1
        },
        {
            "favorited": false,
            "coordinates": null,
            "in_reply_to_screen_name": null,
            "id_str": "802549876538019840",
            "lang": "en",
            "place": null,
            "favorite_count": 1,
            "extended_entities": {
                "media": [
                    {
                        "id": 802549873190936577,
                        "url": "https://t.co/QjMY26ICb4",
                        "indices": [
                            85,
                            108
                        ],
                        "display_url": "pic.twitter.com/QjMY26ICb4",
                        "id_str": "802549873190936577",
                        "sizes": {
                            "large": {
                                "w": 640,
                                "resize": "fit",
                                "h": 562
                            },
                            "medium": {
                                "w": 640,
                                "resize": "fit",
                                "h": 562
                            },
                            "small": {
                                "w": 640,
                                "resize": "fit",
                                "h": 562
                            },
                            "thumb": {
                                "w": 150,
                                "resize": "crop",
                                "h": 150
                            }
                        },
                        "media_url_https": "https://pbs.twimg.com/media/CyM624oUoAEoFBz.jpg",
                        "media_url": "http://pbs.twimg.com/media/CyM624oUoAEoFBz.jpg",
                        "type": "photo",
                        "expanded_url": "https://twitter.com/StarAdvertiser/status/802549876538019840/photo/1"
                    }
                ]
            },
            "text": "For some in middle class, Trump plan would mean tax increase https://t.co/OFC4D0XJjv https://t.co/QjMY26ICb4",
            "truncated": false,
            "source": "<a href=\"http://dlvr.it\" rel=\"nofollow\">dlvr.it</a>",
            "user": {
                "profile_sidebar_fill_color": "DDEEF6",
                "description": "The Pulse of Paradise. Breaking news and information from Hawaii's largest news organization.",
                "profile_banner_url": "https://pbs.twimg.com/profile_banners/126424795/1446606044",
                "is_translator": false,
                "favourites_count": 8,
                "id_str": "126424795",
                "lang": "en",
                "profile_link_color": "2169AD",
                "name": "Star-Advertiser",
                "has_extended_profile": false,
                "profile_background_image_url_https": "https://pbs.twimg.com/profile_background_images/164414760/SABanner-2-1.jpg",
                "statuses_count": 108806,
                "created_at": "Thu Mar 25 20:54:58 +0000 2010",
                "screen_name": "StarAdvertiser",
                "notifications": false,
                "listed_count": 1366,
                "profile_background_color": "FFFFFF",
                "profile_text_color": "333333",
                "profile_background_image_url": "http://pbs.twimg.com/profile_background_images/164414760/SABanner-2-1.jpg",
                "geo_enabled": true,
                "default_profile": false,
                "is_translation_enabled": false,
                "id": 126424795,
                "verified": true,
                "follow_request_sent": false,
                "profile_use_background_image": true,
                "utc_offset": -36000,
                "location": "Honolulu, Hawaii",
                "protected": false,
                "following": false,
                "translator_type": "none",
                "entities": {
                    "description": {
                        "urls": []
                    },
                    "url": {
                        "urls": [
                            {
                                "url": "https://t.co/IlUVJyBOsb",
                                "expanded_url": "http://www.staradvertiser.com",
                                "display_url": "staradvertiser.com",
                                "indices": [
                                    0,
                                    23
                                ]
                            }
                        ]
                    }
                },
                "profile_image_url": "http://pbs.twimg.com/profile_images/458796544200679426/TIwpuRqm_normal.png",
                "profile_background_tile": false,
                "profile_image_url_https": "https://pbs.twimg.com/profile_images/458796544200679426/TIwpuRqm_normal.png",
                "default_profile_image": false,
                "time_zone": "Hawaii",
                "friends_count": 73,
                "url": "https://t.co/IlUVJyBOsb",
                "profile_sidebar_border_color": "C0DEED",
                "contributors_enabled": false,
                "followers_count": 55950
            },
            "in_reply_to_status_id_str": null,
            "id": 802549876538019840,
            "possibly_sensitive": false,
            "in_reply_to_status_id": null,
            "geo": null,
            "retweeted": false,
            "in_reply_to_user_id": null,
            "metadata": {
                "iso_language_code": "en",
                "result_type": "recent"
            },
            "entities": {
                "hashtags": [],
                "media": [
                    {
                        "id": 802549873190936577,
                        "url": "https://t.co/QjMY26ICb4",
                        "indices": [
                            85,
                            108
                        ],
                        "display_url": "pic.twitter.com/QjMY26ICb4",
                        "id_str": "802549873190936577",
                        "sizes": {
                            "large": {
                                "w": 640,
                                "resize": "fit",
                                "h": 562
                            },
                            "medium": {
                                "w": 640,
                                "resize": "fit",
                                "h": 562
                            },
                            "small": {
                                "w": 640,
                                "resize": "fit",
                                "h": 562
                            },
                            "thumb": {
                                "w": 150,
                                "resize": "crop",
                                "h": 150
                            }
                        },
                        "media_url_https": "https://pbs.twimg.com/media/CyM624oUoAEoFBz.jpg",
                        "media_url": "http://pbs.twimg.com/media/CyM624oUoAEoFBz.jpg",
                        "type": "photo",
                        "expanded_url": "https://twitter.com/StarAdvertiser/status/802549876538019840/photo/1"
                    }
                ],
                "symbols": [],
                "urls": [
                    {
                        "url": "https://t.co/OFC4D0XJjv",
                        "expanded_url": "http://dlvr.it/MlThDt",
                        "display_url": "dlvr.it/MlThDt",
                        "indices": [
                            61,
                            84
                        ]
                    }
                ],
                "user_mentions": []
            },
            "in_reply_to_user_id_str": null,
            "created_at": "Sat Nov 26 16:29:35 +0000 2016",
            "is_quote_status": false,
            "contributors": null,
            "retweet_count": 2
        }
    ]
}