{
    "search_metadata": {
        "query": "Trump+from%3ATimesRecord+since%3A2016-11-26+until%3A2016-11-27+filter%3Alinks+-%40TimesRecord",
        "since_id_str": "0",
        "max_id_str": "803059807305351168",
        "since_id": 0,
        "max_id": 803059807305351168,
        "completed_in": 0.035,
        "count": 100,
        "refresh_url": "?since_id=803059807305351168&q=Trump%20from%3ATimesRecord%20since%3A2016-11-26%20until%3A2016-11-27%20filter%3Alinks%20-%40TimesRecord&include_entities=1"
    },
    "statuses": []
}