{
    "statuses": [],
    "search_metadata": {
        "max_id": 803065291542380544,
        "count": 100,
        "refresh_url": "?since_id=803065291542380544&q=Hillary%20OR%20Clinton%20from%3ABaltimore_Times%20since%3A2016-11-25%20until%3A2016-11-26%20filter%3Alinks%20-%40Baltimore_Times&include_entities=1",
        "completed_in": 0.045,
        "max_id_str": "803065291542380544",
        "query": "Hillary+OR+Clinton+from%3ABaltimore_Times+since%3A2016-11-25+until%3A2016-11-26+filter%3Alinks+-%40Baltimore_Times",
        "since_id_str": "0",
        "since_id": 0
    }
}