{
    "statuses": [
        {
            "created_at": "Fri Nov 25 04:18:19 +0000 2016",
            "text": "Will a Clinton voter be able to date a Trump supporter, or vice versa? https://t.co/8FDkySkWDl https://t.co/S1bMFza7IN",
            "possibly_sensitive": false,
            "metadata": {
                "result_type": "recent",
                "iso_language_code": "en"
            },
            "user": {
                "created_at": "Sat Jul 07 14:10:07 +0000 2007",
                "profile_background_color": "E1E1E1",
                "follow_request_sent": false,
                "contributors_enabled": false,
                "profile_sidebar_fill_color": "E8F3F7",
                "protected": false,
                "is_translator": false,
                "description": "Chicago Tribune news, features and so much more live from our newsroom. A part of your life since 1847.",
                "profile_banner_url": "https://pbs.twimg.com/profile_banners/7313362/1479647725",
                "id_str": "7313362",
                "favourites_count": 300,
                "default_profile_image": false,
                "profile_background_tile": false,
                "profile_background_image_url": "http://pbs.twimg.com/profile_background_images/585532601131110400/8tDplQzV.jpg",
                "notifications": false,
                "profile_sidebar_border_color": "FFFFFF",
                "profile_image_url_https": "https://pbs.twimg.com/profile_images/497063779952099328/kwXnsWCE_normal.jpeg",
                "translator_type": "regular",
                "time_zone": "Central Time (US & Canada)",
                "lang": "en",
                "geo_enabled": false,
                "verified": true,
                "profile_image_url": "http://pbs.twimg.com/profile_images/497063779952099328/kwXnsWCE_normal.jpeg",
                "profile_use_background_image": false,
                "has_extended_profile": false,
                "profile_text_color": "414141",
                "is_translation_enabled": false,
                "default_profile": false,
                "profile_background_image_url_https": "https://pbs.twimg.com/profile_background_images/585532601131110400/8tDplQzV.jpg",
                "utc_offset": -21600,
                "name": "Chicago Tribune",
                "following": true,
                "entities": {
                    "url": {
                        "urls": [
                            {
                                "url": "https://t.co/gaVbUBEf0t",
                                "indices": [
                                    0,
                                    23
                                ],
                                "expanded_url": "http://chicagotribune.com",
                                "display_url": "chicagotribune.com"
                            }
                        ]
                    },
                    "description": {
                        "urls": []
                    }
                },
                "friends_count": 751,
                "location": "Chicago, IL",
                "followers_count": 742333,
                "screen_name": "chicagotribune",
                "url": "https://t.co/gaVbUBEf0t",
                "profile_link_color": "336699",
                "id": 7313362,
                "listed_count": 10270,
                "statuses_count": 112842
            },
            "in_reply_to_user_id_str": null,
            "retweet_count": 5,
            "favorited": false,
            "favorite_count": 19,
            "in_reply_to_status_id_str": null,
            "lang": "en",
            "coordinates": null,
            "truncated": false,
            "is_quote_status": false,
            "in_reply_to_screen_name": null,
            "in_reply_to_user_id": null,
            "extended_entities": {
                "media": [
                    {
                        "sizes": {
                            "small": {
                                "h": 366,
                                "w": 650,
                                "resize": "fit"
                            },
                            "large": {
                                "h": 366,
                                "w": 650,
                                "resize": "fit"
                            },
                            "thumb": {
                                "h": 150,
                                "w": 150,
                                "resize": "crop"
                            },
                            "medium": {
                                "h": 366,
                                "w": 650,
                                "resize": "fit"
                            }
                        },
                        "url": "https://t.co/S1bMFza7IN",
                        "type": "photo",
                        "media_url_https": "https://pbs.twimg.com/media/CyFFdy9XAAA5I-h.jpg",
                        "id_str": "801998586846314496",
                        "indices": [
                            95,
                            118
                        ],
                        "id": 801998586846314496,
                        "media_url": "http://pbs.twimg.com/media/CyFFdy9XAAA5I-h.jpg",
                        "expanded_url": "https://twitter.com/chicagotribune/status/802003456177356800/photo/1",
                        "display_url": "pic.twitter.com/S1bMFza7IN"
                    }
                ]
            },
            "in_reply_to_status_id": null,
            "entities": {
                "media": [
                    {
                        "sizes": {
                            "small": {
                                "h": 366,
                                "w": 650,
                                "resize": "fit"
                            },
                            "large": {
                                "h": 366,
                                "w": 650,
                                "resize": "fit"
                            },
                            "thumb": {
                                "h": 150,
                                "w": 150,
                                "resize": "crop"
                            },
                            "medium": {
                                "h": 366,
                                "w": 650,
                                "resize": "fit"
                            }
                        },
                        "url": "https://t.co/S1bMFza7IN",
                        "type": "photo",
                        "media_url_https": "https://pbs.twimg.com/media/CyFFdy9XAAA5I-h.jpg",
                        "id_str": "801998586846314496",
                        "indices": [
                            95,
                            118
                        ],
                        "id": 801998586846314496,
                        "media_url": "http://pbs.twimg.com/media/CyFFdy9XAAA5I-h.jpg",
                        "expanded_url": "https://twitter.com/chicagotribune/status/802003456177356800/photo/1",
                        "display_url": "pic.twitter.com/S1bMFza7IN"
                    }
                ],
                "hashtags": [],
                "symbols": [],
                "user_mentions": [],
                "urls": [
                    {
                        "url": "https://t.co/8FDkySkWDl",
                        "indices": [
                            71,
                            94
                        ],
                        "expanded_url": "http://trib.in/2gm1XDI",
                        "display_url": "trib.in/2gm1XDI"
                    }
                ]
            },
            "retweeted": false,
            "source": "<a href=\"https://about.twitter.com/products/tweetdeck\" rel=\"nofollow\">TweetDeck</a>",
            "id_str": "802003456177356800",
            "contributors": null,
            "place": null,
            "id": 802003456177356800,
            "geo": null
        },
        {
            "created_at": "Fri Nov 25 02:37:41 +0000 2016",
            "text": "Trump election win is bad timing for advocates of a National Women's History Museum https://t.co/o7k3rIKtsX via\u2026 https://t.co/LlAOvBr09j",
            "possibly_sensitive": false,
            "metadata": {
                "result_type": "recent",
                "iso_language_code": "en"
            },
            "user": {
                "created_at": "Sat Jul 07 14:10:07 +0000 2007",
                "profile_background_color": "E1E1E1",
                "follow_request_sent": false,
                "contributors_enabled": false,
                "profile_sidebar_fill_color": "E8F3F7",
                "protected": false,
                "is_translator": false,
                "description": "Chicago Tribune news, features and so much more live from our newsroom. A part of your life since 1847.",
                "profile_banner_url": "https://pbs.twimg.com/profile_banners/7313362/1479647725",
                "id_str": "7313362",
                "favourites_count": 300,
                "default_profile_image": false,
                "profile_background_tile": false,
                "profile_background_image_url": "http://pbs.twimg.com/profile_background_images/585532601131110400/8tDplQzV.jpg",
                "notifications": false,
                "profile_sidebar_border_color": "FFFFFF",
                "profile_image_url_https": "https://pbs.twimg.com/profile_images/497063779952099328/kwXnsWCE_normal.jpeg",
                "translator_type": "regular",
                "time_zone": "Central Time (US & Canada)",
                "lang": "en",
                "geo_enabled": false,
                "verified": true,
                "profile_image_url": "http://pbs.twimg.com/profile_images/497063779952099328/kwXnsWCE_normal.jpeg",
                "profile_use_background_image": false,
                "has_extended_profile": false,
                "profile_text_color": "414141",
                "is_translation_enabled": false,
                "default_profile": false,
                "profile_background_image_url_https": "https://pbs.twimg.com/profile_background_images/585532601131110400/8tDplQzV.jpg",
                "utc_offset": -21600,
                "name": "Chicago Tribune",
                "following": true,
                "entities": {
                    "url": {
                        "urls": [
                            {
                                "url": "https://t.co/gaVbUBEf0t",
                                "indices": [
                                    0,
                                    23
                                ],
                                "expanded_url": "http://chicagotribune.com",
                                "display_url": "chicagotribune.com"
                            }
                        ]
                    },
                    "description": {
                        "urls": []
                    }
                },
                "friends_count": 751,
                "location": "Chicago, IL",
                "followers_count": 742333,
                "screen_name": "chicagotribune",
                "url": "https://t.co/gaVbUBEf0t",
                "profile_link_color": "336699",
                "id": 7313362,
                "listed_count": 10270,
                "statuses_count": 112842
            },
            "in_reply_to_user_id_str": null,
            "retweet_count": 10,
            "favorited": false,
            "favorite_count": 23,
            "in_reply_to_status_id_str": null,
            "lang": "en",
            "coordinates": null,
            "truncated": true,
            "is_quote_status": false,
            "in_reply_to_screen_name": null,
            "in_reply_to_user_id": null,
            "in_reply_to_status_id": null,
            "entities": {
                "hashtags": [],
                "symbols": [],
                "user_mentions": [],
                "urls": [
                    {
                        "url": "https://t.co/o7k3rIKtsX",
                        "indices": [
                            84,
                            107
                        ],
                        "expanded_url": "http://trib.in/2fdOwcG",
                        "display_url": "trib.in/2fdOwcG"
                    },
                    {
                        "url": "https://t.co/LlAOvBr09j",
                        "indices": [
                            113,
                            136
                        ],
                        "expanded_url": "https://twitter.com/i/web/status/801978131942961152",
                        "display_url": "twitter.com/i/web/status/8\u2026"
                    }
                ]
            },
            "retweeted": false,
            "source": "<a href=\"https://about.twitter.com/products/tweetdeck\" rel=\"nofollow\">TweetDeck</a>",
            "id_str": "801978131942961152",
            "contributors": null,
            "place": null,
            "id": 801978131942961152,
            "geo": null
        }
    ],
    "search_metadata": {
        "max_id": 802003456177356800,
        "count": 100,
        "refresh_url": "?since_id=802003456177356800&q=Hillary%20OR%20Clinton%20from%3Achicagotribune%20since%3A2016-11-25%20until%3A2016-11-26%20filter%3Alinks%20-%40chicagotribune&include_entities=1",
        "completed_in": 0.06,
        "max_id_str": "802003456177356800",
        "query": "Hillary+OR+Clinton+from%3Achicagotribune+since%3A2016-11-25+until%3A2016-11-26+filter%3Alinks+-%40chicagotribune",
        "since_id_str": "0",
        "since_id": 0
    }
}