{
    "statuses": [],
    "search_metadata": {
        "max_id": 803065277520879616,
        "count": 100,
        "refresh_url": "?since_id=803065277520879616&q=Hillary%20OR%20Clinton%20from%3AGwinnettDaily%20since%3A2016-11-25%20until%3A2016-11-26%20filter%3Alinks%20-%40GwinnettDaily&include_entities=1",
        "completed_in": 0.039,
        "max_id_str": "803065277520879616",
        "query": "Hillary+OR+Clinton+from%3AGwinnettDaily+since%3A2016-11-25+until%3A2016-11-26+filter%3Alinks+-%40GwinnettDaily",
        "since_id_str": "0",
        "since_id": 0
    }
}