{
    "statuses": [
        {
            "created_at": "Fri Nov 25 22:00:36 +0000 2016",
            "text": "The passionate, revealing and always civil discussion revealed fears of racial, ethnic and religious discrimination. https://t.co/j0cSSAYXTW",
            "possibly_sensitive": false,
            "metadata": {
                "result_type": "recent",
                "iso_language_code": "en"
            },
            "user": {
                "created_at": "Wed Oct 01 20:50:45 +0000 2008",
                "profile_background_color": "333333",
                "follow_request_sent": false,
                "contributors_enabled": false,
                "profile_sidebar_fill_color": "E8E6D0",
                "protected": false,
                "is_translator": false,
                "description": "News that matters. Sports that thrill. A city that excites. Your IndyStar: Serving the greater good of Central Indiana with local journalism.",
                "profile_banner_url": "https://pbs.twimg.com/profile_banners/16550142/1415827321",
                "id_str": "16550142",
                "favourites_count": 1462,
                "default_profile_image": false,
                "profile_background_tile": false,
                "profile_background_image_url": "http://pbs.twimg.com/profile_background_images/378800000123769352/f3a8ad0c9fe01151df8cf34eb18efb5c.jpeg",
                "notifications": false,
                "profile_sidebar_border_color": "FFFFFF",
                "profile_image_url_https": "https://pbs.twimg.com/profile_images/557169583878963204/zW17iH7I_normal.jpeg",
                "translator_type": "none",
                "time_zone": "Eastern Time (US & Canada)",
                "lang": "en",
                "geo_enabled": true,
                "verified": true,
                "profile_image_url": "http://pbs.twimg.com/profile_images/557169583878963204/zW17iH7I_normal.jpeg",
                "profile_use_background_image": true,
                "has_extended_profile": false,
                "profile_text_color": "000000",
                "is_translation_enabled": false,
                "default_profile": false,
                "profile_background_image_url_https": "https://pbs.twimg.com/profile_background_images/378800000123769352/f3a8ad0c9fe01151df8cf34eb18efb5c.jpeg",
                "utc_offset": -18000,
                "name": "IndyStar",
                "following": false,
                "entities": {
                    "url": {
                        "urls": [
                            {
                                "url": "http://t.co/AHcf6xQRJC",
                                "indices": [
                                    0,
                                    22
                                ],
                                "expanded_url": "http://www.indystar.com/",
                                "display_url": "indystar.com"
                            }
                        ]
                    },
                    "description": {
                        "urls": []
                    }
                },
                "friends_count": 414,
                "location": "Indianapolis, IN",
                "followers_count": 194095,
                "screen_name": "indystar",
                "url": "http://t.co/AHcf6xQRJC",
                "profile_link_color": "1373C0",
                "id": 16550142,
                "listed_count": 2688,
                "statuses_count": 150439
            },
            "in_reply_to_user_id_str": null,
            "retweet_count": 2,
            "favorited": false,
            "favorite_count": 4,
            "in_reply_to_status_id_str": null,
            "lang": "en",
            "coordinates": null,
            "truncated": false,
            "is_quote_status": false,
            "in_reply_to_screen_name": null,
            "in_reply_to_user_id": null,
            "in_reply_to_status_id": null,
            "entities": {
                "hashtags": [],
                "symbols": [],
                "user_mentions": [],
                "urls": [
                    {
                        "url": "https://t.co/j0cSSAYXTW",
                        "indices": [
                            117,
                            140
                        ],
                        "expanded_url": "http://indy.st/2goYIir",
                        "display_url": "indy.st/2goYIir"
                    }
                ]
            },
            "retweeted": false,
            "source": "<a href=\"http://www.hootsuite.com\" rel=\"nofollow\">Hootsuite</a>",
            "id_str": "802270788900376576",
            "contributors": null,
            "place": null,
            "id": 802270788900376576,
            "geo": null
        },
        {
            "created_at": "Fri Nov 25 19:15:08 +0000 2016",
            "text": "We brought together Clinton and Trump supporters and they listened to each other. @tswarens: https://t.co/KV5DUKI1H2",
            "possibly_sensitive": false,
            "metadata": {
                "result_type": "recent",
                "iso_language_code": "en"
            },
            "user": {
                "created_at": "Wed Oct 01 20:50:45 +0000 2008",
                "profile_background_color": "333333",
                "follow_request_sent": false,
                "contributors_enabled": false,
                "profile_sidebar_fill_color": "E8E6D0",
                "protected": false,
                "is_translator": false,
                "description": "News that matters. Sports that thrill. A city that excites. Your IndyStar: Serving the greater good of Central Indiana with local journalism.",
                "profile_banner_url": "https://pbs.twimg.com/profile_banners/16550142/1415827321",
                "id_str": "16550142",
                "favourites_count": 1462,
                "default_profile_image": false,
                "profile_background_tile": false,
                "profile_background_image_url": "http://pbs.twimg.com/profile_background_images/378800000123769352/f3a8ad0c9fe01151df8cf34eb18efb5c.jpeg",
                "notifications": false,
                "profile_sidebar_border_color": "FFFFFF",
                "profile_image_url_https": "https://pbs.twimg.com/profile_images/557169583878963204/zW17iH7I_normal.jpeg",
                "translator_type": "none",
                "time_zone": "Eastern Time (US & Canada)",
                "lang": "en",
                "geo_enabled": true,
                "verified": true,
                "profile_image_url": "http://pbs.twimg.com/profile_images/557169583878963204/zW17iH7I_normal.jpeg",
                "profile_use_background_image": true,
                "has_extended_profile": false,
                "profile_text_color": "000000",
                "is_translation_enabled": false,
                "default_profile": false,
                "profile_background_image_url_https": "https://pbs.twimg.com/profile_background_images/378800000123769352/f3a8ad0c9fe01151df8cf34eb18efb5c.jpeg",
                "utc_offset": -18000,
                "name": "IndyStar",
                "following": false,
                "entities": {
                    "url": {
                        "urls": [
                            {
                                "url": "http://t.co/AHcf6xQRJC",
                                "indices": [
                                    0,
                                    22
                                ],
                                "expanded_url": "http://www.indystar.com/",
                                "display_url": "indystar.com"
                            }
                        ]
                    },
                    "description": {
                        "urls": []
                    }
                },
                "friends_count": 414,
                "location": "Indianapolis, IN",
                "followers_count": 194095,
                "screen_name": "indystar",
                "url": "http://t.co/AHcf6xQRJC",
                "profile_link_color": "1373C0",
                "id": 16550142,
                "listed_count": 2688,
                "statuses_count": 150439
            },
            "in_reply_to_user_id_str": null,
            "retweet_count": 4,
            "favorited": false,
            "favorite_count": 7,
            "in_reply_to_status_id_str": null,
            "lang": "en",
            "coordinates": null,
            "truncated": false,
            "is_quote_status": false,
            "in_reply_to_screen_name": null,
            "in_reply_to_user_id": null,
            "in_reply_to_status_id": null,
            "entities": {
                "hashtags": [],
                "symbols": [],
                "user_mentions": [
                    {
                        "screen_name": "tswarens",
                        "id_str": "22547261",
                        "name": "Tim Swarens",
                        "indices": [
                            82,
                            91
                        ],
                        "id": 22547261
                    }
                ],
                "urls": [
                    {
                        "url": "https://t.co/KV5DUKI1H2",
                        "indices": [
                            93,
                            116
                        ],
                        "expanded_url": "http://indy.st/2guB5Ta",
                        "display_url": "indy.st/2guB5Ta"
                    }
                ]
            },
            "retweeted": false,
            "source": "<a href=\"http://www.hootsuite.com\" rel=\"nofollow\">Hootsuite</a>",
            "id_str": "802229150023057413",
            "contributors": null,
            "place": null,
            "id": 802229150023057413,
            "geo": null
        },
        {
            "created_at": "Fri Nov 25 15:29:40 +0000 2016",
            "text": "Up for a challenge? Invite someone who doesn\u2019t share your political, social or religious views for coffee. https://t.co/HQfw8UHDnf",
            "possibly_sensitive": false,
            "metadata": {
                "result_type": "recent",
                "iso_language_code": "en"
            },
            "user": {
                "created_at": "Wed Oct 01 20:50:45 +0000 2008",
                "profile_background_color": "333333",
                "follow_request_sent": false,
                "contributors_enabled": false,
                "profile_sidebar_fill_color": "E8E6D0",
                "protected": false,
                "is_translator": false,
                "description": "News that matters. Sports that thrill. A city that excites. Your IndyStar: Serving the greater good of Central Indiana with local journalism.",
                "profile_banner_url": "https://pbs.twimg.com/profile_banners/16550142/1415827321",
                "id_str": "16550142",
                "favourites_count": 1462,
                "default_profile_image": false,
                "profile_background_tile": false,
                "profile_background_image_url": "http://pbs.twimg.com/profile_background_images/378800000123769352/f3a8ad0c9fe01151df8cf34eb18efb5c.jpeg",
                "notifications": false,
                "profile_sidebar_border_color": "FFFFFF",
                "profile_image_url_https": "https://pbs.twimg.com/profile_images/557169583878963204/zW17iH7I_normal.jpeg",
                "translator_type": "none",
                "time_zone": "Eastern Time (US & Canada)",
                "lang": "en",
                "geo_enabled": true,
                "verified": true,
                "profile_image_url": "http://pbs.twimg.com/profile_images/557169583878963204/zW17iH7I_normal.jpeg",
                "profile_use_background_image": true,
                "has_extended_profile": false,
                "profile_text_color": "000000",
                "is_translation_enabled": false,
                "default_profile": false,
                "profile_background_image_url_https": "https://pbs.twimg.com/profile_background_images/378800000123769352/f3a8ad0c9fe01151df8cf34eb18efb5c.jpeg",
                "utc_offset": -18000,
                "name": "IndyStar",
                "following": false,
                "entities": {
                    "url": {
                        "urls": [
                            {
                                "url": "http://t.co/AHcf6xQRJC",
                                "indices": [
                                    0,
                                    22
                                ],
                                "expanded_url": "http://www.indystar.com/",
                                "display_url": "indystar.com"
                            }
                        ]
                    },
                    "description": {
                        "urls": []
                    }
                },
                "friends_count": 414,
                "location": "Indianapolis, IN",
                "followers_count": 194095,
                "screen_name": "indystar",
                "url": "http://t.co/AHcf6xQRJC",
                "profile_link_color": "1373C0",
                "id": 16550142,
                "listed_count": 2688,
                "statuses_count": 150439
            },
            "in_reply_to_user_id_str": null,
            "retweet_count": 1,
            "favorited": false,
            "favorite_count": 5,
            "in_reply_to_status_id_str": null,
            "lang": "en",
            "coordinates": null,
            "truncated": false,
            "is_quote_status": false,
            "in_reply_to_screen_name": null,
            "in_reply_to_user_id": null,
            "in_reply_to_status_id": null,
            "entities": {
                "hashtags": [],
                "symbols": [],
                "user_mentions": [],
                "urls": [
                    {
                        "url": "https://t.co/HQfw8UHDnf",
                        "indices": [
                            107,
                            130
                        ],
                        "expanded_url": "http://indy.st/2fvOEQ3",
                        "display_url": "indy.st/2fvOEQ3"
                    }
                ]
            },
            "retweeted": false,
            "source": "<a href=\"http://www.hootsuite.com\" rel=\"nofollow\">Hootsuite</a>",
            "id_str": "802172406731259904",
            "contributors": null,
            "place": null,
            "id": 802172406731259904,
            "geo": null
        }
    ],
    "search_metadata": {
        "max_id": 802270788900376576,
        "count": 100,
        "refresh_url": "?since_id=802270788900376576&q=Hillary%20OR%20Clinton%20from%3Aindystar%20since%3A2016-11-25%20until%3A2016-11-26%20filter%3Alinks%20-%40indystar&include_entities=1",
        "completed_in": 0.057,
        "max_id_str": "802270788900376576",
        "query": "Hillary+OR+Clinton+from%3Aindystar+since%3A2016-11-25+until%3A2016-11-26+filter%3Alinks+-%40indystar",
        "since_id_str": "0",
        "since_id": 0
    }
}