{
    "statuses": [
        {
            "created_at": "Fri Nov 25 17:35:15 +0000 2016",
            "text": "Millions of Americans want the electoral college to vote for Clinton next month, but it probably won't happen\u2026 https://t.co/Wd6yGFdaMy",
            "possibly_sensitive": false,
            "metadata": {
                "result_type": "recent",
                "iso_language_code": "en"
            },
            "user": {
                "created_at": "Thu Oct 09 11:07:42 +0000 2008",
                "profile_background_color": "FFFFFF",
                "follow_request_sent": false,
                "contributors_enabled": false,
                "profile_sidebar_fill_color": "EFEFEF",
                "protected": false,
                "is_translator": false,
                "description": "News from Los Angeles and the world. Staffed by http://t.co/zb8HyvYyAJ editors.",
                "profile_banner_url": "https://pbs.twimg.com/profile_banners/16664681/1402448809",
                "id_str": "16664681",
                "favourites_count": 1869,
                "default_profile_image": false,
                "profile_background_tile": false,
                "profile_background_image_url": "http://pbs.twimg.com/profile_background_images/596769492/sp4uqn6gr7cwmjefat2j.jpeg",
                "notifications": false,
                "profile_sidebar_border_color": "FFFFFF",
                "profile_image_url_https": "https://pbs.twimg.com/profile_images/546329819919560704/XMWy2Z50_normal.jpeg",
                "translator_type": "regular",
                "time_zone": "Pacific Time (US & Canada)",
                "lang": "en",
                "geo_enabled": true,
                "verified": true,
                "profile_image_url": "http://pbs.twimg.com/profile_images/546329819919560704/XMWy2Z50_normal.jpeg",
                "profile_use_background_image": true,
                "has_extended_profile": false,
                "profile_text_color": "615F61",
                "is_translation_enabled": false,
                "default_profile": false,
                "profile_background_image_url_https": "https://pbs.twimg.com/profile_background_images/596769492/sp4uqn6gr7cwmjefat2j.jpeg",
                "utc_offset": -28800,
                "name": "Los Angeles Times",
                "following": false,
                "entities": {
                    "url": {
                        "urls": [
                            {
                                "url": "http://t.co/JvbZRDfNzf",
                                "indices": [
                                    0,
                                    22
                                ],
                                "expanded_url": "http://latimes.com/",
                                "display_url": "latimes.com"
                            }
                        ]
                    },
                    "description": {
                        "urls": [
                            {
                                "url": "http://t.co/zb8HyvYyAJ",
                                "indices": [
                                    48,
                                    70
                                ],
                                "expanded_url": "http://latimes.com",
                                "display_url": "latimes.com"
                            }
                        ]
                    }
                },
                "friends_count": 10713,
                "location": "Los Angeles, CA",
                "followers_count": 2324835,
                "screen_name": "latimes",
                "url": "http://t.co/JvbZRDfNzf",
                "profile_link_color": "009999",
                "id": 16664681,
                "listed_count": 28267,
                "statuses_count": 153173
            },
            "in_reply_to_user_id_str": null,
            "retweet_count": 101,
            "favorited": false,
            "favorite_count": 160,
            "in_reply_to_status_id_str": null,
            "lang": "en",
            "coordinates": null,
            "truncated": true,
            "is_quote_status": false,
            "in_reply_to_screen_name": null,
            "in_reply_to_user_id": null,
            "in_reply_to_status_id": null,
            "entities": {
                "hashtags": [],
                "symbols": [],
                "user_mentions": [],
                "urls": [
                    {
                        "url": "https://t.co/Wd6yGFdaMy",
                        "indices": [
                            111,
                            134
                        ],
                        "expanded_url": "https://twitter.com/i/web/status/802204013123039233",
                        "display_url": "twitter.com/i/web/status/8\u2026"
                    }
                ]
            },
            "retweeted": false,
            "source": "<a href=\"http://www.hootsuite.com\" rel=\"nofollow\">Hootsuite</a>",
            "id_str": "802204013123039233",
            "contributors": null,
            "place": null,
            "id": 802204013123039233,
            "geo": null
        }
    ],
    "search_metadata": {
        "max_id": 802204013123039233,
        "count": 100,
        "refresh_url": "?since_id=802204013123039233&q=Hillary%20OR%20Clinton%20from%3Alatimes%20since%3A2016-11-25%20until%3A2016-11-26%20filter%3Alinks%20-%40latimes&include_entities=1",
        "completed_in": 0.022,
        "max_id_str": "802204013123039233",
        "query": "Hillary+OR+Clinton+from%3Alatimes+since%3A2016-11-25+until%3A2016-11-26+filter%3Alinks+-%40latimes",
        "since_id_str": "0",
        "since_id": 0
    }
}