{
    "statuses": [
        {
            "created_at": "Fri Nov 25 19:11:04 +0000 2016",
            "text": "RT @HowardCohen: #OBIT: \"Soy Bean King,\" agribusiness giant #DwayneAndreas, who worked with presidents from Truman to Clinton dies. https:/\u2026",
            "metadata": {
                "result_type": "recent",
                "iso_language_code": "en"
            },
            "user": {
                "created_at": "Wed Mar 05 21:04:05 +0000 2008",
                "profile_background_color": "FFFFFF",
                "follow_request_sent": false,
                "contributors_enabled": false,
                "profile_sidebar_fill_color": "EBECED",
                "protected": false,
                "is_translator": false,
                "description": "The news. Every day. Your way.\nInstagram: https://t.co/EBuss8QhEl\nFacebook: https://t.co/C8sShSEs0S\nSnapchat: miamiherald",
                "profile_banner_url": "https://pbs.twimg.com/profile_banners/14085040/1401331083",
                "id_str": "14085040",
                "favourites_count": 287,
                "default_profile_image": false,
                "profile_background_tile": false,
                "profile_background_image_url": "http://pbs.twimg.com/profile_background_images/378800000013900789/a5a81b70f38bf7124af93439787031d0.jpeg",
                "notifications": false,
                "profile_sidebar_border_color": "FFFFFF",
                "profile_image_url_https": "https://pbs.twimg.com/profile_images/528285037498609664/JCw0pEvY_normal.jpeg",
                "translator_type": "none",
                "time_zone": "Eastern Time (US & Canada)",
                "lang": "en",
                "geo_enabled": true,
                "verified": true,
                "profile_image_url": "http://pbs.twimg.com/profile_images/528285037498609664/JCw0pEvY_normal.jpeg",
                "profile_use_background_image": true,
                "has_extended_profile": false,
                "profile_text_color": "333333",
                "is_translation_enabled": false,
                "default_profile": false,
                "profile_background_image_url_https": "https://pbs.twimg.com/profile_background_images/378800000013900789/a5a81b70f38bf7124af93439787031d0.jpeg",
                "utc_offset": -18000,
                "name": "Miami Herald",
                "following": false,
                "entities": {
                    "url": {
                        "urls": [
                            {
                                "url": "http://t.co/6KpRmDdPe2",
                                "indices": [
                                    0,
                                    22
                                ],
                                "expanded_url": "http://www.miamiherald.com",
                                "display_url": "miamiherald.com"
                            }
                        ]
                    },
                    "description": {
                        "urls": [
                            {
                                "url": "https://t.co/EBuss8QhEl",
                                "indices": [
                                    42,
                                    65
                                ],
                                "expanded_url": "http://hrld.us/instagram",
                                "display_url": "hrld.us/instagram"
                            },
                            {
                                "url": "https://t.co/C8sShSEs0S",
                                "indices": [
                                    76,
                                    99
                                ],
                                "expanded_url": "http://hrld.us/facebook",
                                "display_url": "hrld.us/facebook"
                            }
                        ]
                    }
                },
                "friends_count": 804,
                "location": "Miami, FL",
                "followers_count": 308976,
                "screen_name": "MiamiHerald",
                "url": "http://t.co/6KpRmDdPe2",
                "profile_link_color": "0060AF",
                "id": 14085040,
                "listed_count": 5553,
                "statuses_count": 128322
            },
            "in_reply_to_user_id_str": null,
            "retweet_count": 1,
            "favorited": false,
            "favorite_count": 0,
            "in_reply_to_status_id_str": null,
            "lang": "en",
            "coordinates": null,
            "truncated": false,
            "is_quote_status": false,
            "in_reply_to_screen_name": null,
            "in_reply_to_user_id": null,
            "in_reply_to_status_id": null,
            "entities": {
                "hashtags": [
                    {
                        "text": "OBIT",
                        "indices": [
                            17,
                            22
                        ]
                    },
                    {
                        "text": "DwayneAndreas",
                        "indices": [
                            60,
                            74
                        ]
                    }
                ],
                "symbols": [],
                "user_mentions": [
                    {
                        "screen_name": "HowardCohen",
                        "id_str": "22084396",
                        "name": "Howard Cohen",
                        "indices": [
                            3,
                            15
                        ],
                        "id": 22084396
                    }
                ],
                "urls": []
            },
            "retweeted_status": {
                "created_at": "Fri Nov 25 19:10:25 +0000 2016",
                "text": "#OBIT: \"Soy Bean King,\" agribusiness giant #DwayneAndreas, who worked with presidents from Truman to Clinton dies. https://t.co/3FOrG9VYgX",
                "possibly_sensitive": false,
                "metadata": {
                    "result_type": "recent",
                    "iso_language_code": "en"
                },
                "user": {
                    "created_at": "Fri Feb 27 00:19:00 +0000 2009",
                    "profile_background_color": "1A1B1F",
                    "follow_request_sent": false,
                    "contributors_enabled": false,
                    "profile_sidebar_fill_color": "252429",
                    "protected": false,
                    "is_translator": false,
                    "description": "Features Writer for @MiamiHerald on Pulitzer winning team; Obits/GA reporter; pop music & theater critic.",
                    "profile_banner_url": "https://pbs.twimg.com/profile_banners/22084396/1378584540",
                    "id_str": "22084396",
                    "favourites_count": 512,
                    "default_profile_image": false,
                    "profile_background_tile": true,
                    "profile_background_image_url": "http://pbs.twimg.com/profile_background_images/378800000069098761/0ceda8c590eaf9ecd876c32764b0d70e.jpeg",
                    "notifications": false,
                    "profile_sidebar_border_color": "FFFFFF",
                    "profile_image_url_https": "https://pbs.twimg.com/profile_images/378800000425475112/bba1326f438b3efeb776d31bc882ab6e_normal.jpeg",
                    "translator_type": "none",
                    "time_zone": "Eastern Time (US & Canada)",
                    "lang": "en",
                    "geo_enabled": true,
                    "verified": true,
                    "profile_image_url": "http://pbs.twimg.com/profile_images/378800000425475112/bba1326f438b3efeb776d31bc882ab6e_normal.jpeg",
                    "profile_use_background_image": true,
                    "has_extended_profile": false,
                    "profile_text_color": "666666",
                    "is_translation_enabled": false,
                    "default_profile": false,
                    "profile_background_image_url_https": "https://pbs.twimg.com/profile_background_images/378800000069098761/0ceda8c590eaf9ecd876c32764b0d70e.jpeg",
                    "utc_offset": -18000,
                    "name": "Howard Cohen",
                    "following": false,
                    "entities": {
                        "url": {
                            "urls": [
                                {
                                    "url": "https://t.co/X93p1ibxX5",
                                    "indices": [
                                        0,
                                        23
                                    ],
                                    "expanded_url": "http://www.Instagram.com/howardscohen",
                                    "display_url": "Instagram.com/howardscohen"
                                }
                            ]
                        },
                        "description": {
                            "urls": []
                        }
                    },
                    "friends_count": 455,
                    "location": "Miami, Fl",
                    "followers_count": 4585,
                    "screen_name": "HowardCohen",
                    "url": "https://t.co/X93p1ibxX5",
                    "profile_link_color": "2FC2EF",
                    "id": 22084396,
                    "listed_count": 236,
                    "statuses_count": 22395
                },
                "in_reply_to_user_id_str": null,
                "retweet_count": 1,
                "favorited": false,
                "favorite_count": 1,
                "in_reply_to_status_id_str": null,
                "lang": "en",
                "coordinates": null,
                "truncated": false,
                "is_quote_status": false,
                "in_reply_to_screen_name": null,
                "in_reply_to_user_id": null,
                "in_reply_to_status_id": null,
                "entities": {
                    "hashtags": [
                        {
                            "text": "OBIT",
                            "indices": [
                                0,
                                5
                            ]
                        },
                        {
                            "text": "DwayneAndreas",
                            "indices": [
                                43,
                                57
                            ]
                        }
                    ],
                    "symbols": [],
                    "user_mentions": [],
                    "urls": [
                        {
                            "url": "https://t.co/3FOrG9VYgX",
                            "indices": [
                                115,
                                138
                            ],
                            "expanded_url": "http://www.miamiherald.com/news/local/obituaries/article116832613.html",
                            "display_url": "miamiherald.com/news/local/obi\u2026"
                        }
                    ]
                },
                "retweeted": false,
                "source": "<a href=\"https://about.twitter.com/products/tweetdeck\" rel=\"nofollow\">TweetDeck</a>",
                "id_str": "802227961848012800",
                "contributors": null,
                "place": null,
                "id": 802227961848012800,
                "geo": null
            },
            "retweeted": false,
            "source": "<a href=\"https://about.twitter.com/products/tweetdeck\" rel=\"nofollow\">TweetDeck</a>",
            "id_str": "802228126554132480",
            "contributors": null,
            "place": null,
            "id": 802228126554132480,
            "geo": null
        }
    ],
    "search_metadata": {
        "max_id": 802228126554132480,
        "count": 100,
        "refresh_url": "?since_id=802228126554132480&q=Hillary%20OR%20Clinton%20from%3AMiamiHerald%20since%3A2016-11-25%20until%3A2016-11-26%20filter%3Alinks%20-%40MiamiHerald&include_entities=1",
        "completed_in": 0.033,
        "max_id_str": "802228126554132480",
        "query": "Hillary+OR+Clinton+from%3AMiamiHerald+since%3A2016-11-25+until%3A2016-11-26+filter%3Alinks+-%40MiamiHerald",
        "since_id_str": "0",
        "since_id": 0
    }
}