{
    "statuses": [],
    "search_metadata": {
        "max_id": 803065263910481921,
        "count": 100,
        "refresh_url": "?since_id=803065263910481921&q=Hillary%20OR%20Clinton%20from%3ATucsonStar%20since%3A2016-11-25%20until%3A2016-11-26%20filter%3Alinks%20-%40TucsonStar&include_entities=1",
        "completed_in": 0.014,
        "max_id_str": "803065263910481921",
        "query": "Hillary+OR+Clinton+from%3ATucsonStar+since%3A2016-11-25+until%3A2016-11-26+filter%3Alinks+-%40TucsonStar",
        "since_id_str": "0",
        "since_id": 0
    }
}