{
    "statuses": [
        {
            "id": 802599169579950080,
            "coordinates": null,
            "contributors": null,
            "favorite_count": 23,
            "id_str": "802599169579950080",
            "is_quote_status": false,
            "geo": null,
            "in_reply_to_user_id_str": null,
            "truncated": false,
            "user": {
                "id": 4170491,
                "follow_request_sent": false,
                "favourites_count": 336,
                "profile_background_image_url": "http://pbs.twimg.com/profile_background_images/378800000091127693/6d3a47ce57110dc1a703b0110831c19e.jpeg",
                "profile_background_image_url_https": "https://pbs.twimg.com/profile_background_images/378800000091127693/6d3a47ce57110dc1a703b0110831c19e.jpeg",
                "default_profile": false,
                "id_str": "4170491",
                "notifications": false,
                "profile_background_color": "00539B",
                "is_translation_enabled": false,
                "profile_image_url_https": "https://pbs.twimg.com/profile_images/667060822930145280/ZFty7bte_normal.jpg",
                "protected": false,
                "profile_link_color": "00539B",
                "profile_sidebar_border_color": "FFFFFF",
                "is_translator": false,
                "geo_enabled": true,
                "time_zone": "Eastern Time (US & Canada)",
                "default_profile_image": false,
                "profile_background_tile": false,
                "lang": "en",
                "profile_banner_url": "https://pbs.twimg.com/profile_banners/4170491/1425070056",
                "translator_type": "regular",
                "following": false,
                "has_extended_profile": false,
                "entities": {
                    "description": {
                        "urls": []
                    },
                    "url": {
                        "urls": [
                            {
                                "display_url": "ajc.com",
                                "expanded_url": "http://www.ajc.com",
                                "url": "http://t.co/EvK8XZMw4P",
                                "indices": [
                                    0,
                                    22
                                ]
                            }
                        ]
                    }
                },
                "verified": true,
                "profile_sidebar_fill_color": "F0F5ED",
                "screen_name": "ajc",
                "name": "AJC",
                "listed_count": 4572,
                "profile_use_background_image": false,
                "friends_count": 58284,
                "description": "Atlanta's best source for news.",
                "created_at": "Wed Apr 11 12:50:15 +0000 2007",
                "followers_count": 611826,
                "location": "Atlanta, GA",
                "statuses_count": 155958,
                "url": "http://t.co/EvK8XZMw4P",
                "contributors_enabled": false,
                "profile_image_url": "http://pbs.twimg.com/profile_images/667060822930145280/ZFty7bte_normal.jpg",
                "profile_text_color": "333333",
                "utc_offset": -18000
            },
            "text": "Clinton campaign will take part in recount efforts https://t.co/Cr4wEoftI3 https://t.co/Chs54LdoLw",
            "retweeted": false,
            "possibly_sensitive": false,
            "lang": "en",
            "in_reply_to_status_id": null,
            "in_reply_to_screen_name": null,
            "entities": {
                "media": [
                    {
                        "id": 802599165540859904,
                        "media_url_https": "https://pbs.twimg.com/media/CyNnsE8WgAAvQ_Q.jpg",
                        "url": "https://t.co/Chs54LdoLw",
                        "type": "photo",
                        "id_str": "802599165540859904",
                        "display_url": "pic.twitter.com/Chs54LdoLw",
                        "media_url": "http://pbs.twimg.com/media/CyNnsE8WgAAvQ_Q.jpg",
                        "expanded_url": "https://twitter.com/ajc/status/802599169579950080/photo/1",
                        "indices": [
                            75,
                            98
                        ],
                        "sizes": {
                            "large": {
                                "resize": "fit",
                                "w": 2048,
                                "h": 1365
                            },
                            "thumb": {
                                "resize": "crop",
                                "w": 150,
                                "h": 150
                            },
                            "small": {
                                "resize": "fit",
                                "w": 680,
                                "h": 453
                            },
                            "medium": {
                                "resize": "fit",
                                "w": 1200,
                                "h": 800
                            }
                        }
                    }
                ],
                "user_mentions": [],
                "hashtags": [],
                "urls": [
                    {
                        "display_url": "on-ajc.com/2flg544",
                        "expanded_url": "http://on-ajc.com/2flg544",
                        "url": "https://t.co/Cr4wEoftI3",
                        "indices": [
                            51,
                            74
                        ]
                    }
                ],
                "symbols": []
            },
            "metadata": {
                "result_type": "recent",
                "iso_language_code": "en"
            },
            "source": "<a href=\"http://www.socialflow.com\" rel=\"nofollow\">SocialFlow</a>",
            "retweet_count": 7,
            "extended_entities": {
                "media": [
                    {
                        "id": 802599165540859904,
                        "media_url_https": "https://pbs.twimg.com/media/CyNnsE8WgAAvQ_Q.jpg",
                        "url": "https://t.co/Chs54LdoLw",
                        "type": "photo",
                        "id_str": "802599165540859904",
                        "display_url": "pic.twitter.com/Chs54LdoLw",
                        "media_url": "http://pbs.twimg.com/media/CyNnsE8WgAAvQ_Q.jpg",
                        "expanded_url": "https://twitter.com/ajc/status/802599169579950080/photo/1",
                        "indices": [
                            75,
                            98
                        ],
                        "sizes": {
                            "large": {
                                "resize": "fit",
                                "w": 2048,
                                "h": 1365
                            },
                            "thumb": {
                                "resize": "crop",
                                "w": 150,
                                "h": 150
                            },
                            "small": {
                                "resize": "fit",
                                "w": 680,
                                "h": 453
                            },
                            "medium": {
                                "resize": "fit",
                                "w": 1200,
                                "h": 800
                            }
                        }
                    }
                ]
            },
            "created_at": "Sat Nov 26 19:45:28 +0000 2016",
            "favorited": false,
            "in_reply_to_user_id": null,
            "in_reply_to_status_id_str": null,
            "place": null
        }
    ],
    "search_metadata": {
        "max_id_str": "802599169579950080",
        "count": 100,
        "query": "Hillary+OR+Clinton+from%3Aajc+since%3A2016-11-26+until%3A2016-11-27+filter%3Alinks+-%40ajc",
        "completed_in": 0.045,
        "since_id_str": "0",
        "refresh_url": "?since_id=802599169579950080&q=Hillary%20OR%20Clinton%20from%3Aajc%20since%3A2016-11-26%20until%3A2016-11-27%20filter%3Alinks%20-%40ajc&include_entities=1",
        "max_id": 802599169579950080,
        "since_id": 0
    }
}