{
    "statuses": [
        {
            "id": 802610378060402688,
            "coordinates": null,
            "contributors": null,
            "favorite_count": 26,
            "id_str": "802610378060402688",
            "is_quote_status": false,
            "geo": null,
            "in_reply_to_user_id_str": null,
            "truncated": false,
            "user": {
                "id": 8216772,
                "follow_request_sent": false,
                "favourites_count": 1131,
                "profile_background_image_url": "http://pbs.twimg.com/profile_background_images/601920030/usz02cw4o5h6j9wgkdca.jpeg",
                "profile_background_image_url_https": "https://pbs.twimg.com/profile_background_images/601920030/usz02cw4o5h6j9wgkdca.jpeg",
                "default_profile": false,
                "id_str": "8216772",
                "notifications": false,
                "profile_background_color": "000000",
                "is_translation_enabled": false,
                "profile_image_url_https": "https://pbs.twimg.com/profile_images/696779704150335488/yF8sCXSN_normal.jpg",
                "protected": false,
                "profile_link_color": "257DDB",
                "profile_sidebar_border_color": "000000",
                "is_translator": false,
                "geo_enabled": true,
                "time_zone": "Mountain Time (US & Canada)",
                "default_profile_image": false,
                "profile_background_tile": false,
                "lang": "en",
                "profile_banner_url": "https://pbs.twimg.com/profile_banners/8216772/1398475184",
                "translator_type": "regular",
                "following": false,
                "has_extended_profile": true,
                "entities": {
                    "description": {
                        "urls": []
                    },
                    "url": {
                        "urls": [
                            {
                                "display_url": "denverpost.com",
                                "expanded_url": "http://www.denverpost.com/",
                                "url": "http://t.co/HvDYiwfHFX",
                                "indices": [
                                    0,
                                    22
                                ]
                            }
                        ]
                    }
                },
                "verified": true,
                "profile_sidebar_fill_color": "003459",
                "screen_name": "denverpost",
                "name": "The Denver Post",
                "listed_count": 5493,
                "profile_use_background_image": true,
                "friends_count": 631,
                "description": "Colorado's source for breaking news and information. Tweets by @francieswidler @kourtneygeers @ericjlubbers @danielpetty. Send tips here or tips@denverpost.com.",
                "created_at": "Thu Aug 16 04:20:09 +0000 2007",
                "followers_count": 304184,
                "location": "Denver, CO",
                "statuses_count": 143830,
                "url": "http://t.co/HvDYiwfHFX",
                "contributors_enabled": false,
                "profile_image_url": "http://pbs.twimg.com/profile_images/696779704150335488/yF8sCXSN_normal.jpg",
                "profile_text_color": "626262",
                "utc_offset": -25200
            },
            "text": "Clinton campaign will participate in Wisconsin recount initiated by Green Party candidate Jill Stein: https://t.co/mQnahk96GU",
            "retweeted": false,
            "possibly_sensitive": false,
            "lang": "en",
            "in_reply_to_status_id": null,
            "in_reply_to_screen_name": null,
            "entities": {
                "user_mentions": [],
                "hashtags": [],
                "urls": [
                    {
                        "display_url": "dpo.st/2gxrr28",
                        "expanded_url": "http://dpo.st/2gxrr28",
                        "url": "https://t.co/mQnahk96GU",
                        "indices": [
                            102,
                            125
                        ]
                    }
                ],
                "symbols": []
            },
            "metadata": {
                "result_type": "recent",
                "iso_language_code": "en"
            },
            "source": "<a href=\"https://about.twitter.com/products/tweetdeck\" rel=\"nofollow\">TweetDeck</a>",
            "retweet_count": 8,
            "created_at": "Sat Nov 26 20:30:00 +0000 2016",
            "favorited": false,
            "in_reply_to_user_id": null,
            "in_reply_to_status_id_str": null,
            "place": null
        }
    ],
    "search_metadata": {
        "max_id_str": "802610378060402688",
        "count": 100,
        "query": "Hillary+OR+Clinton+from%3Adenverpost+since%3A2016-11-26+until%3A2016-11-27+filter%3Alinks+-%40denverpost",
        "completed_in": 0.019,
        "since_id_str": "0",
        "refresh_url": "?since_id=802610378060402688&q=Hillary%20OR%20Clinton%20from%3Adenverpost%20since%3A2016-11-26%20until%3A2016-11-27%20filter%3Alinks%20-%40denverpost&include_entities=1",
        "max_id": 802610378060402688,
        "since_id": 0
    }
}