{
    "statuses": [],
    "search_metadata": {
        "max_id_str": "803065819710242816",
        "count": 100,
        "query": "Hillary+OR+Clinton+from%3Adothaneagle+since%3A2016-11-26+until%3A2016-11-27+filter%3Alinks+-%40dothaneagle",
        "completed_in": 0.011,
        "since_id_str": "0",
        "refresh_url": "?since_id=803065819710242816&q=Hillary%20OR%20Clinton%20from%3Adothaneagle%20since%3A2016-11-26%20until%3A2016-11-27%20filter%3Alinks%20-%40dothaneagle&include_entities=1",
        "max_id": 803065819710242816,
        "since_id": 0
    }
}