{
    "statuses": [
        {
            "id": 802617996892114945,
            "coordinates": null,
            "contributors": null,
            "favorite_count": 82,
            "id_str": "802617996892114945",
            "is_quote_status": false,
            "geo": null,
            "in_reply_to_user_id_str": null,
            "truncated": false,
            "user": {
                "id": 16664681,
                "follow_request_sent": false,
                "favourites_count": 1869,
                "profile_background_image_url": "http://pbs.twimg.com/profile_background_images/596769492/sp4uqn6gr7cwmjefat2j.jpeg",
                "profile_background_image_url_https": "https://pbs.twimg.com/profile_background_images/596769492/sp4uqn6gr7cwmjefat2j.jpeg",
                "default_profile": false,
                "id_str": "16664681",
                "notifications": false,
                "profile_background_color": "FFFFFF",
                "is_translation_enabled": false,
                "profile_image_url_https": "https://pbs.twimg.com/profile_images/546329819919560704/XMWy2Z50_normal.jpeg",
                "protected": false,
                "profile_link_color": "009999",
                "profile_sidebar_border_color": "FFFFFF",
                "is_translator": false,
                "geo_enabled": true,
                "time_zone": "Pacific Time (US & Canada)",
                "default_profile_image": false,
                "profile_background_tile": false,
                "lang": "en",
                "profile_banner_url": "https://pbs.twimg.com/profile_banners/16664681/1402448809",
                "translator_type": "regular",
                "following": false,
                "has_extended_profile": false,
                "entities": {
                    "description": {
                        "urls": [
                            {
                                "display_url": "latimes.com",
                                "expanded_url": "http://latimes.com",
                                "url": "http://t.co/zb8HyvYyAJ",
                                "indices": [
                                    48,
                                    70
                                ]
                            }
                        ]
                    },
                    "url": {
                        "urls": [
                            {
                                "display_url": "latimes.com",
                                "expanded_url": "http://latimes.com/",
                                "url": "http://t.co/JvbZRDfNzf",
                                "indices": [
                                    0,
                                    22
                                ]
                            }
                        ]
                    }
                },
                "verified": true,
                "profile_sidebar_fill_color": "EFEFEF",
                "screen_name": "latimes",
                "name": "Los Angeles Times",
                "listed_count": 28268,
                "profile_use_background_image": true,
                "friends_count": 10713,
                "description": "News from Los Angeles and the world. Staffed by http://t.co/zb8HyvYyAJ editors.",
                "created_at": "Thu Oct 09 11:07:42 +0000 2008",
                "followers_count": 2324842,
                "location": "Los Angeles, CA",
                "statuses_count": 153174,
                "url": "http://t.co/JvbZRDfNzf",
                "contributors_enabled": false,
                "profile_image_url": "http://pbs.twimg.com/profile_images/546329819919560704/XMWy2Z50_normal.jpeg",
                "profile_text_color": "615F61",
                "utc_offset": -28800
            },
            "text": "Clinton campaign lawyer says it found no proof of \u201coutside interference\u201d but will participate in a ballot recount https://t.co/9JKUkBNoJD",
            "retweeted": false,
            "possibly_sensitive": false,
            "lang": "en",
            "in_reply_to_status_id": null,
            "in_reply_to_screen_name": null,
            "entities": {
                "user_mentions": [],
                "hashtags": [],
                "urls": [
                    {
                        "display_url": "lat.ms/2g41jOg",
                        "expanded_url": "http://lat.ms/2g41jOg",
                        "url": "https://t.co/9JKUkBNoJD",
                        "indices": [
                            114,
                            137
                        ]
                    }
                ],
                "symbols": []
            },
            "metadata": {
                "result_type": "recent",
                "iso_language_code": "en"
            },
            "source": "<a href=\"http://www.hootsuite.com\" rel=\"nofollow\">Hootsuite</a>",
            "retweet_count": 61,
            "created_at": "Sat Nov 26 21:00:17 +0000 2016",
            "favorited": false,
            "in_reply_to_user_id": null,
            "in_reply_to_status_id_str": null,
            "place": null
        }
    ],
    "search_metadata": {
        "max_id_str": "802617996892114945",
        "count": 100,
        "query": "Hillary+OR+Clinton+from%3Alatimes+since%3A2016-11-26+until%3A2016-11-27+filter%3Alinks+-%40latimes",
        "completed_in": 0.055,
        "since_id_str": "0",
        "refresh_url": "?since_id=802617996892114945&q=Hillary%20OR%20Clinton%20from%3Alatimes%20since%3A2016-11-26%20until%3A2016-11-27%20filter%3Alinks%20-%40latimes&include_entities=1",
        "max_id": 802617996892114945,
        "since_id": 0
    }
}