{
    "statuses": [],
    "search_metadata": {
        "max_id_str": "803065832779739136",
        "count": 100,
        "query": "Hillary+OR+Clinton+from%3AMidWeekHawaii+since%3A2016-11-26+until%3A2016-11-27+filter%3Alinks+-%40MidWeekHawaii",
        "completed_in": 0.015,
        "since_id_str": "0",
        "refresh_url": "?since_id=803065832779739136&q=Hillary%20OR%20Clinton%20from%3AMidWeekHawaii%20since%3A2016-11-26%20until%3A2016-11-27%20filter%3Alinks%20-%40MidWeekHawaii&include_entities=1",
        "max_id": 803065832779739136,
        "since_id": 0
    }
}