{
    "statuses": [
        {
            "id": 802639380229844992,
            "coordinates": null,
            "contributors": null,
            "favorite_count": 0,
            "id_str": "802639380229844992",
            "is_quote_status": false,
            "geo": null,
            "in_reply_to_user_id_str": null,
            "truncated": false,
            "user": {
                "id": 34956062,
                "follow_request_sent": false,
                "favourites_count": 736,
                "profile_background_image_url": "http://pbs.twimg.com/profile_background_images/24848102/CT_NHR.jpg",
                "profile_background_image_url_https": "https://pbs.twimg.com/profile_background_images/24848102/CT_NHR.jpg",
                "default_profile": false,
                "id_str": "34956062",
                "notifications": false,
                "profile_background_color": "CFCFCF",
                "is_translation_enabled": false,
                "profile_image_url_https": "https://pbs.twimg.com/profile_images/3760081022/298ec1da0ffea485a6b6a0cb6be7d04c_normal.jpeg",
                "protected": false,
                "profile_link_color": "080E11",
                "profile_sidebar_border_color": "FFFFFF",
                "is_translator": false,
                "geo_enabled": true,
                "time_zone": null,
                "default_profile_image": false,
                "profile_background_tile": false,
                "lang": "en",
                "translator_type": "none",
                "following": false,
                "has_extended_profile": false,
                "entities": {
                    "description": {
                        "urls": []
                    },
                    "url": {
                        "urls": [
                            {
                                "display_url": "nhregister.com",
                                "expanded_url": "http://www.nhregister.com/",
                                "url": "https://t.co/2cox044c9b",
                                "indices": [
                                    0,
                                    23
                                ]
                            }
                        ]
                    }
                },
                "verified": false,
                "profile_sidebar_fill_color": "D2120F",
                "screen_name": "nhregister",
                "name": "New Haven Register",
                "listed_count": 906,
                "profile_use_background_image": false,
                "friends_count": 6170,
                "description": "A digital first multimedia news organization in Greater New Haven, Connecticut since 1812. Call in news tips: 203-789-5708",
                "created_at": "Fri Apr 24 15:38:22 +0000 2009",
                "followers_count": 52058,
                "location": "New Haven, Connecticut",
                "statuses_count": 64677,
                "url": "https://t.co/2cox044c9b",
                "contributors_enabled": false,
                "profile_image_url": "http://pbs.twimg.com/profile_images/3760081022/298ec1da0ffea485a6b6a0cb6be7d04c_normal.jpeg",
                "profile_text_color": "090707",
                "utc_offset": null
            },
            "text": "Dozens of vehicles in Clinton either stolen or burglarized Saturday https://t.co/bv1Ut48CpG",
            "retweeted": false,
            "possibly_sensitive": false,
            "lang": "en",
            "in_reply_to_status_id": null,
            "in_reply_to_screen_name": null,
            "entities": {
                "user_mentions": [],
                "hashtags": [],
                "urls": [
                    {
                        "display_url": "bit.ly/2g4f27p",
                        "expanded_url": "http://bit.ly/2g4f27p",
                        "url": "https://t.co/bv1Ut48CpG",
                        "indices": [
                            68,
                            91
                        ]
                    }
                ],
                "symbols": []
            },
            "metadata": {
                "result_type": "recent",
                "iso_language_code": "en"
            },
            "source": "<a href=\"https://about.twitter.com/products/tweetdeck\" rel=\"nofollow\">TweetDeck</a>",
            "retweet_count": 2,
            "created_at": "Sat Nov 26 22:25:15 +0000 2016",
            "favorited": false,
            "in_reply_to_user_id": null,
            "in_reply_to_status_id_str": null,
            "place": null
        },
        {
            "id": 802587941700771840,
            "coordinates": null,
            "contributors": null,
            "favorite_count": 0,
            "id_str": "802587941700771840",
            "is_quote_status": false,
            "geo": null,
            "in_reply_to_user_id_str": null,
            "truncated": false,
            "user": {
                "id": 34956062,
                "follow_request_sent": false,
                "favourites_count": 736,
                "profile_background_image_url": "http://pbs.twimg.com/profile_background_images/24848102/CT_NHR.jpg",
                "profile_background_image_url_https": "https://pbs.twimg.com/profile_background_images/24848102/CT_NHR.jpg",
                "default_profile": false,
                "id_str": "34956062",
                "notifications": false,
                "profile_background_color": "CFCFCF",
                "is_translation_enabled": false,
                "profile_image_url_https": "https://pbs.twimg.com/profile_images/3760081022/298ec1da0ffea485a6b6a0cb6be7d04c_normal.jpeg",
                "protected": false,
                "profile_link_color": "080E11",
                "profile_sidebar_border_color": "FFFFFF",
                "is_translator": false,
                "geo_enabled": true,
                "time_zone": null,
                "default_profile_image": false,
                "profile_background_tile": false,
                "lang": "en",
                "translator_type": "none",
                "following": false,
                "has_extended_profile": false,
                "entities": {
                    "description": {
                        "urls": []
                    },
                    "url": {
                        "urls": [
                            {
                                "display_url": "nhregister.com",
                                "expanded_url": "http://www.nhregister.com/",
                                "url": "https://t.co/2cox044c9b",
                                "indices": [
                                    0,
                                    23
                                ]
                            }
                        ]
                    }
                },
                "verified": false,
                "profile_sidebar_fill_color": "D2120F",
                "screen_name": "nhregister",
                "name": "New Haven Register",
                "listed_count": 906,
                "profile_use_background_image": false,
                "friends_count": 6170,
                "description": "A digital first multimedia news organization in Greater New Haven, Connecticut since 1812. Call in news tips: 203-789-5708",
                "created_at": "Fri Apr 24 15:38:22 +0000 2009",
                "followers_count": 52058,
                "location": "New Haven, Connecticut",
                "statuses_count": 64677,
                "url": "https://t.co/2cox044c9b",
                "contributors_enabled": false,
                "profile_image_url": "http://pbs.twimg.com/profile_images/3760081022/298ec1da0ffea485a6b6a0cb6be7d04c_normal.jpeg",
                "profile_text_color": "090707",
                "utc_offset": null
            },
            "retweeted_status": {
                "id": 802566819043221504,
                "coordinates": null,
                "contributors": null,
                "favorite_count": 275,
                "id_str": "802566819043221504",
                "is_quote_status": false,
                "geo": null,
                "in_reply_to_user_id_str": null,
                "truncated": false,
                "user": {
                    "id": 15164565,
                    "follow_request_sent": false,
                    "favourites_count": 3736,
                    "profile_background_image_url": "http://pbs.twimg.com/profile_background_images/578119077/wz4rqy2glu2jnibxu6hc.jpeg",
                    "profile_background_image_url_https": "https://pbs.twimg.com/profile_background_images/578119077/wz4rqy2glu2jnibxu6hc.jpeg",
                    "default_profile": false,
                    "id_str": "15164565",
                    "notifications": false,
                    "profile_background_color": "670033",
                    "is_translation_enabled": true,
                    "profile_image_url_https": "https://pbs.twimg.com/profile_images/785838392336678913/UP9SKq0X_normal.jpg",
                    "protected": false,
                    "profile_link_color": "0084B4",
                    "profile_sidebar_border_color": "87BC44",
                    "is_translator": false,
                    "geo_enabled": true,
                    "time_zone": "Eastern Time (US & Canada)",
                    "default_profile_image": false,
                    "profile_background_tile": false,
                    "lang": "en",
                    "profile_banner_url": "https://pbs.twimg.com/profile_banners/15164565/1473642072",
                    "translator_type": "none",
                    "following": false,
                    "has_extended_profile": false,
                    "entities": {
                        "description": {
                            "urls": []
                        },
                        "url": {
                            "urls": [
                                {
                                    "display_url": "slate.me/22iwClY",
                                    "expanded_url": "http://slate.me/22iwClY",
                                    "url": "https://t.co/aXcqcA3s72",
                                    "indices": [
                                        0,
                                        23
                                    ]
                                }
                            ]
                        }
                    },
                    "verified": true,
                    "profile_sidebar_fill_color": "E0FF92",
                    "screen_name": "Slate",
                    "name": "Slate",
                    "listed_count": 31946,
                    "profile_use_background_image": false,
                    "friends_count": 594,
                    "description": "Politics, culture, technology, business, news, and commentary. Procrastinate better. We just turned 20.",
                    "created_at": "Thu Jun 19 01:08:29 +0000 2008",
                    "followers_count": 1636244,
                    "location": "",
                    "statuses_count": 244857,
                    "url": "https://t.co/aXcqcA3s72",
                    "contributors_enabled": false,
                    "profile_image_url": "http://pbs.twimg.com/profile_images/785838392336678913/UP9SKq0X_normal.jpg",
                    "profile_text_color": "000000",
                    "utc_offset": -18000
                },
                "text": "Hillary Clinton campaign will participate in recounts launched by Jill Stein. https://t.co/ttpUbzDG6K https://t.co/oYf5bRXqip",
                "retweeted": false,
                "possibly_sensitive": false,
                "lang": "en",
                "in_reply_to_status_id": null,
                "in_reply_to_screen_name": null,
                "entities": {
                    "media": [
                        {
                            "id": 802566816534917120,
                            "media_url_https": "https://pbs.twimg.com/media/CyNKRHgUcAASrTG.jpg",
                            "url": "https://t.co/oYf5bRXqip",
                            "type": "photo",
                            "id_str": "802566816534917120",
                            "display_url": "pic.twitter.com/oYf5bRXqip",
                            "media_url": "http://pbs.twimg.com/media/CyNKRHgUcAASrTG.jpg",
                            "expanded_url": "https://twitter.com/Slate/status/802566819043221504/photo/1",
                            "indices": [
                                102,
                                125
                            ],
                            "sizes": {
                                "medium": {
                                    "resize": "fit",
                                    "w": 1200,
                                    "h": 811
                                },
                                "large": {
                                    "resize": "fit",
                                    "w": 1280,
                                    "h": 865
                                },
                                "small": {
                                    "resize": "fit",
                                    "w": 680,
                                    "h": 460
                                },
                                "thumb": {
                                    "resize": "crop",
                                    "w": 150,
                                    "h": 150
                                }
                            }
                        }
                    ],
                    "user_mentions": [],
                    "hashtags": [],
                    "urls": [
                        {
                            "display_url": "slate.me/2gsKP2x",
                            "expanded_url": "http://slate.me/2gsKP2x",
                            "url": "https://t.co/ttpUbzDG6K",
                            "indices": [
                                78,
                                101
                            ]
                        }
                    ],
                    "symbols": []
                },
                "metadata": {
                    "result_type": "recent",
                    "iso_language_code": "en"
                },
                "source": "<a href=\"http://www.socialflow.com\" rel=\"nofollow\">SocialFlow</a>",
                "retweet_count": 134,
                "extended_entities": {
                    "media": [
                        {
                            "id": 802566816534917120,
                            "media_url_https": "https://pbs.twimg.com/media/CyNKRHgUcAASrTG.jpg",
                            "url": "https://t.co/oYf5bRXqip",
                            "type": "photo",
                            "id_str": "802566816534917120",
                            "display_url": "pic.twitter.com/oYf5bRXqip",
                            "media_url": "http://pbs.twimg.com/media/CyNKRHgUcAASrTG.jpg",
                            "expanded_url": "https://twitter.com/Slate/status/802566819043221504/photo/1",
                            "indices": [
                                102,
                                125
                            ],
                            "sizes": {
                                "medium": {
                                    "resize": "fit",
                                    "w": 1200,
                                    "h": 811
                                },
                                "large": {
                                    "resize": "fit",
                                    "w": 1280,
                                    "h": 865
                                },
                                "small": {
                                    "resize": "fit",
                                    "w": 680,
                                    "h": 460
                                },
                                "thumb": {
                                    "resize": "crop",
                                    "w": 150,
                                    "h": 150
                                }
                            }
                        }
                    ]
                },
                "created_at": "Sat Nov 26 17:36:55 +0000 2016",
                "favorited": false,
                "in_reply_to_user_id": null,
                "in_reply_to_status_id_str": null,
                "place": null
            },
            "text": "RT @Slate: Hillary Clinton campaign will participate in recounts launched by Jill Stein. https://t.co/ttpUbzDG6K https://t.co/oYf5bRXqip",
            "retweeted": false,
            "possibly_sensitive": false,
            "lang": "en",
            "in_reply_to_status_id": null,
            "in_reply_to_screen_name": null,
            "entities": {
                "media": [
                    {
                        "id": 802566816534917120,
                        "source_user_id_str": "15164565",
                        "id_str": "802566816534917120",
                        "display_url": "pic.twitter.com/oYf5bRXqip",
                        "media_url": "http://pbs.twimg.com/media/CyNKRHgUcAASrTG.jpg",
                        "source_user_id": 15164565,
                        "sizes": {
                            "medium": {
                                "resize": "fit",
                                "w": 1200,
                                "h": 811
                            },
                            "large": {
                                "resize": "fit",
                                "w": 1280,
                                "h": 865
                            },
                            "small": {
                                "resize": "fit",
                                "w": 680,
                                "h": 460
                            },
                            "thumb": {
                                "resize": "crop",
                                "w": 150,
                                "h": 150
                            }
                        },
                        "media_url_https": "https://pbs.twimg.com/media/CyNKRHgUcAASrTG.jpg",
                        "url": "https://t.co/oYf5bRXqip",
                        "indices": [
                            113,
                            136
                        ],
                        "source_status_id_str": "802566819043221504",
                        "expanded_url": "https://twitter.com/Slate/status/802566819043221504/photo/1",
                        "type": "photo",
                        "source_status_id": 802566819043221504
                    }
                ],
                "user_mentions": [
                    {
                        "id": 15164565,
                        "id_str": "15164565",
                        "indices": [
                            3,
                            9
                        ],
                        "screen_name": "Slate",
                        "name": "Slate"
                    }
                ],
                "hashtags": [],
                "urls": [
                    {
                        "display_url": "slate.me/2gsKP2x",
                        "expanded_url": "http://slate.me/2gsKP2x",
                        "url": "https://t.co/ttpUbzDG6K",
                        "indices": [
                            89,
                            112
                        ]
                    }
                ],
                "symbols": []
            },
            "metadata": {
                "result_type": "recent",
                "iso_language_code": "en"
            },
            "source": "<a href=\"https://about.twitter.com/products/tweetdeck\" rel=\"nofollow\">TweetDeck</a>",
            "retweet_count": 134,
            "extended_entities": {
                "media": [
                    {
                        "id": 802566816534917120,
                        "source_user_id_str": "15164565",
                        "id_str": "802566816534917120",
                        "display_url": "pic.twitter.com/oYf5bRXqip",
                        "media_url": "http://pbs.twimg.com/media/CyNKRHgUcAASrTG.jpg",
                        "source_user_id": 15164565,
                        "sizes": {
                            "medium": {
                                "resize": "fit",
                                "w": 1200,
                                "h": 811
                            },
                            "large": {
                                "resize": "fit",
                                "w": 1280,
                                "h": 865
                            },
                            "small": {
                                "resize": "fit",
                                "w": 680,
                                "h": 460
                            },
                            "thumb": {
                                "resize": "crop",
                                "w": 150,
                                "h": 150
                            }
                        },
                        "media_url_https": "https://pbs.twimg.com/media/CyNKRHgUcAASrTG.jpg",
                        "url": "https://t.co/oYf5bRXqip",
                        "indices": [
                            113,
                            136
                        ],
                        "source_status_id_str": "802566819043221504",
                        "expanded_url": "https://twitter.com/Slate/status/802566819043221504/photo/1",
                        "type": "photo",
                        "source_status_id": 802566819043221504
                    }
                ]
            },
            "created_at": "Sat Nov 26 19:00:51 +0000 2016",
            "favorited": false,
            "in_reply_to_user_id": null,
            "in_reply_to_status_id_str": null,
            "place": null
        }
    ],
    "search_metadata": {
        "max_id_str": "802639380229844992",
        "count": 100,
        "query": "Hillary+OR+Clinton+from%3Anhregister+since%3A2016-11-26+until%3A2016-11-27+filter%3Alinks+-%40nhregister",
        "completed_in": 0.053,
        "since_id_str": "0",
        "refresh_url": "?since_id=802639380229844992&q=Hillary%20OR%20Clinton%20from%3Anhregister%20since%3A2016-11-26%20until%3A2016-11-27%20filter%3Alinks%20-%40nhregister&include_entities=1",
        "max_id": 802639380229844992,
        "since_id": 0
    }
}