{
    "statuses": [
        {
            "id": 802588014459269120,
            "coordinates": null,
            "contributors": null,
            "favorite_count": 5,
            "id_str": "802588014459269120",
            "is_quote_status": false,
            "geo": null,
            "in_reply_to_user_id_str": null,
            "truncated": false,
            "user": {
                "id": 126424795,
                "follow_request_sent": false,
                "favourites_count": 8,
                "profile_background_image_url": "http://pbs.twimg.com/profile_background_images/164414760/SABanner-2-1.jpg",
                "profile_background_image_url_https": "https://pbs.twimg.com/profile_background_images/164414760/SABanner-2-1.jpg",
                "default_profile": false,
                "id_str": "126424795",
                "notifications": false,
                "profile_background_color": "FFFFFF",
                "is_translation_enabled": false,
                "profile_image_url_https": "https://pbs.twimg.com/profile_images/458796544200679426/TIwpuRqm_normal.png",
                "protected": false,
                "profile_link_color": "2169AD",
                "profile_sidebar_border_color": "C0DEED",
                "is_translator": false,
                "geo_enabled": true,
                "time_zone": "Hawaii",
                "default_profile_image": false,
                "profile_background_tile": false,
                "lang": "en",
                "profile_banner_url": "https://pbs.twimg.com/profile_banners/126424795/1446606044",
                "translator_type": "none",
                "following": false,
                "has_extended_profile": false,
                "entities": {
                    "description": {
                        "urls": []
                    },
                    "url": {
                        "urls": [
                            {
                                "display_url": "staradvertiser.com",
                                "expanded_url": "http://www.staradvertiser.com",
                                "url": "https://t.co/IlUVJyBOsb",
                                "indices": [
                                    0,
                                    23
                                ]
                            }
                        ]
                    }
                },
                "verified": true,
                "profile_sidebar_fill_color": "DDEEF6",
                "screen_name": "StarAdvertiser",
                "name": "Star-Advertiser",
                "listed_count": 1366,
                "profile_use_background_image": true,
                "friends_count": 73,
                "description": "The Pulse of Paradise. Breaking news and information from Hawaii's largest news organization.",
                "created_at": "Thu Mar 25 20:54:58 +0000 2010",
                "followers_count": 55951,
                "location": "Honolulu, Hawaii",
                "statuses_count": 108808,
                "url": "https://t.co/IlUVJyBOsb",
                "contributors_enabled": false,
                "profile_image_url": "http://pbs.twimg.com/profile_images/458796544200679426/TIwpuRqm_normal.png",
                "profile_text_color": "333333",
                "utc_offset": -36000
            },
            "text": "Clinton campaign will participate in recounts https://t.co/IJ2ocMMcO5 https://t.co/oeX2gzZiOk",
            "retweeted": false,
            "possibly_sensitive": false,
            "lang": "en",
            "in_reply_to_status_id": null,
            "in_reply_to_screen_name": null,
            "entities": {
                "media": [
                    {
                        "id": 802588012064296960,
                        "media_url_https": "https://pbs.twimg.com/media/CyNdi3AUUAAIY-8.jpg",
                        "url": "https://t.co/oeX2gzZiOk",
                        "type": "photo",
                        "id_str": "802588012064296960",
                        "display_url": "pic.twitter.com/oeX2gzZiOk",
                        "media_url": "http://pbs.twimg.com/media/CyNdi3AUUAAIY-8.jpg",
                        "expanded_url": "https://twitter.com/StarAdvertiser/status/802588014459269120/photo/1",
                        "indices": [
                            70,
                            93
                        ],
                        "sizes": {
                            "medium": {
                                "resize": "fit",
                                "w": 640,
                                "h": 427
                            },
                            "large": {
                                "resize": "fit",
                                "w": 640,
                                "h": 427
                            },
                            "small": {
                                "resize": "fit",
                                "w": 640,
                                "h": 427
                            },
                            "thumb": {
                                "resize": "crop",
                                "w": 150,
                                "h": 150
                            }
                        }
                    }
                ],
                "user_mentions": [],
                "hashtags": [],
                "urls": [
                    {
                        "display_url": "dlvr.it/MlWWtB",
                        "expanded_url": "http://dlvr.it/MlWWtB",
                        "url": "https://t.co/IJ2ocMMcO5",
                        "indices": [
                            46,
                            69
                        ]
                    }
                ],
                "symbols": []
            },
            "metadata": {
                "result_type": "recent",
                "iso_language_code": "en"
            },
            "source": "<a href=\"http://dlvr.it\" rel=\"nofollow\">dlvr.it</a>",
            "retweet_count": 0,
            "extended_entities": {
                "media": [
                    {
                        "id": 802588012064296960,
                        "media_url_https": "https://pbs.twimg.com/media/CyNdi3AUUAAIY-8.jpg",
                        "url": "https://t.co/oeX2gzZiOk",
                        "type": "photo",
                        "id_str": "802588012064296960",
                        "display_url": "pic.twitter.com/oeX2gzZiOk",
                        "media_url": "http://pbs.twimg.com/media/CyNdi3AUUAAIY-8.jpg",
                        "expanded_url": "https://twitter.com/StarAdvertiser/status/802588014459269120/photo/1",
                        "indices": [
                            70,
                            93
                        ],
                        "sizes": {
                            "medium": {
                                "resize": "fit",
                                "w": 640,
                                "h": 427
                            },
                            "large": {
                                "resize": "fit",
                                "w": 640,
                                "h": 427
                            },
                            "small": {
                                "resize": "fit",
                                "w": 640,
                                "h": 427
                            },
                            "thumb": {
                                "resize": "crop",
                                "w": 150,
                                "h": 150
                            }
                        }
                    }
                ]
            },
            "created_at": "Sat Nov 26 19:01:08 +0000 2016",
            "favorited": false,
            "in_reply_to_user_id": null,
            "in_reply_to_status_id_str": null,
            "place": null
        }
    ],
    "search_metadata": {
        "max_id_str": "802588014459269120",
        "count": 100,
        "query": "Hillary+OR+Clinton+from%3AStarAdvertiser+since%3A2016-11-26+until%3A2016-11-27+filter%3Alinks+-%40StarAdvertiser",
        "completed_in": 0.027,
        "since_id_str": "0",
        "refresh_url": "?since_id=802588014459269120&q=Hillary%20OR%20Clinton%20from%3AStarAdvertiser%20since%3A2016-11-26%20until%3A2016-11-27%20filter%3Alinks%20-%40StarAdvertiser&include_entities=1",
        "max_id": 802588014459269120,
        "since_id": 0
    }
}