{
    "statuses": [],
    "search_metadata": {
        "max_id_str": "803065818925953024",
        "count": 100,
        "query": "Hillary+OR+Clinton+from%3Atuscaloosanews+since%3A2016-11-26+until%3A2016-11-27+filter%3Alinks+-%40tuscaloosanews",
        "completed_in": 0.022,
        "since_id_str": "0",
        "refresh_url": "?since_id=803065818925953024&q=Hillary%20OR%20Clinton%20from%3Atuscaloosanews%20since%3A2016-11-26%20until%3A2016-11-27%20filter%3Alinks%20-%40tuscaloosanews&include_entities=1",
        "max_id": 803065818925953024,
        "since_id": 0
    }
}