{
    "search_metadata": {
        "max_id_str": "803021753114980352",
        "since_id_str": "0",
        "query": "Trump+from%3Aajc+since%3A2016-11-27+until%3A2016-11-28+filter%3Alinks+-%40ajc",
        "completed_in": 0.02,
        "refresh_url": "?since_id=803021753114980352&q=Trump%20from%3Aajc%20since%3A2016-11-27%20until%3A2016-11-28%20filter%3Alinks%20-%40ajc&include_entities=1",
        "since_id": 0,
        "max_id": 803021753114980352,
        "count": 100
    },
    "statuses": [
        {
            "favorited": false,
            "contributors": null,
            "in_reply_to_screen_name": null,
            "in_reply_to_status_id": null,
            "source": "<a href=\"http://www.socialflow.com\" rel=\"nofollow\">SocialFlow</a>",
            "in_reply_to_user_id": null,
            "truncated": false,
            "geo": null,
            "in_reply_to_status_id_str": null,
            "coordinates": null,
            "text": "Donald Trump claims in tweet he won popular vote https://t.co/bFyu1mcJGS https://t.co/yU9jL4cEjp",
            "entities": {
                "hashtags": [],
                "user_mentions": [],
                "media": [
                    {
                        "display_url": "pic.twitter.com/yU9jL4cEjp",
                        "media_url_https": "https://pbs.twimg.com/media/CyToBvuUcAAvrGv.jpg",
                        "url": "https://t.co/yU9jL4cEjp",
                        "indices": [
                            73,
                            96
                        ],
                        "media_url": "http://pbs.twimg.com/media/CyToBvuUcAAvrGv.jpg",
                        "id": 803021750267047936,
                        "sizes": {
                            "large": {
                                "h": 720,
                                "w": 1280,
                                "resize": "fit"
                            },
                            "medium": {
                                "h": 675,
                                "w": 1200,
                                "resize": "fit"
                            },
                            "small": {
                                "h": 383,
                                "w": 680,
                                "resize": "fit"
                            },
                            "thumb": {
                                "h": 150,
                                "w": 150,
                                "resize": "crop"
                            }
                        },
                        "expanded_url": "https://twitter.com/ajc/status/803021753114980352/photo/1",
                        "type": "photo",
                        "id_str": "803021750267047936"
                    }
                ],
                "symbols": [],
                "urls": [
                    {
                        "display_url": "on-ajc.com/2glwKRQ",
                        "url": "https://t.co/bFyu1mcJGS",
                        "expanded_url": "http://on-ajc.com/2glwKRQ",
                        "indices": [
                            49,
                            72
                        ]
                    }
                ]
            },
            "retweeted": false,
            "in_reply_to_user_id_str": null,
            "lang": "en",
            "metadata": {
                "result_type": "recent",
                "iso_language_code": "en"
            },
            "place": null,
            "created_at": "Sun Nov 27 23:44:40 +0000 2016",
            "retweet_count": 6,
            "id_str": "803021753114980352",
            "id": 803021753114980352,
            "favorite_count": 8,
            "possibly_sensitive": false,
            "extended_entities": {
                "media": [
                    {
                        "display_url": "pic.twitter.com/yU9jL4cEjp",
                        "media_url_https": "https://pbs.twimg.com/media/CyToBvuUcAAvrGv.jpg",
                        "url": "https://t.co/yU9jL4cEjp",
                        "indices": [
                            73,
                            96
                        ],
                        "media_url": "http://pbs.twimg.com/media/CyToBvuUcAAvrGv.jpg",
                        "id": 803021750267047936,
                        "sizes": {
                            "large": {
                                "h": 720,
                                "w": 1280,
                                "resize": "fit"
                            },
                            "medium": {
                                "h": 675,
                                "w": 1200,
                                "resize": "fit"
                            },
                            "small": {
                                "h": 383,
                                "w": 680,
                                "resize": "fit"
                            },
                            "thumb": {
                                "h": 150,
                                "w": 150,
                                "resize": "crop"
                            }
                        },
                        "expanded_url": "https://twitter.com/ajc/status/803021753114980352/photo/1",
                        "type": "photo",
                        "id_str": "803021750267047936"
                    }
                ]
            },
            "user": {
                "listed_count": 4570,
                "profile_sidebar_fill_color": "F0F5ED",
                "following": false,
                "profile_background_image_url_https": "https://pbs.twimg.com/profile_background_images/378800000091127693/6d3a47ce57110dc1a703b0110831c19e.jpeg",
                "is_translation_enabled": false,
                "followers_count": 613818,
                "verified": true,
                "profile_use_background_image": false,
                "screen_name": "ajc",
                "profile_sidebar_border_color": "FFFFFF",
                "friends_count": 58281,
                "geo_enabled": true,
                "default_profile": false,
                "default_profile_image": false,
                "follow_request_sent": false,
                "profile_link_color": "00539B",
                "notifications": false,
                "favourites_count": 336,
                "profile_background_image_url": "http://pbs.twimg.com/profile_background_images/378800000091127693/6d3a47ce57110dc1a703b0110831c19e.jpeg",
                "statuses_count": 156064,
                "utc_offset": -18000,
                "lang": "en",
                "profile_image_url_https": "https://pbs.twimg.com/profile_images/667060822930145280/ZFty7bte_normal.jpg",
                "profile_text_color": "333333",
                "description": "Atlanta's best source for news.",
                "profile_background_color": "00539B",
                "created_at": "Wed Apr 11 12:50:15 +0000 2007",
                "protected": false,
                "id_str": "4170491",
                "has_extended_profile": false,
                "id": 4170491,
                "url": "http://t.co/EvK8XZMw4P",
                "contributors_enabled": false,
                "location": "Atlanta, GA",
                "is_translator": false,
                "profile_banner_url": "https://pbs.twimg.com/profile_banners/4170491/1425070056",
                "translator_type": "regular",
                "entities": {
                    "url": {
                        "urls": [
                            {
                                "display_url": "ajc.com",
                                "url": "http://t.co/EvK8XZMw4P",
                                "expanded_url": "http://www.ajc.com",
                                "indices": [
                                    0,
                                    22
                                ]
                            }
                        ]
                    },
                    "description": {
                        "urls": []
                    }
                },
                "profile_background_tile": false,
                "profile_image_url": "http://pbs.twimg.com/profile_images/667060822930145280/ZFty7bte_normal.jpg",
                "time_zone": "Eastern Time (US & Canada)",
                "name": "AJC"
            },
            "is_quote_status": false
        },
        {
            "favorited": false,
            "contributors": null,
            "in_reply_to_screen_name": null,
            "in_reply_to_status_id": null,
            "source": "<a href=\"http://www.socialflow.com\" rel=\"nofollow\">SocialFlow</a>",
            "in_reply_to_user_id": null,
            "truncated": false,
            "geo": null,
            "in_reply_to_status_id_str": null,
            "coordinates": null,
            "text": "Here's what Donald Trump said about Fidel Castro's death https://t.co/prBGTTsVDb https://t.co/NthjXVL8JG",
            "entities": {
                "hashtags": [],
                "user_mentions": [],
                "media": [
                    {
                        "display_url": "pic.twitter.com/NthjXVL8JG",
                        "media_url_https": "https://pbs.twimg.com/media/CyS7-OzXUAQ-wAf.jpg",
                        "url": "https://t.co/NthjXVL8JG",
                        "indices": [
                            81,
                            104
                        ],
                        "media_url": "http://pbs.twimg.com/media/CyS7-OzXUAQ-wAf.jpg",
                        "id": 802973311378608132,
                        "sizes": {
                            "medium": {
                                "h": 797,
                                "w": 1200,
                                "resize": "fit"
                            },
                            "large": {
                                "h": 1361,
                                "w": 2048,
                                "resize": "fit"
                            },
                            "small": {
                                "h": 452,
                                "w": 680,
                                "resize": "fit"
                            },
                            "thumb": {
                                "h": 150,
                                "w": 150,
                                "resize": "crop"
                            }
                        },
                        "expanded_url": "https://twitter.com/ajc/status/802973314553708544/photo/1",
                        "type": "photo",
                        "id_str": "802973311378608132"
                    }
                ],
                "symbols": [],
                "urls": [
                    {
                        "display_url": "on-ajc.com/2fp2dFV",
                        "url": "https://t.co/prBGTTsVDb",
                        "expanded_url": "http://on-ajc.com/2fp2dFV",
                        "indices": [
                            57,
                            80
                        ]
                    }
                ]
            },
            "retweeted": false,
            "in_reply_to_user_id_str": null,
            "lang": "en",
            "metadata": {
                "result_type": "recent",
                "iso_language_code": "en"
            },
            "place": null,
            "created_at": "Sun Nov 27 20:32:11 +0000 2016",
            "retweet_count": 0,
            "id_str": "802973314553708544",
            "id": 802973314553708544,
            "favorite_count": 5,
            "possibly_sensitive": false,
            "extended_entities": {
                "media": [
                    {
                        "display_url": "pic.twitter.com/NthjXVL8JG",
                        "media_url_https": "https://pbs.twimg.com/media/CyS7-OzXUAQ-wAf.jpg",
                        "url": "https://t.co/NthjXVL8JG",
                        "indices": [
                            81,
                            104
                        ],
                        "media_url": "http://pbs.twimg.com/media/CyS7-OzXUAQ-wAf.jpg",
                        "id": 802973311378608132,
                        "sizes": {
                            "medium": {
                                "h": 797,
                                "w": 1200,
                                "resize": "fit"
                            },
                            "large": {
                                "h": 1361,
                                "w": 2048,
                                "resize": "fit"
                            },
                            "small": {
                                "h": 452,
                                "w": 680,
                                "resize": "fit"
                            },
                            "thumb": {
                                "h": 150,
                                "w": 150,
                                "resize": "crop"
                            }
                        },
                        "expanded_url": "https://twitter.com/ajc/status/802973314553708544/photo/1",
                        "type": "photo",
                        "id_str": "802973311378608132"
                    }
                ]
            },
            "user": {
                "listed_count": 4570,
                "profile_sidebar_fill_color": "F0F5ED",
                "following": false,
                "profile_background_image_url_https": "https://pbs.twimg.com/profile_background_images/378800000091127693/6d3a47ce57110dc1a703b0110831c19e.jpeg",
                "is_translation_enabled": false,
                "followers_count": 613818,
                "verified": true,
                "profile_use_background_image": false,
                "screen_name": "ajc",
                "profile_sidebar_border_color": "FFFFFF",
                "friends_count": 58281,
                "geo_enabled": true,
                "default_profile": false,
                "default_profile_image": false,
                "follow_request_sent": false,
                "profile_link_color": "00539B",
                "notifications": false,
                "favourites_count": 336,
                "profile_background_image_url": "http://pbs.twimg.com/profile_background_images/378800000091127693/6d3a47ce57110dc1a703b0110831c19e.jpeg",
                "statuses_count": 156064,
                "utc_offset": -18000,
                "lang": "en",
                "profile_image_url_https": "https://pbs.twimg.com/profile_images/667060822930145280/ZFty7bte_normal.jpg",
                "profile_text_color": "333333",
                "description": "Atlanta's best source for news.",
                "profile_background_color": "00539B",
                "created_at": "Wed Apr 11 12:50:15 +0000 2007",
                "protected": false,
                "id_str": "4170491",
                "has_extended_profile": false,
                "id": 4170491,
                "url": "http://t.co/EvK8XZMw4P",
                "contributors_enabled": false,
                "location": "Atlanta, GA",
                "is_translator": false,
                "profile_banner_url": "https://pbs.twimg.com/profile_banners/4170491/1425070056",
                "translator_type": "regular",
                "entities": {
                    "url": {
                        "urls": [
                            {
                                "display_url": "ajc.com",
                                "url": "http://t.co/EvK8XZMw4P",
                                "expanded_url": "http://www.ajc.com",
                                "indices": [
                                    0,
                                    22
                                ]
                            }
                        ]
                    },
                    "description": {
                        "urls": []
                    }
                },
                "profile_background_tile": false,
                "profile_image_url": "http://pbs.twimg.com/profile_images/667060822930145280/ZFty7bte_normal.jpg",
                "time_zone": "Eastern Time (US & Canada)",
                "name": "AJC"
            },
            "is_quote_status": false
        },
        {
            "favorited": false,
            "contributors": null,
            "in_reply_to_screen_name": null,
            "in_reply_to_status_id": null,
            "source": "<a href=\"http://www.socialflow.com\" rel=\"nofollow\">SocialFlow</a>",
            "in_reply_to_user_id": null,
            "truncated": false,
            "geo": null,
            "in_reply_to_status_id_str": null,
            "coordinates": null,
            "text": "Trump-supporting bank VP out of a job after Facebook post about Obamas https://t.co/VT2Ga2Gu5V https://t.co/XTDjRm5eRp",
            "entities": {
                "hashtags": [],
                "user_mentions": [],
                "media": [
                    {
                        "display_url": "pic.twitter.com/XTDjRm5eRp",
                        "media_url_https": "https://pbs.twimg.com/media/CyQl3h8WQAAUcQS.jpg",
                        "url": "https://t.co/XTDjRm5eRp",
                        "indices": [
                            95,
                            118
                        ],
                        "media_url": "http://pbs.twimg.com/media/CyQl3h8WQAAUcQS.jpg",
                        "id": 802808269513310208,
                        "sizes": {
                            "thumb": {
                                "h": 150,
                                "w": 150,
                                "resize": "crop"
                            },
                            "medium": {
                                "h": 322,
                                "w": 480,
                                "resize": "fit"
                            },
                            "small": {
                                "h": 322,
                                "w": 480,
                                "resize": "fit"
                            },
                            "large": {
                                "h": 322,
                                "w": 480,
                                "resize": "fit"
                            }
                        },
                        "expanded_url": "https://twitter.com/ajc/status/802808272629669888/photo/1",
                        "type": "photo",
                        "id_str": "802808269513310208"
                    }
                ],
                "symbols": [],
                "urls": [
                    {
                        "display_url": "on-ajc.com/2fnlqYr",
                        "url": "https://t.co/VT2Ga2Gu5V",
                        "expanded_url": "http://on-ajc.com/2fnlqYr",
                        "indices": [
                            71,
                            94
                        ]
                    }
                ]
            },
            "retweeted": false,
            "in_reply_to_user_id_str": null,
            "lang": "en",
            "metadata": {
                "result_type": "recent",
                "iso_language_code": "en"
            },
            "place": null,
            "created_at": "Sun Nov 27 09:36:22 +0000 2016",
            "retweet_count": 2,
            "id_str": "802808272629669888",
            "id": 802808272629669888,
            "favorite_count": 2,
            "possibly_sensitive": false,
            "extended_entities": {
                "media": [
                    {
                        "display_url": "pic.twitter.com/XTDjRm5eRp",
                        "media_url_https": "https://pbs.twimg.com/media/CyQl3h8WQAAUcQS.jpg",
                        "url": "https://t.co/XTDjRm5eRp",
                        "indices": [
                            95,
                            118
                        ],
                        "media_url": "http://pbs.twimg.com/media/CyQl3h8WQAAUcQS.jpg",
                        "id": 802808269513310208,
                        "sizes": {
                            "thumb": {
                                "h": 150,
                                "w": 150,
                                "resize": "crop"
                            },
                            "medium": {
                                "h": 322,
                                "w": 480,
                                "resize": "fit"
                            },
                            "small": {
                                "h": 322,
                                "w": 480,
                                "resize": "fit"
                            },
                            "large": {
                                "h": 322,
                                "w": 480,
                                "resize": "fit"
                            }
                        },
                        "expanded_url": "https://twitter.com/ajc/status/802808272629669888/photo/1",
                        "type": "photo",
                        "id_str": "802808269513310208"
                    }
                ]
            },
            "user": {
                "listed_count": 4570,
                "profile_sidebar_fill_color": "F0F5ED",
                "following": false,
                "profile_background_image_url_https": "https://pbs.twimg.com/profile_background_images/378800000091127693/6d3a47ce57110dc1a703b0110831c19e.jpeg",
                "is_translation_enabled": false,
                "followers_count": 613818,
                "verified": true,
                "profile_use_background_image": false,
                "screen_name": "ajc",
                "profile_sidebar_border_color": "FFFFFF",
                "friends_count": 58281,
                "geo_enabled": true,
                "default_profile": false,
                "default_profile_image": false,
                "follow_request_sent": false,
                "profile_link_color": "00539B",
                "notifications": false,
                "favourites_count": 336,
                "profile_background_image_url": "http://pbs.twimg.com/profile_background_images/378800000091127693/6d3a47ce57110dc1a703b0110831c19e.jpeg",
                "statuses_count": 156064,
                "utc_offset": -18000,
                "lang": "en",
                "profile_image_url_https": "https://pbs.twimg.com/profile_images/667060822930145280/ZFty7bte_normal.jpg",
                "profile_text_color": "333333",
                "description": "Atlanta's best source for news.",
                "profile_background_color": "00539B",
                "created_at": "Wed Apr 11 12:50:15 +0000 2007",
                "protected": false,
                "id_str": "4170491",
                "has_extended_profile": false,
                "id": 4170491,
                "url": "http://t.co/EvK8XZMw4P",
                "contributors_enabled": false,
                "location": "Atlanta, GA",
                "is_translator": false,
                "profile_banner_url": "https://pbs.twimg.com/profile_banners/4170491/1425070056",
                "translator_type": "regular",
                "entities": {
                    "url": {
                        "urls": [
                            {
                                "display_url": "ajc.com",
                                "url": "http://t.co/EvK8XZMw4P",
                                "expanded_url": "http://www.ajc.com",
                                "indices": [
                                    0,
                                    22
                                ]
                            }
                        ]
                    },
                    "description": {
                        "urls": []
                    }
                },
                "profile_background_tile": false,
                "profile_image_url": "http://pbs.twimg.com/profile_images/667060822930145280/ZFty7bte_normal.jpg",
                "time_zone": "Eastern Time (US & Canada)",
                "name": "AJC"
            },
            "is_quote_status": false
        },
        {
            "favorited": false,
            "contributors": null,
            "in_reply_to_screen_name": null,
            "in_reply_to_status_id": null,
            "source": "<a href=\"http://www.socialflow.com\" rel=\"nofollow\">SocialFlow</a>",
            "in_reply_to_user_id": null,
            "truncated": false,
            "geo": null,
            "in_reply_to_status_id_str": null,
            "coordinates": null,
            "text": "Prankster renames Trump Tower to 'Dump Tower' on Google Maps https://t.co/reEggKIOQa https://t.co/xGbI8Kwia4",
            "entities": {
                "hashtags": [],
                "user_mentions": [],
                "media": [
                    {
                        "display_url": "pic.twitter.com/xGbI8Kwia4",
                        "media_url_https": "https://pbs.twimg.com/media/CyPmr4BXAAQWaqF.jpg",
                        "url": "https://t.co/xGbI8Kwia4",
                        "indices": [
                            85,
                            108
                        ],
                        "media_url": "http://pbs.twimg.com/media/CyPmr4BXAAQWaqF.jpg",
                        "id": 802738800048930820,
                        "sizes": {
                            "medium": {
                                "h": 360,
                                "w": 540,
                                "resize": "fit"
                            },
                            "thumb": {
                                "h": 150,
                                "w": 150,
                                "resize": "crop"
                            },
                            "small": {
                                "h": 360,
                                "w": 540,
                                "resize": "fit"
                            },
                            "large": {
                                "h": 360,
                                "w": 540,
                                "resize": "fit"
                            }
                        },
                        "expanded_url": "https://twitter.com/ajc/status/802738802603204608/photo/1",
                        "type": "photo",
                        "id_str": "802738800048930820"
                    }
                ],
                "symbols": [],
                "urls": [
                    {
                        "display_url": "on-ajc.com/2giIpRt",
                        "url": "https://t.co/reEggKIOQa",
                        "expanded_url": "http://on-ajc.com/2giIpRt",
                        "indices": [
                            61,
                            84
                        ]
                    }
                ]
            },
            "retweeted": false,
            "in_reply_to_user_id_str": null,
            "lang": "en",
            "metadata": {
                "result_type": "recent",
                "iso_language_code": "en"
            },
            "place": null,
            "created_at": "Sun Nov 27 05:00:19 +0000 2016",
            "retweet_count": 7,
            "id_str": "802738802603204608",
            "id": 802738802603204608,
            "favorite_count": 26,
            "possibly_sensitive": false,
            "extended_entities": {
                "media": [
                    {
                        "display_url": "pic.twitter.com/xGbI8Kwia4",
                        "media_url_https": "https://pbs.twimg.com/media/CyPmr4BXAAQWaqF.jpg",
                        "url": "https://t.co/xGbI8Kwia4",
                        "indices": [
                            85,
                            108
                        ],
                        "media_url": "http://pbs.twimg.com/media/CyPmr4BXAAQWaqF.jpg",
                        "id": 802738800048930820,
                        "sizes": {
                            "medium": {
                                "h": 360,
                                "w": 540,
                                "resize": "fit"
                            },
                            "thumb": {
                                "h": 150,
                                "w": 150,
                                "resize": "crop"
                            },
                            "small": {
                                "h": 360,
                                "w": 540,
                                "resize": "fit"
                            },
                            "large": {
                                "h": 360,
                                "w": 540,
                                "resize": "fit"
                            }
                        },
                        "expanded_url": "https://twitter.com/ajc/status/802738802603204608/photo/1",
                        "type": "photo",
                        "id_str": "802738800048930820"
                    }
                ]
            },
            "user": {
                "listed_count": 4570,
                "profile_sidebar_fill_color": "F0F5ED",
                "following": false,
                "profile_background_image_url_https": "https://pbs.twimg.com/profile_background_images/378800000091127693/6d3a47ce57110dc1a703b0110831c19e.jpeg",
                "is_translation_enabled": false,
                "followers_count": 613818,
                "verified": true,
                "profile_use_background_image": false,
                "screen_name": "ajc",
                "profile_sidebar_border_color": "FFFFFF",
                "friends_count": 58281,
                "geo_enabled": true,
                "default_profile": false,
                "default_profile_image": false,
                "follow_request_sent": false,
                "profile_link_color": "00539B",
                "notifications": false,
                "favourites_count": 336,
                "profile_background_image_url": "http://pbs.twimg.com/profile_background_images/378800000091127693/6d3a47ce57110dc1a703b0110831c19e.jpeg",
                "statuses_count": 156064,
                "utc_offset": -18000,
                "lang": "en",
                "profile_image_url_https": "https://pbs.twimg.com/profile_images/667060822930145280/ZFty7bte_normal.jpg",
                "profile_text_color": "333333",
                "description": "Atlanta's best source for news.",
                "profile_background_color": "00539B",
                "created_at": "Wed Apr 11 12:50:15 +0000 2007",
                "protected": false,
                "id_str": "4170491",
                "has_extended_profile": false,
                "id": 4170491,
                "url": "http://t.co/EvK8XZMw4P",
                "contributors_enabled": false,
                "location": "Atlanta, GA",
                "is_translator": false,
                "profile_banner_url": "https://pbs.twimg.com/profile_banners/4170491/1425070056",
                "translator_type": "regular",
                "entities": {
                    "url": {
                        "urls": [
                            {
                                "display_url": "ajc.com",
                                "url": "http://t.co/EvK8XZMw4P",
                                "expanded_url": "http://www.ajc.com",
                                "indices": [
                                    0,
                                    22
                                ]
                            }
                        ]
                    },
                    "description": {
                        "urls": []
                    }
                },
                "profile_background_tile": false,
                "profile_image_url": "http://pbs.twimg.com/profile_images/667060822930145280/ZFty7bte_normal.jpg",
                "time_zone": "Eastern Time (US & Canada)",
                "name": "AJC"
            },
            "is_quote_status": false
        },
        {
            "favorited": false,
            "contributors": null,
            "in_reply_to_screen_name": null,
            "in_reply_to_status_id": null,
            "source": "<a href=\"http://www.socialflow.com\" rel=\"nofollow\">SocialFlow</a>",
            "in_reply_to_user_id": null,
            "truncated": false,
            "geo": null,
            "in_reply_to_status_id_str": null,
            "coordinates": null,
            "text": "Delta apologizes after passenger goes on profanity-laced Trump rant in packed plane https://t.co/IcmYbRqhFr https://t.co/OmQJdadRSm",
            "entities": {
                "hashtags": [],
                "user_mentions": [],
                "media": [
                    {
                        "display_url": "pic.twitter.com/OmQJdadRSm",
                        "media_url_https": "https://pbs.twimg.com/media/CyOiDKGXAAEifW2.jpg",
                        "url": "https://t.co/OmQJdadRSm",
                        "indices": [
                            108,
                            131
                        ],
                        "media_url": "http://pbs.twimg.com/media/CyOiDKGXAAEifW2.jpg",
                        "id": 802663333736415233,
                        "sizes": {
                            "large": {
                                "h": 720,
                                "w": 1280,
                                "resize": "fit"
                            },
                            "medium": {
                                "h": 675,
                                "w": 1200,
                                "resize": "fit"
                            },
                            "small": {
                                "h": 383,
                                "w": 680,
                                "resize": "fit"
                            },
                            "thumb": {
                                "h": 150,
                                "w": 150,
                                "resize": "crop"
                            }
                        },
                        "expanded_url": "https://twitter.com/ajc/status/802663336844398592/photo/1",
                        "type": "photo",
                        "id_str": "802663333736415233"
                    }
                ],
                "symbols": [],
                "urls": [
                    {
                        "display_url": "on-ajc.com/2flZEUR",
                        "url": "https://t.co/IcmYbRqhFr",
                        "expanded_url": "http://on-ajc.com/2flZEUR",
                        "indices": [
                            84,
                            107
                        ]
                    }
                ]
            },
            "retweeted": false,
            "in_reply_to_user_id_str": null,
            "lang": "en",
            "metadata": {
                "result_type": "recent",
                "iso_language_code": "en"
            },
            "place": null,
            "created_at": "Sun Nov 27 00:00:26 +0000 2016",
            "retweet_count": 9,
            "id_str": "802663336844398592",
            "id": 802663336844398592,
            "favorite_count": 15,
            "possibly_sensitive": false,
            "extended_entities": {
                "media": [
                    {
                        "display_url": "pic.twitter.com/OmQJdadRSm",
                        "media_url_https": "https://pbs.twimg.com/media/CyOiDKGXAAEifW2.jpg",
                        "url": "https://t.co/OmQJdadRSm",
                        "indices": [
                            108,
                            131
                        ],
                        "media_url": "http://pbs.twimg.com/media/CyOiDKGXAAEifW2.jpg",
                        "id": 802663333736415233,
                        "sizes": {
                            "large": {
                                "h": 720,
                                "w": 1280,
                                "resize": "fit"
                            },
                            "medium": {
                                "h": 675,
                                "w": 1200,
                                "resize": "fit"
                            },
                            "small": {
                                "h": 383,
                                "w": 680,
                                "resize": "fit"
                            },
                            "thumb": {
                                "h": 150,
                                "w": 150,
                                "resize": "crop"
                            }
                        },
                        "expanded_url": "https://twitter.com/ajc/status/802663336844398592/photo/1",
                        "type": "photo",
                        "id_str": "802663333736415233"
                    }
                ]
            },
            "user": {
                "listed_count": 4570,
                "profile_sidebar_fill_color": "F0F5ED",
                "following": false,
                "profile_background_image_url_https": "https://pbs.twimg.com/profile_background_images/378800000091127693/6d3a47ce57110dc1a703b0110831c19e.jpeg",
                "is_translation_enabled": false,
                "followers_count": 613818,
                "verified": true,
                "profile_use_background_image": false,
                "screen_name": "ajc",
                "profile_sidebar_border_color": "FFFFFF",
                "friends_count": 58281,
                "geo_enabled": true,
                "default_profile": false,
                "default_profile_image": false,
                "follow_request_sent": false,
                "profile_link_color": "00539B",
                "notifications": false,
                "favourites_count": 336,
                "profile_background_image_url": "http://pbs.twimg.com/profile_background_images/378800000091127693/6d3a47ce57110dc1a703b0110831c19e.jpeg",
                "statuses_count": 156064,
                "utc_offset": -18000,
                "lang": "en",
                "profile_image_url_https": "https://pbs.twimg.com/profile_images/667060822930145280/ZFty7bte_normal.jpg",
                "profile_text_color": "333333",
                "description": "Atlanta's best source for news.",
                "profile_background_color": "00539B",
                "created_at": "Wed Apr 11 12:50:15 +0000 2007",
                "protected": false,
                "id_str": "4170491",
                "has_extended_profile": false,
                "id": 4170491,
                "url": "http://t.co/EvK8XZMw4P",
                "contributors_enabled": false,
                "location": "Atlanta, GA",
                "is_translator": false,
                "profile_banner_url": "https://pbs.twimg.com/profile_banners/4170491/1425070056",
                "translator_type": "regular",
                "entities": {
                    "url": {
                        "urls": [
                            {
                                "display_url": "ajc.com",
                                "url": "http://t.co/EvK8XZMw4P",
                                "expanded_url": "http://www.ajc.com",
                                "indices": [
                                    0,
                                    22
                                ]
                            }
                        ]
                    },
                    "description": {
                        "urls": []
                    }
                },
                "profile_background_tile": false,
                "profile_image_url": "http://pbs.twimg.com/profile_images/667060822930145280/ZFty7bte_normal.jpg",
                "time_zone": "Eastern Time (US & Canada)",
                "name": "AJC"
            },
            "is_quote_status": false
        }
    ]
}