{
    "search_metadata": {
        "max_id_str": "803455378025496576",
        "since_id_str": "0",
        "query": "Trump+from%3Aarizonarepublic+since%3A2016-11-27+until%3A2016-11-28+filter%3Alinks+-%40arizonarepublic",
        "completed_in": 0.012,
        "refresh_url": "?since_id=803455378025496576&q=Trump%20from%3Aarizonarepublic%20since%3A2016-11-27%20until%3A2016-11-28%20filter%3Alinks%20-%40arizonarepublic&include_entities=1",
        "since_id": 0,
        "max_id": 803455378025496576,
        "count": 100
    },
    "statuses": []
}