{
    "search_metadata": {
        "max_id_str": "802950122267168768",
        "since_id_str": "0",
        "query": "Trump+from%3Abaltimoresun+since%3A2016-11-27+until%3A2016-11-28+filter%3Alinks+-%40baltimoresun",
        "completed_in": 0.032,
        "refresh_url": "?since_id=802950122267168768&q=Trump%20from%3Abaltimoresun%20since%3A2016-11-27%20until%3A2016-11-28%20filter%3Alinks%20-%40baltimoresun&include_entities=1",
        "since_id": 0,
        "max_id": 802950122267168768,
        "count": 100
    },
    "statuses": [
        {
            "favorited": false,
            "contributors": null,
            "in_reply_to_screen_name": null,
            "in_reply_to_status_id": null,
            "source": "<a href=\"https://about.twitter.com/products/tweetdeck\" rel=\"nofollow\">TweetDeck</a>",
            "in_reply_to_user_id": null,
            "truncated": false,
            "geo": null,
            "in_reply_to_status_id_str": null,
            "coordinates": null,
            "text": "Editorial: Why Baltimore needs police reform before Trump takes office. https://t.co/zBjCzrUCMF",
            "entities": {
                "hashtags": [],
                "user_mentions": [],
                "symbols": [],
                "urls": [
                    {
                        "display_url": "bsun.md/2gklxB1",
                        "url": "https://t.co/zBjCzrUCMF",
                        "expanded_url": "http://bsun.md/2gklxB1",
                        "indices": [
                            72,
                            95
                        ]
                    }
                ]
            },
            "retweeted": false,
            "in_reply_to_user_id_str": null,
            "lang": "en",
            "metadata": {
                "result_type": "recent",
                "iso_language_code": "en"
            },
            "place": null,
            "created_at": "Sun Nov 27 19:00:01 +0000 2016",
            "retweet_count": 10,
            "id_str": "802950122267168768",
            "id": 802950122267168768,
            "favorite_count": 10,
            "possibly_sensitive": false,
            "user": {
                "listed_count": 3617,
                "profile_sidebar_fill_color": "FFE600",
                "following": false,
                "profile_background_image_url_https": "https://pbs.twimg.com/profile_background_images/245679812/bsunlow.jpg",
                "is_translation_enabled": false,
                "followers_count": 223163,
                "verified": true,
                "profile_use_background_image": true,
                "screen_name": "baltimoresun",
                "profile_sidebar_border_color": "C6E2EE",
                "friends_count": 12468,
                "geo_enabled": true,
                "default_profile": false,
                "default_profile_image": false,
                "follow_request_sent": false,
                "profile_link_color": "15225E",
                "notifications": false,
                "favourites_count": 1843,
                "profile_background_image_url": "http://pbs.twimg.com/profile_background_images/245679812/bsunlow.jpg",
                "statuses_count": 126275,
                "utc_offset": -18000,
                "lang": "en",
                "profile_image_url_https": "https://pbs.twimg.com/profile_images/520989247491166209/blL63-Iz_normal.jpeg",
                "profile_text_color": "663B12",
                "description": "Light for all. For customer service, customersatisfaction@baltsun.com. For our journalists: http://t.co/NrQDTYSV3V",
                "profile_background_color": "75CBF0",
                "created_at": "Thu Sep 13 20:21:39 +0000 2007",
                "protected": false,
                "id_str": "8861752",
                "has_extended_profile": false,
                "id": 8861752,
                "url": "http://t.co/9qupGo3R00",
                "contributors_enabled": false,
                "location": "Baltimore, Maryland",
                "is_translator": false,
                "profile_banner_url": "https://pbs.twimg.com/profile_banners/8861752/1414186163",
                "translator_type": "regular",
                "entities": {
                    "url": {
                        "urls": [
                            {
                                "display_url": "baltimoresun.com",
                                "url": "http://t.co/9qupGo3R00",
                                "expanded_url": "http://baltimoresun.com",
                                "indices": [
                                    0,
                                    22
                                ]
                            }
                        ]
                    },
                    "description": {
                        "urls": [
                            {
                                "display_url": "bsun.md/staff",
                                "url": "http://t.co/NrQDTYSV3V",
                                "expanded_url": "http://bsun.md/staff",
                                "indices": [
                                    92,
                                    114
                                ]
                            }
                        ]
                    }
                },
                "profile_background_tile": false,
                "profile_image_url": "http://pbs.twimg.com/profile_images/520989247491166209/blL63-Iz_normal.jpeg",
                "time_zone": "Eastern Time (US & Canada)",
                "name": "The Baltimore Sun"
            },
            "is_quote_status": false
        },
        {
            "favorited": false,
            "contributors": null,
            "in_reply_to_screen_name": null,
            "in_reply_to_status_id": null,
            "source": "<a href=\"https://about.twitter.com/products/tweetdeck\" rel=\"nofollow\">TweetDeck</a>",
            "in_reply_to_user_id": null,
            "truncated": false,
            "geo": null,
            "in_reply_to_status_id_str": null,
            "coordinates": null,
            "text": "Donald Trump calls recount efforts \"sad,\" says \"nothing will change.\" https://t.co/9Shytij0nm",
            "entities": {
                "hashtags": [],
                "user_mentions": [],
                "symbols": [],
                "urls": [
                    {
                        "display_url": "bsun.md/2gvlAg9",
                        "url": "https://t.co/9Shytij0nm",
                        "expanded_url": "http://bsun.md/2gvlAg9",
                        "indices": [
                            70,
                            93
                        ]
                    }
                ]
            },
            "retweeted": false,
            "in_reply_to_user_id_str": null,
            "lang": "en",
            "metadata": {
                "result_type": "recent",
                "iso_language_code": "en"
            },
            "place": null,
            "created_at": "Sun Nov 27 18:30:02 +0000 2016",
            "retweet_count": 2,
            "id_str": "802942574906339329",
            "id": 802942574906339329,
            "favorite_count": 6,
            "possibly_sensitive": false,
            "user": {
                "listed_count": 3617,
                "profile_sidebar_fill_color": "FFE600",
                "following": false,
                "profile_background_image_url_https": "https://pbs.twimg.com/profile_background_images/245679812/bsunlow.jpg",
                "is_translation_enabled": false,
                "followers_count": 223163,
                "verified": true,
                "profile_use_background_image": true,
                "screen_name": "baltimoresun",
                "profile_sidebar_border_color": "C6E2EE",
                "friends_count": 12468,
                "geo_enabled": true,
                "default_profile": false,
                "default_profile_image": false,
                "follow_request_sent": false,
                "profile_link_color": "15225E",
                "notifications": false,
                "favourites_count": 1843,
                "profile_background_image_url": "http://pbs.twimg.com/profile_background_images/245679812/bsunlow.jpg",
                "statuses_count": 126275,
                "utc_offset": -18000,
                "lang": "en",
                "profile_image_url_https": "https://pbs.twimg.com/profile_images/520989247491166209/blL63-Iz_normal.jpeg",
                "profile_text_color": "663B12",
                "description": "Light for all. For customer service, customersatisfaction@baltsun.com. For our journalists: http://t.co/NrQDTYSV3V",
                "profile_background_color": "75CBF0",
                "created_at": "Thu Sep 13 20:21:39 +0000 2007",
                "protected": false,
                "id_str": "8861752",
                "has_extended_profile": false,
                "id": 8861752,
                "url": "http://t.co/9qupGo3R00",
                "contributors_enabled": false,
                "location": "Baltimore, Maryland",
                "is_translator": false,
                "profile_banner_url": "https://pbs.twimg.com/profile_banners/8861752/1414186163",
                "translator_type": "regular",
                "entities": {
                    "url": {
                        "urls": [
                            {
                                "display_url": "baltimoresun.com",
                                "url": "http://t.co/9qupGo3R00",
                                "expanded_url": "http://baltimoresun.com",
                                "indices": [
                                    0,
                                    22
                                ]
                            }
                        ]
                    },
                    "description": {
                        "urls": [
                            {
                                "display_url": "bsun.md/staff",
                                "url": "http://t.co/NrQDTYSV3V",
                                "expanded_url": "http://bsun.md/staff",
                                "indices": [
                                    92,
                                    114
                                ]
                            }
                        ]
                    }
                },
                "profile_background_tile": false,
                "profile_image_url": "http://pbs.twimg.com/profile_images/520989247491166209/blL63-Iz_normal.jpeg",
                "time_zone": "Eastern Time (US & Canada)",
                "name": "The Baltimore Sun"
            },
            "is_quote_status": false
        }
    ]
}