{
    "search_metadata": {
        "max_id_str": "803019095868215297",
        "since_id_str": "0",
        "query": "Trump+from%3Abostonherald+since%3A2016-11-27+until%3A2016-11-28+filter%3Alinks+-%40bostonherald",
        "completed_in": 0.05,
        "refresh_url": "?since_id=803019095868215297&q=Trump%20from%3Abostonherald%20since%3A2016-11-27%20until%3A2016-11-28%20filter%3Alinks%20-%40bostonherald&include_entities=1",
        "since_id": 0,
        "max_id": 803019095868215297,
        "count": 100
    },
    "statuses": [
        {
            "favorited": false,
            "contributors": null,
            "in_reply_to_screen_name": null,
            "in_reply_to_status_id": null,
            "source": "<a href=\"http://www.socialflow.com\" rel=\"nofollow\">SocialFlow</a>",
            "in_reply_to_user_id": null,
            "truncated": false,
            "geo": null,
            "in_reply_to_status_id_str": null,
            "coordinates": null,
            "text": "Donald Trump, suggesting voter fraud, says he won the popular votehttp://bhne.ws/WHnjrNd https://t.co/5SHQ2Qaj7r",
            "entities": {
                "hashtags": [],
                "user_mentions": [],
                "media": [
                    {
                        "display_url": "pic.twitter.com/5SHQ2Qaj7r",
                        "media_url_https": "https://pbs.twimg.com/media/CyTlnHSXcAAOHbn.jpg",
                        "url": "https://t.co/5SHQ2Qaj7r",
                        "indices": [
                            89,
                            112
                        ],
                        "media_url": "http://pbs.twimg.com/media/CyTlnHSXcAAOHbn.jpg",
                        "id": 803019093712531456,
                        "sizes": {
                            "large": {
                                "h": 800,
                                "w": 647,
                                "resize": "fit"
                            },
                            "medium": {
                                "h": 800,
                                "w": 647,
                                "resize": "fit"
                            },
                            "small": {
                                "h": 680,
                                "w": 550,
                                "resize": "fit"
                            },
                            "thumb": {
                                "h": 150,
                                "w": 150,
                                "resize": "crop"
                            }
                        },
                        "expanded_url": "https://twitter.com/bostonherald/status/803019095868215297/photo/1",
                        "type": "photo",
                        "id_str": "803019093712531456"
                    }
                ],
                "symbols": [],
                "urls": []
            },
            "retweeted": false,
            "in_reply_to_user_id_str": null,
            "lang": "en",
            "metadata": {
                "result_type": "recent",
                "iso_language_code": "en"
            },
            "place": null,
            "created_at": "Sun Nov 27 23:34:06 +0000 2016",
            "retweet_count": 3,
            "id_str": "803019095868215297",
            "id": 803019095868215297,
            "favorite_count": 7,
            "possibly_sensitive": false,
            "extended_entities": {
                "media": [
                    {
                        "display_url": "pic.twitter.com/5SHQ2Qaj7r",
                        "media_url_https": "https://pbs.twimg.com/media/CyTlnHSXcAAOHbn.jpg",
                        "url": "https://t.co/5SHQ2Qaj7r",
                        "indices": [
                            89,
                            112
                        ],
                        "media_url": "http://pbs.twimg.com/media/CyTlnHSXcAAOHbn.jpg",
                        "id": 803019093712531456,
                        "sizes": {
                            "large": {
                                "h": 800,
                                "w": 647,
                                "resize": "fit"
                            },
                            "medium": {
                                "h": 800,
                                "w": 647,
                                "resize": "fit"
                            },
                            "small": {
                                "h": 680,
                                "w": 550,
                                "resize": "fit"
                            },
                            "thumb": {
                                "h": 150,
                                "w": 150,
                                "resize": "crop"
                            }
                        },
                        "expanded_url": "https://twitter.com/bostonherald/status/803019095868215297/photo/1",
                        "type": "photo",
                        "id_str": "803019093712531456"
                    }
                ]
            },
            "user": {
                "listed_count": 2065,
                "profile_sidebar_fill_color": "C3E8F7",
                "following": false,
                "profile_background_image_url_https": "https://pbs.twimg.com/profile_background_images/305255570/BH_Twit_BG.jpg",
                "is_translation_enabled": false,
                "followers_count": 82182,
                "verified": true,
                "profile_use_background_image": true,
                "screen_name": "bostonherald",
                "profile_sidebar_border_color": "0079AD",
                "friends_count": 1146,
                "geo_enabled": true,
                "default_profile": false,
                "default_profile_image": false,
                "follow_request_sent": false,
                "profile_link_color": "0079AD",
                "notifications": false,
                "favourites_count": 363,
                "profile_background_image_url": "http://pbs.twimg.com/profile_background_images/305255570/BH_Twit_BG.jpg",
                "statuses_count": 186785,
                "utc_offset": -18000,
                "lang": "en",
                "profile_image_url_https": "https://pbs.twimg.com/profile_images/738002515841540097/wvPGrVSj_normal.jpg",
                "profile_text_color": "3B3B3B",
                "description": "Starting the conversation every day with passionate journalism, watchdog special reports and the best in NE sports, business and features. Live on @HeraldRadio.",
                "profile_background_color": "CCCCCC",
                "created_at": "Tue Mar 27 13:30:45 +0000 2007",
                "protected": false,
                "id_str": "2488541",
                "has_extended_profile": false,
                "id": 2488541,
                "url": "http://t.co/rQemlTr9K2",
                "contributors_enabled": false,
                "location": "Boston, MA",
                "is_translator": false,
                "profile_banner_url": "https://pbs.twimg.com/profile_banners/2488541/1400102449",
                "translator_type": "none",
                "entities": {
                    "url": {
                        "urls": [
                            {
                                "display_url": "bostonherald.com",
                                "url": "http://t.co/rQemlTr9K2",
                                "expanded_url": "http://www.bostonherald.com",
                                "indices": [
                                    0,
                                    22
                                ]
                            }
                        ]
                    },
                    "description": {
                        "urls": []
                    }
                },
                "profile_background_tile": false,
                "profile_image_url": "http://pbs.twimg.com/profile_images/738002515841540097/wvPGrVSj_normal.jpg",
                "time_zone": "Eastern Time (US & Canada)",
                "name": "Boston Herald"
            },
            "is_quote_status": false
        },
        {
            "favorited": false,
            "contributors": null,
            "in_reply_to_screen_name": null,
            "in_reply_to_status_id": null,
            "source": "<a href=\"http://www.socialflow.com\" rel=\"nofollow\">SocialFlow</a>",
            "in_reply_to_user_id": null,
            "truncated": false,
            "geo": null,
            "in_reply_to_status_id_str": null,
            "coordinates": null,
            "text": "What Trump can learn from Obama's rough ride on health care https://t.co/rYO2sYaqdD https://t.co/xwF2hMHpxq",
            "entities": {
                "hashtags": [],
                "user_mentions": [],
                "media": [
                    {
                        "display_url": "pic.twitter.com/xwF2hMHpxq",
                        "media_url_https": "https://pbs.twimg.com/media/CyTQxSNUQAAxLA5.jpg",
                        "url": "https://t.co/xwF2hMHpxq",
                        "indices": [
                            84,
                            107
                        ],
                        "media_url": "http://pbs.twimg.com/media/CyTQxSNUQAAxLA5.jpg",
                        "id": 802996178698649600,
                        "sizes": {
                            "thumb": {
                                "h": 150,
                                "w": 150,
                                "resize": "crop"
                            },
                            "medium": {
                                "h": 800,
                                "w": 1158,
                                "resize": "fit"
                            },
                            "small": {
                                "h": 470,
                                "w": 680,
                                "resize": "fit"
                            },
                            "large": {
                                "h": 800,
                                "w": 1158,
                                "resize": "fit"
                            }
                        },
                        "expanded_url": "https://twitter.com/bostonherald/status/802996181777416196/photo/1",
                        "type": "photo",
                        "id_str": "802996178698649600"
                    }
                ],
                "symbols": [],
                "urls": [
                    {
                        "display_url": "bhne.ws/45hma6H",
                        "url": "https://t.co/rYO2sYaqdD",
                        "expanded_url": "http://bhne.ws/45hma6H",
                        "indices": [
                            60,
                            83
                        ]
                    }
                ]
            },
            "retweeted": false,
            "in_reply_to_user_id_str": null,
            "lang": "en",
            "metadata": {
                "result_type": "recent",
                "iso_language_code": "en"
            },
            "place": null,
            "created_at": "Sun Nov 27 22:03:03 +0000 2016",
            "retweet_count": 0,
            "id_str": "802996181777416196",
            "id": 802996181777416196,
            "favorite_count": 1,
            "possibly_sensitive": false,
            "extended_entities": {
                "media": [
                    {
                        "display_url": "pic.twitter.com/xwF2hMHpxq",
                        "media_url_https": "https://pbs.twimg.com/media/CyTQxSNUQAAxLA5.jpg",
                        "url": "https://t.co/xwF2hMHpxq",
                        "indices": [
                            84,
                            107
                        ],
                        "media_url": "http://pbs.twimg.com/media/CyTQxSNUQAAxLA5.jpg",
                        "id": 802996178698649600,
                        "sizes": {
                            "thumb": {
                                "h": 150,
                                "w": 150,
                                "resize": "crop"
                            },
                            "medium": {
                                "h": 800,
                                "w": 1158,
                                "resize": "fit"
                            },
                            "small": {
                                "h": 470,
                                "w": 680,
                                "resize": "fit"
                            },
                            "large": {
                                "h": 800,
                                "w": 1158,
                                "resize": "fit"
                            }
                        },
                        "expanded_url": "https://twitter.com/bostonherald/status/802996181777416196/photo/1",
                        "type": "photo",
                        "id_str": "802996178698649600"
                    }
                ]
            },
            "user": {
                "listed_count": 2065,
                "profile_sidebar_fill_color": "C3E8F7",
                "following": false,
                "profile_background_image_url_https": "https://pbs.twimg.com/profile_background_images/305255570/BH_Twit_BG.jpg",
                "is_translation_enabled": false,
                "followers_count": 82182,
                "verified": true,
                "profile_use_background_image": true,
                "screen_name": "bostonherald",
                "profile_sidebar_border_color": "0079AD",
                "friends_count": 1146,
                "geo_enabled": true,
                "default_profile": false,
                "default_profile_image": false,
                "follow_request_sent": false,
                "profile_link_color": "0079AD",
                "notifications": false,
                "favourites_count": 363,
                "profile_background_image_url": "http://pbs.twimg.com/profile_background_images/305255570/BH_Twit_BG.jpg",
                "statuses_count": 186785,
                "utc_offset": -18000,
                "lang": "en",
                "profile_image_url_https": "https://pbs.twimg.com/profile_images/738002515841540097/wvPGrVSj_normal.jpg",
                "profile_text_color": "3B3B3B",
                "description": "Starting the conversation every day with passionate journalism, watchdog special reports and the best in NE sports, business and features. Live on @HeraldRadio.",
                "profile_background_color": "CCCCCC",
                "created_at": "Tue Mar 27 13:30:45 +0000 2007",
                "protected": false,
                "id_str": "2488541",
                "has_extended_profile": false,
                "id": 2488541,
                "url": "http://t.co/rQemlTr9K2",
                "contributors_enabled": false,
                "location": "Boston, MA",
                "is_translator": false,
                "profile_banner_url": "https://pbs.twimg.com/profile_banners/2488541/1400102449",
                "translator_type": "none",
                "entities": {
                    "url": {
                        "urls": [
                            {
                                "display_url": "bostonherald.com",
                                "url": "http://t.co/rQemlTr9K2",
                                "expanded_url": "http://www.bostonherald.com",
                                "indices": [
                                    0,
                                    22
                                ]
                            }
                        ]
                    },
                    "description": {
                        "urls": []
                    }
                },
                "profile_background_tile": false,
                "profile_image_url": "http://pbs.twimg.com/profile_images/738002515841540097/wvPGrVSj_normal.jpg",
                "time_zone": "Eastern Time (US & Canada)",
                "name": "Boston Herald"
            },
            "is_quote_status": false
        },
        {
            "favorited": false,
            "contributors": null,
            "in_reply_to_screen_name": null,
            "in_reply_to_status_id": null,
            "source": "<a href=\"http://www.socialflow.com\" rel=\"nofollow\">SocialFlow</a>",
            "in_reply_to_user_id": null,
            "truncated": false,
            "geo": null,
            "in_reply_to_status_id_str": null,
            "coordinates": null,
            "text": "Trump aide says opposition to Mitt Romney is \u2018breathtaking\u2019 https://t.co/Spc7I0aRH0 https://t.co/PysUvVA727",
            "entities": {
                "hashtags": [],
                "user_mentions": [],
                "media": [
                    {
                        "display_url": "pic.twitter.com/PysUvVA727",
                        "media_url_https": "https://pbs.twimg.com/media/CyS4mreXUAE11iL.jpg",
                        "url": "https://t.co/PysUvVA727",
                        "indices": [
                            84,
                            107
                        ],
                        "media_url": "http://pbs.twimg.com/media/CyS4mreXUAE11iL.jpg",
                        "id": 802969608223412225,
                        "sizes": {
                            "medium": {
                                "h": 800,
                                "w": 1147,
                                "resize": "fit"
                            },
                            "small": {
                                "h": 474,
                                "w": 680,
                                "resize": "fit"
                            },
                            "thumb": {
                                "h": 150,
                                "w": 150,
                                "resize": "crop"
                            },
                            "large": {
                                "h": 800,
                                "w": 1147,
                                "resize": "fit"
                            }
                        },
                        "expanded_url": "https://twitter.com/bostonherald/status/802969610660311040/photo/1",
                        "type": "photo",
                        "id_str": "802969608223412225"
                    }
                ],
                "symbols": [],
                "urls": [
                    {
                        "display_url": "bhne.ws/UFf12go",
                        "url": "https://t.co/Spc7I0aRH0",
                        "expanded_url": "http://bhne.ws/UFf12go",
                        "indices": [
                            60,
                            83
                        ]
                    }
                ]
            },
            "retweeted": false,
            "in_reply_to_user_id_str": null,
            "lang": "en",
            "metadata": {
                "result_type": "recent",
                "iso_language_code": "en"
            },
            "place": null,
            "created_at": "Sun Nov 27 20:17:28 +0000 2016",
            "retweet_count": 1,
            "id_str": "802969610660311040",
            "id": 802969610660311040,
            "favorite_count": 3,
            "possibly_sensitive": false,
            "extended_entities": {
                "media": [
                    {
                        "display_url": "pic.twitter.com/PysUvVA727",
                        "media_url_https": "https://pbs.twimg.com/media/CyS4mreXUAE11iL.jpg",
                        "url": "https://t.co/PysUvVA727",
                        "indices": [
                            84,
                            107
                        ],
                        "media_url": "http://pbs.twimg.com/media/CyS4mreXUAE11iL.jpg",
                        "id": 802969608223412225,
                        "sizes": {
                            "medium": {
                                "h": 800,
                                "w": 1147,
                                "resize": "fit"
                            },
                            "small": {
                                "h": 474,
                                "w": 680,
                                "resize": "fit"
                            },
                            "thumb": {
                                "h": 150,
                                "w": 150,
                                "resize": "crop"
                            },
                            "large": {
                                "h": 800,
                                "w": 1147,
                                "resize": "fit"
                            }
                        },
                        "expanded_url": "https://twitter.com/bostonherald/status/802969610660311040/photo/1",
                        "type": "photo",
                        "id_str": "802969608223412225"
                    }
                ]
            },
            "user": {
                "listed_count": 2065,
                "profile_sidebar_fill_color": "C3E8F7",
                "following": false,
                "profile_background_image_url_https": "https://pbs.twimg.com/profile_background_images/305255570/BH_Twit_BG.jpg",
                "is_translation_enabled": false,
                "followers_count": 82182,
                "verified": true,
                "profile_use_background_image": true,
                "screen_name": "bostonherald",
                "profile_sidebar_border_color": "0079AD",
                "friends_count": 1146,
                "geo_enabled": true,
                "default_profile": false,
                "default_profile_image": false,
                "follow_request_sent": false,
                "profile_link_color": "0079AD",
                "notifications": false,
                "favourites_count": 363,
                "profile_background_image_url": "http://pbs.twimg.com/profile_background_images/305255570/BH_Twit_BG.jpg",
                "statuses_count": 186785,
                "utc_offset": -18000,
                "lang": "en",
                "profile_image_url_https": "https://pbs.twimg.com/profile_images/738002515841540097/wvPGrVSj_normal.jpg",
                "profile_text_color": "3B3B3B",
                "description": "Starting the conversation every day with passionate journalism, watchdog special reports and the best in NE sports, business and features. Live on @HeraldRadio.",
                "profile_background_color": "CCCCCC",
                "created_at": "Tue Mar 27 13:30:45 +0000 2007",
                "protected": false,
                "id_str": "2488541",
                "has_extended_profile": false,
                "id": 2488541,
                "url": "http://t.co/rQemlTr9K2",
                "contributors_enabled": false,
                "location": "Boston, MA",
                "is_translator": false,
                "profile_banner_url": "https://pbs.twimg.com/profile_banners/2488541/1400102449",
                "translator_type": "none",
                "entities": {
                    "url": {
                        "urls": [
                            {
                                "display_url": "bostonherald.com",
                                "url": "http://t.co/rQemlTr9K2",
                                "expanded_url": "http://www.bostonherald.com",
                                "indices": [
                                    0,
                                    22
                                ]
                            }
                        ]
                    },
                    "description": {
                        "urls": []
                    }
                },
                "profile_background_tile": false,
                "profile_image_url": "http://pbs.twimg.com/profile_images/738002515841540097/wvPGrVSj_normal.jpg",
                "time_zone": "Eastern Time (US & Canada)",
                "name": "Boston Herald"
            },
            "is_quote_status": false
        },
        {
            "favorited": false,
            "contributors": null,
            "in_reply_to_screen_name": null,
            "in_reply_to_status_id": null,
            "source": "<a href=\"http://www.socialflow.com\" rel=\"nofollow\">SocialFlow</a>",
            "in_reply_to_user_id": null,
            "truncated": false,
            "geo": null,
            "in_reply_to_status_id_str": null,
            "coordinates": null,
            "text": "Trump calls recount a 'scam' but effort moves forward https://t.co/dePI02h5nL https://t.co/i18iAlYRK8",
            "entities": {
                "hashtags": [],
                "user_mentions": [],
                "media": [
                    {
                        "display_url": "pic.twitter.com/i18iAlYRK8",
                        "media_url_https": "https://pbs.twimg.com/media/CySOCXrXgAAWbJ4.jpg",
                        "url": "https://t.co/i18iAlYRK8",
                        "indices": [
                            78,
                            101
                        ],
                        "media_url": "http://pbs.twimg.com/media/CySOCXrXgAAWbJ4.jpg",
                        "id": 802922804945584128,
                        "sizes": {
                            "medium": {
                                "h": 800,
                                "w": 1014,
                                "resize": "fit"
                            },
                            "large": {
                                "h": 800,
                                "w": 1014,
                                "resize": "fit"
                            },
                            "small": {
                                "h": 536,
                                "w": 680,
                                "resize": "fit"
                            },
                            "thumb": {
                                "h": 150,
                                "w": 150,
                                "resize": "crop"
                            }
                        },
                        "expanded_url": "https://twitter.com/bostonherald/status/802922808372170752/photo/1",
                        "type": "photo",
                        "id_str": "802922804945584128"
                    }
                ],
                "symbols": [],
                "urls": [
                    {
                        "display_url": "bhne.ws/fX1u5oq",
                        "url": "https://t.co/dePI02h5nL",
                        "expanded_url": "http://bhne.ws/fX1u5oq",
                        "indices": [
                            54,
                            77
                        ]
                    }
                ]
            },
            "retweeted": false,
            "in_reply_to_user_id_str": null,
            "lang": "en",
            "metadata": {
                "result_type": "recent",
                "iso_language_code": "en"
            },
            "place": null,
            "created_at": "Sun Nov 27 17:11:29 +0000 2016",
            "retweet_count": 1,
            "id_str": "802922808372170752",
            "id": 802922808372170752,
            "favorite_count": 0,
            "possibly_sensitive": false,
            "extended_entities": {
                "media": [
                    {
                        "display_url": "pic.twitter.com/i18iAlYRK8",
                        "media_url_https": "https://pbs.twimg.com/media/CySOCXrXgAAWbJ4.jpg",
                        "url": "https://t.co/i18iAlYRK8",
                        "indices": [
                            78,
                            101
                        ],
                        "media_url": "http://pbs.twimg.com/media/CySOCXrXgAAWbJ4.jpg",
                        "id": 802922804945584128,
                        "sizes": {
                            "medium": {
                                "h": 800,
                                "w": 1014,
                                "resize": "fit"
                            },
                            "large": {
                                "h": 800,
                                "w": 1014,
                                "resize": "fit"
                            },
                            "small": {
                                "h": 536,
                                "w": 680,
                                "resize": "fit"
                            },
                            "thumb": {
                                "h": 150,
                                "w": 150,
                                "resize": "crop"
                            }
                        },
                        "expanded_url": "https://twitter.com/bostonherald/status/802922808372170752/photo/1",
                        "type": "photo",
                        "id_str": "802922804945584128"
                    }
                ]
            },
            "user": {
                "listed_count": 2065,
                "profile_sidebar_fill_color": "C3E8F7",
                "following": false,
                "profile_background_image_url_https": "https://pbs.twimg.com/profile_background_images/305255570/BH_Twit_BG.jpg",
                "is_translation_enabled": false,
                "followers_count": 82182,
                "verified": true,
                "profile_use_background_image": true,
                "screen_name": "bostonherald",
                "profile_sidebar_border_color": "0079AD",
                "friends_count": 1146,
                "geo_enabled": true,
                "default_profile": false,
                "default_profile_image": false,
                "follow_request_sent": false,
                "profile_link_color": "0079AD",
                "notifications": false,
                "favourites_count": 363,
                "profile_background_image_url": "http://pbs.twimg.com/profile_background_images/305255570/BH_Twit_BG.jpg",
                "statuses_count": 186785,
                "utc_offset": -18000,
                "lang": "en",
                "profile_image_url_https": "https://pbs.twimg.com/profile_images/738002515841540097/wvPGrVSj_normal.jpg",
                "profile_text_color": "3B3B3B",
                "description": "Starting the conversation every day with passionate journalism, watchdog special reports and the best in NE sports, business and features. Live on @HeraldRadio.",
                "profile_background_color": "CCCCCC",
                "created_at": "Tue Mar 27 13:30:45 +0000 2007",
                "protected": false,
                "id_str": "2488541",
                "has_extended_profile": false,
                "id": 2488541,
                "url": "http://t.co/rQemlTr9K2",
                "contributors_enabled": false,
                "location": "Boston, MA",
                "is_translator": false,
                "profile_banner_url": "https://pbs.twimg.com/profile_banners/2488541/1400102449",
                "translator_type": "none",
                "entities": {
                    "url": {
                        "urls": [
                            {
                                "display_url": "bostonherald.com",
                                "url": "http://t.co/rQemlTr9K2",
                                "expanded_url": "http://www.bostonherald.com",
                                "indices": [
                                    0,
                                    22
                                ]
                            }
                        ]
                    },
                    "description": {
                        "urls": []
                    }
                },
                "profile_background_tile": false,
                "profile_image_url": "http://pbs.twimg.com/profile_images/738002515841540097/wvPGrVSj_normal.jpg",
                "time_zone": "Eastern Time (US & Canada)",
                "name": "Boston Herald"
            },
            "is_quote_status": false
        },
        {
            "favorited": false,
            "contributors": null,
            "in_reply_to_screen_name": null,
            "in_reply_to_status_id": null,
            "source": "<a href=\"http://www.socialflow.com\" rel=\"nofollow\">SocialFlow</a>",
            "in_reply_to_user_id": null,
            "truncated": false,
            "geo": null,
            "in_reply_to_status_id_str": null,
            "coordinates": null,
            "text": "After Trump rift at Liberty University, students find unity https://t.co/EvAh1ZzILP",
            "entities": {
                "hashtags": [],
                "user_mentions": [],
                "symbols": [],
                "urls": [
                    {
                        "display_url": "bhne.ws/9qCXZen",
                        "url": "https://t.co/EvAh1ZzILP",
                        "expanded_url": "http://bhne.ws/9qCXZen",
                        "indices": [
                            60,
                            83
                        ]
                    }
                ]
            },
            "retweeted": false,
            "in_reply_to_user_id_str": null,
            "lang": "en",
            "metadata": {
                "result_type": "recent",
                "iso_language_code": "en"
            },
            "place": null,
            "created_at": "Sun Nov 27 16:21:03 +0000 2016",
            "retweet_count": 0,
            "id_str": "802910117347766272",
            "id": 802910117347766272,
            "favorite_count": 0,
            "possibly_sensitive": false,
            "user": {
                "listed_count": 2065,
                "profile_sidebar_fill_color": "C3E8F7",
                "following": false,
                "profile_background_image_url_https": "https://pbs.twimg.com/profile_background_images/305255570/BH_Twit_BG.jpg",
                "is_translation_enabled": false,
                "followers_count": 82182,
                "verified": true,
                "profile_use_background_image": true,
                "screen_name": "bostonherald",
                "profile_sidebar_border_color": "0079AD",
                "friends_count": 1146,
                "geo_enabled": true,
                "default_profile": false,
                "default_profile_image": false,
                "follow_request_sent": false,
                "profile_link_color": "0079AD",
                "notifications": false,
                "favourites_count": 363,
                "profile_background_image_url": "http://pbs.twimg.com/profile_background_images/305255570/BH_Twit_BG.jpg",
                "statuses_count": 186785,
                "utc_offset": -18000,
                "lang": "en",
                "profile_image_url_https": "https://pbs.twimg.com/profile_images/738002515841540097/wvPGrVSj_normal.jpg",
                "profile_text_color": "3B3B3B",
                "description": "Starting the conversation every day with passionate journalism, watchdog special reports and the best in NE sports, business and features. Live on @HeraldRadio.",
                "profile_background_color": "CCCCCC",
                "created_at": "Tue Mar 27 13:30:45 +0000 2007",
                "protected": false,
                "id_str": "2488541",
                "has_extended_profile": false,
                "id": 2488541,
                "url": "http://t.co/rQemlTr9K2",
                "contributors_enabled": false,
                "location": "Boston, MA",
                "is_translator": false,
                "profile_banner_url": "https://pbs.twimg.com/profile_banners/2488541/1400102449",
                "translator_type": "none",
                "entities": {
                    "url": {
                        "urls": [
                            {
                                "display_url": "bostonherald.com",
                                "url": "http://t.co/rQemlTr9K2",
                                "expanded_url": "http://www.bostonherald.com",
                                "indices": [
                                    0,
                                    22
                                ]
                            }
                        ]
                    },
                    "description": {
                        "urls": []
                    }
                },
                "profile_background_tile": false,
                "profile_image_url": "http://pbs.twimg.com/profile_images/738002515841540097/wvPGrVSj_normal.jpg",
                "time_zone": "Eastern Time (US & Canada)",
                "name": "Boston Herald"
            },
            "is_quote_status": false
        },
        {
            "favorited": false,
            "contributors": null,
            "in_reply_to_screen_name": null,
            "in_reply_to_status_id": null,
            "source": "<a href=\"http://www.socialflow.com\" rel=\"nofollow\">SocialFlow</a>",
            "in_reply_to_user_id": null,
            "truncated": false,
            "geo": null,
            "in_reply_to_status_id_str": null,
            "coordinates": null,
            "text": "Breitbart News, right-wing website buoyed by Trump victory, aims to go global https://t.co/ycdktOGg5S https://t.co/TklGUcJCb9",
            "entities": {
                "hashtags": [],
                "user_mentions": [],
                "media": [
                    {
                        "display_url": "pic.twitter.com/TklGUcJCb9",
                        "media_url_https": "https://pbs.twimg.com/media/CyR6OyjXAAAdfyz.jpg",
                        "url": "https://t.co/TklGUcJCb9",
                        "indices": [
                            102,
                            125
                        ],
                        "media_url": "http://pbs.twimg.com/media/CyR6OyjXAAAdfyz.jpg",
                        "id": 802901028085628928,
                        "sizes": {
                            "medium": {
                                "h": 800,
                                "w": 1197,
                                "resize": "fit"
                            },
                            "thumb": {
                                "h": 150,
                                "w": 150,
                                "resize": "crop"
                            },
                            "small": {
                                "h": 454,
                                "w": 680,
                                "resize": "fit"
                            },
                            "large": {
                                "h": 800,
                                "w": 1197,
                                "resize": "fit"
                            }
                        },
                        "expanded_url": "https://twitter.com/bostonherald/status/802901030945968128/photo/1",
                        "type": "photo",
                        "id_str": "802901028085628928"
                    }
                ],
                "symbols": [],
                "urls": [
                    {
                        "display_url": "bhne.ws/gsdT6p7",
                        "url": "https://t.co/ycdktOGg5S",
                        "expanded_url": "http://bhne.ws/gsdT6p7",
                        "indices": [
                            78,
                            101
                        ]
                    }
                ]
            },
            "retweeted": false,
            "in_reply_to_user_id_str": null,
            "lang": "en",
            "metadata": {
                "result_type": "recent",
                "iso_language_code": "en"
            },
            "place": null,
            "created_at": "Sun Nov 27 15:44:57 +0000 2016",
            "retweet_count": 0,
            "id_str": "802901030945968128",
            "id": 802901030945968128,
            "favorite_count": 2,
            "possibly_sensitive": false,
            "extended_entities": {
                "media": [
                    {
                        "display_url": "pic.twitter.com/TklGUcJCb9",
                        "media_url_https": "https://pbs.twimg.com/media/CyR6OyjXAAAdfyz.jpg",
                        "url": "https://t.co/TklGUcJCb9",
                        "indices": [
                            102,
                            125
                        ],
                        "media_url": "http://pbs.twimg.com/media/CyR6OyjXAAAdfyz.jpg",
                        "id": 802901028085628928,
                        "sizes": {
                            "medium": {
                                "h": 800,
                                "w": 1197,
                                "resize": "fit"
                            },
                            "thumb": {
                                "h": 150,
                                "w": 150,
                                "resize": "crop"
                            },
                            "small": {
                                "h": 454,
                                "w": 680,
                                "resize": "fit"
                            },
                            "large": {
                                "h": 800,
                                "w": 1197,
                                "resize": "fit"
                            }
                        },
                        "expanded_url": "https://twitter.com/bostonherald/status/802901030945968128/photo/1",
                        "type": "photo",
                        "id_str": "802901028085628928"
                    }
                ]
            },
            "user": {
                "listed_count": 2065,
                "profile_sidebar_fill_color": "C3E8F7",
                "following": false,
                "profile_background_image_url_https": "https://pbs.twimg.com/profile_background_images/305255570/BH_Twit_BG.jpg",
                "is_translation_enabled": false,
                "followers_count": 82182,
                "verified": true,
                "profile_use_background_image": true,
                "screen_name": "bostonherald",
                "profile_sidebar_border_color": "0079AD",
                "friends_count": 1146,
                "geo_enabled": true,
                "default_profile": false,
                "default_profile_image": false,
                "follow_request_sent": false,
                "profile_link_color": "0079AD",
                "notifications": false,
                "favourites_count": 363,
                "profile_background_image_url": "http://pbs.twimg.com/profile_background_images/305255570/BH_Twit_BG.jpg",
                "statuses_count": 186785,
                "utc_offset": -18000,
                "lang": "en",
                "profile_image_url_https": "https://pbs.twimg.com/profile_images/738002515841540097/wvPGrVSj_normal.jpg",
                "profile_text_color": "3B3B3B",
                "description": "Starting the conversation every day with passionate journalism, watchdog special reports and the best in NE sports, business and features. Live on @HeraldRadio.",
                "profile_background_color": "CCCCCC",
                "created_at": "Tue Mar 27 13:30:45 +0000 2007",
                "protected": false,
                "id_str": "2488541",
                "has_extended_profile": false,
                "id": 2488541,
                "url": "http://t.co/rQemlTr9K2",
                "contributors_enabled": false,
                "location": "Boston, MA",
                "is_translator": false,
                "profile_banner_url": "https://pbs.twimg.com/profile_banners/2488541/1400102449",
                "translator_type": "none",
                "entities": {
                    "url": {
                        "urls": [
                            {
                                "display_url": "bostonherald.com",
                                "url": "http://t.co/rQemlTr9K2",
                                "expanded_url": "http://www.bostonherald.com",
                                "indices": [
                                    0,
                                    22
                                ]
                            }
                        ]
                    },
                    "description": {
                        "urls": []
                    }
                },
                "profile_background_tile": false,
                "profile_image_url": "http://pbs.twimg.com/profile_images/738002515841540097/wvPGrVSj_normal.jpg",
                "time_zone": "Eastern Time (US & Canada)",
                "name": "Boston Herald"
            },
            "is_quote_status": false
        },
        {
            "favorited": false,
            "contributors": null,
            "in_reply_to_screen_name": null,
            "in_reply_to_status_id": null,
            "source": "<a href=\"http://www.socialflow.com\" rel=\"nofollow\">SocialFlow</a>",
            "in_reply_to_user_id": null,
            "truncated": false,
            "geo": null,
            "in_reply_to_status_id_str": null,
            "coordinates": null,
            "text": "Trump slams recount effort as \u2018scam,\u2019 says people have spoken https://t.co/iC4779rRJk https://t.co/T3sZ25mH00",
            "entities": {
                "hashtags": [],
                "user_mentions": [],
                "media": [
                    {
                        "display_url": "pic.twitter.com/T3sZ25mH00",
                        "media_url_https": "https://pbs.twimg.com/media/CyR5j1JW8AAbrzj.jpg",
                        "url": "https://t.co/T3sZ25mH00",
                        "indices": [
                            86,
                            109
                        ],
                        "media_url": "http://pbs.twimg.com/media/CyR5j1JW8AAbrzj.jpg",
                        "id": 802900290047504384,
                        "sizes": {
                            "medium": {
                                "h": 800,
                                "w": 1102,
                                "resize": "fit"
                            },
                            "large": {
                                "h": 800,
                                "w": 1102,
                                "resize": "fit"
                            },
                            "small": {
                                "h": 494,
                                "w": 680,
                                "resize": "fit"
                            },
                            "thumb": {
                                "h": 150,
                                "w": 150,
                                "resize": "crop"
                            }
                        },
                        "expanded_url": "https://twitter.com/bostonherald/status/802900293088407553/photo/1",
                        "type": "photo",
                        "id_str": "802900290047504384"
                    }
                ],
                "symbols": [],
                "urls": [
                    {
                        "display_url": "bhne.ws/7MFEHvJ",
                        "url": "https://t.co/iC4779rRJk",
                        "expanded_url": "http://bhne.ws/7MFEHvJ",
                        "indices": [
                            62,
                            85
                        ]
                    }
                ]
            },
            "retweeted": false,
            "in_reply_to_user_id_str": null,
            "lang": "en",
            "metadata": {
                "result_type": "recent",
                "iso_language_code": "en"
            },
            "place": null,
            "created_at": "Sun Nov 27 15:42:01 +0000 2016",
            "retweet_count": 1,
            "id_str": "802900293088407553",
            "id": 802900293088407553,
            "favorite_count": 2,
            "possibly_sensitive": false,
            "extended_entities": {
                "media": [
                    {
                        "display_url": "pic.twitter.com/T3sZ25mH00",
                        "media_url_https": "https://pbs.twimg.com/media/CyR5j1JW8AAbrzj.jpg",
                        "url": "https://t.co/T3sZ25mH00",
                        "indices": [
                            86,
                            109
                        ],
                        "media_url": "http://pbs.twimg.com/media/CyR5j1JW8AAbrzj.jpg",
                        "id": 802900290047504384,
                        "sizes": {
                            "medium": {
                                "h": 800,
                                "w": 1102,
                                "resize": "fit"
                            },
                            "large": {
                                "h": 800,
                                "w": 1102,
                                "resize": "fit"
                            },
                            "small": {
                                "h": 494,
                                "w": 680,
                                "resize": "fit"
                            },
                            "thumb": {
                                "h": 150,
                                "w": 150,
                                "resize": "crop"
                            }
                        },
                        "expanded_url": "https://twitter.com/bostonherald/status/802900293088407553/photo/1",
                        "type": "photo",
                        "id_str": "802900290047504384"
                    }
                ]
            },
            "user": {
                "listed_count": 2065,
                "profile_sidebar_fill_color": "C3E8F7",
                "following": false,
                "profile_background_image_url_https": "https://pbs.twimg.com/profile_background_images/305255570/BH_Twit_BG.jpg",
                "is_translation_enabled": false,
                "followers_count": 82182,
                "verified": true,
                "profile_use_background_image": true,
                "screen_name": "bostonherald",
                "profile_sidebar_border_color": "0079AD",
                "friends_count": 1146,
                "geo_enabled": true,
                "default_profile": false,
                "default_profile_image": false,
                "follow_request_sent": false,
                "profile_link_color": "0079AD",
                "notifications": false,
                "favourites_count": 363,
                "profile_background_image_url": "http://pbs.twimg.com/profile_background_images/305255570/BH_Twit_BG.jpg",
                "statuses_count": 186785,
                "utc_offset": -18000,
                "lang": "en",
                "profile_image_url_https": "https://pbs.twimg.com/profile_images/738002515841540097/wvPGrVSj_normal.jpg",
                "profile_text_color": "3B3B3B",
                "description": "Starting the conversation every day with passionate journalism, watchdog special reports and the best in NE sports, business and features. Live on @HeraldRadio.",
                "profile_background_color": "CCCCCC",
                "created_at": "Tue Mar 27 13:30:45 +0000 2007",
                "protected": false,
                "id_str": "2488541",
                "has_extended_profile": false,
                "id": 2488541,
                "url": "http://t.co/rQemlTr9K2",
                "contributors_enabled": false,
                "location": "Boston, MA",
                "is_translator": false,
                "profile_banner_url": "https://pbs.twimg.com/profile_banners/2488541/1400102449",
                "translator_type": "none",
                "entities": {
                    "url": {
                        "urls": [
                            {
                                "display_url": "bostonherald.com",
                                "url": "http://t.co/rQemlTr9K2",
                                "expanded_url": "http://www.bostonherald.com",
                                "indices": [
                                    0,
                                    22
                                ]
                            }
                        ]
                    },
                    "description": {
                        "urls": []
                    }
                },
                "profile_background_tile": false,
                "profile_image_url": "http://pbs.twimg.com/profile_images/738002515841540097/wvPGrVSj_normal.jpg",
                "time_zone": "Eastern Time (US & Canada)",
                "name": "Boston Herald"
            },
            "is_quote_status": false
        },
        {
            "favorited": false,
            "contributors": null,
            "in_reply_to_screen_name": null,
            "in_reply_to_status_id": null,
            "source": "<a href=\"http://www.socialflow.com\" rel=\"nofollow\">SocialFlow</a>",
            "in_reply_to_user_id": null,
            "truncated": false,
            "geo": null,
            "in_reply_to_status_id_str": null,
            "coordinates": null,
            "text": "Trump Tower becomes 'Dump Tower' on Google Maps https://t.co/DmNfhdeOve",
            "entities": {
                "hashtags": [],
                "user_mentions": [],
                "symbols": [],
                "urls": [
                    {
                        "display_url": "bhne.ws/xy811tp",
                        "url": "https://t.co/DmNfhdeOve",
                        "expanded_url": "http://bhne.ws/xy811tp",
                        "indices": [
                            48,
                            71
                        ]
                    }
                ]
            },
            "retweeted": false,
            "in_reply_to_user_id_str": null,
            "lang": "en",
            "metadata": {
                "result_type": "recent",
                "iso_language_code": "en"
            },
            "place": null,
            "created_at": "Sun Nov 27 13:54:09 +0000 2016",
            "retweet_count": 2,
            "id_str": "802873146474987524",
            "id": 802873146474987524,
            "favorite_count": 4,
            "possibly_sensitive": false,
            "user": {
                "listed_count": 2065,
                "profile_sidebar_fill_color": "C3E8F7",
                "following": false,
                "profile_background_image_url_https": "https://pbs.twimg.com/profile_background_images/305255570/BH_Twit_BG.jpg",
                "is_translation_enabled": false,
                "followers_count": 82182,
                "verified": true,
                "profile_use_background_image": true,
                "screen_name": "bostonherald",
                "profile_sidebar_border_color": "0079AD",
                "friends_count": 1146,
                "geo_enabled": true,
                "default_profile": false,
                "default_profile_image": false,
                "follow_request_sent": false,
                "profile_link_color": "0079AD",
                "notifications": false,
                "favourites_count": 363,
                "profile_background_image_url": "http://pbs.twimg.com/profile_background_images/305255570/BH_Twit_BG.jpg",
                "statuses_count": 186785,
                "utc_offset": -18000,
                "lang": "en",
                "profile_image_url_https": "https://pbs.twimg.com/profile_images/738002515841540097/wvPGrVSj_normal.jpg",
                "profile_text_color": "3B3B3B",
                "description": "Starting the conversation every day with passionate journalism, watchdog special reports and the best in NE sports, business and features. Live on @HeraldRadio.",
                "profile_background_color": "CCCCCC",
                "created_at": "Tue Mar 27 13:30:45 +0000 2007",
                "protected": false,
                "id_str": "2488541",
                "has_extended_profile": false,
                "id": 2488541,
                "url": "http://t.co/rQemlTr9K2",
                "contributors_enabled": false,
                "location": "Boston, MA",
                "is_translator": false,
                "profile_banner_url": "https://pbs.twimg.com/profile_banners/2488541/1400102449",
                "translator_type": "none",
                "entities": {
                    "url": {
                        "urls": [
                            {
                                "display_url": "bostonherald.com",
                                "url": "http://t.co/rQemlTr9K2",
                                "expanded_url": "http://www.bostonherald.com",
                                "indices": [
                                    0,
                                    22
                                ]
                            }
                        ]
                    },
                    "description": {
                        "urls": []
                    }
                },
                "profile_background_tile": false,
                "profile_image_url": "http://pbs.twimg.com/profile_images/738002515841540097/wvPGrVSj_normal.jpg",
                "time_zone": "Eastern Time (US & Canada)",
                "name": "Boston Herald"
            },
            "is_quote_status": false
        }
    ]
}