{
    "search_metadata": {
        "max_id_str": "803016082239823873",
        "since_id_str": "0",
        "query": "Trump+from%3Achicagotribune+since%3A2016-11-27+until%3A2016-11-28+filter%3Alinks+-%40chicagotribune",
        "completed_in": 0.044,
        "refresh_url": "?since_id=803016082239823873&q=Trump%20from%3Achicagotribune%20since%3A2016-11-27%20until%3A2016-11-28%20filter%3Alinks%20-%40chicagotribune&include_entities=1",
        "since_id": 0,
        "max_id": 803016082239823873,
        "count": 100
    },
    "statuses": [
        {
            "favorited": false,
            "contributors": null,
            "in_reply_to_screen_name": null,
            "in_reply_to_status_id": null,
            "source": "<a href=\"https://about.twitter.com/products/tweetdeck\" rel=\"nofollow\">TweetDeck</a>",
            "in_reply_to_user_id": null,
            "truncated": false,
            "geo": null,
            "in_reply_to_status_id_str": null,
            "coordinates": null,
            "text": "Trump claims without evidence that \"millions\" voted illegally https://t.co/ElNHAO34w9 https://t.co/7P2hKiIMQ9",
            "entities": {
                "hashtags": [],
                "user_mentions": [],
                "media": [
                    {
                        "display_url": "pic.twitter.com/7P2hKiIMQ9",
                        "media_url_https": "https://pbs.twimg.com/media/CyTi3dbXEAEw0yA.jpg",
                        "url": "https://t.co/7P2hKiIMQ9",
                        "indices": [
                            86,
                            109
                        ],
                        "media_url": "http://pbs.twimg.com/media/CyTi3dbXEAEw0yA.jpg",
                        "id": 803016075998859265,
                        "sizes": {
                            "large": {
                                "h": 394,
                                "w": 700,
                                "resize": "fit"
                            },
                            "medium": {
                                "h": 394,
                                "w": 700,
                                "resize": "fit"
                            },
                            "small": {
                                "h": 383,
                                "w": 680,
                                "resize": "fit"
                            },
                            "thumb": {
                                "h": 150,
                                "w": 150,
                                "resize": "crop"
                            }
                        },
                        "expanded_url": "https://twitter.com/chicagotribune/status/803016082239823873/photo/1",
                        "type": "photo",
                        "id_str": "803016075998859265"
                    }
                ],
                "symbols": [],
                "urls": [
                    {
                        "display_url": "trib.in/2fpD39V",
                        "url": "https://t.co/ElNHAO34w9",
                        "expanded_url": "http://trib.in/2fpD39V",
                        "indices": [
                            62,
                            85
                        ]
                    }
                ]
            },
            "retweeted": false,
            "in_reply_to_user_id_str": null,
            "lang": "en",
            "metadata": {
                "result_type": "recent",
                "iso_language_code": "en"
            },
            "place": null,
            "created_at": "Sun Nov 27 23:22:07 +0000 2016",
            "retweet_count": 65,
            "id_str": "803016082239823873",
            "id": 803016082239823873,
            "favorite_count": 58,
            "possibly_sensitive": false,
            "extended_entities": {
                "media": [
                    {
                        "display_url": "pic.twitter.com/7P2hKiIMQ9",
                        "media_url_https": "https://pbs.twimg.com/media/CyTi3dbXEAEw0yA.jpg",
                        "url": "https://t.co/7P2hKiIMQ9",
                        "indices": [
                            86,
                            109
                        ],
                        "media_url": "http://pbs.twimg.com/media/CyTi3dbXEAEw0yA.jpg",
                        "id": 803016075998859265,
                        "sizes": {
                            "large": {
                                "h": 394,
                                "w": 700,
                                "resize": "fit"
                            },
                            "medium": {
                                "h": 394,
                                "w": 700,
                                "resize": "fit"
                            },
                            "small": {
                                "h": 383,
                                "w": 680,
                                "resize": "fit"
                            },
                            "thumb": {
                                "h": 150,
                                "w": 150,
                                "resize": "crop"
                            }
                        },
                        "expanded_url": "https://twitter.com/chicagotribune/status/803016082239823873/photo/1",
                        "type": "photo",
                        "id_str": "803016075998859265"
                    }
                ]
            },
            "user": {
                "listed_count": 10270,
                "profile_sidebar_fill_color": "E8F3F7",
                "following": true,
                "profile_background_image_url_https": "https://pbs.twimg.com/profile_background_images/585532601131110400/8tDplQzV.jpg",
                "is_translation_enabled": false,
                "followers_count": 743065,
                "verified": true,
                "profile_use_background_image": false,
                "screen_name": "chicagotribune",
                "profile_sidebar_border_color": "FFFFFF",
                "friends_count": 751,
                "geo_enabled": false,
                "default_profile": false,
                "default_profile_image": false,
                "follow_request_sent": false,
                "profile_link_color": "336699",
                "notifications": false,
                "favourites_count": 300,
                "profile_background_image_url": "http://pbs.twimg.com/profile_background_images/585532601131110400/8tDplQzV.jpg",
                "statuses_count": 112943,
                "utc_offset": -21600,
                "lang": "en",
                "profile_image_url_https": "https://pbs.twimg.com/profile_images/497063779952099328/kwXnsWCE_normal.jpeg",
                "profile_text_color": "414141",
                "description": "Chicago Tribune news, features and so much more live from our newsroom. A part of your life since 1847.",
                "profile_background_color": "E1E1E1",
                "created_at": "Sat Jul 07 14:10:07 +0000 2007",
                "protected": false,
                "id_str": "7313362",
                "has_extended_profile": false,
                "id": 7313362,
                "url": "https://t.co/gaVbUBEf0t",
                "contributors_enabled": false,
                "location": "Chicago, IL",
                "is_translator": false,
                "profile_banner_url": "https://pbs.twimg.com/profile_banners/7313362/1479647725",
                "translator_type": "regular",
                "entities": {
                    "url": {
                        "urls": [
                            {
                                "display_url": "chicagotribune.com",
                                "url": "https://t.co/gaVbUBEf0t",
                                "expanded_url": "http://chicagotribune.com",
                                "indices": [
                                    0,
                                    23
                                ]
                            }
                        ]
                    },
                    "description": {
                        "urls": []
                    }
                },
                "profile_background_tile": false,
                "profile_image_url": "http://pbs.twimg.com/profile_images/497063779952099328/kwXnsWCE_normal.jpeg",
                "time_zone": "Central Time (US & Canada)",
                "name": "Chicago Tribune"
            },
            "is_quote_status": false
        },
        {
            "favorited": false,
            "contributors": null,
            "in_reply_to_screen_name": null,
            "in_reply_to_status_id": null,
            "source": "<a href=\"https://about.twitter.com/products/tweetdeck\" rel=\"nofollow\">TweetDeck</a>",
            "in_reply_to_user_id": null,
            "truncated": false,
            "geo": null,
            "in_reply_to_status_id_str": null,
            "coordinates": null,
            "text": "Trump: \"I won the popular vote if you deduct the millions of people who voted illegally.\"\nhttps://t.co/vatYtZOjBg https://t.co/wVmMGWWVSx",
            "entities": {
                "hashtags": [],
                "user_mentions": [],
                "media": [
                    {
                        "display_url": "pic.twitter.com/wVmMGWWVSx",
                        "media_url_https": "https://pbs.twimg.com/media/CyTNFn0XEAADJgM.jpg",
                        "url": "https://t.co/wVmMGWWVSx",
                        "indices": [
                            114,
                            137
                        ],
                        "media_url": "http://pbs.twimg.com/media/CyTNFn0XEAADJgM.jpg",
                        "id": 802992130050428928,
                        "sizes": {
                            "thumb": {
                                "h": 150,
                                "w": 150,
                                "resize": "crop"
                            },
                            "medium": {
                                "h": 422,
                                "w": 750,
                                "resize": "fit"
                            },
                            "small": {
                                "h": 383,
                                "w": 680,
                                "resize": "fit"
                            },
                            "large": {
                                "h": 422,
                                "w": 750,
                                "resize": "fit"
                            }
                        },
                        "expanded_url": "https://twitter.com/chicagotribune/status/802992900350935042/photo/1",
                        "type": "photo",
                        "id_str": "802992130050428928"
                    }
                ],
                "symbols": [],
                "urls": [
                    {
                        "display_url": "trib.in/2fpiCKk",
                        "url": "https://t.co/vatYtZOjBg",
                        "expanded_url": "http://trib.in/2fpiCKk",
                        "indices": [
                            90,
                            113
                        ]
                    }
                ]
            },
            "retweeted": false,
            "in_reply_to_user_id_str": null,
            "lang": "en",
            "metadata": {
                "result_type": "recent",
                "iso_language_code": "en"
            },
            "place": null,
            "created_at": "Sun Nov 27 21:50:00 +0000 2016",
            "retweet_count": 20,
            "id_str": "802992900350935042",
            "id": 802992900350935042,
            "favorite_count": 28,
            "possibly_sensitive": false,
            "extended_entities": {
                "media": [
                    {
                        "display_url": "pic.twitter.com/wVmMGWWVSx",
                        "media_url_https": "https://pbs.twimg.com/media/CyTNFn0XEAADJgM.jpg",
                        "url": "https://t.co/wVmMGWWVSx",
                        "indices": [
                            114,
                            137
                        ],
                        "media_url": "http://pbs.twimg.com/media/CyTNFn0XEAADJgM.jpg",
                        "id": 802992130050428928,
                        "sizes": {
                            "thumb": {
                                "h": 150,
                                "w": 150,
                                "resize": "crop"
                            },
                            "medium": {
                                "h": 422,
                                "w": 750,
                                "resize": "fit"
                            },
                            "small": {
                                "h": 383,
                                "w": 680,
                                "resize": "fit"
                            },
                            "large": {
                                "h": 422,
                                "w": 750,
                                "resize": "fit"
                            }
                        },
                        "expanded_url": "https://twitter.com/chicagotribune/status/802992900350935042/photo/1",
                        "type": "photo",
                        "id_str": "802992130050428928"
                    }
                ]
            },
            "user": {
                "listed_count": 10270,
                "profile_sidebar_fill_color": "E8F3F7",
                "following": true,
                "profile_background_image_url_https": "https://pbs.twimg.com/profile_background_images/585532601131110400/8tDplQzV.jpg",
                "is_translation_enabled": false,
                "followers_count": 743065,
                "verified": true,
                "profile_use_background_image": false,
                "screen_name": "chicagotribune",
                "profile_sidebar_border_color": "FFFFFF",
                "friends_count": 751,
                "geo_enabled": false,
                "default_profile": false,
                "default_profile_image": false,
                "follow_request_sent": false,
                "profile_link_color": "336699",
                "notifications": false,
                "favourites_count": 300,
                "profile_background_image_url": "http://pbs.twimg.com/profile_background_images/585532601131110400/8tDplQzV.jpg",
                "statuses_count": 112943,
                "utc_offset": -21600,
                "lang": "en",
                "profile_image_url_https": "https://pbs.twimg.com/profile_images/497063779952099328/kwXnsWCE_normal.jpeg",
                "profile_text_color": "414141",
                "description": "Chicago Tribune news, features and so much more live from our newsroom. A part of your life since 1847.",
                "profile_background_color": "E1E1E1",
                "created_at": "Sat Jul 07 14:10:07 +0000 2007",
                "protected": false,
                "id_str": "7313362",
                "has_extended_profile": false,
                "id": 7313362,
                "url": "https://t.co/gaVbUBEf0t",
                "contributors_enabled": false,
                "location": "Chicago, IL",
                "is_translator": false,
                "profile_banner_url": "https://pbs.twimg.com/profile_banners/7313362/1479647725",
                "translator_type": "regular",
                "entities": {
                    "url": {
                        "urls": [
                            {
                                "display_url": "chicagotribune.com",
                                "url": "https://t.co/gaVbUBEf0t",
                                "expanded_url": "http://chicagotribune.com",
                                "indices": [
                                    0,
                                    23
                                ]
                            }
                        ]
                    },
                    "description": {
                        "urls": []
                    }
                },
                "profile_background_tile": false,
                "profile_image_url": "http://pbs.twimg.com/profile_images/497063779952099328/kwXnsWCE_normal.jpeg",
                "time_zone": "Central Time (US & Canada)",
                "name": "Chicago Tribune"
            },
            "is_quote_status": false
        },
        {
            "favorited": false,
            "contributors": null,
            "in_reply_to_screen_name": null,
            "in_reply_to_status_id": null,
            "source": "<a href=\"http://twitter.com\" rel=\"nofollow\">Twitter Web Client</a>",
            "in_reply_to_user_id": null,
            "truncated": false,
            "geo": null,
            "in_reply_to_status_id_str": null,
            "coordinates": null,
            "text": "Kellyanne Conway criticizes Mitt Romney as secretary of state: He \"went out of his way to hurt Donald Trump.\" https://t.co/St2Hg3xaou",
            "entities": {
                "hashtags": [],
                "user_mentions": [],
                "symbols": [],
                "urls": [
                    {
                        "display_url": "trib.in/2foSAaj",
                        "url": "https://t.co/St2Hg3xaou",
                        "expanded_url": "http://trib.in/2foSAaj",
                        "indices": [
                            110,
                            133
                        ]
                    }
                ]
            },
            "retweeted": false,
            "in_reply_to_user_id_str": null,
            "lang": "en",
            "metadata": {
                "result_type": "recent",
                "iso_language_code": "en"
            },
            "place": null,
            "created_at": "Sun Nov 27 19:36:22 +0000 2016",
            "retweet_count": 10,
            "id_str": "802959266554449925",
            "id": 802959266554449925,
            "favorite_count": 7,
            "possibly_sensitive": false,
            "user": {
                "listed_count": 10270,
                "profile_sidebar_fill_color": "E8F3F7",
                "following": true,
                "profile_background_image_url_https": "https://pbs.twimg.com/profile_background_images/585532601131110400/8tDplQzV.jpg",
                "is_translation_enabled": false,
                "followers_count": 743065,
                "verified": true,
                "profile_use_background_image": false,
                "screen_name": "chicagotribune",
                "profile_sidebar_border_color": "FFFFFF",
                "friends_count": 751,
                "geo_enabled": false,
                "default_profile": false,
                "default_profile_image": false,
                "follow_request_sent": false,
                "profile_link_color": "336699",
                "notifications": false,
                "favourites_count": 300,
                "profile_background_image_url": "http://pbs.twimg.com/profile_background_images/585532601131110400/8tDplQzV.jpg",
                "statuses_count": 112943,
                "utc_offset": -21600,
                "lang": "en",
                "profile_image_url_https": "https://pbs.twimg.com/profile_images/497063779952099328/kwXnsWCE_normal.jpeg",
                "profile_text_color": "414141",
                "description": "Chicago Tribune news, features and so much more live from our newsroom. A part of your life since 1847.",
                "profile_background_color": "E1E1E1",
                "created_at": "Sat Jul 07 14:10:07 +0000 2007",
                "protected": false,
                "id_str": "7313362",
                "has_extended_profile": false,
                "id": 7313362,
                "url": "https://t.co/gaVbUBEf0t",
                "contributors_enabled": false,
                "location": "Chicago, IL",
                "is_translator": false,
                "profile_banner_url": "https://pbs.twimg.com/profile_banners/7313362/1479647725",
                "translator_type": "regular",
                "entities": {
                    "url": {
                        "urls": [
                            {
                                "display_url": "chicagotribune.com",
                                "url": "https://t.co/gaVbUBEf0t",
                                "expanded_url": "http://chicagotribune.com",
                                "indices": [
                                    0,
                                    23
                                ]
                            }
                        ]
                    },
                    "description": {
                        "urls": []
                    }
                },
                "profile_background_tile": false,
                "profile_image_url": "http://pbs.twimg.com/profile_images/497063779952099328/kwXnsWCE_normal.jpeg",
                "time_zone": "Central Time (US & Canada)",
                "name": "Chicago Tribune"
            },
            "is_quote_status": false
        },
        {
            "favorited": false,
            "contributors": null,
            "in_reply_to_screen_name": null,
            "in_reply_to_status_id": null,
            "source": "<a href=\"http://twitter.com\" rel=\"nofollow\">Twitter Web Client</a>",
            "in_reply_to_user_id": null,
            "truncated": false,
            "geo": null,
            "in_reply_to_status_id_str": null,
            "coordinates": null,
            "text": "Marco Rubio: Fidel Castro's death changes nothing in Cuba; plans to work with Trump to roll back embargo changes. https://t.co/tUpysORH9d",
            "entities": {
                "hashtags": [],
                "user_mentions": [],
                "symbols": [],
                "urls": [
                    {
                        "display_url": "trib.in/2gkxQwZ",
                        "url": "https://t.co/tUpysORH9d",
                        "expanded_url": "http://trib.in/2gkxQwZ",
                        "indices": [
                            114,
                            137
                        ]
                    }
                ]
            },
            "retweeted": false,
            "in_reply_to_user_id_str": null,
            "lang": "en",
            "metadata": {
                "result_type": "recent",
                "iso_language_code": "en"
            },
            "place": null,
            "created_at": "Sun Nov 27 18:36:47 +0000 2016",
            "retweet_count": 9,
            "id_str": "802944272131571712",
            "id": 802944272131571712,
            "favorite_count": 10,
            "possibly_sensitive": false,
            "user": {
                "listed_count": 10270,
                "profile_sidebar_fill_color": "E8F3F7",
                "following": true,
                "profile_background_image_url_https": "https://pbs.twimg.com/profile_background_images/585532601131110400/8tDplQzV.jpg",
                "is_translation_enabled": false,
                "followers_count": 743065,
                "verified": true,
                "profile_use_background_image": false,
                "screen_name": "chicagotribune",
                "profile_sidebar_border_color": "FFFFFF",
                "friends_count": 751,
                "geo_enabled": false,
                "default_profile": false,
                "default_profile_image": false,
                "follow_request_sent": false,
                "profile_link_color": "336699",
                "notifications": false,
                "favourites_count": 300,
                "profile_background_image_url": "http://pbs.twimg.com/profile_background_images/585532601131110400/8tDplQzV.jpg",
                "statuses_count": 112943,
                "utc_offset": -21600,
                "lang": "en",
                "profile_image_url_https": "https://pbs.twimg.com/profile_images/497063779952099328/kwXnsWCE_normal.jpeg",
                "profile_text_color": "414141",
                "description": "Chicago Tribune news, features and so much more live from our newsroom. A part of your life since 1847.",
                "profile_background_color": "E1E1E1",
                "created_at": "Sat Jul 07 14:10:07 +0000 2007",
                "protected": false,
                "id_str": "7313362",
                "has_extended_profile": false,
                "id": 7313362,
                "url": "https://t.co/gaVbUBEf0t",
                "contributors_enabled": false,
                "location": "Chicago, IL",
                "is_translator": false,
                "profile_banner_url": "https://pbs.twimg.com/profile_banners/7313362/1479647725",
                "translator_type": "regular",
                "entities": {
                    "url": {
                        "urls": [
                            {
                                "display_url": "chicagotribune.com",
                                "url": "https://t.co/gaVbUBEf0t",
                                "expanded_url": "http://chicagotribune.com",
                                "indices": [
                                    0,
                                    23
                                ]
                            }
                        ]
                    },
                    "description": {
                        "urls": []
                    }
                },
                "profile_background_tile": false,
                "profile_image_url": "http://pbs.twimg.com/profile_images/497063779952099328/kwXnsWCE_normal.jpeg",
                "time_zone": "Central Time (US & Canada)",
                "name": "Chicago Tribune"
            },
            "is_quote_status": false
        },
        {
            "favorited": false,
            "contributors": null,
            "in_reply_to_screen_name": null,
            "in_reply_to_status_id": null,
            "source": "<a href=\"http://twitter.com\" rel=\"nofollow\">Twitter Web Client</a>",
            "in_reply_to_user_id": null,
            "truncated": true,
            "geo": null,
            "in_reply_to_status_id_str": null,
            "coordinates": null,
            "text": "Donald Trump went on a Twitter tirade today about the presidential election recount in Wisconsin.\u2026 https://t.co/7LFHEC6z8F",
            "entities": {
                "hashtags": [],
                "user_mentions": [],
                "symbols": [],
                "urls": [
                    {
                        "display_url": "twitter.com/i/web/status/8\u2026",
                        "url": "https://t.co/7LFHEC6z8F",
                        "expanded_url": "https://twitter.com/i/web/status/802901034259673088",
                        "indices": [
                            99,
                            122
                        ]
                    }
                ]
            },
            "retweeted": false,
            "in_reply_to_user_id_str": null,
            "lang": "en",
            "metadata": {
                "result_type": "recent",
                "iso_language_code": "en"
            },
            "place": null,
            "created_at": "Sun Nov 27 15:44:58 +0000 2016",
            "retweet_count": 9,
            "id_str": "802901034259673088",
            "id": 802901034259673088,
            "favorite_count": 20,
            "possibly_sensitive": false,
            "user": {
                "listed_count": 10270,
                "profile_sidebar_fill_color": "E8F3F7",
                "following": true,
                "profile_background_image_url_https": "https://pbs.twimg.com/profile_background_images/585532601131110400/8tDplQzV.jpg",
                "is_translation_enabled": false,
                "followers_count": 743065,
                "verified": true,
                "profile_use_background_image": false,
                "screen_name": "chicagotribune",
                "profile_sidebar_border_color": "FFFFFF",
                "friends_count": 751,
                "geo_enabled": false,
                "default_profile": false,
                "default_profile_image": false,
                "follow_request_sent": false,
                "profile_link_color": "336699",
                "notifications": false,
                "favourites_count": 300,
                "profile_background_image_url": "http://pbs.twimg.com/profile_background_images/585532601131110400/8tDplQzV.jpg",
                "statuses_count": 112943,
                "utc_offset": -21600,
                "lang": "en",
                "profile_image_url_https": "https://pbs.twimg.com/profile_images/497063779952099328/kwXnsWCE_normal.jpeg",
                "profile_text_color": "414141",
                "description": "Chicago Tribune news, features and so much more live from our newsroom. A part of your life since 1847.",
                "profile_background_color": "E1E1E1",
                "created_at": "Sat Jul 07 14:10:07 +0000 2007",
                "protected": false,
                "id_str": "7313362",
                "has_extended_profile": false,
                "id": 7313362,
                "url": "https://t.co/gaVbUBEf0t",
                "contributors_enabled": false,
                "location": "Chicago, IL",
                "is_translator": false,
                "profile_banner_url": "https://pbs.twimg.com/profile_banners/7313362/1479647725",
                "translator_type": "regular",
                "entities": {
                    "url": {
                        "urls": [
                            {
                                "display_url": "chicagotribune.com",
                                "url": "https://t.co/gaVbUBEf0t",
                                "expanded_url": "http://chicagotribune.com",
                                "indices": [
                                    0,
                                    23
                                ]
                            }
                        ]
                    },
                    "description": {
                        "urls": []
                    }
                },
                "profile_background_tile": false,
                "profile_image_url": "http://pbs.twimg.com/profile_images/497063779952099328/kwXnsWCE_normal.jpeg",
                "time_zone": "Central Time (US & Canada)",
                "name": "Chicago Tribune"
            },
            "is_quote_status": false
        },
        {
            "favorited": false,
            "contributors": null,
            "in_reply_to_screen_name": null,
            "in_reply_to_status_id": null,
            "source": "<a href=\"http://twitter.com\" rel=\"nofollow\">Twitter Web Client</a>",
            "in_reply_to_user_id": null,
            "truncated": false,
            "geo": null,
            "in_reply_to_status_id_str": null,
            "coordinates": null,
            "text": "Breitbart News, the alt-right, with white supremacists, nationalists fed Trump's rise, but are nothing new: @cptime https://t.co/tV4jZ2h4vq",
            "entities": {
                "hashtags": [],
                "user_mentions": [
                    {
                        "id": 18199523,
                        "screen_name": "cptime",
                        "id_str": "18199523",
                        "indices": [
                            108,
                            115
                        ],
                        "name": "Clarence Page"
                    }
                ],
                "symbols": [],
                "urls": [
                    {
                        "display_url": "trib.in/2fBlyPm",
                        "url": "https://t.co/tV4jZ2h4vq",
                        "expanded_url": "http://trib.in/2fBlyPm",
                        "indices": [
                            116,
                            139
                        ]
                    }
                ]
            },
            "retweeted": false,
            "in_reply_to_user_id_str": null,
            "lang": "en",
            "metadata": {
                "result_type": "recent",
                "iso_language_code": "en"
            },
            "place": null,
            "created_at": "Sun Nov 27 13:28:36 +0000 2016",
            "retweet_count": 12,
            "id_str": "802866715713478657",
            "id": 802866715713478657,
            "favorite_count": 8,
            "possibly_sensitive": false,
            "user": {
                "listed_count": 10270,
                "profile_sidebar_fill_color": "E8F3F7",
                "following": true,
                "profile_background_image_url_https": "https://pbs.twimg.com/profile_background_images/585532601131110400/8tDplQzV.jpg",
                "is_translation_enabled": false,
                "followers_count": 743065,
                "verified": true,
                "profile_use_background_image": false,
                "screen_name": "chicagotribune",
                "profile_sidebar_border_color": "FFFFFF",
                "friends_count": 751,
                "geo_enabled": false,
                "default_profile": false,
                "default_profile_image": false,
                "follow_request_sent": false,
                "profile_link_color": "336699",
                "notifications": false,
                "favourites_count": 300,
                "profile_background_image_url": "http://pbs.twimg.com/profile_background_images/585532601131110400/8tDplQzV.jpg",
                "statuses_count": 112943,
                "utc_offset": -21600,
                "lang": "en",
                "profile_image_url_https": "https://pbs.twimg.com/profile_images/497063779952099328/kwXnsWCE_normal.jpeg",
                "profile_text_color": "414141",
                "description": "Chicago Tribune news, features and so much more live from our newsroom. A part of your life since 1847.",
                "profile_background_color": "E1E1E1",
                "created_at": "Sat Jul 07 14:10:07 +0000 2007",
                "protected": false,
                "id_str": "7313362",
                "has_extended_profile": false,
                "id": 7313362,
                "url": "https://t.co/gaVbUBEf0t",
                "contributors_enabled": false,
                "location": "Chicago, IL",
                "is_translator": false,
                "profile_banner_url": "https://pbs.twimg.com/profile_banners/7313362/1479647725",
                "translator_type": "regular",
                "entities": {
                    "url": {
                        "urls": [
                            {
                                "display_url": "chicagotribune.com",
                                "url": "https://t.co/gaVbUBEf0t",
                                "expanded_url": "http://chicagotribune.com",
                                "indices": [
                                    0,
                                    23
                                ]
                            }
                        ]
                    },
                    "description": {
                        "urls": []
                    }
                },
                "profile_background_tile": false,
                "profile_image_url": "http://pbs.twimg.com/profile_images/497063779952099328/kwXnsWCE_normal.jpeg",
                "time_zone": "Central Time (US & Canada)",
                "name": "Chicago Tribune"
            },
            "is_quote_status": false
        },
        {
            "favorited": false,
            "contributors": null,
            "in_reply_to_screen_name": null,
            "in_reply_to_status_id": null,
            "source": "<a href=\"https://about.twitter.com/products/tweetdeck\" rel=\"nofollow\">TweetDeck</a>",
            "in_reply_to_user_id": null,
            "truncated": false,
            "geo": null,
            "in_reply_to_status_id_str": null,
            "coordinates": null,
            "text": "Someone has renamed Donald Trump's midtown Manhattan building \"Dump Tower\" on Google Maps https://t.co/R1ZrVgo1WI https://t.co/Ol2a1udqjU",
            "entities": {
                "hashtags": [],
                "user_mentions": [],
                "media": [
                    {
                        "display_url": "pic.twitter.com/Ol2a1udqjU",
                        "media_url_https": "https://pbs.twimg.com/media/CyPq3kSXUAQPbQ1.jpg",
                        "url": "https://t.co/Ol2a1udqjU",
                        "indices": [
                            114,
                            137
                        ],
                        "media_url": "http://pbs.twimg.com/media/CyPq3kSXUAQPbQ1.jpg",
                        "id": 802743398956486660,
                        "sizes": {
                            "medium": {
                                "h": 330,
                                "w": 512,
                                "resize": "fit"
                            },
                            "thumb": {
                                "h": 150,
                                "w": 150,
                                "resize": "crop"
                            },
                            "small": {
                                "h": 330,
                                "w": 512,
                                "resize": "fit"
                            },
                            "large": {
                                "h": 330,
                                "w": 512,
                                "resize": "fit"
                            }
                        },
                        "expanded_url": "https://twitter.com/chicagotribune/status/802743889937317889/photo/1",
                        "type": "photo",
                        "id_str": "802743398956486660"
                    }
                ],
                "symbols": [],
                "urls": [
                    {
                        "display_url": "trib.in/2gLfFnA",
                        "url": "https://t.co/R1ZrVgo1WI",
                        "expanded_url": "http://trib.in/2gLfFnA",
                        "indices": [
                            90,
                            113
                        ]
                    }
                ]
            },
            "retweeted": false,
            "in_reply_to_user_id_str": null,
            "lang": "en",
            "metadata": {
                "result_type": "recent",
                "iso_language_code": "en"
            },
            "place": null,
            "created_at": "Sun Nov 27 05:20:32 +0000 2016",
            "retweet_count": 191,
            "id_str": "802743889937317889",
            "id": 802743889937317889,
            "favorite_count": 446,
            "possibly_sensitive": false,
            "extended_entities": {
                "media": [
                    {
                        "display_url": "pic.twitter.com/Ol2a1udqjU",
                        "media_url_https": "https://pbs.twimg.com/media/CyPq3kSXUAQPbQ1.jpg",
                        "url": "https://t.co/Ol2a1udqjU",
                        "indices": [
                            114,
                            137
                        ],
                        "media_url": "http://pbs.twimg.com/media/CyPq3kSXUAQPbQ1.jpg",
                        "id": 802743398956486660,
                        "sizes": {
                            "medium": {
                                "h": 330,
                                "w": 512,
                                "resize": "fit"
                            },
                            "thumb": {
                                "h": 150,
                                "w": 150,
                                "resize": "crop"
                            },
                            "small": {
                                "h": 330,
                                "w": 512,
                                "resize": "fit"
                            },
                            "large": {
                                "h": 330,
                                "w": 512,
                                "resize": "fit"
                            }
                        },
                        "expanded_url": "https://twitter.com/chicagotribune/status/802743889937317889/photo/1",
                        "type": "photo",
                        "id_str": "802743398956486660"
                    }
                ]
            },
            "user": {
                "listed_count": 10270,
                "profile_sidebar_fill_color": "E8F3F7",
                "following": true,
                "profile_background_image_url_https": "https://pbs.twimg.com/profile_background_images/585532601131110400/8tDplQzV.jpg",
                "is_translation_enabled": false,
                "followers_count": 743065,
                "verified": true,
                "profile_use_background_image": false,
                "screen_name": "chicagotribune",
                "profile_sidebar_border_color": "FFFFFF",
                "friends_count": 751,
                "geo_enabled": false,
                "default_profile": false,
                "default_profile_image": false,
                "follow_request_sent": false,
                "profile_link_color": "336699",
                "notifications": false,
                "favourites_count": 300,
                "profile_background_image_url": "http://pbs.twimg.com/profile_background_images/585532601131110400/8tDplQzV.jpg",
                "statuses_count": 112943,
                "utc_offset": -21600,
                "lang": "en",
                "profile_image_url_https": "https://pbs.twimg.com/profile_images/497063779952099328/kwXnsWCE_normal.jpeg",
                "profile_text_color": "414141",
                "description": "Chicago Tribune news, features and so much more live from our newsroom. A part of your life since 1847.",
                "profile_background_color": "E1E1E1",
                "created_at": "Sat Jul 07 14:10:07 +0000 2007",
                "protected": false,
                "id_str": "7313362",
                "has_extended_profile": false,
                "id": 7313362,
                "url": "https://t.co/gaVbUBEf0t",
                "contributors_enabled": false,
                "location": "Chicago, IL",
                "is_translator": false,
                "profile_banner_url": "https://pbs.twimg.com/profile_banners/7313362/1479647725",
                "translator_type": "regular",
                "entities": {
                    "url": {
                        "urls": [
                            {
                                "display_url": "chicagotribune.com",
                                "url": "https://t.co/gaVbUBEf0t",
                                "expanded_url": "http://chicagotribune.com",
                                "indices": [
                                    0,
                                    23
                                ]
                            }
                        ]
                    },
                    "description": {
                        "urls": []
                    }
                },
                "profile_background_tile": false,
                "profile_image_url": "http://pbs.twimg.com/profile_images/497063779952099328/kwXnsWCE_normal.jpeg",
                "time_zone": "Central Time (US & Canada)",
                "name": "Chicago Tribune"
            },
            "is_quote_status": false
        },
        {
            "favorited": false,
            "contributors": null,
            "in_reply_to_screen_name": null,
            "in_reply_to_status_id": null,
            "source": "<a href=\"https://about.twitter.com/products/tweetdeck\" rel=\"nofollow\">TweetDeck</a>",
            "in_reply_to_user_id": null,
            "truncated": true,
            "geo": null,
            "in_reply_to_status_id_str": null,
            "coordinates": null,
            "text": "Letters threatening genocide against Muslims and praising Trump sent to multiple California mosques this week\u2026 https://t.co/KEE119KrXk",
            "entities": {
                "hashtags": [],
                "user_mentions": [],
                "symbols": [],
                "urls": [
                    {
                        "display_url": "twitter.com/i/web/status/8\u2026",
                        "url": "https://t.co/KEE119KrXk",
                        "expanded_url": "https://twitter.com/i/web/status/802724689512570884",
                        "indices": [
                            111,
                            134
                        ]
                    }
                ]
            },
            "retweeted": false,
            "in_reply_to_user_id_str": null,
            "lang": "en",
            "metadata": {
                "result_type": "recent",
                "iso_language_code": "en"
            },
            "place": null,
            "created_at": "Sun Nov 27 04:04:14 +0000 2016",
            "retweet_count": 58,
            "id_str": "802724689512570884",
            "id": 802724689512570884,
            "favorite_count": 14,
            "possibly_sensitive": false,
            "user": {
                "listed_count": 10270,
                "profile_sidebar_fill_color": "E8F3F7",
                "following": true,
                "profile_background_image_url_https": "https://pbs.twimg.com/profile_background_images/585532601131110400/8tDplQzV.jpg",
                "is_translation_enabled": false,
                "followers_count": 743065,
                "verified": true,
                "profile_use_background_image": false,
                "screen_name": "chicagotribune",
                "profile_sidebar_border_color": "FFFFFF",
                "friends_count": 751,
                "geo_enabled": false,
                "default_profile": false,
                "default_profile_image": false,
                "follow_request_sent": false,
                "profile_link_color": "336699",
                "notifications": false,
                "favourites_count": 300,
                "profile_background_image_url": "http://pbs.twimg.com/profile_background_images/585532601131110400/8tDplQzV.jpg",
                "statuses_count": 112943,
                "utc_offset": -21600,
                "lang": "en",
                "profile_image_url_https": "https://pbs.twimg.com/profile_images/497063779952099328/kwXnsWCE_normal.jpeg",
                "profile_text_color": "414141",
                "description": "Chicago Tribune news, features and so much more live from our newsroom. A part of your life since 1847.",
                "profile_background_color": "E1E1E1",
                "created_at": "Sat Jul 07 14:10:07 +0000 2007",
                "protected": false,
                "id_str": "7313362",
                "has_extended_profile": false,
                "id": 7313362,
                "url": "https://t.co/gaVbUBEf0t",
                "contributors_enabled": false,
                "location": "Chicago, IL",
                "is_translator": false,
                "profile_banner_url": "https://pbs.twimg.com/profile_banners/7313362/1479647725",
                "translator_type": "regular",
                "entities": {
                    "url": {
                        "urls": [
                            {
                                "display_url": "chicagotribune.com",
                                "url": "https://t.co/gaVbUBEf0t",
                                "expanded_url": "http://chicagotribune.com",
                                "indices": [
                                    0,
                                    23
                                ]
                            }
                        ]
                    },
                    "description": {
                        "urls": []
                    }
                },
                "profile_background_tile": false,
                "profile_image_url": "http://pbs.twimg.com/profile_images/497063779952099328/kwXnsWCE_normal.jpeg",
                "time_zone": "Central Time (US & Canada)",
                "name": "Chicago Tribune"
            },
            "is_quote_status": false
        },
        {
            "favorited": false,
            "contributors": null,
            "in_reply_to_screen_name": null,
            "in_reply_to_status_id": null,
            "source": "<a href=\"https://about.twitter.com/products/tweetdeck\" rel=\"nofollow\">TweetDeck</a>",
            "in_reply_to_user_id": null,
            "truncated": true,
            "geo": null,
            "in_reply_to_status_id_str": null,
            "coordinates": null,
            "text": "Liberty University President Jerry Falwell Jr. says Donald Trump offered him education secretary job\u2026 https://t.co/u6k1F7FAwV",
            "entities": {
                "hashtags": [],
                "user_mentions": [],
                "symbols": [],
                "urls": [
                    {
                        "display_url": "twitter.com/i/web/status/8\u2026",
                        "url": "https://t.co/u6k1F7FAwV",
                        "expanded_url": "https://twitter.com/i/web/status/802714164204630016",
                        "indices": [
                            102,
                            125
                        ]
                    }
                ]
            },
            "retweeted": false,
            "in_reply_to_user_id_str": null,
            "lang": "en",
            "metadata": {
                "result_type": "recent",
                "iso_language_code": "en"
            },
            "place": null,
            "created_at": "Sun Nov 27 03:22:25 +0000 2016",
            "retweet_count": 18,
            "id_str": "802714164204630016",
            "id": 802714164204630016,
            "favorite_count": 10,
            "possibly_sensitive": false,
            "user": {
                "listed_count": 10270,
                "profile_sidebar_fill_color": "E8F3F7",
                "following": true,
                "profile_background_image_url_https": "https://pbs.twimg.com/profile_background_images/585532601131110400/8tDplQzV.jpg",
                "is_translation_enabled": false,
                "followers_count": 743065,
                "verified": true,
                "profile_use_background_image": false,
                "screen_name": "chicagotribune",
                "profile_sidebar_border_color": "FFFFFF",
                "friends_count": 751,
                "geo_enabled": false,
                "default_profile": false,
                "default_profile_image": false,
                "follow_request_sent": false,
                "profile_link_color": "336699",
                "notifications": false,
                "favourites_count": 300,
                "profile_background_image_url": "http://pbs.twimg.com/profile_background_images/585532601131110400/8tDplQzV.jpg",
                "statuses_count": 112943,
                "utc_offset": -21600,
                "lang": "en",
                "profile_image_url_https": "https://pbs.twimg.com/profile_images/497063779952099328/kwXnsWCE_normal.jpeg",
                "profile_text_color": "414141",
                "description": "Chicago Tribune news, features and so much more live from our newsroom. A part of your life since 1847.",
                "profile_background_color": "E1E1E1",
                "created_at": "Sat Jul 07 14:10:07 +0000 2007",
                "protected": false,
                "id_str": "7313362",
                "has_extended_profile": false,
                "id": 7313362,
                "url": "https://t.co/gaVbUBEf0t",
                "contributors_enabled": false,
                "location": "Chicago, IL",
                "is_translator": false,
                "profile_banner_url": "https://pbs.twimg.com/profile_banners/7313362/1479647725",
                "translator_type": "regular",
                "entities": {
                    "url": {
                        "urls": [
                            {
                                "display_url": "chicagotribune.com",
                                "url": "https://t.co/gaVbUBEf0t",
                                "expanded_url": "http://chicagotribune.com",
                                "indices": [
                                    0,
                                    23
                                ]
                            }
                        ]
                    },
                    "description": {
                        "urls": []
                    }
                },
                "profile_background_tile": false,
                "profile_image_url": "http://pbs.twimg.com/profile_images/497063779952099328/kwXnsWCE_normal.jpeg",
                "time_zone": "Central Time (US & Canada)",
                "name": "Chicago Tribune"
            },
            "is_quote_status": false
        },
        {
            "favorited": false,
            "contributors": null,
            "in_reply_to_screen_name": null,
            "in_reply_to_status_id": null,
            "source": "<a href=\"https://about.twitter.com/products/tweetdeck\" rel=\"nofollow\">TweetDeck</a>",
            "in_reply_to_user_id": null,
            "truncated": true,
            "geo": null,
            "in_reply_to_status_id_str": null,
            "coordinates": null,
            "text": "Can electors vote for Hillary Clinton rather than Donald Trump? How the Electoral College works:\u2026 https://t.co/jN06qsxcjL",
            "entities": {
                "hashtags": [],
                "user_mentions": [],
                "symbols": [],
                "urls": [
                    {
                        "display_url": "twitter.com/i/web/status/8\u2026",
                        "url": "https://t.co/jN06qsxcjL",
                        "expanded_url": "https://twitter.com/i/web/status/802701428355633152",
                        "indices": [
                            98,
                            121
                        ]
                    }
                ]
            },
            "retweeted": false,
            "in_reply_to_user_id_str": null,
            "lang": "en",
            "metadata": {
                "result_type": "recent",
                "iso_language_code": "en"
            },
            "place": null,
            "created_at": "Sun Nov 27 02:31:48 +0000 2016",
            "retweet_count": 16,
            "id_str": "802701428355633152",
            "id": 802701428355633152,
            "favorite_count": 29,
            "possibly_sensitive": false,
            "user": {
                "listed_count": 10270,
                "profile_sidebar_fill_color": "E8F3F7",
                "following": true,
                "profile_background_image_url_https": "https://pbs.twimg.com/profile_background_images/585532601131110400/8tDplQzV.jpg",
                "is_translation_enabled": false,
                "followers_count": 743065,
                "verified": true,
                "profile_use_background_image": false,
                "screen_name": "chicagotribune",
                "profile_sidebar_border_color": "FFFFFF",
                "friends_count": 751,
                "geo_enabled": false,
                "default_profile": false,
                "default_profile_image": false,
                "follow_request_sent": false,
                "profile_link_color": "336699",
                "notifications": false,
                "favourites_count": 300,
                "profile_background_image_url": "http://pbs.twimg.com/profile_background_images/585532601131110400/8tDplQzV.jpg",
                "statuses_count": 112943,
                "utc_offset": -21600,
                "lang": "en",
                "profile_image_url_https": "https://pbs.twimg.com/profile_images/497063779952099328/kwXnsWCE_normal.jpeg",
                "profile_text_color": "414141",
                "description": "Chicago Tribune news, features and so much more live from our newsroom. A part of your life since 1847.",
                "profile_background_color": "E1E1E1",
                "created_at": "Sat Jul 07 14:10:07 +0000 2007",
                "protected": false,
                "id_str": "7313362",
                "has_extended_profile": false,
                "id": 7313362,
                "url": "https://t.co/gaVbUBEf0t",
                "contributors_enabled": false,
                "location": "Chicago, IL",
                "is_translator": false,
                "profile_banner_url": "https://pbs.twimg.com/profile_banners/7313362/1479647725",
                "translator_type": "regular",
                "entities": {
                    "url": {
                        "urls": [
                            {
                                "display_url": "chicagotribune.com",
                                "url": "https://t.co/gaVbUBEf0t",
                                "expanded_url": "http://chicagotribune.com",
                                "indices": [
                                    0,
                                    23
                                ]
                            }
                        ]
                    },
                    "description": {
                        "urls": []
                    }
                },
                "profile_background_tile": false,
                "profile_image_url": "http://pbs.twimg.com/profile_images/497063779952099328/kwXnsWCE_normal.jpeg",
                "time_zone": "Central Time (US & Canada)",
                "name": "Chicago Tribune"
            },
            "is_quote_status": false
        },
        {
            "favorited": false,
            "contributors": null,
            "in_reply_to_screen_name": null,
            "in_reply_to_status_id": null,
            "source": "<a href=\"https://about.twitter.com/products/tweetdeck\" rel=\"nofollow\">TweetDeck</a>",
            "in_reply_to_user_id": null,
            "truncated": true,
            "geo": null,
            "in_reply_to_status_id_str": null,
            "coordinates": null,
            "text": "Delta says it should have removed man who ranted about Donald Trump on Pennsylvania-bound flight\u2026 https://t.co/Gf2VUNOohl",
            "entities": {
                "hashtags": [],
                "user_mentions": [],
                "symbols": [],
                "urls": [
                    {
                        "display_url": "twitter.com/i/web/status/8\u2026",
                        "url": "https://t.co/Gf2VUNOohl",
                        "expanded_url": "https://twitter.com/i/web/status/802685788018409472",
                        "indices": [
                            98,
                            121
                        ]
                    }
                ]
            },
            "retweeted": false,
            "in_reply_to_user_id_str": null,
            "lang": "en",
            "metadata": {
                "result_type": "recent",
                "iso_language_code": "en"
            },
            "place": null,
            "created_at": "Sun Nov 27 01:29:39 +0000 2016",
            "retweet_count": 70,
            "id_str": "802685788018409472",
            "id": 802685788018409472,
            "favorite_count": 82,
            "possibly_sensitive": false,
            "user": {
                "listed_count": 10270,
                "profile_sidebar_fill_color": "E8F3F7",
                "following": true,
                "profile_background_image_url_https": "https://pbs.twimg.com/profile_background_images/585532601131110400/8tDplQzV.jpg",
                "is_translation_enabled": false,
                "followers_count": 743065,
                "verified": true,
                "profile_use_background_image": false,
                "screen_name": "chicagotribune",
                "profile_sidebar_border_color": "FFFFFF",
                "friends_count": 751,
                "geo_enabled": false,
                "default_profile": false,
                "default_profile_image": false,
                "follow_request_sent": false,
                "profile_link_color": "336699",
                "notifications": false,
                "favourites_count": 300,
                "profile_background_image_url": "http://pbs.twimg.com/profile_background_images/585532601131110400/8tDplQzV.jpg",
                "statuses_count": 112943,
                "utc_offset": -21600,
                "lang": "en",
                "profile_image_url_https": "https://pbs.twimg.com/profile_images/497063779952099328/kwXnsWCE_normal.jpeg",
                "profile_text_color": "414141",
                "description": "Chicago Tribune news, features and so much more live from our newsroom. A part of your life since 1847.",
                "profile_background_color": "E1E1E1",
                "created_at": "Sat Jul 07 14:10:07 +0000 2007",
                "protected": false,
                "id_str": "7313362",
                "has_extended_profile": false,
                "id": 7313362,
                "url": "https://t.co/gaVbUBEf0t",
                "contributors_enabled": false,
                "location": "Chicago, IL",
                "is_translator": false,
                "profile_banner_url": "https://pbs.twimg.com/profile_banners/7313362/1479647725",
                "translator_type": "regular",
                "entities": {
                    "url": {
                        "urls": [
                            {
                                "display_url": "chicagotribune.com",
                                "url": "https://t.co/gaVbUBEf0t",
                                "expanded_url": "http://chicagotribune.com",
                                "indices": [
                                    0,
                                    23
                                ]
                            }
                        ]
                    },
                    "description": {
                        "urls": []
                    }
                },
                "profile_background_tile": false,
                "profile_image_url": "http://pbs.twimg.com/profile_images/497063779952099328/kwXnsWCE_normal.jpeg",
                "time_zone": "Central Time (US & Canada)",
                "name": "Chicago Tribune"
            },
            "is_quote_status": false
        }
    ]
}