{
    "search_metadata": {
        "max_id_str": "803455472070074368",
        "since_id_str": "0",
        "query": "Trump+from%3Acourierjournal+since%3A2016-11-27+until%3A2016-11-28+filter%3Alinks+-%40courierjournal",
        "completed_in": 0.017,
        "refresh_url": "?since_id=803455472070074368&q=Trump%20from%3Acourierjournal%20since%3A2016-11-27%20until%3A2016-11-28%20filter%3Alinks%20-%40courierjournal&include_entities=1",
        "since_id": 0,
        "max_id": 803455472070074368,
        "count": 100
    },
    "statuses": []
}