{
    "statuses": [
        {
            "in_reply_to_user_id": null,
            "favorited": false,
            "lang": "en",
            "metadata": {
                "iso_language_code": "en",
                "result_type": "recent"
            },
            "possibly_sensitive": false,
            "user": {
                "profile_banner_url": "https://pbs.twimg.com/profile_banners/15679641/1444921386",
                "default_profile_image": false,
                "lang": "en",
                "is_translator": false,
                "geo_enabled": true,
                "notifications": false,
                "profile_image_url": "http://pbs.twimg.com/profile_images/780403928118665218/Vi0SO9sw_normal.jpg",
                "description": "The official Dallas Morning News Twitter account with daily news, updates and headlines from https://t.co/AsHKI8KMUM.",
                "friends_count": 1213,
                "verified": true,
                "created_at": "Thu Jul 31 19:59:08 +0000 2008",
                "is_translation_enabled": false,
                "url": "https://t.co/AsHKI8KMUM",
                "profile_background_image_url": "http://pbs.twimg.com/profile_background_images/378800000031349740/2d4f9b575a7c9266aa9c339051914c0a.png",
                "contributors_enabled": false,
                "profile_link_color": "D83018",
                "profile_background_color": "27375B",
                "listed_count": 5985,
                "profile_text_color": "000000",
                "time_zone": "Central Time (US & Canada)",
                "default_profile": false,
                "entities": {
                    "description": {
                        "urls": [
                            {
                                "expanded_url": "http://dallasnews.com",
                                "display_url": "dallasnews.com",
                                "url": "https://t.co/AsHKI8KMUM",
                                "indices": [
                                    93,
                                    116
                                ]
                            }
                        ]
                    },
                    "url": {
                        "urls": [
                            {
                                "expanded_url": "http://dallasnews.com",
                                "display_url": "dallasnews.com",
                                "url": "https://t.co/AsHKI8KMUM",
                                "indices": [
                                    0,
                                    23
                                ]
                            }
                        ]
                    }
                },
                "profile_background_tile": false,
                "profile_image_url_https": "https://pbs.twimg.com/profile_images/780403928118665218/Vi0SO9sw_normal.jpg",
                "profile_sidebar_border_color": "FFFFFF",
                "following": false,
                "utc_offset": -21600,
                "follow_request_sent": false,
                "followers_count": 459969,
                "id_str": "15679641",
                "profile_use_background_image": true,
                "protected": false,
                "statuses_count": 107854,
                "profile_sidebar_fill_color": "F8F9FA",
                "name": "Dallas Morning News",
                "translator_type": "none",
                "screen_name": "dallasnews",
                "id": 15679641,
                "has_extended_profile": false,
                "favourites_count": 3000,
                "location": "Dallas, Texas",
                "profile_background_image_url_https": "https://pbs.twimg.com/profile_background_images/378800000031349740/2d4f9b575a7c9266aa9c339051914c0a.png"
            },
            "in_reply_to_screen_name": null,
            "retweet_count": 7,
            "text": "It's unrealistic and unfair to make Trump use a blind trust | @DMNOpinion  https://t.co/VmfQKfn1VL https://t.co/vjuqjtilYE",
            "place": null,
            "created_at": "Sun Nov 27 23:45:26 +0000 2016",
            "is_quote_status": false,
            "source": "<a href=\"http://www.hootsuite.com\" rel=\"nofollow\">Hootsuite</a>",
            "entities": {
                "urls": [
                    {
                        "expanded_url": "http://d-news.co/TGqW306wuP0",
                        "display_url": "d-news.co/TGqW306wuP0",
                        "url": "https://t.co/VmfQKfn1VL",
                        "indices": [
                            75,
                            98
                        ]
                    }
                ],
                "symbols": [],
                "media": [
                    {
                        "media_url": "http://pbs.twimg.com/media/CyToNFaWEAAxBch.jpg",
                        "expanded_url": "https://twitter.com/dallasnews/status/803021947290456064/photo/1",
                        "display_url": "pic.twitter.com/vjuqjtilYE",
                        "url": "https://t.co/vjuqjtilYE",
                        "media_url_https": "https://pbs.twimg.com/media/CyToNFaWEAAxBch.jpg",
                        "sizes": {
                            "thumb": {
                                "w": 150,
                                "h": 150,
                                "resize": "crop"
                            },
                            "medium": {
                                "w": 1024,
                                "h": 659,
                                "resize": "fit"
                            },
                            "large": {
                                "w": 1024,
                                "h": 659,
                                "resize": "fit"
                            },
                            "small": {
                                "w": 680,
                                "h": 438,
                                "resize": "fit"
                            }
                        },
                        "id": 803021945067409408,
                        "type": "photo",
                        "id_str": "803021945067409408",
                        "indices": [
                            99,
                            122
                        ]
                    }
                ],
                "user_mentions": [
                    {
                        "screen_name": "DMNOpinion",
                        "id": 588643237,
                        "id_str": "588643237",
                        "name": "DMN Opinion",
                        "indices": [
                            62,
                            73
                        ]
                    }
                ],
                "hashtags": []
            },
            "favorite_count": 3,
            "geo": null,
            "in_reply_to_status_id": null,
            "contributors": null,
            "truncated": false,
            "id_str": "803021947290456064",
            "retweeted": false,
            "coordinates": null,
            "id": 803021947290456064,
            "extended_entities": {
                "media": [
                    {
                        "media_url": "http://pbs.twimg.com/media/CyToNFaWEAAxBch.jpg",
                        "expanded_url": "https://twitter.com/dallasnews/status/803021947290456064/photo/1",
                        "display_url": "pic.twitter.com/vjuqjtilYE",
                        "url": "https://t.co/vjuqjtilYE",
                        "media_url_https": "https://pbs.twimg.com/media/CyToNFaWEAAxBch.jpg",
                        "sizes": {
                            "thumb": {
                                "w": 150,
                                "h": 150,
                                "resize": "crop"
                            },
                            "medium": {
                                "w": 1024,
                                "h": 659,
                                "resize": "fit"
                            },
                            "large": {
                                "w": 1024,
                                "h": 659,
                                "resize": "fit"
                            },
                            "small": {
                                "w": 680,
                                "h": 438,
                                "resize": "fit"
                            }
                        },
                        "id": 803021945067409408,
                        "type": "photo",
                        "id_str": "803021945067409408",
                        "indices": [
                            99,
                            122
                        ]
                    }
                ]
            },
            "in_reply_to_status_id_str": null,
            "in_reply_to_user_id_str": null
        }
    ],
    "search_metadata": {
        "max_id_str": "803021947290456064",
        "since_id_str": "0",
        "since_id": 0,
        "refresh_url": "?since_id=803021947290456064&q=Trump%20from%3Adallasnews%20since%3A2016-11-27%20until%3A2016-11-28%20filter%3Alinks%20-%40dallasnews&include_entities=1",
        "max_id": 803021947290456064,
        "completed_in": 0.017,
        "count": 100,
        "query": "Trump+from%3Adallasnews+since%3A2016-11-27+until%3A2016-11-28+filter%3Alinks+-%40dallasnews"
    }
}