{
    "search_metadata": {
        "max_id_str": "803455511714611201",
        "since_id_str": "0",
        "query": "Trump+from%3ADJournalnow+since%3A2016-11-27+until%3A2016-11-28+filter%3Alinks+-%40DJournalnow",
        "completed_in": 0.011,
        "refresh_url": "?since_id=803455511714611201&q=Trump%20from%3ADJournalnow%20since%3A2016-11-27%20until%3A2016-11-28%20filter%3Alinks%20-%40DJournalnow&include_entities=1",
        "since_id": 0,
        "max_id": 803455511714611201,
        "count": 100
    },
    "statuses": []
}