{
    "search_metadata": {
        "max_id_str": "802969026842464256",
        "since_id_str": "0",
        "query": "Trump+from%3ADMRegister+since%3A2016-11-27+until%3A2016-11-28+filter%3Alinks+-%40DMRegister",
        "completed_in": 0.04,
        "refresh_url": "?since_id=802969026842464256&q=Trump%20from%3ADMRegister%20since%3A2016-11-27%20until%3A2016-11-28%20filter%3Alinks%20-%40DMRegister&include_entities=1",
        "since_id": 0,
        "max_id": 802969026842464256,
        "count": 100
    },
    "statuses": [
        {
            "favorited": false,
            "contributors": null,
            "in_reply_to_screen_name": null,
            "in_reply_to_status_id": null,
            "source": "<a href=\"http://www.hootsuite.com\" rel=\"nofollow\">Hootsuite</a>",
            "in_reply_to_user_id": null,
            "truncated": false,
            "geo": null,
            "in_reply_to_status_id_str": null,
            "coordinates": null,
            "text": "Trump tweeted this morning on the Clinton campaign's decision to join a recount of votes in Wisconsin: https://t.co/rHX46MZiqE",
            "entities": {
                "hashtags": [],
                "user_mentions": [],
                "symbols": [],
                "urls": [
                    {
                        "display_url": "dmreg.co/2gztGlC",
                        "url": "https://t.co/rHX46MZiqE",
                        "expanded_url": "http://dmreg.co/2gztGlC",
                        "indices": [
                            103,
                            126
                        ]
                    }
                ]
            },
            "retweeted": false,
            "in_reply_to_user_id_str": null,
            "lang": "en",
            "metadata": {
                "result_type": "recent",
                "iso_language_code": "en"
            },
            "place": null,
            "created_at": "Sun Nov 27 20:15:09 +0000 2016",
            "retweet_count": 0,
            "id_str": "802969026842464256",
            "id": 802969026842464256,
            "favorite_count": 6,
            "possibly_sensitive": false,
            "user": {
                "listed_count": 2228,
                "profile_sidebar_fill_color": "E0FF92",
                "following": false,
                "profile_background_image_url_https": "https://pbs.twimg.com/profile_background_images/2548271/reglogo.jpg",
                "is_translation_enabled": false,
                "followers_count": 120695,
                "verified": true,
                "profile_use_background_image": true,
                "screen_name": "DMRegister",
                "profile_sidebar_border_color": "87BC44",
                "friends_count": 5104,
                "geo_enabled": true,
                "default_profile": false,
                "default_profile_image": false,
                "follow_request_sent": false,
                "profile_link_color": "0000FF",
                "notifications": false,
                "favourites_count": 729,
                "profile_background_image_url": "http://pbs.twimg.com/profile_background_images/2548271/reglogo.jpg",
                "statuses_count": 56953,
                "utc_offset": -21600,
                "lang": "en",
                "profile_image_url_https": "https://pbs.twimg.com/profile_images/651111022976086016/52Fga2lp_normal.jpg",
                "profile_text_color": "000000",
                "description": "Latest headlines from The Des Moines Register",
                "profile_background_color": "FFFFFF",
                "created_at": "Tue Feb 19 04:56:13 +0000 2008",
                "protected": false,
                "id_str": "13657922",
                "has_extended_profile": false,
                "id": 13657922,
                "url": "http://t.co/RmnjvtAsaP",
                "contributors_enabled": false,
                "location": "Des Moines, Iowa, USA",
                "is_translator": false,
                "profile_banner_url": "https://pbs.twimg.com/profile_banners/13657922/1398290852",
                "translator_type": "none",
                "entities": {
                    "url": {
                        "urls": [
                            {
                                "display_url": "desmoinesregister.com",
                                "url": "http://t.co/RmnjvtAsaP",
                                "expanded_url": "http://www.desmoinesregister.com",
                                "indices": [
                                    0,
                                    22
                                ]
                            }
                        ]
                    },
                    "description": {
                        "urls": []
                    }
                },
                "profile_background_tile": false,
                "profile_image_url": "http://pbs.twimg.com/profile_images/651111022976086016/52Fga2lp_normal.jpg",
                "time_zone": "Central Time (US & Canada)",
                "name": "Des Moines Register"
            },
            "is_quote_status": false
        }
    ]
}