{
    "search_metadata": {
        "max_id_str": "803455407108689920",
        "since_id_str": "0",
        "query": "Trump+from%3ADoverpost+since%3A2016-11-27+until%3A2016-11-28+filter%3Alinks+-%40Doverpost",
        "completed_in": 0.011,
        "refresh_url": "?since_id=803455407108689920&q=Trump%20from%3ADoverpost%20since%3A2016-11-27%20until%3A2016-11-28%20filter%3Alinks%20-%40Doverpost&include_entities=1",
        "since_id": 0,
        "max_id": 803455407108689920,
        "count": 100
    },
    "statuses": []
}