{
    "search_metadata": {
        "max_id_str": "803021857511374848",
        "since_id_str": "0",
        "query": "Trump+from%3Afreep+since%3A2016-11-27+until%3A2016-11-28+filter%3Alinks+-%40freep",
        "completed_in": 0.043,
        "refresh_url": "?since_id=803021857511374848&q=Trump%20from%3Afreep%20since%3A2016-11-27%20until%3A2016-11-28%20filter%3Alinks%20-%40freep&include_entities=1",
        "since_id": 0,
        "max_id": 803021857511374848,
        "count": 100
    },
    "statuses": [
        {
            "favorited": false,
            "contributors": null,
            "in_reply_to_screen_name": null,
            "in_reply_to_status_id": null,
            "source": "<a href=\"http://www.hootsuite.com\" rel=\"nofollow\">Hootsuite</a>",
            "in_reply_to_user_id": null,
            "truncated": false,
            "geo": null,
            "in_reply_to_status_id_str": null,
            "coordinates": null,
            "text": "Without evidence, @realDonaldTrump makes illegal voting claim https://t.co/eYWUELLJAz",
            "entities": {
                "hashtags": [],
                "user_mentions": [
                    {
                        "id": 25073877,
                        "screen_name": "realDonaldTrump",
                        "id_str": "25073877",
                        "indices": [
                            18,
                            34
                        ],
                        "name": "Donald J. Trump"
                    }
                ],
                "symbols": [],
                "urls": [
                    {
                        "display_url": "on.freep.com/2gwcPlW",
                        "url": "https://t.co/eYWUELLJAz",
                        "expanded_url": "http://on.freep.com/2gwcPlW",
                        "indices": [
                            62,
                            85
                        ]
                    }
                ]
            },
            "retweeted": false,
            "in_reply_to_user_id_str": null,
            "lang": "en",
            "metadata": {
                "result_type": "recent",
                "iso_language_code": "en"
            },
            "place": null,
            "created_at": "Sun Nov 27 23:45:04 +0000 2016",
            "retweet_count": 17,
            "id_str": "803021857511374848",
            "id": 803021857511374848,
            "favorite_count": 23,
            "possibly_sensitive": false,
            "user": {
                "listed_count": 4177,
                "profile_sidebar_fill_color": "FFFFFF",
                "following": false,
                "profile_background_image_url_https": "https://pbs.twimg.com/profile_background_images/662745333/ua0fr1vxqje8dgtrwv5x.jpeg",
                "is_translation_enabled": false,
                "followers_count": 312306,
                "verified": true,
                "profile_use_background_image": true,
                "screen_name": "freep",
                "profile_sidebar_border_color": "FFFFFF",
                "friends_count": 3551,
                "geo_enabled": true,
                "default_profile": false,
                "default_profile_image": false,
                "follow_request_sent": false,
                "profile_link_color": "5678A3",
                "notifications": false,
                "favourites_count": 3974,
                "profile_background_image_url": "http://pbs.twimg.com/profile_background_images/662745333/ua0fr1vxqje8dgtrwv5x.jpeg",
                "statuses_count": 153013,
                "utc_offset": -18000,
                "lang": "en",
                "profile_image_url_https": "https://pbs.twimg.com/profile_images/765605644254707712/MxgZ4fRN_normal.jpg",
                "profile_text_color": "000000",
                "description": "News from Detroit. w/@aetmanshuschka, @Ash_Detroit @BrianManzullo, @lissa218 and the @Freep web team",
                "profile_background_color": "496595",
                "created_at": "Mon Sep 10 21:42:21 +0000 2007",
                "protected": false,
                "id_str": "8795772",
                "has_extended_profile": false,
                "id": 8795772,
                "url": "http://t.co/QaxDeaxx0H",
                "contributors_enabled": false,
                "location": "Detroit",
                "is_translator": false,
                "profile_banner_url": "https://pbs.twimg.com/profile_banners/8795772/1406564135",
                "translator_type": "none",
                "entities": {
                    "url": {
                        "urls": [
                            {
                                "display_url": "freep.com",
                                "url": "http://t.co/QaxDeaxx0H",
                                "expanded_url": "http://www.freep.com",
                                "indices": [
                                    0,
                                    22
                                ]
                            }
                        ]
                    },
                    "description": {
                        "urls": []
                    }
                },
                "profile_background_tile": true,
                "profile_image_url": "http://pbs.twimg.com/profile_images/765605644254707712/MxgZ4fRN_normal.jpg",
                "time_zone": "Eastern Time (US & Canada)",
                "name": "Detroit Free Press"
            },
            "is_quote_status": false
        },
        {
            "favorited": false,
            "contributors": null,
            "in_reply_to_screen_name": null,
            "in_reply_to_status_id": null,
            "source": "<a href=\"http://www.hootsuite.com\" rel=\"nofollow\">Hootsuite</a>",
            "in_reply_to_user_id": null,
            "truncated": false,
            "geo": null,
            "in_reply_to_status_id_str": null,
            "coordinates": null,
            "text": "From @BRIANDDICKERSON: So what's in @realDonaldTrump's mail? https://t.co/pf2OJuOq2A",
            "entities": {
                "hashtags": [],
                "user_mentions": [
                    {
                        "id": 17769534,
                        "screen_name": "BRIANDDICKERSON",
                        "id_str": "17769534",
                        "indices": [
                            5,
                            21
                        ],
                        "name": "Brian Dickerson"
                    },
                    {
                        "id": 25073877,
                        "screen_name": "realDonaldTrump",
                        "id_str": "25073877",
                        "indices": [
                            36,
                            52
                        ],
                        "name": "Donald J. Trump"
                    }
                ],
                "symbols": [],
                "urls": [
                    {
                        "display_url": "on.freep.com/2gM4ds5",
                        "url": "https://t.co/pf2OJuOq2A",
                        "expanded_url": "http://on.freep.com/2gM4ds5",
                        "indices": [
                            61,
                            84
                        ]
                    }
                ]
            },
            "retweeted": false,
            "in_reply_to_user_id_str": null,
            "lang": "en",
            "metadata": {
                "result_type": "recent",
                "iso_language_code": "en"
            },
            "place": null,
            "created_at": "Sun Nov 27 15:20:13 +0000 2016",
            "retweet_count": 1,
            "id_str": "802894804149538816",
            "id": 802894804149538816,
            "favorite_count": 3,
            "possibly_sensitive": false,
            "user": {
                "listed_count": 4177,
                "profile_sidebar_fill_color": "FFFFFF",
                "following": false,
                "profile_background_image_url_https": "https://pbs.twimg.com/profile_background_images/662745333/ua0fr1vxqje8dgtrwv5x.jpeg",
                "is_translation_enabled": false,
                "followers_count": 312306,
                "verified": true,
                "profile_use_background_image": true,
                "screen_name": "freep",
                "profile_sidebar_border_color": "FFFFFF",
                "friends_count": 3551,
                "geo_enabled": true,
                "default_profile": false,
                "default_profile_image": false,
                "follow_request_sent": false,
                "profile_link_color": "5678A3",
                "notifications": false,
                "favourites_count": 3974,
                "profile_background_image_url": "http://pbs.twimg.com/profile_background_images/662745333/ua0fr1vxqje8dgtrwv5x.jpeg",
                "statuses_count": 153013,
                "utc_offset": -18000,
                "lang": "en",
                "profile_image_url_https": "https://pbs.twimg.com/profile_images/765605644254707712/MxgZ4fRN_normal.jpg",
                "profile_text_color": "000000",
                "description": "News from Detroit. w/@aetmanshuschka, @Ash_Detroit @BrianManzullo, @lissa218 and the @Freep web team",
                "profile_background_color": "496595",
                "created_at": "Mon Sep 10 21:42:21 +0000 2007",
                "protected": false,
                "id_str": "8795772",
                "has_extended_profile": false,
                "id": 8795772,
                "url": "http://t.co/QaxDeaxx0H",
                "contributors_enabled": false,
                "location": "Detroit",
                "is_translator": false,
                "profile_banner_url": "https://pbs.twimg.com/profile_banners/8795772/1406564135",
                "translator_type": "none",
                "entities": {
                    "url": {
                        "urls": [
                            {
                                "display_url": "freep.com",
                                "url": "http://t.co/QaxDeaxx0H",
                                "expanded_url": "http://www.freep.com",
                                "indices": [
                                    0,
                                    22
                                ]
                            }
                        ]
                    },
                    "description": {
                        "urls": []
                    }
                },
                "profile_background_tile": true,
                "profile_image_url": "http://pbs.twimg.com/profile_images/765605644254707712/MxgZ4fRN_normal.jpg",
                "time_zone": "Eastern Time (US & Canada)",
                "name": "Detroit Free Press"
            },
            "is_quote_status": false
        },
        {
            "favorited": false,
            "contributors": null,
            "in_reply_to_screen_name": null,
            "in_reply_to_status_id": null,
            "source": "<a href=\"http://www.hootsuite.com\" rel=\"nofollow\">Hootsuite</a>",
            "in_reply_to_user_id": null,
            "truncated": false,
            "geo": null,
            "in_reply_to_status_id_str": null,
            "coordinates": null,
            "text": "From @rochelleriley: A coming together is needed to keep America great https://t.co/QNzucgvuzV",
            "entities": {
                "hashtags": [],
                "user_mentions": [
                    {
                        "id": 26947623,
                        "screen_name": "rochelleriley",
                        "id_str": "26947623",
                        "indices": [
                            5,
                            19
                        ],
                        "name": "ROCHELLE RILEY \ud83c\udf0d"
                    }
                ],
                "symbols": [],
                "urls": [
                    {
                        "display_url": "on.freep.com/2gLR5Dc",
                        "url": "https://t.co/QNzucgvuzV",
                        "expanded_url": "http://on.freep.com/2gLR5Dc",
                        "indices": [
                            71,
                            94
                        ]
                    }
                ]
            },
            "retweeted": false,
            "in_reply_to_user_id_str": null,
            "lang": "en",
            "metadata": {
                "result_type": "recent",
                "iso_language_code": "en"
            },
            "place": null,
            "created_at": "Sun Nov 27 13:15:11 +0000 2016",
            "retweet_count": 5,
            "id_str": "802863341949554688",
            "id": 802863341949554688,
            "favorite_count": 13,
            "possibly_sensitive": false,
            "user": {
                "listed_count": 4177,
                "profile_sidebar_fill_color": "FFFFFF",
                "following": false,
                "profile_background_image_url_https": "https://pbs.twimg.com/profile_background_images/662745333/ua0fr1vxqje8dgtrwv5x.jpeg",
                "is_translation_enabled": false,
                "followers_count": 312306,
                "verified": true,
                "profile_use_background_image": true,
                "screen_name": "freep",
                "profile_sidebar_border_color": "FFFFFF",
                "friends_count": 3551,
                "geo_enabled": true,
                "default_profile": false,
                "default_profile_image": false,
                "follow_request_sent": false,
                "profile_link_color": "5678A3",
                "notifications": false,
                "favourites_count": 3974,
                "profile_background_image_url": "http://pbs.twimg.com/profile_background_images/662745333/ua0fr1vxqje8dgtrwv5x.jpeg",
                "statuses_count": 153013,
                "utc_offset": -18000,
                "lang": "en",
                "profile_image_url_https": "https://pbs.twimg.com/profile_images/765605644254707712/MxgZ4fRN_normal.jpg",
                "profile_text_color": "000000",
                "description": "News from Detroit. w/@aetmanshuschka, @Ash_Detroit @BrianManzullo, @lissa218 and the @Freep web team",
                "profile_background_color": "496595",
                "created_at": "Mon Sep 10 21:42:21 +0000 2007",
                "protected": false,
                "id_str": "8795772",
                "has_extended_profile": false,
                "id": 8795772,
                "url": "http://t.co/QaxDeaxx0H",
                "contributors_enabled": false,
                "location": "Detroit",
                "is_translator": false,
                "profile_banner_url": "https://pbs.twimg.com/profile_banners/8795772/1406564135",
                "translator_type": "none",
                "entities": {
                    "url": {
                        "urls": [
                            {
                                "display_url": "freep.com",
                                "url": "http://t.co/QaxDeaxx0H",
                                "expanded_url": "http://www.freep.com",
                                "indices": [
                                    0,
                                    22
                                ]
                            }
                        ]
                    },
                    "description": {
                        "urls": []
                    }
                },
                "profile_background_tile": true,
                "profile_image_url": "http://pbs.twimg.com/profile_images/765605644254707712/MxgZ4fRN_normal.jpg",
                "time_zone": "Eastern Time (US & Canada)",
                "name": "Detroit Free Press"
            },
            "is_quote_status": false
        }
    ]
}