{
    "search_metadata": {
        "max_id_str": "803455463778095104",
        "since_id_str": "0",
        "query": "Trump+from%3Agazettedotcom+since%3A2016-11-27+until%3A2016-11-28+filter%3Alinks+-%40gazettedotcom",
        "completed_in": 0.018,
        "refresh_url": "?since_id=803455463778095104&q=Trump%20from%3Agazettedotcom%20since%3A2016-11-27%20until%3A2016-11-28%20filter%3Alinks%20-%40gazettedotcom&include_entities=1",
        "since_id": 0,
        "max_id": 803455463778095104,
        "count": 100
    },
    "statuses": []
}