{
    "statuses": [
        {
            "in_reply_to_user_id": null,
            "favorited": false,
            "lang": "en",
            "metadata": {
                "iso_language_code": "en",
                "result_type": "recent"
            },
            "possibly_sensitive": false,
            "user": {
                "profile_banner_url": "https://pbs.twimg.com/profile_banners/36708793/1401986615",
                "default_profile_image": false,
                "lang": "en",
                "is_translator": false,
                "geo_enabled": true,
                "notifications": false,
                "profile_image_url": "http://pbs.twimg.com/profile_images/658120737174220800/YLo8xAkw_normal.jpg",
                "description": "Montana's leading news source since 1885. Find us online at http://t.co/FqK74V9w9P, on mobile and tablet, and each day in print.",
                "friends_count": 247,
                "verified": true,
                "created_at": "Thu Apr 30 16:47:04 +0000 2009",
                "is_translation_enabled": false,
                "url": "http://t.co/ArtDKSwjHb",
                "profile_background_image_url": "http://pbs.twimg.com/profile_background_images/385314280/Twitter-back3.jpg",
                "contributors_enabled": false,
                "profile_link_color": "0084B4",
                "profile_background_color": "022330",
                "listed_count": 237,
                "profile_text_color": "333333",
                "time_zone": "Mountain Time (US & Canada)",
                "default_profile": false,
                "entities": {
                    "description": {
                        "urls": [
                            {
                                "expanded_url": "http://gftrib.com",
                                "display_url": "gftrib.com",
                                "url": "http://t.co/FqK74V9w9P",
                                "indices": [
                                    60,
                                    82
                                ]
                            }
                        ]
                    },
                    "url": {
                        "urls": [
                            {
                                "expanded_url": "http://www.gftrib.com",
                                "display_url": "gftrib.com",
                                "url": "http://t.co/ArtDKSwjHb",
                                "indices": [
                                    0,
                                    22
                                ]
                            }
                        ]
                    }
                },
                "profile_background_tile": true,
                "profile_image_url_https": "https://pbs.twimg.com/profile_images/658120737174220800/YLo8xAkw_normal.jpg",
                "profile_sidebar_border_color": "A8C7F7",
                "following": false,
                "utc_offset": -25200,
                "follow_request_sent": false,
                "followers_count": 8561,
                "id_str": "36708793",
                "profile_use_background_image": true,
                "protected": false,
                "statuses_count": 69368,
                "profile_sidebar_fill_color": "C0DFEC",
                "name": "Great Falls Tribune",
                "translator_type": "none",
                "screen_name": "GFTribune",
                "id": 36708793,
                "has_extended_profile": false,
                "favourites_count": 632,
                "location": "Great Falls Tribune",
                "profile_background_image_url_https": "https://pbs.twimg.com/profile_background_images/385314280/Twitter-back3.jpg"
            },
            "in_reply_to_screen_name": null,
            "retweet_count": 0,
            "text": "Kushner, Trump\u2019s son-in-law, is next president\u2019s \u2018eyes and ears\u2019 https://t.co/Qshr4cYxUg #mtpol",
            "place": null,
            "created_at": "Sun Nov 27 05:47:09 +0000 2016",
            "is_quote_status": false,
            "source": "<a href=\"http://dlvr.it\" rel=\"nofollow\">dlvr.it</a>",
            "entities": {
                "urls": [
                    {
                        "expanded_url": "http://gftrib.com/2gu3aMT",
                        "display_url": "gftrib.com/2gu3aMT",
                        "url": "https://t.co/Qshr4cYxUg",
                        "indices": [
                            65,
                            88
                        ]
                    }
                ],
                "symbols": [],
                "user_mentions": [],
                "hashtags": [
                    {
                        "text": "mtpol",
                        "indices": [
                            89,
                            95
                        ]
                    }
                ]
            },
            "favorite_count": 0,
            "geo": null,
            "in_reply_to_status_id": null,
            "contributors": null,
            "truncated": false,
            "id_str": "802750587674603522",
            "retweeted": false,
            "coordinates": null,
            "id": 802750587674603522,
            "in_reply_to_status_id_str": null,
            "in_reply_to_user_id_str": null
        },
        {
            "in_reply_to_user_id": null,
            "favorited": false,
            "lang": "en",
            "metadata": {
                "iso_language_code": "en",
                "result_type": "recent"
            },
            "possibly_sensitive": false,
            "user": {
                "profile_banner_url": "https://pbs.twimg.com/profile_banners/36708793/1401986615",
                "default_profile_image": false,
                "lang": "en",
                "is_translator": false,
                "geo_enabled": true,
                "notifications": false,
                "profile_image_url": "http://pbs.twimg.com/profile_images/658120737174220800/YLo8xAkw_normal.jpg",
                "description": "Montana's leading news source since 1885. Find us online at http://t.co/FqK74V9w9P, on mobile and tablet, and each day in print.",
                "friends_count": 247,
                "verified": true,
                "created_at": "Thu Apr 30 16:47:04 +0000 2009",
                "is_translation_enabled": false,
                "url": "http://t.co/ArtDKSwjHb",
                "profile_background_image_url": "http://pbs.twimg.com/profile_background_images/385314280/Twitter-back3.jpg",
                "contributors_enabled": false,
                "profile_link_color": "0084B4",
                "profile_background_color": "022330",
                "listed_count": 237,
                "profile_text_color": "333333",
                "time_zone": "Mountain Time (US & Canada)",
                "default_profile": false,
                "entities": {
                    "description": {
                        "urls": [
                            {
                                "expanded_url": "http://gftrib.com",
                                "display_url": "gftrib.com",
                                "url": "http://t.co/FqK74V9w9P",
                                "indices": [
                                    60,
                                    82
                                ]
                            }
                        ]
                    },
                    "url": {
                        "urls": [
                            {
                                "expanded_url": "http://www.gftrib.com",
                                "display_url": "gftrib.com",
                                "url": "http://t.co/ArtDKSwjHb",
                                "indices": [
                                    0,
                                    22
                                ]
                            }
                        ]
                    }
                },
                "profile_background_tile": true,
                "profile_image_url_https": "https://pbs.twimg.com/profile_images/658120737174220800/YLo8xAkw_normal.jpg",
                "profile_sidebar_border_color": "A8C7F7",
                "following": false,
                "utc_offset": -25200,
                "follow_request_sent": false,
                "followers_count": 8561,
                "id_str": "36708793",
                "profile_use_background_image": true,
                "protected": false,
                "statuses_count": 69368,
                "profile_sidebar_fill_color": "C0DFEC",
                "name": "Great Falls Tribune",
                "translator_type": "none",
                "screen_name": "GFTribune",
                "id": 36708793,
                "has_extended_profile": false,
                "favourites_count": 632,
                "location": "Great Falls Tribune",
                "profile_background_image_url_https": "https://pbs.twimg.com/profile_background_images/385314280/Twitter-back3.jpg"
            },
            "in_reply_to_screen_name": null,
            "retweet_count": 0,
            "text": "Kushner, Trump\u2019s son-in-law, is next president\u2019s \u2018eyes and ears\u2019 https://t.co/4l3tB9rDZ4 #mtnews",
            "place": null,
            "created_at": "Sun Nov 27 05:27:05 +0000 2016",
            "is_quote_status": false,
            "source": "<a href=\"http://dlvr.it\" rel=\"nofollow\">dlvr.it</a>",
            "entities": {
                "urls": [
                    {
                        "expanded_url": "http://gftrib.com/2giHHDz",
                        "display_url": "gftrib.com/2giHHDz",
                        "url": "https://t.co/4l3tB9rDZ4",
                        "indices": [
                            65,
                            88
                        ]
                    }
                ],
                "symbols": [],
                "user_mentions": [],
                "hashtags": [
                    {
                        "text": "mtnews",
                        "indices": [
                            89,
                            96
                        ]
                    }
                ]
            },
            "favorite_count": 0,
            "geo": null,
            "in_reply_to_status_id": null,
            "contributors": null,
            "truncated": false,
            "id_str": "802745540584738817",
            "retweeted": false,
            "coordinates": null,
            "id": 802745540584738817,
            "in_reply_to_status_id_str": null,
            "in_reply_to_user_id_str": null
        }
    ],
    "search_metadata": {
        "max_id_str": "802750587674603522",
        "since_id_str": "0",
        "since_id": 0,
        "refresh_url": "?since_id=802750587674603522&q=Trump%20from%3AGFTribune%20since%3A2016-11-27%20until%3A2016-11-28%20filter%3Alinks%20-%40GFTribune&include_entities=1",
        "max_id": 802750587674603522,
        "completed_in": 0.027,
        "count": 100,
        "query": "Trump+from%3AGFTribune+since%3A2016-11-27+until%3A2016-11-28+filter%3Alinks+-%40GFTribune"
    }
}