{
    "search_metadata": {
        "max_id_str": "803455424414367744",
        "since_id_str": "0",
        "query": "Trump+from%3AGwinnettDaily+since%3A2016-11-27+until%3A2016-11-28+filter%3Alinks+-%40GwinnettDaily",
        "completed_in": 0.043,
        "refresh_url": "?since_id=803455424414367744&q=Trump%20from%3AGwinnettDaily%20since%3A2016-11-27%20until%3A2016-11-28%20filter%3Alinks%20-%40GwinnettDaily&include_entities=1",
        "since_id": 0,
        "max_id": 803455424414367744,
        "count": 100
    },
    "statuses": []
}