{
    "search_metadata": {
        "max_id_str": "802777758577336321",
        "since_id_str": "0",
        "query": "Trump+from%3Ahartfordcourant+since%3A2016-11-27+until%3A2016-11-28+filter%3Alinks+-%40hartfordcourant",
        "completed_in": 0.048,
        "refresh_url": "?since_id=802777758577336321&q=Trump%20from%3Ahartfordcourant%20since%3A2016-11-27%20until%3A2016-11-28%20filter%3Alinks%20-%40hartfordcourant&include_entities=1",
        "since_id": 0,
        "max_id": 802777758577336321,
        "count": 100
    },
    "statuses": [
        {
            "favorited": false,
            "contributors": null,
            "in_reply_to_screen_name": null,
            "in_reply_to_status_id": null,
            "source": "<a href=\"http://trueanthem.com/\" rel=\"nofollow\">trueAnthem</a>",
            "in_reply_to_user_id": null,
            "truncated": false,
            "geo": null,
            "in_reply_to_status_id_str": null,
            "coordinates": null,
            "text": "Jared Kushner, the Trump son-in-law who's the next president's 'eyes and ears' https://t.co/0YrDPfARtn https://t.co/g2IDZwHIqA",
            "entities": {
                "hashtags": [],
                "user_mentions": [],
                "media": [
                    {
                        "display_url": "pic.twitter.com/g2IDZwHIqA",
                        "media_url_https": "https://pbs.twimg.com/media/CyQKHdgW8AAWXGp.jpg",
                        "url": "https://t.co/g2IDZwHIqA",
                        "indices": [
                            103,
                            126
                        ],
                        "media_url": "http://pbs.twimg.com/media/CyQKHdgW8AAWXGp.jpg",
                        "id": 802777756874502144,
                        "sizes": {
                            "medium": {
                                "h": 654,
                                "w": 1024,
                                "resize": "fit"
                            },
                            "thumb": {
                                "h": 150,
                                "w": 150,
                                "resize": "crop"
                            },
                            "small": {
                                "h": 434,
                                "w": 680,
                                "resize": "fit"
                            },
                            "large": {
                                "h": 654,
                                "w": 1024,
                                "resize": "fit"
                            }
                        },
                        "expanded_url": "https://twitter.com/hartfordcourant/status/802777758577336321/photo/1",
                        "type": "photo",
                        "id_str": "802777756874502144"
                    }
                ],
                "symbols": [],
                "urls": [
                    {
                        "display_url": "cour.at/2fAI8aU",
                        "url": "https://t.co/0YrDPfARtn",
                        "expanded_url": "http://cour.at/2fAI8aU",
                        "indices": [
                            79,
                            102
                        ]
                    }
                ]
            },
            "retweeted": false,
            "in_reply_to_user_id_str": null,
            "lang": "en",
            "metadata": {
                "result_type": "recent",
                "iso_language_code": "en"
            },
            "place": null,
            "created_at": "Sun Nov 27 07:35:07 +0000 2016",
            "retweet_count": 0,
            "id_str": "802777758577336321",
            "id": 802777758577336321,
            "favorite_count": 0,
            "possibly_sensitive": false,
            "extended_entities": {
                "media": [
                    {
                        "display_url": "pic.twitter.com/g2IDZwHIqA",
                        "media_url_https": "https://pbs.twimg.com/media/CyQKHdgW8AAWXGp.jpg",
                        "url": "https://t.co/g2IDZwHIqA",
                        "indices": [
                            103,
                            126
                        ],
                        "media_url": "http://pbs.twimg.com/media/CyQKHdgW8AAWXGp.jpg",
                        "id": 802777756874502144,
                        "sizes": {
                            "medium": {
                                "h": 654,
                                "w": 1024,
                                "resize": "fit"
                            },
                            "thumb": {
                                "h": 150,
                                "w": 150,
                                "resize": "crop"
                            },
                            "small": {
                                "h": 434,
                                "w": 680,
                                "resize": "fit"
                            },
                            "large": {
                                "h": 654,
                                "w": 1024,
                                "resize": "fit"
                            }
                        },
                        "expanded_url": "https://twitter.com/hartfordcourant/status/802777758577336321/photo/1",
                        "type": "photo",
                        "id_str": "802777756874502144"
                    }
                ]
            },
            "user": {
                "listed_count": 1644,
                "profile_sidebar_fill_color": "F3F3F3",
                "following": false,
                "profile_background_image_url_https": "https://pbs.twimg.com/profile_background_images/657619393/9pyq4ao5jtn1ddn6p3zv.jpeg",
                "is_translation_enabled": false,
                "followers_count": 113471,
                "verified": true,
                "profile_use_background_image": true,
                "screen_name": "hartfordcourant",
                "profile_sidebar_border_color": "FFFFFF",
                "friends_count": 2278,
                "geo_enabled": true,
                "default_profile": false,
                "default_profile_image": false,
                "follow_request_sent": false,
                "profile_link_color": "990000",
                "notifications": false,
                "favourites_count": 1,
                "profile_background_image_url": "http://pbs.twimg.com/profile_background_images/657619393/9pyq4ao5jtn1ddn6p3zv.jpeg",
                "statuses_count": 83403,
                "utc_offset": -18000,
                "lang": "en",
                "profile_image_url_https": "https://pbs.twimg.com/profile_images/486872619036057600/yJuA5kD3_normal.png",
                "profile_text_color": "333333",
                "description": "Connecticut breaking news, sports and politics from the state's largest newsroom and America's oldest continuously published newspaper.",
                "profile_background_color": "EBEBEB",
                "created_at": "Fri May 09 02:36:46 +0000 2008",
                "protected": false,
                "id_str": "14708814",
                "has_extended_profile": false,
                "id": 14708814,
                "url": "http://t.co/3x1eSPbscs",
                "contributors_enabled": false,
                "location": "Hartford, Connecticut",
                "is_translator": false,
                "profile_banner_url": "https://pbs.twimg.com/profile_banners/14708814/1443623785",
                "translator_type": "none",
                "entities": {
                    "url": {
                        "urls": [
                            {
                                "display_url": "courant.com",
                                "url": "http://t.co/3x1eSPbscs",
                                "expanded_url": "http://www.courant.com",
                                "indices": [
                                    0,
                                    22
                                ]
                            }
                        ]
                    },
                    "description": {
                        "urls": []
                    }
                },
                "profile_background_tile": false,
                "profile_image_url": "http://pbs.twimg.com/profile_images/486872619036057600/yJuA5kD3_normal.png",
                "time_zone": "Eastern Time (US & Canada)",
                "name": "Hartford Courant"
            },
            "is_quote_status": false
        }
    ]
}