{
    "search_metadata": {
        "max_id_str": "803455477682237440",
        "since_id_str": "0",
        "query": "Trump+from%3Aheraldleader+since%3A2016-11-27+until%3A2016-11-28+filter%3Alinks+-%40heraldleader",
        "completed_in": 0.033,
        "refresh_url": "?since_id=803455477682237440&q=Trump%20from%3Aheraldleader%20since%3A2016-11-27%20until%3A2016-11-28%20filter%3Alinks%20-%40heraldleader&include_entities=1",
        "since_id": 0,
        "max_id": 803455477682237440,
        "count": 100
    },
    "statuses": []
}