{
    "search_metadata": {
        "max_id_str": "803021842160062464",
        "since_id_str": "0",
        "query": "Trump+from%3AIdahoStatesman+since%3A2016-11-27+until%3A2016-11-28+filter%3Alinks+-%40IdahoStatesman",
        "completed_in": 0.035,
        "refresh_url": "?since_id=803021842160062464&q=Trump%20from%3AIdahoStatesman%20since%3A2016-11-27%20until%3A2016-11-28%20filter%3Alinks%20-%40IdahoStatesman&include_entities=1",
        "since_id": 0,
        "max_id": 803021842160062464,
        "count": 100
    },
    "statuses": [
        {
            "favorited": false,
            "contributors": null,
            "in_reply_to_screen_name": null,
            "in_reply_to_status_id": null,
            "source": "<a href=\"https://about.twitter.com/products/tweetdeck\" rel=\"nofollow\">TweetDeck</a>",
            "in_reply_to_user_id": null,
            "truncated": false,
            "geo": null,
            "in_reply_to_status_id_str": null,
            "coordinates": null,
            "text": "Trump aide says opposition to Mitt Romney is \u2018breathtaking\u2019\nhttps://t.co/dynQWaIvGG https://t.co/3LvJ9XLszF",
            "entities": {
                "hashtags": [],
                "user_mentions": [],
                "media": [
                    {
                        "display_url": "pic.twitter.com/3LvJ9XLszF",
                        "media_url_https": "https://pbs.twimg.com/media/CyTj9CPUQAAtRHe.jpg",
                        "url": "https://t.co/3LvJ9XLszF",
                        "indices": [
                            84,
                            107
                        ],
                        "media_url": "http://pbs.twimg.com/media/CyTj9CPUQAAtRHe.jpg",
                        "id": 803017271291428864,
                        "sizes": {
                            "medium": {
                                "h": 639,
                                "w": 960,
                                "resize": "fit"
                            },
                            "large": {
                                "h": 639,
                                "w": 960,
                                "resize": "fit"
                            },
                            "small": {
                                "h": 453,
                                "w": 680,
                                "resize": "fit"
                            },
                            "thumb": {
                                "h": 150,
                                "w": 150,
                                "resize": "crop"
                            }
                        },
                        "expanded_url": "https://twitter.com/IdahoStatesman/status/803021842160062464/photo/1",
                        "type": "photo",
                        "id_str": "803017271291428864"
                    }
                ],
                "symbols": [],
                "urls": [
                    {
                        "display_url": "bit.ly/2fU7HVo",
                        "url": "https://t.co/dynQWaIvGG",
                        "expanded_url": "http://bit.ly/2fU7HVo",
                        "indices": [
                            60,
                            83
                        ]
                    }
                ]
            },
            "retweeted": false,
            "in_reply_to_user_id_str": null,
            "lang": "en",
            "metadata": {
                "result_type": "recent",
                "iso_language_code": "en"
            },
            "place": null,
            "created_at": "Sun Nov 27 23:45:01 +0000 2016",
            "retweet_count": 0,
            "id_str": "803021842160062464",
            "id": 803021842160062464,
            "favorite_count": 2,
            "possibly_sensitive": false,
            "extended_entities": {
                "media": [
                    {
                        "display_url": "pic.twitter.com/3LvJ9XLszF",
                        "media_url_https": "https://pbs.twimg.com/media/CyTj9CPUQAAtRHe.jpg",
                        "url": "https://t.co/3LvJ9XLszF",
                        "indices": [
                            84,
                            107
                        ],
                        "media_url": "http://pbs.twimg.com/media/CyTj9CPUQAAtRHe.jpg",
                        "id": 803017271291428864,
                        "sizes": {
                            "medium": {
                                "h": 639,
                                "w": 960,
                                "resize": "fit"
                            },
                            "large": {
                                "h": 639,
                                "w": 960,
                                "resize": "fit"
                            },
                            "small": {
                                "h": 453,
                                "w": 680,
                                "resize": "fit"
                            },
                            "thumb": {
                                "h": 150,
                                "w": 150,
                                "resize": "crop"
                            }
                        },
                        "expanded_url": "https://twitter.com/IdahoStatesman/status/803021842160062464/photo/1",
                        "type": "photo",
                        "id_str": "803017271291428864"
                    }
                ]
            },
            "user": {
                "listed_count": 963,
                "profile_sidebar_fill_color": "D2D9DF",
                "following": false,
                "profile_background_image_url_https": "https://pbs.twimg.com/profile_background_images/378800000085631847/7f0fc665468aa18cb5f8a9e188dc3234.jpeg",
                "is_translation_enabled": false,
                "followers_count": 57566,
                "verified": true,
                "profile_use_background_image": true,
                "screen_name": "IdahoStatesman",
                "profile_sidebar_border_color": "FFFFFF",
                "friends_count": 3302,
                "geo_enabled": false,
                "default_profile": false,
                "default_profile_image": false,
                "follow_request_sent": false,
                "profile_link_color": "537687",
                "notifications": false,
                "favourites_count": 836,
                "profile_background_image_url": "http://pbs.twimg.com/profile_background_images/378800000085631847/7f0fc665468aa18cb5f8a9e188dc3234.jpeg",
                "statuses_count": 70588,
                "utc_offset": -25200,
                "lang": "en",
                "profile_image_url_https": "https://pbs.twimg.com/profile_images/716333844366884864/ZO_uXpzm_normal.jpg",
                "profile_text_color": "000000",
                "description": "The Idaho Statesman newspaper is your #1 source for news, sports, outdoors, business, traffic, & more for Boise, Meridian, Eagle, Nampa, Idaho.",
                "profile_background_color": "344A7D",
                "created_at": "Wed Sep 19 18:56:13 +0000 2007",
                "protected": false,
                "id_str": "8980312",
                "has_extended_profile": false,
                "id": 8980312,
                "url": "http://t.co/706zMrpryW",
                "contributors_enabled": false,
                "location": "Boise, Idaho, USA",
                "is_translator": false,
                "profile_banner_url": "https://pbs.twimg.com/profile_banners/8980312/1360787921",
                "translator_type": "none",
                "entities": {
                    "url": {
                        "urls": [
                            {
                                "display_url": "idahostatesman.com",
                                "url": "http://t.co/706zMrpryW",
                                "expanded_url": "http://www.idahostatesman.com",
                                "indices": [
                                    0,
                                    22
                                ]
                            }
                        ]
                    },
                    "description": {
                        "urls": []
                    }
                },
                "profile_background_tile": false,
                "profile_image_url": "http://pbs.twimg.com/profile_images/716333844366884864/ZO_uXpzm_normal.jpg",
                "time_zone": "Mountain Time (US & Canada)",
                "name": "Idaho Statesman"
            },
            "is_quote_status": false
        },
        {
            "favorited": false,
            "contributors": null,
            "in_reply_to_screen_name": null,
            "in_reply_to_status_id": null,
            "source": "<a href=\"https://about.twitter.com/products/tweetdeck\" rel=\"nofollow\">TweetDeck</a>",
            "in_reply_to_user_id": null,
            "truncated": false,
            "geo": null,
            "in_reply_to_status_id_str": null,
            "coordinates": null,
            "text": "Letters threatening genocide, praising Trump sent to mosques\nhttps://t.co/kIsi5akmWr https://t.co/2evFrEZQtl",
            "entities": {
                "hashtags": [],
                "user_mentions": [],
                "media": [
                    {
                        "display_url": "pic.twitter.com/2evFrEZQtl",
                        "media_url_https": "https://pbs.twimg.com/media/CySsMAOVEAArfjv.jpg",
                        "url": "https://t.co/2evFrEZQtl",
                        "indices": [
                            85,
                            108
                        ],
                        "media_url": "http://pbs.twimg.com/media/CySsMAOVEAArfjv.jpg",
                        "id": 802955955797299200,
                        "sizes": {
                            "large": {
                                "h": 673,
                                "w": 960,
                                "resize": "fit"
                            },
                            "medium": {
                                "h": 673,
                                "w": 960,
                                "resize": "fit"
                            },
                            "small": {
                                "h": 477,
                                "w": 680,
                                "resize": "fit"
                            },
                            "thumb": {
                                "h": 150,
                                "w": 150,
                                "resize": "crop"
                            }
                        },
                        "expanded_url": "https://twitter.com/IdahoStatesman/status/803010517342109696/photo/1",
                        "type": "photo",
                        "id_str": "802955955797299200"
                    }
                ],
                "symbols": [],
                "urls": [
                    {
                        "display_url": "bit.ly/2g7spnF",
                        "url": "https://t.co/kIsi5akmWr",
                        "expanded_url": "http://bit.ly/2g7spnF",
                        "indices": [
                            61,
                            84
                        ]
                    }
                ]
            },
            "retweeted": false,
            "in_reply_to_user_id_str": null,
            "lang": "en",
            "metadata": {
                "result_type": "recent",
                "iso_language_code": "en"
            },
            "place": null,
            "created_at": "Sun Nov 27 23:00:01 +0000 2016",
            "retweet_count": 0,
            "id_str": "803010517342109696",
            "id": 803010517342109696,
            "favorite_count": 0,
            "possibly_sensitive": false,
            "extended_entities": {
                "media": [
                    {
                        "display_url": "pic.twitter.com/2evFrEZQtl",
                        "media_url_https": "https://pbs.twimg.com/media/CySsMAOVEAArfjv.jpg",
                        "url": "https://t.co/2evFrEZQtl",
                        "indices": [
                            85,
                            108
                        ],
                        "media_url": "http://pbs.twimg.com/media/CySsMAOVEAArfjv.jpg",
                        "id": 802955955797299200,
                        "sizes": {
                            "large": {
                                "h": 673,
                                "w": 960,
                                "resize": "fit"
                            },
                            "medium": {
                                "h": 673,
                                "w": 960,
                                "resize": "fit"
                            },
                            "small": {
                                "h": 477,
                                "w": 680,
                                "resize": "fit"
                            },
                            "thumb": {
                                "h": 150,
                                "w": 150,
                                "resize": "crop"
                            }
                        },
                        "expanded_url": "https://twitter.com/IdahoStatesman/status/803010517342109696/photo/1",
                        "type": "photo",
                        "id_str": "802955955797299200"
                    }
                ]
            },
            "user": {
                "listed_count": 963,
                "profile_sidebar_fill_color": "D2D9DF",
                "following": false,
                "profile_background_image_url_https": "https://pbs.twimg.com/profile_background_images/378800000085631847/7f0fc665468aa18cb5f8a9e188dc3234.jpeg",
                "is_translation_enabled": false,
                "followers_count": 57566,
                "verified": true,
                "profile_use_background_image": true,
                "screen_name": "IdahoStatesman",
                "profile_sidebar_border_color": "FFFFFF",
                "friends_count": 3302,
                "geo_enabled": false,
                "default_profile": false,
                "default_profile_image": false,
                "follow_request_sent": false,
                "profile_link_color": "537687",
                "notifications": false,
                "favourites_count": 836,
                "profile_background_image_url": "http://pbs.twimg.com/profile_background_images/378800000085631847/7f0fc665468aa18cb5f8a9e188dc3234.jpeg",
                "statuses_count": 70588,
                "utc_offset": -25200,
                "lang": "en",
                "profile_image_url_https": "https://pbs.twimg.com/profile_images/716333844366884864/ZO_uXpzm_normal.jpg",
                "profile_text_color": "000000",
                "description": "The Idaho Statesman newspaper is your #1 source for news, sports, outdoors, business, traffic, & more for Boise, Meridian, Eagle, Nampa, Idaho.",
                "profile_background_color": "344A7D",
                "created_at": "Wed Sep 19 18:56:13 +0000 2007",
                "protected": false,
                "id_str": "8980312",
                "has_extended_profile": false,
                "id": 8980312,
                "url": "http://t.co/706zMrpryW",
                "contributors_enabled": false,
                "location": "Boise, Idaho, USA",
                "is_translator": false,
                "profile_banner_url": "https://pbs.twimg.com/profile_banners/8980312/1360787921",
                "translator_type": "none",
                "entities": {
                    "url": {
                        "urls": [
                            {
                                "display_url": "idahostatesman.com",
                                "url": "http://t.co/706zMrpryW",
                                "expanded_url": "http://www.idahostatesman.com",
                                "indices": [
                                    0,
                                    22
                                ]
                            }
                        ]
                    },
                    "description": {
                        "urls": []
                    }
                },
                "profile_background_tile": false,
                "profile_image_url": "http://pbs.twimg.com/profile_images/716333844366884864/ZO_uXpzm_normal.jpg",
                "time_zone": "Mountain Time (US & Canada)",
                "name": "Idaho Statesman"
            },
            "is_quote_status": false
        },
        {
            "favorited": false,
            "contributors": null,
            "in_reply_to_screen_name": null,
            "in_reply_to_status_id": null,
            "source": "<a href=\"http://twitter.com\" rel=\"nofollow\">Twitter Web Client</a>",
            "in_reply_to_user_id": null,
            "truncated": false,
            "geo": null,
            "in_reply_to_status_id_str": null,
            "coordinates": null,
            "text": "Reddit CEO says he changed Trump supporters\u2019 posts to \u2018give the bullies a hard time\u2019 https://t.co/WW3hE2TLba",
            "entities": {
                "hashtags": [],
                "user_mentions": [],
                "symbols": [],
                "urls": [
                    {
                        "display_url": "idahostatesman.com/news/politics-\u2026",
                        "url": "https://t.co/WW3hE2TLba",
                        "expanded_url": "http://www.idahostatesman.com/news/politics-government/article117231758.html",
                        "indices": [
                            85,
                            108
                        ]
                    }
                ]
            },
            "retweeted": false,
            "in_reply_to_user_id_str": null,
            "lang": "en",
            "metadata": {
                "result_type": "recent",
                "iso_language_code": "en"
            },
            "place": null,
            "created_at": "Sun Nov 27 16:08:44 +0000 2016",
            "retweet_count": 1,
            "id_str": "802907015345381376",
            "id": 802907015345381376,
            "favorite_count": 2,
            "possibly_sensitive": false,
            "user": {
                "listed_count": 963,
                "profile_sidebar_fill_color": "D2D9DF",
                "following": false,
                "profile_background_image_url_https": "https://pbs.twimg.com/profile_background_images/378800000085631847/7f0fc665468aa18cb5f8a9e188dc3234.jpeg",
                "is_translation_enabled": false,
                "followers_count": 57566,
                "verified": true,
                "profile_use_background_image": true,
                "screen_name": "IdahoStatesman",
                "profile_sidebar_border_color": "FFFFFF",
                "friends_count": 3302,
                "geo_enabled": false,
                "default_profile": false,
                "default_profile_image": false,
                "follow_request_sent": false,
                "profile_link_color": "537687",
                "notifications": false,
                "favourites_count": 836,
                "profile_background_image_url": "http://pbs.twimg.com/profile_background_images/378800000085631847/7f0fc665468aa18cb5f8a9e188dc3234.jpeg",
                "statuses_count": 70588,
                "utc_offset": -25200,
                "lang": "en",
                "profile_image_url_https": "https://pbs.twimg.com/profile_images/716333844366884864/ZO_uXpzm_normal.jpg",
                "profile_text_color": "000000",
                "description": "The Idaho Statesman newspaper is your #1 source for news, sports, outdoors, business, traffic, & more for Boise, Meridian, Eagle, Nampa, Idaho.",
                "profile_background_color": "344A7D",
                "created_at": "Wed Sep 19 18:56:13 +0000 2007",
                "protected": false,
                "id_str": "8980312",
                "has_extended_profile": false,
                "id": 8980312,
                "url": "http://t.co/706zMrpryW",
                "contributors_enabled": false,
                "location": "Boise, Idaho, USA",
                "is_translator": false,
                "profile_banner_url": "https://pbs.twimg.com/profile_banners/8980312/1360787921",
                "translator_type": "none",
                "entities": {
                    "url": {
                        "urls": [
                            {
                                "display_url": "idahostatesman.com",
                                "url": "http://t.co/706zMrpryW",
                                "expanded_url": "http://www.idahostatesman.com",
                                "indices": [
                                    0,
                                    22
                                ]
                            }
                        ]
                    },
                    "description": {
                        "urls": []
                    }
                },
                "profile_background_tile": false,
                "profile_image_url": "http://pbs.twimg.com/profile_images/716333844366884864/ZO_uXpzm_normal.jpg",
                "time_zone": "Mountain Time (US & Canada)",
                "name": "Idaho Statesman"
            },
            "is_quote_status": false
        },
        {
            "favorited": false,
            "contributors": null,
            "in_reply_to_screen_name": null,
            "in_reply_to_status_id": null,
            "source": "<a href=\"https://about.twitter.com/products/tweetdeck\" rel=\"nofollow\">TweetDeck</a>",
            "in_reply_to_user_id": null,
            "truncated": false,
            "geo": null,
            "in_reply_to_status_id_str": null,
            "coordinates": null,
            "text": "Clinton campaign will join recount effort in Wisconsin; Trump slams recount push as \u2018a scam\u2019\nhttps://t.co/XxYUauX3rs\nhttps://t.co/FY9fhjdbgU",
            "entities": {
                "hashtags": [],
                "user_mentions": [],
                "symbols": [],
                "urls": [
                    {
                        "display_url": "bit.ly/2fQSHHS",
                        "url": "https://t.co/XxYUauX3rs",
                        "expanded_url": "http://bit.ly/2fQSHHS",
                        "indices": [
                            93,
                            116
                        ]
                    },
                    {
                        "display_url": "bit.ly/2fQUFYF",
                        "url": "https://t.co/FY9fhjdbgU",
                        "expanded_url": "http://bit.ly/2fQUFYF",
                        "indices": [
                            117,
                            140
                        ]
                    }
                ]
            },
            "retweeted": false,
            "in_reply_to_user_id_str": null,
            "lang": "en",
            "metadata": {
                "result_type": "recent",
                "iso_language_code": "en"
            },
            "place": null,
            "created_at": "Sun Nov 27 02:00:00 +0000 2016",
            "retweet_count": 1,
            "id_str": "802693426445746176",
            "id": 802693426445746176,
            "favorite_count": 2,
            "possibly_sensitive": false,
            "user": {
                "listed_count": 963,
                "profile_sidebar_fill_color": "D2D9DF",
                "following": false,
                "profile_background_image_url_https": "https://pbs.twimg.com/profile_background_images/378800000085631847/7f0fc665468aa18cb5f8a9e188dc3234.jpeg",
                "is_translation_enabled": false,
                "followers_count": 57566,
                "verified": true,
                "profile_use_background_image": true,
                "screen_name": "IdahoStatesman",
                "profile_sidebar_border_color": "FFFFFF",
                "friends_count": 3302,
                "geo_enabled": false,
                "default_profile": false,
                "default_profile_image": false,
                "follow_request_sent": false,
                "profile_link_color": "537687",
                "notifications": false,
                "favourites_count": 836,
                "profile_background_image_url": "http://pbs.twimg.com/profile_background_images/378800000085631847/7f0fc665468aa18cb5f8a9e188dc3234.jpeg",
                "statuses_count": 70588,
                "utc_offset": -25200,
                "lang": "en",
                "profile_image_url_https": "https://pbs.twimg.com/profile_images/716333844366884864/ZO_uXpzm_normal.jpg",
                "profile_text_color": "000000",
                "description": "The Idaho Statesman newspaper is your #1 source for news, sports, outdoors, business, traffic, & more for Boise, Meridian, Eagle, Nampa, Idaho.",
                "profile_background_color": "344A7D",
                "created_at": "Wed Sep 19 18:56:13 +0000 2007",
                "protected": false,
                "id_str": "8980312",
                "has_extended_profile": false,
                "id": 8980312,
                "url": "http://t.co/706zMrpryW",
                "contributors_enabled": false,
                "location": "Boise, Idaho, USA",
                "is_translator": false,
                "profile_banner_url": "https://pbs.twimg.com/profile_banners/8980312/1360787921",
                "translator_type": "none",
                "entities": {
                    "url": {
                        "urls": [
                            {
                                "display_url": "idahostatesman.com",
                                "url": "http://t.co/706zMrpryW",
                                "expanded_url": "http://www.idahostatesman.com",
                                "indices": [
                                    0,
                                    22
                                ]
                            }
                        ]
                    },
                    "description": {
                        "urls": []
                    }
                },
                "profile_background_tile": false,
                "profile_image_url": "http://pbs.twimg.com/profile_images/716333844366884864/ZO_uXpzm_normal.jpg",
                "time_zone": "Mountain Time (US & Canada)",
                "name": "Idaho Statesman"
            },
            "is_quote_status": false
        }
    ]
}