{
    "search_metadata": {
        "max_id_str": "802980328381874177",
        "since_id_str": "0",
        "query": "Trump+from%3Aindystar+since%3A2016-11-27+until%3A2016-11-28+filter%3Alinks+-%40indystar",
        "completed_in": 0.022,
        "refresh_url": "?since_id=802980328381874177&q=Trump%20from%3Aindystar%20since%3A2016-11-27%20until%3A2016-11-28%20filter%3Alinks%20-%40indystar&include_entities=1",
        "since_id": 0,
        "max_id": 802980328381874177,
        "count": 100
    },
    "statuses": [
        {
            "favorited": false,
            "contributors": null,
            "in_reply_to_screen_name": null,
            "in_reply_to_status_id": null,
            "source": "<a href=\"http://dlvr.it\" rel=\"nofollow\">dlvr.it</a>",
            "in_reply_to_user_id": null,
            "truncated": false,
            "geo": null,
            "in_reply_to_status_id_str": null,
            "coordinates": null,
            "text": "Bernie Sanders urges Donald Trump to keep Carrier promise https://t.co/UmVKbIxrDa https://t.co/BdDmXZjrnP",
            "entities": {
                "hashtags": [],
                "user_mentions": [],
                "media": [
                    {
                        "display_url": "pic.twitter.com/BdDmXZjrnP",
                        "media_url_https": "https://pbs.twimg.com/media/CyTCWisUsAEHLzM.jpg",
                        "url": "https://t.co/BdDmXZjrnP",
                        "indices": [
                            82,
                            105
                        ],
                        "media_url": "http://pbs.twimg.com/media/CyTCWisUsAEHLzM.jpg",
                        "id": 802980326104412161,
                        "sizes": {
                            "large": {
                                "h": 630,
                                "w": 1200,
                                "resize": "fit"
                            },
                            "medium": {
                                "h": 630,
                                "w": 1200,
                                "resize": "fit"
                            },
                            "small": {
                                "h": 357,
                                "w": 680,
                                "resize": "fit"
                            },
                            "thumb": {
                                "h": 150,
                                "w": 150,
                                "resize": "crop"
                            }
                        },
                        "expanded_url": "https://twitter.com/indystar/status/802980328381874177/photo/1",
                        "type": "photo",
                        "id_str": "802980326104412161"
                    }
                ],
                "symbols": [],
                "urls": [
                    {
                        "display_url": "dlvr.it/MlrRZB",
                        "url": "https://t.co/UmVKbIxrDa",
                        "expanded_url": "http://dlvr.it/MlrRZB",
                        "indices": [
                            58,
                            81
                        ]
                    }
                ]
            },
            "retweeted": false,
            "in_reply_to_user_id_str": null,
            "lang": "en",
            "metadata": {
                "result_type": "recent",
                "iso_language_code": "en"
            },
            "place": null,
            "created_at": "Sun Nov 27 21:00:03 +0000 2016",
            "retweet_count": 3,
            "id_str": "802980328381874177",
            "id": 802980328381874177,
            "favorite_count": 13,
            "possibly_sensitive": false,
            "extended_entities": {
                "media": [
                    {
                        "display_url": "pic.twitter.com/BdDmXZjrnP",
                        "media_url_https": "https://pbs.twimg.com/media/CyTCWisUsAEHLzM.jpg",
                        "url": "https://t.co/BdDmXZjrnP",
                        "indices": [
                            82,
                            105
                        ],
                        "media_url": "http://pbs.twimg.com/media/CyTCWisUsAEHLzM.jpg",
                        "id": 802980326104412161,
                        "sizes": {
                            "large": {
                                "h": 630,
                                "w": 1200,
                                "resize": "fit"
                            },
                            "medium": {
                                "h": 630,
                                "w": 1200,
                                "resize": "fit"
                            },
                            "small": {
                                "h": 357,
                                "w": 680,
                                "resize": "fit"
                            },
                            "thumb": {
                                "h": 150,
                                "w": 150,
                                "resize": "crop"
                            }
                        },
                        "expanded_url": "https://twitter.com/indystar/status/802980328381874177/photo/1",
                        "type": "photo",
                        "id_str": "802980326104412161"
                    }
                ]
            },
            "user": {
                "listed_count": 2685,
                "profile_sidebar_fill_color": "E8E6D0",
                "following": false,
                "profile_background_image_url_https": "https://pbs.twimg.com/profile_background_images/378800000123769352/f3a8ad0c9fe01151df8cf34eb18efb5c.jpeg",
                "is_translation_enabled": false,
                "followers_count": 194309,
                "verified": true,
                "profile_use_background_image": true,
                "screen_name": "indystar",
                "profile_sidebar_border_color": "FFFFFF",
                "friends_count": 414,
                "geo_enabled": true,
                "default_profile": false,
                "default_profile_image": false,
                "follow_request_sent": false,
                "profile_link_color": "1373C0",
                "notifications": false,
                "favourites_count": 1468,
                "profile_background_image_url": "http://pbs.twimg.com/profile_background_images/378800000123769352/f3a8ad0c9fe01151df8cf34eb18efb5c.jpeg",
                "statuses_count": 150564,
                "utc_offset": -18000,
                "lang": "en",
                "profile_image_url_https": "https://pbs.twimg.com/profile_images/557169583878963204/zW17iH7I_normal.jpeg",
                "profile_text_color": "000000",
                "description": "News that matters. Sports that thrill. A city that excites. Your IndyStar: Serving the greater good of Central Indiana with local journalism.",
                "profile_background_color": "333333",
                "created_at": "Wed Oct 01 20:50:45 +0000 2008",
                "protected": false,
                "id_str": "16550142",
                "has_extended_profile": false,
                "id": 16550142,
                "url": "http://t.co/AHcf6xQRJC",
                "contributors_enabled": false,
                "location": "Indianapolis, IN",
                "is_translator": false,
                "profile_banner_url": "https://pbs.twimg.com/profile_banners/16550142/1415827321",
                "translator_type": "none",
                "entities": {
                    "url": {
                        "urls": [
                            {
                                "display_url": "indystar.com",
                                "url": "http://t.co/AHcf6xQRJC",
                                "expanded_url": "http://www.indystar.com/",
                                "indices": [
                                    0,
                                    22
                                ]
                            }
                        ]
                    },
                    "description": {
                        "urls": []
                    }
                },
                "profile_background_tile": false,
                "profile_image_url": "http://pbs.twimg.com/profile_images/557169583878963204/zW17iH7I_normal.jpeg",
                "time_zone": "Eastern Time (US & Canada)",
                "name": "IndyStar"
            },
            "is_quote_status": false
        }
    ]
}