{
    "search_metadata": {
        "max_id_str": "803455428818411520",
        "since_id_str": "0",
        "query": "Trump+from%3AMidWeekHawaii+since%3A2016-11-27+until%3A2016-11-28+filter%3Alinks+-%40MidWeekHawaii",
        "completed_in": 0.043,
        "refresh_url": "?since_id=803455428818411520&q=Trump%20from%3AMidWeekHawaii%20since%3A2016-11-27%20until%3A2016-11-28%20filter%3Alinks%20-%40MidWeekHawaii&include_entities=1",
        "since_id": 0,
        "max_id": 803455428818411520,
        "count": 100
    },
    "statuses": []
}