{
    "search_metadata": {
        "max_id_str": "803455402151026688",
        "since_id_str": "0",
        "query": "Trump+from%3Anhregister+since%3A2016-11-27+until%3A2016-11-28+filter%3Alinks+-%40nhregister",
        "completed_in": 0.012,
        "refresh_url": "?since_id=803455402151026688&q=Trump%20from%3Anhregister%20since%3A2016-11-27%20until%3A2016-11-28%20filter%3Alinks%20-%40nhregister&include_entities=1",
        "since_id": 0,
        "max_id": 803455402151026688,
        "count": 100
    },
    "statuses": []
}