{
    "search_metadata": {
        "max_id_str": "803455382702034944",
        "since_id_str": "0",
        "query": "Trump+from%3Anwademgaz+since%3A2016-11-27+until%3A2016-11-28+filter%3Alinks+-%40nwademgaz",
        "completed_in": 0.024,
        "refresh_url": "?since_id=803455382702034944&q=Trump%20from%3Anwademgaz%20since%3A2016-11-27%20until%3A2016-11-28%20filter%3Alinks%20-%40nwademgaz&include_entities=1",
        "since_id": 0,
        "max_id": 803455382702034944,
        "count": 100
    },
    "statuses": []
}