{
    "search_metadata": {
        "max_id_str": "802990143552585728",
        "since_id_str": "0",
        "query": "Trump+from%3Anwi+since%3A2016-11-27+until%3A2016-11-28+filter%3Alinks+-%40nwi",
        "completed_in": 0.04,
        "refresh_url": "?since_id=802990143552585728&q=Trump%20from%3Anwi%20since%3A2016-11-27%20until%3A2016-11-28%20filter%3Alinks%20-%40nwi&include_entities=1",
        "since_id": 0,
        "max_id": 802990143552585728,
        "count": 100
    },
    "statuses": [
        {
            "favorited": false,
            "contributors": null,
            "in_reply_to_screen_name": null,
            "in_reply_to_status_id": null,
            "source": "<a href=\"http://bufferapp.com\" rel=\"nofollow\">Buffer</a>",
            "in_reply_to_user_id": null,
            "truncated": false,
            "geo": null,
            "in_reply_to_status_id_str": null,
            "coordinates": null,
            "text": "Trump assails effort to recount votes; aide slams Romney: https://t.co/oaWHkrzzC0 https://t.co/kneDHIWNYq",
            "entities": {
                "hashtags": [],
                "user_mentions": [],
                "media": [
                    {
                        "display_url": "pic.twitter.com/kneDHIWNYq",
                        "media_url_https": "https://pbs.twimg.com/media/CyTLR3jVQAA9eok.jpg",
                        "url": "https://t.co/kneDHIWNYq",
                        "indices": [
                            82,
                            105
                        ],
                        "media_url": "http://pbs.twimg.com/media/CyTLR3jVQAA9eok.jpg",
                        "id": 802990141409148928,
                        "sizes": {
                            "large": {
                                "h": 288,
                                "w": 512,
                                "resize": "fit"
                            },
                            "medium": {
                                "h": 288,
                                "w": 512,
                                "resize": "fit"
                            },
                            "small": {
                                "h": 288,
                                "w": 512,
                                "resize": "fit"
                            },
                            "thumb": {
                                "h": 150,
                                "w": 150,
                                "resize": "crop"
                            }
                        },
                        "expanded_url": "https://twitter.com/nwi/status/802990143552585728/photo/1",
                        "type": "photo",
                        "id_str": "802990141409148928"
                    }
                ],
                "symbols": [],
                "urls": [
                    {
                        "display_url": "buff.ly/2fTQ6wv",
                        "url": "https://t.co/oaWHkrzzC0",
                        "expanded_url": "http://buff.ly/2fTQ6wv",
                        "indices": [
                            58,
                            81
                        ]
                    }
                ]
            },
            "retweeted": false,
            "in_reply_to_user_id_str": null,
            "lang": "en",
            "metadata": {
                "result_type": "recent",
                "iso_language_code": "en"
            },
            "place": null,
            "created_at": "Sun Nov 27 21:39:03 +0000 2016",
            "retweet_count": 0,
            "id_str": "802990143552585728",
            "id": 802990143552585728,
            "favorite_count": 0,
            "possibly_sensitive": false,
            "extended_entities": {
                "media": [
                    {
                        "display_url": "pic.twitter.com/kneDHIWNYq",
                        "media_url_https": "https://pbs.twimg.com/media/CyTLR3jVQAA9eok.jpg",
                        "url": "https://t.co/kneDHIWNYq",
                        "indices": [
                            82,
                            105
                        ],
                        "media_url": "http://pbs.twimg.com/media/CyTLR3jVQAA9eok.jpg",
                        "id": 802990141409148928,
                        "sizes": {
                            "large": {
                                "h": 288,
                                "w": 512,
                                "resize": "fit"
                            },
                            "medium": {
                                "h": 288,
                                "w": 512,
                                "resize": "fit"
                            },
                            "small": {
                                "h": 288,
                                "w": 512,
                                "resize": "fit"
                            },
                            "thumb": {
                                "h": 150,
                                "w": 150,
                                "resize": "crop"
                            }
                        },
                        "expanded_url": "https://twitter.com/nwi/status/802990143552585728/photo/1",
                        "type": "photo",
                        "id_str": "802990141409148928"
                    }
                ]
            },
            "user": {
                "listed_count": 473,
                "profile_sidebar_fill_color": "EFF3F6",
                "following": false,
                "profile_background_image_url_https": "https://pbs.twimg.com/profile_background_images/104628393/logo_big.jpg",
                "is_translation_enabled": false,
                "followers_count": 38619,
                "verified": false,
                "profile_use_background_image": true,
                "screen_name": "nwi",
                "profile_sidebar_border_color": "84ABD4",
                "friends_count": 2533,
                "geo_enabled": true,
                "default_profile": false,
                "default_profile_image": false,
                "follow_request_sent": false,
                "profile_link_color": "2E436D",
                "notifications": false,
                "favourites_count": 370,
                "profile_background_image_url": "http://pbs.twimg.com/profile_background_images/104628393/logo_big.jpg",
                "statuses_count": 91419,
                "utc_offset": -21600,
                "lang": "en",
                "profile_image_url_https": "https://pbs.twimg.com/profile_images/589830004713783296/TxKajIMq_normal.jpg",
                "profile_text_color": "000000",
                "description": "Bringing news, information and entertainment to residents of #nwindiana. Also big believers that #civilitycounts.",
                "profile_background_color": "FFFFFF",
                "created_at": "Wed Apr 25 21:07:09 +0000 2007",
                "protected": false,
                "id_str": "5508672",
                "has_extended_profile": false,
                "id": 5508672,
                "url": "https://t.co/OVDinPlrCH",
                "contributors_enabled": false,
                "location": "Munster, IN",
                "is_translator": false,
                "profile_banner_url": "https://pbs.twimg.com/profile_banners/5508672/1469150282",
                "translator_type": "none",
                "entities": {
                    "url": {
                        "urls": [
                            {
                                "display_url": "nwi.com",
                                "url": "https://t.co/OVDinPlrCH",
                                "expanded_url": "http://nwi.com",
                                "indices": [
                                    0,
                                    23
                                ]
                            }
                        ]
                    },
                    "description": {
                        "urls": []
                    }
                },
                "profile_background_tile": true,
                "profile_image_url": "http://pbs.twimg.com/profile_images/589830004713783296/TxKajIMq_normal.jpg",
                "time_zone": "Central Time (US & Canada)",
                "name": "nwi.com"
            },
            "is_quote_status": false
        }
    ]
}