{
    "statuses": [
        {
            "in_reply_to_user_id": null,
            "favorited": false,
            "lang": "en",
            "metadata": {
                "iso_language_code": "en",
                "result_type": "recent"
            },
            "possibly_sensitive": false,
            "user": {
                "profile_banner_url": "https://pbs.twimg.com/profile_banners/2992751/1404326529",
                "default_profile_image": false,
                "lang": "en",
                "is_translator": false,
                "geo_enabled": false,
                "notifications": false,
                "profile_image_url": "http://pbs.twimg.com/profile_images/761734510073503744/7LdsEE9Y_normal.jpg",
                "description": "News updates from the largest news org in the Pacific NW. See it all at http://t.co/ToPnEyXhD7. Find reporter and more accounts in our lists.",
                "friends_count": 433,
                "verified": true,
                "created_at": "Fri Mar 30 17:03:06 +0000 2007",
                "is_translation_enabled": false,
                "url": "http://t.co/8QfAUsYcQx",
                "profile_background_image_url": "http://pbs.twimg.com/profile_background_images/447095410570444800/nQeYxpx0.jpeg",
                "contributors_enabled": false,
                "profile_link_color": "0000FF",
                "profile_background_color": "FFFFFF",
                "listed_count": 3793,
                "profile_text_color": "000000",
                "time_zone": "Pacific Time (US & Canada)",
                "default_profile": false,
                "entities": {
                    "description": {
                        "urls": [
                            {
                                "expanded_url": "http://OregonLive.com",
                                "display_url": "OregonLive.com",
                                "url": "http://t.co/ToPnEyXhD7",
                                "indices": [
                                    72,
                                    94
                                ]
                            }
                        ]
                    },
                    "url": {
                        "urls": [
                            {
                                "expanded_url": "http://oregonlive.com",
                                "display_url": "oregonlive.com",
                                "url": "http://t.co/8QfAUsYcQx",
                                "indices": [
                                    0,
                                    22
                                ]
                            }
                        ]
                    }
                },
                "profile_background_tile": false,
                "profile_image_url_https": "https://pbs.twimg.com/profile_images/761734510073503744/7LdsEE9Y_normal.jpg",
                "profile_sidebar_border_color": "FFFFFF",
                "following": false,
                "utc_offset": -28800,
                "follow_request_sent": false,
                "followers_count": 209046,
                "id_str": "2992751",
                "profile_use_background_image": true,
                "protected": false,
                "statuses_count": 95088,
                "profile_sidebar_fill_color": "CDCDCD",
                "name": "The Oregonian",
                "translator_type": "none",
                "screen_name": "Oregonian",
                "id": 2992751,
                "has_extended_profile": false,
                "favourites_count": 798,
                "location": "Portland, Oregon",
                "profile_background_image_url_https": "https://pbs.twimg.com/profile_background_images/447095410570444800/nQeYxpx0.jpeg"
            },
            "in_reply_to_screen_name": null,
            "retweet_count": 4,
            "text": "Women rush to Planned Parenthood before Donald Trump takes office https://t.co/LMp4rWKQuH https://t.co/Z0GXYfmdZo",
            "place": null,
            "created_at": "Sun Nov 27 17:46:43 +0000 2016",
            "is_quote_status": false,
            "source": "<a href=\"http://www.socialflow.com\" rel=\"nofollow\">SocialFlow</a>",
            "entities": {
                "urls": [
                    {
                        "expanded_url": "http://bit.ly/2fTv0yA",
                        "display_url": "bit.ly/2fTv0yA",
                        "url": "https://t.co/LMp4rWKQuH",
                        "indices": [
                            66,
                            89
                        ]
                    }
                ],
                "symbols": [],
                "media": [
                    {
                        "media_url": "http://pbs.twimg.com/media/CySWGYNWEAEdWdB.jpg",
                        "expanded_url": "https://twitter.com/Oregonian/status/802931673008631808/photo/1",
                        "display_url": "pic.twitter.com/Z0GXYfmdZo",
                        "url": "https://t.co/Z0GXYfmdZo",
                        "media_url_https": "https://pbs.twimg.com/media/CySWGYNWEAEdWdB.jpg",
                        "sizes": {
                            "thumb": {
                                "w": 150,
                                "h": 150,
                                "resize": "crop"
                            },
                            "medium": {
                                "w": 620,
                                "h": 387,
                                "resize": "fit"
                            },
                            "large": {
                                "w": 620,
                                "h": 387,
                                "resize": "fit"
                            },
                            "small": {
                                "w": 620,
                                "h": 387,
                                "resize": "fit"
                            }
                        },
                        "id": 802931669900595201,
                        "type": "photo",
                        "id_str": "802931669900595201",
                        "indices": [
                            90,
                            113
                        ]
                    }
                ],
                "user_mentions": [],
                "hashtags": []
            },
            "favorite_count": 10,
            "geo": null,
            "in_reply_to_status_id": null,
            "contributors": null,
            "truncated": false,
            "id_str": "802931673008631808",
            "retweeted": false,
            "coordinates": null,
            "id": 802931673008631808,
            "extended_entities": {
                "media": [
                    {
                        "media_url": "http://pbs.twimg.com/media/CySWGYNWEAEdWdB.jpg",
                        "expanded_url": "https://twitter.com/Oregonian/status/802931673008631808/photo/1",
                        "display_url": "pic.twitter.com/Z0GXYfmdZo",
                        "url": "https://t.co/Z0GXYfmdZo",
                        "media_url_https": "https://pbs.twimg.com/media/CySWGYNWEAEdWdB.jpg",
                        "sizes": {
                            "thumb": {
                                "w": 150,
                                "h": 150,
                                "resize": "crop"
                            },
                            "medium": {
                                "w": 620,
                                "h": 387,
                                "resize": "fit"
                            },
                            "large": {
                                "w": 620,
                                "h": 387,
                                "resize": "fit"
                            },
                            "small": {
                                "w": 620,
                                "h": 387,
                                "resize": "fit"
                            }
                        },
                        "id": 802931669900595201,
                        "type": "photo",
                        "id_str": "802931669900595201",
                        "indices": [
                            90,
                            113
                        ]
                    }
                ]
            },
            "in_reply_to_status_id_str": null,
            "in_reply_to_user_id_str": null
        },
        {
            "in_reply_to_user_id": null,
            "favorited": false,
            "lang": "en",
            "metadata": {
                "iso_language_code": "en",
                "result_type": "recent"
            },
            "possibly_sensitive": false,
            "user": {
                "profile_banner_url": "https://pbs.twimg.com/profile_banners/2992751/1404326529",
                "default_profile_image": false,
                "lang": "en",
                "is_translator": false,
                "geo_enabled": false,
                "notifications": false,
                "profile_image_url": "http://pbs.twimg.com/profile_images/761734510073503744/7LdsEE9Y_normal.jpg",
                "description": "News updates from the largest news org in the Pacific NW. See it all at http://t.co/ToPnEyXhD7. Find reporter and more accounts in our lists.",
                "friends_count": 433,
                "verified": true,
                "created_at": "Fri Mar 30 17:03:06 +0000 2007",
                "is_translation_enabled": false,
                "url": "http://t.co/8QfAUsYcQx",
                "profile_background_image_url": "http://pbs.twimg.com/profile_background_images/447095410570444800/nQeYxpx0.jpeg",
                "contributors_enabled": false,
                "profile_link_color": "0000FF",
                "profile_background_color": "FFFFFF",
                "listed_count": 3793,
                "profile_text_color": "000000",
                "time_zone": "Pacific Time (US & Canada)",
                "default_profile": false,
                "entities": {
                    "description": {
                        "urls": [
                            {
                                "expanded_url": "http://OregonLive.com",
                                "display_url": "OregonLive.com",
                                "url": "http://t.co/ToPnEyXhD7",
                                "indices": [
                                    72,
                                    94
                                ]
                            }
                        ]
                    },
                    "url": {
                        "urls": [
                            {
                                "expanded_url": "http://oregonlive.com",
                                "display_url": "oregonlive.com",
                                "url": "http://t.co/8QfAUsYcQx",
                                "indices": [
                                    0,
                                    22
                                ]
                            }
                        ]
                    }
                },
                "profile_background_tile": false,
                "profile_image_url_https": "https://pbs.twimg.com/profile_images/761734510073503744/7LdsEE9Y_normal.jpg",
                "profile_sidebar_border_color": "FFFFFF",
                "following": false,
                "utc_offset": -28800,
                "follow_request_sent": false,
                "followers_count": 209046,
                "id_str": "2992751",
                "profile_use_background_image": true,
                "protected": false,
                "statuses_count": 95088,
                "profile_sidebar_fill_color": "CDCDCD",
                "name": "The Oregonian",
                "translator_type": "none",
                "screen_name": "Oregonian",
                "id": 2992751,
                "has_extended_profile": false,
                "favourites_count": 798,
                "location": "Portland, Oregon",
                "profile_background_image_url_https": "https://pbs.twimg.com/profile_background_images/447095410570444800/nQeYxpx0.jpeg"
            },
            "in_reply_to_screen_name": null,
            "retweet_count": 12,
            "text": "2 Oregon officers led online 'mob' against woman for supporting Donald Trump protest, she says\u2026 https://t.co/kLIlGE12e7",
            "place": null,
            "created_at": "Sun Nov 27 17:08:27 +0000 2016",
            "is_quote_status": false,
            "source": "<a href=\"http://www.socialflow.com\" rel=\"nofollow\">SocialFlow</a>",
            "entities": {
                "urls": [
                    {
                        "expanded_url": "https://twitter.com/i/web/status/802922042936922112",
                        "display_url": "twitter.com/i/web/status/8\u2026",
                        "url": "https://t.co/kLIlGE12e7",
                        "indices": [
                            96,
                            119
                        ]
                    }
                ],
                "symbols": [],
                "user_mentions": [],
                "hashtags": []
            },
            "favorite_count": 8,
            "geo": null,
            "in_reply_to_status_id": null,
            "contributors": null,
            "truncated": true,
            "id_str": "802922042936922112",
            "retweeted": false,
            "coordinates": null,
            "id": 802922042936922112,
            "in_reply_to_status_id_str": null,
            "in_reply_to_user_id_str": null
        },
        {
            "in_reply_to_user_id": null,
            "favorited": false,
            "lang": "en",
            "metadata": {
                "iso_language_code": "en",
                "result_type": "recent"
            },
            "possibly_sensitive": false,
            "user": {
                "profile_banner_url": "https://pbs.twimg.com/profile_banners/2992751/1404326529",
                "default_profile_image": false,
                "lang": "en",
                "is_translator": false,
                "geo_enabled": false,
                "notifications": false,
                "profile_image_url": "http://pbs.twimg.com/profile_images/761734510073503744/7LdsEE9Y_normal.jpg",
                "description": "News updates from the largest news org in the Pacific NW. See it all at http://t.co/ToPnEyXhD7. Find reporter and more accounts in our lists.",
                "friends_count": 433,
                "verified": true,
                "created_at": "Fri Mar 30 17:03:06 +0000 2007",
                "is_translation_enabled": false,
                "url": "http://t.co/8QfAUsYcQx",
                "profile_background_image_url": "http://pbs.twimg.com/profile_background_images/447095410570444800/nQeYxpx0.jpeg",
                "contributors_enabled": false,
                "profile_link_color": "0000FF",
                "profile_background_color": "FFFFFF",
                "listed_count": 3793,
                "profile_text_color": "000000",
                "time_zone": "Pacific Time (US & Canada)",
                "default_profile": false,
                "entities": {
                    "description": {
                        "urls": [
                            {
                                "expanded_url": "http://OregonLive.com",
                                "display_url": "OregonLive.com",
                                "url": "http://t.co/ToPnEyXhD7",
                                "indices": [
                                    72,
                                    94
                                ]
                            }
                        ]
                    },
                    "url": {
                        "urls": [
                            {
                                "expanded_url": "http://oregonlive.com",
                                "display_url": "oregonlive.com",
                                "url": "http://t.co/8QfAUsYcQx",
                                "indices": [
                                    0,
                                    22
                                ]
                            }
                        ]
                    }
                },
                "profile_background_tile": false,
                "profile_image_url_https": "https://pbs.twimg.com/profile_images/761734510073503744/7LdsEE9Y_normal.jpg",
                "profile_sidebar_border_color": "FFFFFF",
                "following": false,
                "utc_offset": -28800,
                "follow_request_sent": false,
                "followers_count": 209046,
                "id_str": "2992751",
                "profile_use_background_image": true,
                "protected": false,
                "statuses_count": 95088,
                "profile_sidebar_fill_color": "CDCDCD",
                "name": "The Oregonian",
                "translator_type": "none",
                "screen_name": "Oregonian",
                "id": 2992751,
                "has_extended_profile": false,
                "favourites_count": 798,
                "location": "Portland, Oregon",
                "profile_background_image_url_https": "https://pbs.twimg.com/profile_background_images/447095410570444800/nQeYxpx0.jpeg"
            },
            "in_reply_to_screen_name": null,
            "retweet_count": 53,
            "text": "Somebody turned Donald Trump's Manhattan building into 'Dump Tower' on Google Maps https://t.co/bKwcgioLCM https://t.co/58gcOONO4i",
            "place": null,
            "created_at": "Sun Nov 27 05:28:58 +0000 2016",
            "is_quote_status": false,
            "source": "<a href=\"http://www.socialflow.com\" rel=\"nofollow\">SocialFlow</a>",
            "entities": {
                "urls": [
                    {
                        "expanded_url": "http://bit.ly/2fRxXzJ",
                        "display_url": "bit.ly/2fRxXzJ",
                        "url": "https://t.co/bKwcgioLCM",
                        "indices": [
                            83,
                            106
                        ]
                    }
                ],
                "symbols": [],
                "media": [
                    {
                        "media_url": "http://pbs.twimg.com/media/CyPtPiNXgAAW0k_.jpg",
                        "expanded_url": "https://twitter.com/Oregonian/status/802746011764617216/photo/1",
                        "display_url": "pic.twitter.com/58gcOONO4i",
                        "url": "https://t.co/58gcOONO4i",
                        "media_url_https": "https://pbs.twimg.com/media/CyPtPiNXgAAW0k_.jpg",
                        "sizes": {
                            "thumb": {
                                "w": 150,
                                "h": 150,
                                "resize": "crop"
                            },
                            "medium": {
                                "w": 600,
                                "h": 312,
                                "resize": "fit"
                            },
                            "large": {
                                "w": 600,
                                "h": 312,
                                "resize": "fit"
                            },
                            "small": {
                                "w": 600,
                                "h": 312,
                                "resize": "fit"
                            }
                        },
                        "id": 802746009738772480,
                        "type": "photo",
                        "id_str": "802746009738772480",
                        "indices": [
                            107,
                            130
                        ]
                    }
                ],
                "user_mentions": [],
                "hashtags": []
            },
            "favorite_count": 158,
            "geo": null,
            "in_reply_to_status_id": null,
            "contributors": null,
            "truncated": false,
            "id_str": "802746011764617216",
            "retweeted": false,
            "coordinates": null,
            "id": 802746011764617216,
            "extended_entities": {
                "media": [
                    {
                        "media_url": "http://pbs.twimg.com/media/CyPtPiNXgAAW0k_.jpg",
                        "expanded_url": "https://twitter.com/Oregonian/status/802746011764617216/photo/1",
                        "display_url": "pic.twitter.com/58gcOONO4i",
                        "url": "https://t.co/58gcOONO4i",
                        "media_url_https": "https://pbs.twimg.com/media/CyPtPiNXgAAW0k_.jpg",
                        "sizes": {
                            "thumb": {
                                "w": 150,
                                "h": 150,
                                "resize": "crop"
                            },
                            "medium": {
                                "w": 600,
                                "h": 312,
                                "resize": "fit"
                            },
                            "large": {
                                "w": 600,
                                "h": 312,
                                "resize": "fit"
                            },
                            "small": {
                                "w": 600,
                                "h": 312,
                                "resize": "fit"
                            }
                        },
                        "id": 802746009738772480,
                        "type": "photo",
                        "id_str": "802746009738772480",
                        "indices": [
                            107,
                            130
                        ]
                    }
                ]
            },
            "in_reply_to_status_id_str": null,
            "in_reply_to_user_id_str": null
        },
        {
            "in_reply_to_user_id": null,
            "favorited": false,
            "lang": "en",
            "metadata": {
                "iso_language_code": "en",
                "result_type": "recent"
            },
            "possibly_sensitive": false,
            "user": {
                "profile_banner_url": "https://pbs.twimg.com/profile_banners/2992751/1404326529",
                "default_profile_image": false,
                "lang": "en",
                "is_translator": false,
                "geo_enabled": false,
                "notifications": false,
                "profile_image_url": "http://pbs.twimg.com/profile_images/761734510073503744/7LdsEE9Y_normal.jpg",
                "description": "News updates from the largest news org in the Pacific NW. See it all at http://t.co/ToPnEyXhD7. Find reporter and more accounts in our lists.",
                "friends_count": 433,
                "verified": true,
                "created_at": "Fri Mar 30 17:03:06 +0000 2007",
                "is_translation_enabled": false,
                "url": "http://t.co/8QfAUsYcQx",
                "profile_background_image_url": "http://pbs.twimg.com/profile_background_images/447095410570444800/nQeYxpx0.jpeg",
                "contributors_enabled": false,
                "profile_link_color": "0000FF",
                "profile_background_color": "FFFFFF",
                "listed_count": 3793,
                "profile_text_color": "000000",
                "time_zone": "Pacific Time (US & Canada)",
                "default_profile": false,
                "entities": {
                    "description": {
                        "urls": [
                            {
                                "expanded_url": "http://OregonLive.com",
                                "display_url": "OregonLive.com",
                                "url": "http://t.co/ToPnEyXhD7",
                                "indices": [
                                    72,
                                    94
                                ]
                            }
                        ]
                    },
                    "url": {
                        "urls": [
                            {
                                "expanded_url": "http://oregonlive.com",
                                "display_url": "oregonlive.com",
                                "url": "http://t.co/8QfAUsYcQx",
                                "indices": [
                                    0,
                                    22
                                ]
                            }
                        ]
                    }
                },
                "profile_background_tile": false,
                "profile_image_url_https": "https://pbs.twimg.com/profile_images/761734510073503744/7LdsEE9Y_normal.jpg",
                "profile_sidebar_border_color": "FFFFFF",
                "following": false,
                "utc_offset": -28800,
                "follow_request_sent": false,
                "followers_count": 209046,
                "id_str": "2992751",
                "profile_use_background_image": true,
                "protected": false,
                "statuses_count": 95088,
                "profile_sidebar_fill_color": "CDCDCD",
                "name": "The Oregonian",
                "translator_type": "none",
                "screen_name": "Oregonian",
                "id": 2992751,
                "has_extended_profile": false,
                "favourites_count": 798,
                "location": "Portland, Oregon",
                "profile_background_image_url_https": "https://pbs.twimg.com/profile_background_images/447095410570444800/nQeYxpx0.jpeg"
            },
            "in_reply_to_screen_name": null,
            "retweet_count": 14,
            "text": "13 of the best Amazon reviews for the Donald Trump hat Christmas ornament https://t.co/KX2lri7mi4 https://t.co/Hwk5bnKAuF",
            "place": null,
            "created_at": "Sun Nov 27 01:57:37 +0000 2016",
            "is_quote_status": false,
            "source": "<a href=\"http://www.socialflow.com\" rel=\"nofollow\">SocialFlow</a>",
            "entities": {
                "urls": [
                    {
                        "expanded_url": "http://bit.ly/2fR8s1l",
                        "display_url": "bit.ly/2fR8s1l",
                        "url": "https://t.co/KX2lri7mi4",
                        "indices": [
                            74,
                            97
                        ]
                    }
                ],
                "symbols": [],
                "media": [
                    {
                        "media_url": "http://pbs.twimg.com/media/CyO83idVIAAVDKK.jpg",
                        "expanded_url": "https://twitter.com/Oregonian/status/802692823195598849/photo/1",
                        "display_url": "pic.twitter.com/Hwk5bnKAuF",
                        "url": "https://t.co/Hwk5bnKAuF",
                        "media_url_https": "https://pbs.twimg.com/media/CyO83idVIAAVDKK.jpg",
                        "sizes": {
                            "thumb": {
                                "w": 150,
                                "h": 150,
                                "resize": "crop"
                            },
                            "medium": {
                                "w": 620,
                                "h": 413,
                                "resize": "fit"
                            },
                            "large": {
                                "w": 620,
                                "h": 413,
                                "resize": "fit"
                            },
                            "small": {
                                "w": 620,
                                "h": 413,
                                "resize": "fit"
                            }
                        },
                        "id": 802692820930732032,
                        "type": "photo",
                        "id_str": "802692820930732032",
                        "indices": [
                            98,
                            121
                        ]
                    }
                ],
                "user_mentions": [],
                "hashtags": []
            },
            "favorite_count": 24,
            "geo": null,
            "in_reply_to_status_id": null,
            "contributors": null,
            "truncated": false,
            "id_str": "802692823195598849",
            "retweeted": false,
            "coordinates": null,
            "id": 802692823195598849,
            "extended_entities": {
                "media": [
                    {
                        "media_url": "http://pbs.twimg.com/media/CyO83idVIAAVDKK.jpg",
                        "expanded_url": "https://twitter.com/Oregonian/status/802692823195598849/photo/1",
                        "display_url": "pic.twitter.com/Hwk5bnKAuF",
                        "url": "https://t.co/Hwk5bnKAuF",
                        "media_url_https": "https://pbs.twimg.com/media/CyO83idVIAAVDKK.jpg",
                        "sizes": {
                            "thumb": {
                                "w": 150,
                                "h": 150,
                                "resize": "crop"
                            },
                            "medium": {
                                "w": 620,
                                "h": 413,
                                "resize": "fit"
                            },
                            "large": {
                                "w": 620,
                                "h": 413,
                                "resize": "fit"
                            },
                            "small": {
                                "w": 620,
                                "h": 413,
                                "resize": "fit"
                            }
                        },
                        "id": 802692820930732032,
                        "type": "photo",
                        "id_str": "802692820930732032",
                        "indices": [
                            98,
                            121
                        ]
                    }
                ]
            },
            "in_reply_to_status_id_str": null,
            "in_reply_to_user_id_str": null
        },
        {
            "in_reply_to_user_id": null,
            "favorited": false,
            "lang": "en",
            "metadata": {
                "iso_language_code": "en",
                "result_type": "recent"
            },
            "possibly_sensitive": false,
            "user": {
                "profile_banner_url": "https://pbs.twimg.com/profile_banners/2992751/1404326529",
                "default_profile_image": false,
                "lang": "en",
                "is_translator": false,
                "geo_enabled": false,
                "notifications": false,
                "profile_image_url": "http://pbs.twimg.com/profile_images/761734510073503744/7LdsEE9Y_normal.jpg",
                "description": "News updates from the largest news org in the Pacific NW. See it all at http://t.co/ToPnEyXhD7. Find reporter and more accounts in our lists.",
                "friends_count": 433,
                "verified": true,
                "created_at": "Fri Mar 30 17:03:06 +0000 2007",
                "is_translation_enabled": false,
                "url": "http://t.co/8QfAUsYcQx",
                "profile_background_image_url": "http://pbs.twimg.com/profile_background_images/447095410570444800/nQeYxpx0.jpeg",
                "contributors_enabled": false,
                "profile_link_color": "0000FF",
                "profile_background_color": "FFFFFF",
                "listed_count": 3793,
                "profile_text_color": "000000",
                "time_zone": "Pacific Time (US & Canada)",
                "default_profile": false,
                "entities": {
                    "description": {
                        "urls": [
                            {
                                "expanded_url": "http://OregonLive.com",
                                "display_url": "OregonLive.com",
                                "url": "http://t.co/ToPnEyXhD7",
                                "indices": [
                                    72,
                                    94
                                ]
                            }
                        ]
                    },
                    "url": {
                        "urls": [
                            {
                                "expanded_url": "http://oregonlive.com",
                                "display_url": "oregonlive.com",
                                "url": "http://t.co/8QfAUsYcQx",
                                "indices": [
                                    0,
                                    22
                                ]
                            }
                        ]
                    }
                },
                "profile_background_tile": false,
                "profile_image_url_https": "https://pbs.twimg.com/profile_images/761734510073503744/7LdsEE9Y_normal.jpg",
                "profile_sidebar_border_color": "FFFFFF",
                "following": false,
                "utc_offset": -28800,
                "follow_request_sent": false,
                "followers_count": 209046,
                "id_str": "2992751",
                "profile_use_background_image": true,
                "protected": false,
                "statuses_count": 95088,
                "profile_sidebar_fill_color": "CDCDCD",
                "name": "The Oregonian",
                "translator_type": "none",
                "screen_name": "Oregonian",
                "id": 2992751,
                "has_extended_profile": false,
                "favourites_count": 798,
                "location": "Portland, Oregon",
                "profile_background_image_url_https": "https://pbs.twimg.com/profile_background_images/447095410570444800/nQeYxpx0.jpeg"
            },
            "in_reply_to_screen_name": null,
            "retweet_count": 7,
            "text": "Anti-Trump protest planned at Pioneer Courthouse Square https://t.co/QkK6tFJpt0 https://t.co/sqXfV3eGCc",
            "place": null,
            "created_at": "Sun Nov 27 01:04:58 +0000 2016",
            "is_quote_status": false,
            "source": "<a href=\"http://www.socialflow.com\" rel=\"nofollow\">SocialFlow</a>",
            "entities": {
                "urls": [
                    {
                        "expanded_url": "http://bit.ly/2gtEvrO",
                        "display_url": "bit.ly/2gtEvrO",
                        "url": "https://t.co/QkK6tFJpt0",
                        "indices": [
                            56,
                            79
                        ]
                    }
                ],
                "symbols": [],
                "media": [
                    {
                        "media_url": "http://pbs.twimg.com/media/CyOw0SJWgAAwxz4.jpg",
                        "expanded_url": "https://twitter.com/Oregonian/status/802679574043697152/photo/1",
                        "display_url": "pic.twitter.com/sqXfV3eGCc",
                        "url": "https://t.co/sqXfV3eGCc",
                        "media_url_https": "https://pbs.twimg.com/media/CyOw0SJWgAAwxz4.jpg",
                        "sizes": {
                            "thumb": {
                                "w": 150,
                                "h": 150,
                                "resize": "crop"
                            },
                            "medium": {
                                "w": 620,
                                "h": 412,
                                "resize": "fit"
                            },
                            "large": {
                                "w": 620,
                                "h": 412,
                                "resize": "fit"
                            },
                            "small": {
                                "w": 620,
                                "h": 412,
                                "resize": "fit"
                            }
                        },
                        "id": 802679570872827904,
                        "type": "photo",
                        "id_str": "802679570872827904",
                        "indices": [
                            80,
                            103
                        ]
                    }
                ],
                "user_mentions": [],
                "hashtags": []
            },
            "favorite_count": 31,
            "geo": null,
            "in_reply_to_status_id": null,
            "contributors": null,
            "truncated": false,
            "id_str": "802679574043697152",
            "retweeted": false,
            "coordinates": null,
            "id": 802679574043697152,
            "extended_entities": {
                "media": [
                    {
                        "media_url": "http://pbs.twimg.com/media/CyOw0SJWgAAwxz4.jpg",
                        "expanded_url": "https://twitter.com/Oregonian/status/802679574043697152/photo/1",
                        "display_url": "pic.twitter.com/sqXfV3eGCc",
                        "url": "https://t.co/sqXfV3eGCc",
                        "media_url_https": "https://pbs.twimg.com/media/CyOw0SJWgAAwxz4.jpg",
                        "sizes": {
                            "thumb": {
                                "w": 150,
                                "h": 150,
                                "resize": "crop"
                            },
                            "medium": {
                                "w": 620,
                                "h": 412,
                                "resize": "fit"
                            },
                            "large": {
                                "w": 620,
                                "h": 412,
                                "resize": "fit"
                            },
                            "small": {
                                "w": 620,
                                "h": 412,
                                "resize": "fit"
                            }
                        },
                        "id": 802679570872827904,
                        "type": "photo",
                        "id_str": "802679570872827904",
                        "indices": [
                            80,
                            103
                        ]
                    }
                ]
            },
            "in_reply_to_status_id_str": null,
            "in_reply_to_user_id_str": null
        }
    ],
    "search_metadata": {
        "max_id_str": "802931673008631808",
        "since_id_str": "0",
        "since_id": 0,
        "refresh_url": "?since_id=802931673008631808&q=Trump%20from%3AOregonian%20since%3A2016-11-27%20until%3A2016-11-28%20filter%3Alinks%20-%40Oregonian&include_entities=1",
        "max_id": 802931673008631808,
        "completed_in": 0.075,
        "count": 100,
        "query": "Trump+from%3AOregonian+since%3A2016-11-27+until%3A2016-11-28+filter%3Alinks+-%40Oregonian"
    }
}