{
    "search_metadata": {
        "max_id_str": "803023124874858496",
        "since_id_str": "0",
        "query": "Trump+from%3Aorlandosentinel+since%3A2016-11-27+until%3A2016-11-28+filter%3Alinks+-%40orlandosentinel",
        "completed_in": 0.022,
        "refresh_url": "?since_id=803023124874858496&q=Trump%20from%3Aorlandosentinel%20since%3A2016-11-27%20until%3A2016-11-28%20filter%3Alinks%20-%40orlandosentinel&include_entities=1",
        "since_id": 0,
        "max_id": 803023124874858496,
        "count": 100
    },
    "statuses": [
        {
            "favorited": false,
            "contributors": null,
            "in_reply_to_screen_name": null,
            "in_reply_to_status_id": null,
            "source": "<a href=\"http://www.socialflow.com\" rel=\"nofollow\">SocialFlow</a>",
            "in_reply_to_user_id": null,
            "truncated": false,
            "geo": null,
            "in_reply_to_status_id_str": null,
            "coordinates": null,
            "text": "Donald Trump calls recount efforts 'sad,' says 'nothing will change'\nhttps://t.co/xxIEB5UEU5 https://t.co/x6vDpirnUv",
            "entities": {
                "hashtags": [],
                "user_mentions": [],
                "media": [
                    {
                        "display_url": "pic.twitter.com/x6vDpirnUv",
                        "media_url_https": "https://pbs.twimg.com/media/CyTpRmTXAAAEsGz.jpg",
                        "url": "https://t.co/x6vDpirnUv",
                        "indices": [
                            93,
                            116
                        ],
                        "media_url": "http://pbs.twimg.com/media/CyTpRmTXAAAEsGz.jpg",
                        "id": 803023122127585280,
                        "sizes": {
                            "medium": {
                                "h": 1054,
                                "w": 1200,
                                "resize": "fit"
                            },
                            "large": {
                                "h": 1799,
                                "w": 2048,
                                "resize": "fit"
                            },
                            "small": {
                                "h": 597,
                                "w": 680,
                                "resize": "fit"
                            },
                            "thumb": {
                                "h": 150,
                                "w": 150,
                                "resize": "crop"
                            }
                        },
                        "expanded_url": "https://twitter.com/orlandosentinel/status/803023124874858496/photo/1",
                        "type": "photo",
                        "id_str": "803023122127585280"
                    }
                ],
                "symbols": [],
                "urls": [
                    {
                        "display_url": "thesent.nl/2gvJWpX",
                        "url": "https://t.co/xxIEB5UEU5",
                        "expanded_url": "http://thesent.nl/2gvJWpX",
                        "indices": [
                            69,
                            92
                        ]
                    }
                ]
            },
            "retweeted": false,
            "in_reply_to_user_id_str": null,
            "lang": "en",
            "metadata": {
                "result_type": "recent",
                "iso_language_code": "en"
            },
            "place": null,
            "created_at": "Sun Nov 27 23:50:07 +0000 2016",
            "retweet_count": 1,
            "id_str": "803023124874858496",
            "id": 803023124874858496,
            "favorite_count": 7,
            "possibly_sensitive": false,
            "extended_entities": {
                "media": [
                    {
                        "display_url": "pic.twitter.com/x6vDpirnUv",
                        "media_url_https": "https://pbs.twimg.com/media/CyTpRmTXAAAEsGz.jpg",
                        "url": "https://t.co/x6vDpirnUv",
                        "indices": [
                            93,
                            116
                        ],
                        "media_url": "http://pbs.twimg.com/media/CyTpRmTXAAAEsGz.jpg",
                        "id": 803023122127585280,
                        "sizes": {
                            "medium": {
                                "h": 1054,
                                "w": 1200,
                                "resize": "fit"
                            },
                            "large": {
                                "h": 1799,
                                "w": 2048,
                                "resize": "fit"
                            },
                            "small": {
                                "h": 597,
                                "w": 680,
                                "resize": "fit"
                            },
                            "thumb": {
                                "h": 150,
                                "w": 150,
                                "resize": "crop"
                            }
                        },
                        "expanded_url": "https://twitter.com/orlandosentinel/status/803023124874858496/photo/1",
                        "type": "photo",
                        "id_str": "803023122127585280"
                    }
                ]
            },
            "user": {
                "listed_count": 3103,
                "profile_sidebar_fill_color": "A0C5C7",
                "following": false,
                "profile_background_image_url_https": "https://pbs.twimg.com/profile_background_images/378800000167425621/KsGhbXdn.jpeg",
                "is_translation_enabled": false,
                "followers_count": 214512,
                "verified": true,
                "profile_use_background_image": false,
                "screen_name": "orlandosentinel",
                "profile_sidebar_border_color": "FFFFFF",
                "friends_count": 584,
                "geo_enabled": true,
                "default_profile": false,
                "default_profile_image": false,
                "follow_request_sent": false,
                "profile_link_color": "00B5CC",
                "notifications": false,
                "favourites_count": 669,
                "profile_background_image_url": "http://pbs.twimg.com/profile_background_images/378800000167425621/KsGhbXdn.jpeg",
                "statuses_count": 114614,
                "utc_offset": -18000,
                "lang": "en",
                "profile_image_url_https": "https://pbs.twimg.com/profile_images/511895715086225409/gkbtKjFU_normal.png",
                "profile_text_color": "333333",
                "description": "The Orlando Sentinel is the most comprehensive news source of the Central Florida region.",
                "profile_background_color": "F9ED2E",
                "created_at": "Sun Mar 18 18:02:20 +0000 2007",
                "protected": false,
                "id_str": "1429761",
                "has_extended_profile": false,
                "id": 1429761,
                "url": "http://t.co/4aB05T4abC",
                "contributors_enabled": false,
                "location": "Orlando, FL",
                "is_translator": false,
                "profile_banner_url": "https://pbs.twimg.com/profile_banners/1429761/1429874320",
                "translator_type": "none",
                "entities": {
                    "url": {
                        "urls": [
                            {
                                "display_url": "orlandosentinel.com",
                                "url": "http://t.co/4aB05T4abC",
                                "expanded_url": "http://www.orlandosentinel.com",
                                "indices": [
                                    0,
                                    22
                                ]
                            }
                        ]
                    },
                    "description": {
                        "urls": []
                    }
                },
                "profile_background_tile": false,
                "profile_image_url": "http://pbs.twimg.com/profile_images/511895715086225409/gkbtKjFU_normal.png",
                "time_zone": "Eastern Time (US & Canada)",
                "name": "Orlando Sentinel"
            },
            "is_quote_status": false
        },
        {
            "favorited": false,
            "contributors": null,
            "in_reply_to_screen_name": null,
            "in_reply_to_status_id": null,
            "source": "<a href=\"http://www.socialflow.com\" rel=\"nofollow\">SocialFlow</a>",
            "in_reply_to_user_id": null,
            "truncated": true,
            "geo": null,
            "in_reply_to_status_id_str": null,
            "coordinates": null,
            "text": "Trump's election has China's former critics looking to it to defend globalization \u2014 willingly or not\u2026 https://t.co/XYeXNHnJVm",
            "entities": {
                "hashtags": [],
                "user_mentions": [],
                "symbols": [],
                "urls": [
                    {
                        "display_url": "twitter.com/i/web/status/8\u2026",
                        "url": "https://t.co/XYeXNHnJVm",
                        "expanded_url": "https://twitter.com/i/web/status/803000949144952832",
                        "indices": [
                            102,
                            125
                        ]
                    }
                ]
            },
            "retweeted": false,
            "in_reply_to_user_id_str": null,
            "lang": "en",
            "metadata": {
                "result_type": "recent",
                "iso_language_code": "en"
            },
            "place": null,
            "created_at": "Sun Nov 27 22:21:59 +0000 2016",
            "retweet_count": 1,
            "id_str": "803000949144952832",
            "id": 803000949144952832,
            "favorite_count": 2,
            "possibly_sensitive": false,
            "user": {
                "listed_count": 3103,
                "profile_sidebar_fill_color": "A0C5C7",
                "following": false,
                "profile_background_image_url_https": "https://pbs.twimg.com/profile_background_images/378800000167425621/KsGhbXdn.jpeg",
                "is_translation_enabled": false,
                "followers_count": 214512,
                "verified": true,
                "profile_use_background_image": false,
                "screen_name": "orlandosentinel",
                "profile_sidebar_border_color": "FFFFFF",
                "friends_count": 584,
                "geo_enabled": true,
                "default_profile": false,
                "default_profile_image": false,
                "follow_request_sent": false,
                "profile_link_color": "00B5CC",
                "notifications": false,
                "favourites_count": 669,
                "profile_background_image_url": "http://pbs.twimg.com/profile_background_images/378800000167425621/KsGhbXdn.jpeg",
                "statuses_count": 114614,
                "utc_offset": -18000,
                "lang": "en",
                "profile_image_url_https": "https://pbs.twimg.com/profile_images/511895715086225409/gkbtKjFU_normal.png",
                "profile_text_color": "333333",
                "description": "The Orlando Sentinel is the most comprehensive news source of the Central Florida region.",
                "profile_background_color": "F9ED2E",
                "created_at": "Sun Mar 18 18:02:20 +0000 2007",
                "protected": false,
                "id_str": "1429761",
                "has_extended_profile": false,
                "id": 1429761,
                "url": "http://t.co/4aB05T4abC",
                "contributors_enabled": false,
                "location": "Orlando, FL",
                "is_translator": false,
                "profile_banner_url": "https://pbs.twimg.com/profile_banners/1429761/1429874320",
                "translator_type": "none",
                "entities": {
                    "url": {
                        "urls": [
                            {
                                "display_url": "orlandosentinel.com",
                                "url": "http://t.co/4aB05T4abC",
                                "expanded_url": "http://www.orlandosentinel.com",
                                "indices": [
                                    0,
                                    22
                                ]
                            }
                        ]
                    },
                    "description": {
                        "urls": []
                    }
                },
                "profile_background_tile": false,
                "profile_image_url": "http://pbs.twimg.com/profile_images/511895715086225409/gkbtKjFU_normal.png",
                "time_zone": "Eastern Time (US & Canada)",
                "name": "Orlando Sentinel"
            },
            "is_quote_status": false
        },
        {
            "favorited": false,
            "contributors": null,
            "in_reply_to_screen_name": null,
            "in_reply_to_status_id": null,
            "source": "<a href=\"http://www.socialflow.com\" rel=\"nofollow\">SocialFlow</a>",
            "in_reply_to_user_id": null,
            "truncated": false,
            "geo": null,
            "in_reply_to_status_id_str": null,
            "coordinates": null,
            "text": "Can electors vote for Clinton rather than Trump? How the Electoral College works https://t.co/kzVCCBkffP https://t.co/4UdeJ7vGC3",
            "entities": {
                "hashtags": [],
                "user_mentions": [],
                "media": [
                    {
                        "display_url": "pic.twitter.com/4UdeJ7vGC3",
                        "media_url_https": "https://pbs.twimg.com/media/CyRbsrtUsAAI6G8.jpg",
                        "url": "https://t.co/4UdeJ7vGC3",
                        "indices": [
                            105,
                            128
                        ],
                        "media_url": "http://pbs.twimg.com/media/CyRbsrtUsAAI6G8.jpg",
                        "id": 802867456783986688,
                        "sizes": {
                            "medium": {
                                "h": 400,
                                "w": 600,
                                "resize": "fit"
                            },
                            "large": {
                                "h": 400,
                                "w": 600,
                                "resize": "fit"
                            },
                            "small": {
                                "h": 400,
                                "w": 600,
                                "resize": "fit"
                            },
                            "thumb": {
                                "h": 150,
                                "w": 150,
                                "resize": "crop"
                            }
                        },
                        "expanded_url": "https://twitter.com/orlandosentinel/status/802867459787264000/photo/1",
                        "type": "photo",
                        "id_str": "802867456783986688"
                    }
                ],
                "symbols": [],
                "urls": [
                    {
                        "display_url": "thesent.nl/2gLRrtn",
                        "url": "https://t.co/kzVCCBkffP",
                        "expanded_url": "http://thesent.nl/2gLRrtn",
                        "indices": [
                            81,
                            104
                        ]
                    }
                ]
            },
            "retweeted": false,
            "in_reply_to_user_id_str": null,
            "lang": "en",
            "metadata": {
                "result_type": "recent",
                "iso_language_code": "en"
            },
            "place": null,
            "created_at": "Sun Nov 27 13:31:33 +0000 2016",
            "retweet_count": 2,
            "id_str": "802867459787264000",
            "id": 802867459787264000,
            "favorite_count": 5,
            "possibly_sensitive": false,
            "extended_entities": {
                "media": [
                    {
                        "display_url": "pic.twitter.com/4UdeJ7vGC3",
                        "media_url_https": "https://pbs.twimg.com/media/CyRbsrtUsAAI6G8.jpg",
                        "url": "https://t.co/4UdeJ7vGC3",
                        "indices": [
                            105,
                            128
                        ],
                        "media_url": "http://pbs.twimg.com/media/CyRbsrtUsAAI6G8.jpg",
                        "id": 802867456783986688,
                        "sizes": {
                            "medium": {
                                "h": 400,
                                "w": 600,
                                "resize": "fit"
                            },
                            "large": {
                                "h": 400,
                                "w": 600,
                                "resize": "fit"
                            },
                            "small": {
                                "h": 400,
                                "w": 600,
                                "resize": "fit"
                            },
                            "thumb": {
                                "h": 150,
                                "w": 150,
                                "resize": "crop"
                            }
                        },
                        "expanded_url": "https://twitter.com/orlandosentinel/status/802867459787264000/photo/1",
                        "type": "photo",
                        "id_str": "802867456783986688"
                    }
                ]
            },
            "user": {
                "listed_count": 3103,
                "profile_sidebar_fill_color": "A0C5C7",
                "following": false,
                "profile_background_image_url_https": "https://pbs.twimg.com/profile_background_images/378800000167425621/KsGhbXdn.jpeg",
                "is_translation_enabled": false,
                "followers_count": 214512,
                "verified": true,
                "profile_use_background_image": false,
                "screen_name": "orlandosentinel",
                "profile_sidebar_border_color": "FFFFFF",
                "friends_count": 584,
                "geo_enabled": true,
                "default_profile": false,
                "default_profile_image": false,
                "follow_request_sent": false,
                "profile_link_color": "00B5CC",
                "notifications": false,
                "favourites_count": 669,
                "profile_background_image_url": "http://pbs.twimg.com/profile_background_images/378800000167425621/KsGhbXdn.jpeg",
                "statuses_count": 114614,
                "utc_offset": -18000,
                "lang": "en",
                "profile_image_url_https": "https://pbs.twimg.com/profile_images/511895715086225409/gkbtKjFU_normal.png",
                "profile_text_color": "333333",
                "description": "The Orlando Sentinel is the most comprehensive news source of the Central Florida region.",
                "profile_background_color": "F9ED2E",
                "created_at": "Sun Mar 18 18:02:20 +0000 2007",
                "protected": false,
                "id_str": "1429761",
                "has_extended_profile": false,
                "id": 1429761,
                "url": "http://t.co/4aB05T4abC",
                "contributors_enabled": false,
                "location": "Orlando, FL",
                "is_translator": false,
                "profile_banner_url": "https://pbs.twimg.com/profile_banners/1429761/1429874320",
                "translator_type": "none",
                "entities": {
                    "url": {
                        "urls": [
                            {
                                "display_url": "orlandosentinel.com",
                                "url": "http://t.co/4aB05T4abC",
                                "expanded_url": "http://www.orlandosentinel.com",
                                "indices": [
                                    0,
                                    22
                                ]
                            }
                        ]
                    },
                    "description": {
                        "urls": []
                    }
                },
                "profile_background_tile": false,
                "profile_image_url": "http://pbs.twimg.com/profile_images/511895715086225409/gkbtKjFU_normal.png",
                "time_zone": "Eastern Time (US & Canada)",
                "name": "Orlando Sentinel"
            },
            "is_quote_status": false
        },
        {
            "favorited": false,
            "contributors": null,
            "in_reply_to_screen_name": null,
            "in_reply_to_status_id": null,
            "source": "<a href=\"http://www.socialflow.com\" rel=\"nofollow\">SocialFlow</a>",
            "in_reply_to_user_id": null,
            "truncated": false,
            "geo": null,
            "in_reply_to_status_id_str": null,
            "coordinates": null,
            "text": "Letters threatening genocide against Muslims, praising Trump sent to California mosques https://t.co/KYGyGFzDbL https://t.co/rmgmrR6tUu",
            "entities": {
                "hashtags": [],
                "user_mentions": [],
                "media": [
                    {
                        "display_url": "pic.twitter.com/rmgmrR6tUu",
                        "media_url_https": "https://pbs.twimg.com/media/CyRWcYIXgAIttN7.jpg",
                        "url": "https://t.co/rmgmrR6tUu",
                        "indices": [
                            112,
                            135
                        ],
                        "media_url": "http://pbs.twimg.com/media/CyRWcYIXgAIttN7.jpg",
                        "id": 802861679092662274,
                        "sizes": {
                            "thumb": {
                                "h": 150,
                                "w": 150,
                                "resize": "crop"
                            },
                            "medium": {
                                "h": 675,
                                "w": 1200,
                                "resize": "fit"
                            },
                            "small": {
                                "h": 383,
                                "w": 680,
                                "resize": "fit"
                            },
                            "large": {
                                "h": 1152,
                                "w": 2048,
                                "resize": "fit"
                            }
                        },
                        "expanded_url": "https://twitter.com/orlandosentinel/status/802861681403658240/photo/1",
                        "type": "photo",
                        "id_str": "802861679092662274"
                    }
                ],
                "symbols": [],
                "urls": [
                    {
                        "display_url": "thesent.nl/2fSJzm2",
                        "url": "https://t.co/KYGyGFzDbL",
                        "expanded_url": "http://thesent.nl/2fSJzm2",
                        "indices": [
                            88,
                            111
                        ]
                    }
                ]
            },
            "retweeted": false,
            "in_reply_to_user_id_str": null,
            "lang": "en",
            "metadata": {
                "result_type": "recent",
                "iso_language_code": "en"
            },
            "place": null,
            "created_at": "Sun Nov 27 13:08:35 +0000 2016",
            "retweet_count": 21,
            "id_str": "802861681403658240",
            "id": 802861681403658240,
            "favorite_count": 2,
            "possibly_sensitive": false,
            "extended_entities": {
                "media": [
                    {
                        "display_url": "pic.twitter.com/rmgmrR6tUu",
                        "media_url_https": "https://pbs.twimg.com/media/CyRWcYIXgAIttN7.jpg",
                        "url": "https://t.co/rmgmrR6tUu",
                        "indices": [
                            112,
                            135
                        ],
                        "media_url": "http://pbs.twimg.com/media/CyRWcYIXgAIttN7.jpg",
                        "id": 802861679092662274,
                        "sizes": {
                            "thumb": {
                                "h": 150,
                                "w": 150,
                                "resize": "crop"
                            },
                            "medium": {
                                "h": 675,
                                "w": 1200,
                                "resize": "fit"
                            },
                            "small": {
                                "h": 383,
                                "w": 680,
                                "resize": "fit"
                            },
                            "large": {
                                "h": 1152,
                                "w": 2048,
                                "resize": "fit"
                            }
                        },
                        "expanded_url": "https://twitter.com/orlandosentinel/status/802861681403658240/photo/1",
                        "type": "photo",
                        "id_str": "802861679092662274"
                    }
                ]
            },
            "user": {
                "listed_count": 3103,
                "profile_sidebar_fill_color": "A0C5C7",
                "following": false,
                "profile_background_image_url_https": "https://pbs.twimg.com/profile_background_images/378800000167425621/KsGhbXdn.jpeg",
                "is_translation_enabled": false,
                "followers_count": 214512,
                "verified": true,
                "profile_use_background_image": false,
                "screen_name": "orlandosentinel",
                "profile_sidebar_border_color": "FFFFFF",
                "friends_count": 584,
                "geo_enabled": true,
                "default_profile": false,
                "default_profile_image": false,
                "follow_request_sent": false,
                "profile_link_color": "00B5CC",
                "notifications": false,
                "favourites_count": 669,
                "profile_background_image_url": "http://pbs.twimg.com/profile_background_images/378800000167425621/KsGhbXdn.jpeg",
                "statuses_count": 114614,
                "utc_offset": -18000,
                "lang": "en",
                "profile_image_url_https": "https://pbs.twimg.com/profile_images/511895715086225409/gkbtKjFU_normal.png",
                "profile_text_color": "333333",
                "description": "The Orlando Sentinel is the most comprehensive news source of the Central Florida region.",
                "profile_background_color": "F9ED2E",
                "created_at": "Sun Mar 18 18:02:20 +0000 2007",
                "protected": false,
                "id_str": "1429761",
                "has_extended_profile": false,
                "id": 1429761,
                "url": "http://t.co/4aB05T4abC",
                "contributors_enabled": false,
                "location": "Orlando, FL",
                "is_translator": false,
                "profile_banner_url": "https://pbs.twimg.com/profile_banners/1429761/1429874320",
                "translator_type": "none",
                "entities": {
                    "url": {
                        "urls": [
                            {
                                "display_url": "orlandosentinel.com",
                                "url": "http://t.co/4aB05T4abC",
                                "expanded_url": "http://www.orlandosentinel.com",
                                "indices": [
                                    0,
                                    22
                                ]
                            }
                        ]
                    },
                    "description": {
                        "urls": []
                    }
                },
                "profile_background_tile": false,
                "profile_image_url": "http://pbs.twimg.com/profile_images/511895715086225409/gkbtKjFU_normal.png",
                "time_zone": "Eastern Time (US & Canada)",
                "name": "Orlando Sentinel"
            },
            "is_quote_status": false
        }
    ]
}