{
    "search_metadata": {
        "max_id_str": "802897368047882240",
        "since_id_str": "0",
        "query": "Trump+from%3APioneerPress+since%3A2016-11-27+until%3A2016-11-28+filter%3Alinks+-%40PioneerPress",
        "completed_in": 0.055,
        "refresh_url": "?since_id=802897368047882240&q=Trump%20from%3APioneerPress%20since%3A2016-11-27%20until%3A2016-11-28%20filter%3Alinks%20-%40PioneerPress&include_entities=1",
        "since_id": 0,
        "max_id": 802897368047882240,
        "count": 100
    },
    "statuses": [
        {
            "favorited": false,
            "contributors": null,
            "in_reply_to_screen_name": null,
            "in_reply_to_status_id": null,
            "source": "<a href=\"https://secure.echoboxapp.com\" rel=\"nofollow\">Echobox Social</a>",
            "in_reply_to_user_id": null,
            "truncated": false,
            "geo": null,
            "in_reply_to_status_id_str": null,
            "coordinates": null,
            "text": "Donald Trump should tread lightly on the Fed, economist says https://t.co/DphIbAbBtp https://t.co/haGwieiQ2e",
            "entities": {
                "hashtags": [],
                "user_mentions": [],
                "media": [
                    {
                        "display_url": "pic.twitter.com/haGwieiQ2e",
                        "media_url_https": "https://pbs.twimg.com/media/CyR25iAWQAAHV5y.jpg",
                        "url": "https://t.co/haGwieiQ2e",
                        "indices": [
                            85,
                            108
                        ],
                        "media_url": "http://pbs.twimg.com/media/CyR25iAWQAAHV5y.jpg",
                        "id": 802897364331675648,
                        "sizes": {
                            "large": {
                                "h": 683,
                                "w": 1024,
                                "resize": "fit"
                            },
                            "medium": {
                                "h": 683,
                                "w": 1024,
                                "resize": "fit"
                            },
                            "small": {
                                "h": 454,
                                "w": 680,
                                "resize": "fit"
                            },
                            "thumb": {
                                "h": 150,
                                "w": 150,
                                "resize": "crop"
                            }
                        },
                        "expanded_url": "https://twitter.com/PioneerPress/status/802897368047882240/photo/1",
                        "type": "photo",
                        "id_str": "802897364331675648"
                    }
                ],
                "symbols": [],
                "urls": [
                    {
                        "display_url": "ebx.sh/2gv6cR2",
                        "url": "https://t.co/DphIbAbBtp",
                        "expanded_url": "http://ebx.sh/2gv6cR2",
                        "indices": [
                            61,
                            84
                        ]
                    }
                ]
            },
            "retweeted": false,
            "in_reply_to_user_id_str": null,
            "lang": "en",
            "metadata": {
                "result_type": "recent",
                "iso_language_code": "en"
            },
            "place": null,
            "created_at": "Sun Nov 27 15:30:24 +0000 2016",
            "retweet_count": 0,
            "id_str": "802897368047882240",
            "id": 802897368047882240,
            "favorite_count": 1,
            "possibly_sensitive": false,
            "extended_entities": {
                "media": [
                    {
                        "display_url": "pic.twitter.com/haGwieiQ2e",
                        "media_url_https": "https://pbs.twimg.com/media/CyR25iAWQAAHV5y.jpg",
                        "url": "https://t.co/haGwieiQ2e",
                        "indices": [
                            85,
                            108
                        ],
                        "media_url": "http://pbs.twimg.com/media/CyR25iAWQAAHV5y.jpg",
                        "id": 802897364331675648,
                        "sizes": {
                            "large": {
                                "h": 683,
                                "w": 1024,
                                "resize": "fit"
                            },
                            "medium": {
                                "h": 683,
                                "w": 1024,
                                "resize": "fit"
                            },
                            "small": {
                                "h": 454,
                                "w": 680,
                                "resize": "fit"
                            },
                            "thumb": {
                                "h": 150,
                                "w": 150,
                                "resize": "crop"
                            }
                        },
                        "expanded_url": "https://twitter.com/PioneerPress/status/802897368047882240/photo/1",
                        "type": "photo",
                        "id_str": "802897364331675648"
                    }
                ]
            },
            "user": {
                "listed_count": 1916,
                "profile_sidebar_fill_color": "DDEEF6",
                "following": false,
                "profile_background_image_url_https": "https://abs.twimg.com/images/themes/theme1/bg.png",
                "is_translation_enabled": false,
                "followers_count": 120709,
                "verified": true,
                "profile_use_background_image": true,
                "screen_name": "PioneerPress",
                "profile_sidebar_border_color": "C0DEED",
                "friends_count": 10915,
                "geo_enabled": true,
                "default_profile": true,
                "default_profile_image": false,
                "follow_request_sent": false,
                "profile_link_color": "1DA1F2",
                "notifications": false,
                "favourites_count": 426,
                "profile_background_image_url": "http://abs.twimg.com/images/themes/theme1/bg.png",
                "statuses_count": 85628,
                "utc_offset": -21600,
                "lang": "en",
                "profile_image_url_https": "https://pbs.twimg.com/profile_images/781599536925913089/dBlnUX2m_normal.jpg",
                "profile_text_color": "333333",
                "description": "Twin Cities news, sports, politics, entertainment and business from the St. Paul Pioneer Press, Minnesota's first newspaper.",
                "profile_background_color": "C0DEED",
                "created_at": "Thu Aug 21 02:06:57 +0000 2008",
                "protected": false,
                "id_str": "15926431",
                "has_extended_profile": false,
                "id": 15926431,
                "url": "http://t.co/yJ5nYDoPOU",
                "contributors_enabled": false,
                "location": "St. Paul, Minnesota",
                "is_translator": false,
                "profile_banner_url": "https://pbs.twimg.com/profile_banners/15926431/1459964480",
                "translator_type": "none",
                "entities": {
                    "url": {
                        "urls": [
                            {
                                "display_url": "twincities.com",
                                "url": "http://t.co/yJ5nYDoPOU",
                                "expanded_url": "http://twincities.com",
                                "indices": [
                                    0,
                                    22
                                ]
                            }
                        ]
                    },
                    "description": {
                        "urls": []
                    }
                },
                "profile_background_tile": false,
                "profile_image_url": "http://pbs.twimg.com/profile_images/781599536925913089/dBlnUX2m_normal.jpg",
                "time_zone": "Central Time (US & Canada)",
                "name": "Pioneer Press"
            },
            "is_quote_status": false
        },
        {
            "favorited": false,
            "contributors": null,
            "in_reply_to_screen_name": null,
            "in_reply_to_status_id": null,
            "source": "<a href=\"https://secure.echoboxapp.com\" rel=\"nofollow\">Echobox Social</a>",
            "in_reply_to_user_id": null,
            "truncated": false,
            "geo": null,
            "in_reply_to_status_id_str": null,
            "coordinates": null,
            "text": "Cuba: Obama renews call for bond, but thaw less certain under Trump https://t.co/3bKkoYie8a https://t.co/Y0yJIu5UVS",
            "entities": {
                "hashtags": [],
                "user_mentions": [],
                "media": [
                    {
                        "display_url": "pic.twitter.com/Y0yJIu5UVS",
                        "media_url_https": "https://pbs.twimg.com/media/CyQrXUoWgAAcn1Y.jpg",
                        "url": "https://t.co/Y0yJIu5UVS",
                        "indices": [
                            92,
                            115
                        ],
                        "media_url": "http://pbs.twimg.com/media/CyQrXUoWgAAcn1Y.jpg",
                        "id": 802814313253732352,
                        "sizes": {
                            "medium": {
                                "h": 662,
                                "w": 1024,
                                "resize": "fit"
                            },
                            "thumb": {
                                "h": 150,
                                "w": 150,
                                "resize": "crop"
                            },
                            "small": {
                                "h": 440,
                                "w": 680,
                                "resize": "fit"
                            },
                            "large": {
                                "h": 662,
                                "w": 1024,
                                "resize": "fit"
                            }
                        },
                        "expanded_url": "https://twitter.com/PioneerPress/status/802814315585802240/photo/1",
                        "type": "photo",
                        "id_str": "802814313253732352"
                    }
                ],
                "symbols": [],
                "urls": [
                    {
                        "display_url": "ebx.sh/2g54G7n",
                        "url": "https://t.co/3bKkoYie8a",
                        "expanded_url": "http://ebx.sh/2g54G7n",
                        "indices": [
                            68,
                            91
                        ]
                    }
                ]
            },
            "retweeted": false,
            "in_reply_to_user_id_str": null,
            "lang": "en",
            "metadata": {
                "result_type": "recent",
                "iso_language_code": "en"
            },
            "place": null,
            "created_at": "Sun Nov 27 10:00:23 +0000 2016",
            "retweet_count": 0,
            "id_str": "802814315585802240",
            "id": 802814315585802240,
            "favorite_count": 0,
            "possibly_sensitive": false,
            "extended_entities": {
                "media": [
                    {
                        "display_url": "pic.twitter.com/Y0yJIu5UVS",
                        "media_url_https": "https://pbs.twimg.com/media/CyQrXUoWgAAcn1Y.jpg",
                        "url": "https://t.co/Y0yJIu5UVS",
                        "indices": [
                            92,
                            115
                        ],
                        "media_url": "http://pbs.twimg.com/media/CyQrXUoWgAAcn1Y.jpg",
                        "id": 802814313253732352,
                        "sizes": {
                            "medium": {
                                "h": 662,
                                "w": 1024,
                                "resize": "fit"
                            },
                            "thumb": {
                                "h": 150,
                                "w": 150,
                                "resize": "crop"
                            },
                            "small": {
                                "h": 440,
                                "w": 680,
                                "resize": "fit"
                            },
                            "large": {
                                "h": 662,
                                "w": 1024,
                                "resize": "fit"
                            }
                        },
                        "expanded_url": "https://twitter.com/PioneerPress/status/802814315585802240/photo/1",
                        "type": "photo",
                        "id_str": "802814313253732352"
                    }
                ]
            },
            "user": {
                "listed_count": 1916,
                "profile_sidebar_fill_color": "DDEEF6",
                "following": false,
                "profile_background_image_url_https": "https://abs.twimg.com/images/themes/theme1/bg.png",
                "is_translation_enabled": false,
                "followers_count": 120709,
                "verified": true,
                "profile_use_background_image": true,
                "screen_name": "PioneerPress",
                "profile_sidebar_border_color": "C0DEED",
                "friends_count": 10915,
                "geo_enabled": true,
                "default_profile": true,
                "default_profile_image": false,
                "follow_request_sent": false,
                "profile_link_color": "1DA1F2",
                "notifications": false,
                "favourites_count": 426,
                "profile_background_image_url": "http://abs.twimg.com/images/themes/theme1/bg.png",
                "statuses_count": 85628,
                "utc_offset": -21600,
                "lang": "en",
                "profile_image_url_https": "https://pbs.twimg.com/profile_images/781599536925913089/dBlnUX2m_normal.jpg",
                "profile_text_color": "333333",
                "description": "Twin Cities news, sports, politics, entertainment and business from the St. Paul Pioneer Press, Minnesota's first newspaper.",
                "profile_background_color": "C0DEED",
                "created_at": "Thu Aug 21 02:06:57 +0000 2008",
                "protected": false,
                "id_str": "15926431",
                "has_extended_profile": false,
                "id": 15926431,
                "url": "http://t.co/yJ5nYDoPOU",
                "contributors_enabled": false,
                "location": "St. Paul, Minnesota",
                "is_translator": false,
                "profile_banner_url": "https://pbs.twimg.com/profile_banners/15926431/1459964480",
                "translator_type": "none",
                "entities": {
                    "url": {
                        "urls": [
                            {
                                "display_url": "twincities.com",
                                "url": "http://t.co/yJ5nYDoPOU",
                                "expanded_url": "http://twincities.com",
                                "indices": [
                                    0,
                                    22
                                ]
                            }
                        ]
                    },
                    "description": {
                        "urls": []
                    }
                },
                "profile_background_tile": false,
                "profile_image_url": "http://pbs.twimg.com/profile_images/781599536925913089/dBlnUX2m_normal.jpg",
                "time_zone": "Central Time (US & Canada)",
                "name": "Pioneer Press"
            },
            "is_quote_status": false
        },
        {
            "favorited": false,
            "contributors": null,
            "in_reply_to_screen_name": null,
            "in_reply_to_status_id": null,
            "source": "<a href=\"https://secure.echoboxapp.com\" rel=\"nofollow\">Echobox Social</a>",
            "in_reply_to_user_id": null,
            "truncated": true,
            "geo": null,
            "in_reply_to_status_id_str": null,
            "coordinates": null,
            "text": "Members of MN's congressional delegation to comment on Castro death include Amy Klobuchar, Erik Paulsen, Tom Emmer.\u2026 https://t.co/fJjm1Pnpbk",
            "entities": {
                "hashtags": [],
                "user_mentions": [],
                "symbols": [],
                "urls": [
                    {
                        "display_url": "twitter.com/i/web/status/8\u2026",
                        "url": "https://t.co/fJjm1Pnpbk",
                        "expanded_url": "https://twitter.com/i/web/status/802729521740849152",
                        "indices": [
                            117,
                            140
                        ]
                    }
                ]
            },
            "retweeted": false,
            "in_reply_to_user_id_str": null,
            "lang": "en",
            "metadata": {
                "result_type": "recent",
                "iso_language_code": "en"
            },
            "place": null,
            "created_at": "Sun Nov 27 04:23:26 +0000 2016",
            "retweet_count": 0,
            "id_str": "802729521740849152",
            "id": 802729521740849152,
            "favorite_count": 0,
            "possibly_sensitive": false,
            "user": {
                "listed_count": 1916,
                "profile_sidebar_fill_color": "DDEEF6",
                "following": false,
                "profile_background_image_url_https": "https://abs.twimg.com/images/themes/theme1/bg.png",
                "is_translation_enabled": false,
                "followers_count": 120709,
                "verified": true,
                "profile_use_background_image": true,
                "screen_name": "PioneerPress",
                "profile_sidebar_border_color": "C0DEED",
                "friends_count": 10915,
                "geo_enabled": true,
                "default_profile": true,
                "default_profile_image": false,
                "follow_request_sent": false,
                "profile_link_color": "1DA1F2",
                "notifications": false,
                "favourites_count": 426,
                "profile_background_image_url": "http://abs.twimg.com/images/themes/theme1/bg.png",
                "statuses_count": 85628,
                "utc_offset": -21600,
                "lang": "en",
                "profile_image_url_https": "https://pbs.twimg.com/profile_images/781599536925913089/dBlnUX2m_normal.jpg",
                "profile_text_color": "333333",
                "description": "Twin Cities news, sports, politics, entertainment and business from the St. Paul Pioneer Press, Minnesota's first newspaper.",
                "profile_background_color": "C0DEED",
                "created_at": "Thu Aug 21 02:06:57 +0000 2008",
                "protected": false,
                "id_str": "15926431",
                "has_extended_profile": false,
                "id": 15926431,
                "url": "http://t.co/yJ5nYDoPOU",
                "contributors_enabled": false,
                "location": "St. Paul, Minnesota",
                "is_translator": false,
                "profile_banner_url": "https://pbs.twimg.com/profile_banners/15926431/1459964480",
                "translator_type": "none",
                "entities": {
                    "url": {
                        "urls": [
                            {
                                "display_url": "twincities.com",
                                "url": "http://t.co/yJ5nYDoPOU",
                                "expanded_url": "http://twincities.com",
                                "indices": [
                                    0,
                                    22
                                ]
                            }
                        ]
                    },
                    "description": {
                        "urls": []
                    }
                },
                "profile_background_tile": false,
                "profile_image_url": "http://pbs.twimg.com/profile_images/781599536925913089/dBlnUX2m_normal.jpg",
                "time_zone": "Central Time (US & Canada)",
                "name": "Pioneer Press"
            },
            "is_quote_status": false
        },
        {
            "favorited": false,
            "contributors": null,
            "in_reply_to_screen_name": null,
            "in_reply_to_status_id": null,
            "source": "<a href=\"https://secure.echoboxapp.com\" rel=\"nofollow\">Echobox Social</a>",
            "in_reply_to_user_id": null,
            "truncated": true,
            "geo": null,
            "in_reply_to_status_id_str": null,
            "coordinates": null,
            "text": "Minnesota's @amyklobuchar is among those pondering what Castro's death could mean for Cuba-United States relations.\u2026 https://t.co/BhI9onJPLW",
            "entities": {
                "hashtags": [],
                "user_mentions": [
                    {
                        "id": 33537967,
                        "screen_name": "amyklobuchar",
                        "id_str": "33537967",
                        "indices": [
                            12,
                            25
                        ],
                        "name": "Amy Klobuchar"
                    }
                ],
                "symbols": [],
                "urls": [
                    {
                        "display_url": "twitter.com/i/web/status/8\u2026",
                        "url": "https://t.co/BhI9onJPLW",
                        "expanded_url": "https://twitter.com/i/web/status/802698896539406338",
                        "indices": [
                            117,
                            140
                        ]
                    }
                ]
            },
            "retweeted": false,
            "in_reply_to_user_id_str": null,
            "lang": "en",
            "metadata": {
                "result_type": "recent",
                "iso_language_code": "en"
            },
            "place": null,
            "created_at": "Sun Nov 27 02:21:45 +0000 2016",
            "retweet_count": 0,
            "id_str": "802698896539406338",
            "id": 802698896539406338,
            "favorite_count": 0,
            "possibly_sensitive": false,
            "user": {
                "listed_count": 1916,
                "profile_sidebar_fill_color": "DDEEF6",
                "following": false,
                "profile_background_image_url_https": "https://abs.twimg.com/images/themes/theme1/bg.png",
                "is_translation_enabled": false,
                "followers_count": 120709,
                "verified": true,
                "profile_use_background_image": true,
                "screen_name": "PioneerPress",
                "profile_sidebar_border_color": "C0DEED",
                "friends_count": 10915,
                "geo_enabled": true,
                "default_profile": true,
                "default_profile_image": false,
                "follow_request_sent": false,
                "profile_link_color": "1DA1F2",
                "notifications": false,
                "favourites_count": 426,
                "profile_background_image_url": "http://abs.twimg.com/images/themes/theme1/bg.png",
                "statuses_count": 85628,
                "utc_offset": -21600,
                "lang": "en",
                "profile_image_url_https": "https://pbs.twimg.com/profile_images/781599536925913089/dBlnUX2m_normal.jpg",
                "profile_text_color": "333333",
                "description": "Twin Cities news, sports, politics, entertainment and business from the St. Paul Pioneer Press, Minnesota's first newspaper.",
                "profile_background_color": "C0DEED",
                "created_at": "Thu Aug 21 02:06:57 +0000 2008",
                "protected": false,
                "id_str": "15926431",
                "has_extended_profile": false,
                "id": 15926431,
                "url": "http://t.co/yJ5nYDoPOU",
                "contributors_enabled": false,
                "location": "St. Paul, Minnesota",
                "is_translator": false,
                "profile_banner_url": "https://pbs.twimg.com/profile_banners/15926431/1459964480",
                "translator_type": "none",
                "entities": {
                    "url": {
                        "urls": [
                            {
                                "display_url": "twincities.com",
                                "url": "http://t.co/yJ5nYDoPOU",
                                "expanded_url": "http://twincities.com",
                                "indices": [
                                    0,
                                    22
                                ]
                            }
                        ]
                    },
                    "description": {
                        "urls": []
                    }
                },
                "profile_background_tile": false,
                "profile_image_url": "http://pbs.twimg.com/profile_images/781599536925913089/dBlnUX2m_normal.jpg",
                "time_zone": "Central Time (US & Canada)",
                "name": "Pioneer Press"
            },
            "is_quote_status": false
        }
    ]
}