{
    "search_metadata": {
        "max_id_str": "803455484573478916",
        "since_id_str": "0",
        "query": "Trump+from%3APortlandPhoenix+since%3A2016-11-27+until%3A2016-11-28+filter%3Alinks+-%40PortlandPhoenix",
        "completed_in": 0.014,
        "refresh_url": "?since_id=803455484573478916&q=Trump%20from%3APortlandPhoenix%20since%3A2016-11-27%20until%3A2016-11-28%20filter%3Alinks%20-%40PortlandPhoenix&include_entities=1",
        "since_id": 0,
        "max_id": 803455484573478916,
        "count": 100
    },
    "statuses": []
}