{
    "statuses": [
        {
            "in_reply_to_user_id": null,
            "favorited": false,
            "lang": "en",
            "metadata": {
                "iso_language_code": "en",
                "result_type": "recent"
            },
            "possibly_sensitive": false,
            "user": {
                "profile_banner_url": "https://pbs.twimg.com/profile_banners/14354091/1441139908",
                "default_profile_image": false,
                "lang": "en",
                "is_translator": false,
                "geo_enabled": true,
                "notifications": false,
                "profile_image_url": "http://pbs.twimg.com/profile_images/2103901539/pjlogo512_normal.png",
                "description": "Top breaking news, tweets of special interest to Rhode Islanders, from http://t.co/LHII5QLj",
                "friends_count": 1413,
                "verified": true,
                "created_at": "Thu Apr 10 19:04:30 +0000 2008",
                "is_translation_enabled": false,
                "url": "http://t.co/NV7zLtAwcw",
                "profile_background_image_url": "http://pbs.twimg.com/profile_background_images/665502128/fde33890ef10fdfa19a4137551d42969.jpeg",
                "contributors_enabled": false,
                "profile_link_color": "0000FF",
                "profile_background_color": "0E3D71",
                "listed_count": 1059,
                "profile_text_color": "384182",
                "time_zone": "Eastern Time (US & Canada)",
                "default_profile": false,
                "entities": {
                    "description": {
                        "urls": [
                            {
                                "expanded_url": "http://providencejournal.com",
                                "display_url": "providencejournal.com",
                                "url": "http://t.co/LHII5QLj",
                                "indices": [
                                    71,
                                    91
                                ]
                            }
                        ]
                    },
                    "url": {
                        "urls": [
                            {
                                "expanded_url": "http://www.providencejournal.com/twitter",
                                "display_url": "providencejournal.com/twitter",
                                "url": "http://t.co/NV7zLtAwcw",
                                "indices": [
                                    0,
                                    22
                                ]
                            }
                        ]
                    }
                },
                "profile_background_tile": true,
                "profile_image_url_https": "https://pbs.twimg.com/profile_images/2103901539/pjlogo512_normal.png",
                "profile_sidebar_border_color": "000000",
                "following": false,
                "utc_offset": -18000,
                "follow_request_sent": false,
                "followers_count": 81642,
                "id_str": "14354091",
                "profile_use_background_image": true,
                "protected": false,
                "statuses_count": 90511,
                "profile_sidebar_fill_color": "FFFFC5",
                "name": "Providence Journal",
                "translator_type": "none",
                "screen_name": "projo",
                "id": 14354091,
                "has_extended_profile": false,
                "favourites_count": 612,
                "location": "Providence, RI",
                "profile_background_image_url_https": "https://pbs.twimg.com/profile_background_images/665502128/fde33890ef10fdfa19a4137551d42969.jpeg"
            },
            "in_reply_to_screen_name": null,
            "retweet_count": 0,
            "text": "John Kostrzewa: Warren, Trump need to cool it https://t.co/1B3SwP9AyV @JohnKostrzewa https://t.co/KYe3axrlA8",
            "place": null,
            "created_at": "Sun Nov 27 23:01:02 +0000 2016",
            "is_quote_status": false,
            "source": "<a href=\"http://bufferapp.com\" rel=\"nofollow\">Buffer</a>",
            "entities": {
                "urls": [
                    {
                        "expanded_url": "http://buff.ly/2fFlwt0",
                        "display_url": "buff.ly/2fFlwt0",
                        "url": "https://t.co/1B3SwP9AyV",
                        "indices": [
                            46,
                            69
                        ]
                    }
                ],
                "symbols": [],
                "media": [
                    {
                        "media_url": "http://pbs.twimg.com/media/CyTeCxoWEAA28_I.jpg",
                        "expanded_url": "https://twitter.com/projo/status/803010775409459204/photo/1",
                        "display_url": "pic.twitter.com/KYe3axrlA8",
                        "url": "https://t.co/KYe3axrlA8",
                        "media_url_https": "https://pbs.twimg.com/media/CyTeCxoWEAA28_I.jpg",
                        "sizes": {
                            "thumb": {
                                "w": 150,
                                "h": 150,
                                "resize": "crop"
                            },
                            "medium": {
                                "w": 1024,
                                "h": 683,
                                "resize": "fit"
                            },
                            "large": {
                                "w": 1024,
                                "h": 683,
                                "resize": "fit"
                            },
                            "small": {
                                "w": 680,
                                "h": 454,
                                "resize": "fit"
                            }
                        },
                        "id": 803010772842450944,
                        "type": "photo",
                        "id_str": "803010772842450944",
                        "indices": [
                            85,
                            108
                        ]
                    }
                ],
                "user_mentions": [
                    {
                        "screen_name": "JohnKostrzewa",
                        "id": 740702682,
                        "id_str": "740702682",
                        "name": "John Kostrzewa",
                        "indices": [
                            70,
                            84
                        ]
                    }
                ],
                "hashtags": []
            },
            "favorite_count": 1,
            "geo": null,
            "in_reply_to_status_id": null,
            "contributors": null,
            "truncated": false,
            "id_str": "803010775409459204",
            "retweeted": false,
            "coordinates": null,
            "id": 803010775409459204,
            "extended_entities": {
                "media": [
                    {
                        "media_url": "http://pbs.twimg.com/media/CyTeCxoWEAA28_I.jpg",
                        "expanded_url": "https://twitter.com/projo/status/803010775409459204/photo/1",
                        "display_url": "pic.twitter.com/KYe3axrlA8",
                        "url": "https://t.co/KYe3axrlA8",
                        "media_url_https": "https://pbs.twimg.com/media/CyTeCxoWEAA28_I.jpg",
                        "sizes": {
                            "thumb": {
                                "w": 150,
                                "h": 150,
                                "resize": "crop"
                            },
                            "medium": {
                                "w": 1024,
                                "h": 683,
                                "resize": "fit"
                            },
                            "large": {
                                "w": 1024,
                                "h": 683,
                                "resize": "fit"
                            },
                            "small": {
                                "w": 680,
                                "h": 454,
                                "resize": "fit"
                            }
                        },
                        "id": 803010772842450944,
                        "type": "photo",
                        "id_str": "803010772842450944",
                        "indices": [
                            85,
                            108
                        ]
                    }
                ]
            },
            "in_reply_to_status_id_str": null,
            "in_reply_to_user_id_str": null
        },
        {
            "in_reply_to_user_id": null,
            "favorited": false,
            "lang": "en",
            "metadata": {
                "iso_language_code": "en",
                "result_type": "recent"
            },
            "possibly_sensitive": false,
            "user": {
                "profile_banner_url": "https://pbs.twimg.com/profile_banners/14354091/1441139908",
                "default_profile_image": false,
                "lang": "en",
                "is_translator": false,
                "geo_enabled": true,
                "notifications": false,
                "profile_image_url": "http://pbs.twimg.com/profile_images/2103901539/pjlogo512_normal.png",
                "description": "Top breaking news, tweets of special interest to Rhode Islanders, from http://t.co/LHII5QLj",
                "friends_count": 1413,
                "verified": true,
                "created_at": "Thu Apr 10 19:04:30 +0000 2008",
                "is_translation_enabled": false,
                "url": "http://t.co/NV7zLtAwcw",
                "profile_background_image_url": "http://pbs.twimg.com/profile_background_images/665502128/fde33890ef10fdfa19a4137551d42969.jpeg",
                "contributors_enabled": false,
                "profile_link_color": "0000FF",
                "profile_background_color": "0E3D71",
                "listed_count": 1059,
                "profile_text_color": "384182",
                "time_zone": "Eastern Time (US & Canada)",
                "default_profile": false,
                "entities": {
                    "description": {
                        "urls": [
                            {
                                "expanded_url": "http://providencejournal.com",
                                "display_url": "providencejournal.com",
                                "url": "http://t.co/LHII5QLj",
                                "indices": [
                                    71,
                                    91
                                ]
                            }
                        ]
                    },
                    "url": {
                        "urls": [
                            {
                                "expanded_url": "http://www.providencejournal.com/twitter",
                                "display_url": "providencejournal.com/twitter",
                                "url": "http://t.co/NV7zLtAwcw",
                                "indices": [
                                    0,
                                    22
                                ]
                            }
                        ]
                    }
                },
                "profile_background_tile": true,
                "profile_image_url_https": "https://pbs.twimg.com/profile_images/2103901539/pjlogo512_normal.png",
                "profile_sidebar_border_color": "000000",
                "following": false,
                "utc_offset": -18000,
                "follow_request_sent": false,
                "followers_count": 81642,
                "id_str": "14354091",
                "profile_use_background_image": true,
                "protected": false,
                "statuses_count": 90511,
                "profile_sidebar_fill_color": "FFFFC5",
                "name": "Providence Journal",
                "translator_type": "none",
                "screen_name": "projo",
                "id": 14354091,
                "has_extended_profile": false,
                "favourites_count": 612,
                "location": "Providence, RI",
                "profile_background_image_url_https": "https://pbs.twimg.com/profile_background_images/665502128/fde33890ef10fdfa19a4137551d42969.jpeg"
            },
            "in_reply_to_screen_name": null,
            "retweet_count": 0,
            "text": "Police try to gauge the Trump Effect in #RI https://t.co/BU4KoFI1wq @AmandaMilkovits https://t.co/Q9Mt97w12A",
            "place": null,
            "created_at": "Sun Nov 27 19:18:02 +0000 2016",
            "is_quote_status": false,
            "source": "<a href=\"http://bufferapp.com\" rel=\"nofollow\">Buffer</a>",
            "entities": {
                "urls": [
                    {
                        "expanded_url": "http://buff.ly/2gv6vr6",
                        "display_url": "buff.ly/2gv6vr6",
                        "url": "https://t.co/BU4KoFI1wq",
                        "indices": [
                            44,
                            67
                        ]
                    }
                ],
                "symbols": [],
                "media": [
                    {
                        "media_url": "http://pbs.twimg.com/media/CySrAA3WEAA4n6v.jpg",
                        "expanded_url": "https://twitter.com/projo/status/802954654120177664/photo/1",
                        "display_url": "pic.twitter.com/Q9Mt97w12A",
                        "url": "https://t.co/Q9Mt97w12A",
                        "media_url_https": "https://pbs.twimg.com/media/CySrAA3WEAA4n6v.jpg",
                        "sizes": {
                            "thumb": {
                                "w": 150,
                                "h": 150,
                                "resize": "crop"
                            },
                            "medium": {
                                "w": 1200,
                                "h": 800,
                                "resize": "fit"
                            },
                            "large": {
                                "w": 2048,
                                "h": 1365,
                                "resize": "fit"
                            },
                            "small": {
                                "w": 680,
                                "h": 453,
                                "resize": "fit"
                            }
                        },
                        "id": 802954650299273216,
                        "type": "photo",
                        "id_str": "802954650299273216",
                        "indices": [
                            85,
                            108
                        ]
                    }
                ],
                "user_mentions": [
                    {
                        "screen_name": "AmandaMilkovits",
                        "id": 718184090,
                        "id_str": "718184090",
                        "name": "Amanda Milkovits",
                        "indices": [
                            68,
                            84
                        ]
                    }
                ],
                "hashtags": [
                    {
                        "text": "RI",
                        "indices": [
                            40,
                            43
                        ]
                    }
                ]
            },
            "favorite_count": 1,
            "geo": null,
            "in_reply_to_status_id": null,
            "contributors": null,
            "truncated": false,
            "id_str": "802954654120177664",
            "retweeted": false,
            "coordinates": null,
            "id": 802954654120177664,
            "extended_entities": {
                "media": [
                    {
                        "media_url": "http://pbs.twimg.com/media/CySrAA3WEAA4n6v.jpg",
                        "expanded_url": "https://twitter.com/projo/status/802954654120177664/photo/1",
                        "display_url": "pic.twitter.com/Q9Mt97w12A",
                        "url": "https://t.co/Q9Mt97w12A",
                        "media_url_https": "https://pbs.twimg.com/media/CySrAA3WEAA4n6v.jpg",
                        "sizes": {
                            "thumb": {
                                "w": 150,
                                "h": 150,
                                "resize": "crop"
                            },
                            "medium": {
                                "w": 1200,
                                "h": 800,
                                "resize": "fit"
                            },
                            "large": {
                                "w": 2048,
                                "h": 1365,
                                "resize": "fit"
                            },
                            "small": {
                                "w": 680,
                                "h": 453,
                                "resize": "fit"
                            }
                        },
                        "id": 802954650299273216,
                        "type": "photo",
                        "id_str": "802954650299273216",
                        "indices": [
                            85,
                            108
                        ]
                    }
                ]
            },
            "in_reply_to_status_id_str": null,
            "in_reply_to_user_id_str": null
        },
        {
            "in_reply_to_user_id": null,
            "favorited": false,
            "lang": "en",
            "metadata": {
                "iso_language_code": "en",
                "result_type": "recent"
            },
            "possibly_sensitive": false,
            "user": {
                "profile_banner_url": "https://pbs.twimg.com/profile_banners/14354091/1441139908",
                "default_profile_image": false,
                "lang": "en",
                "is_translator": false,
                "geo_enabled": true,
                "notifications": false,
                "profile_image_url": "http://pbs.twimg.com/profile_images/2103901539/pjlogo512_normal.png",
                "description": "Top breaking news, tweets of special interest to Rhode Islanders, from http://t.co/LHII5QLj",
                "friends_count": 1413,
                "verified": true,
                "created_at": "Thu Apr 10 19:04:30 +0000 2008",
                "is_translation_enabled": false,
                "url": "http://t.co/NV7zLtAwcw",
                "profile_background_image_url": "http://pbs.twimg.com/profile_background_images/665502128/fde33890ef10fdfa19a4137551d42969.jpeg",
                "contributors_enabled": false,
                "profile_link_color": "0000FF",
                "profile_background_color": "0E3D71",
                "listed_count": 1059,
                "profile_text_color": "384182",
                "time_zone": "Eastern Time (US & Canada)",
                "default_profile": false,
                "entities": {
                    "description": {
                        "urls": [
                            {
                                "expanded_url": "http://providencejournal.com",
                                "display_url": "providencejournal.com",
                                "url": "http://t.co/LHII5QLj",
                                "indices": [
                                    71,
                                    91
                                ]
                            }
                        ]
                    },
                    "url": {
                        "urls": [
                            {
                                "expanded_url": "http://www.providencejournal.com/twitter",
                                "display_url": "providencejournal.com/twitter",
                                "url": "http://t.co/NV7zLtAwcw",
                                "indices": [
                                    0,
                                    22
                                ]
                            }
                        ]
                    }
                },
                "profile_background_tile": true,
                "profile_image_url_https": "https://pbs.twimg.com/profile_images/2103901539/pjlogo512_normal.png",
                "profile_sidebar_border_color": "000000",
                "following": false,
                "utc_offset": -18000,
                "follow_request_sent": false,
                "followers_count": 81642,
                "id_str": "14354091",
                "profile_use_background_image": true,
                "protected": false,
                "statuses_count": 90511,
                "profile_sidebar_fill_color": "FFFFC5",
                "name": "Providence Journal",
                "translator_type": "none",
                "screen_name": "projo",
                "id": 14354091,
                "has_extended_profile": false,
                "favourites_count": 612,
                "location": "Providence, RI",
                "profile_background_image_url_https": "https://pbs.twimg.com/profile_background_images/665502128/fde33890ef10fdfa19a4137551d42969.jpeg"
            },
            "in_reply_to_screen_name": null,
            "retweet_count": 2,
            "text": "John Kostrzewa: Trump, Warren need to cool it https://t.co/gQ9wZNv6Zu @JohnKostrzewa https://t.co/8yXOwFzAVR",
            "place": null,
            "created_at": "Sun Nov 27 15:55:13 +0000 2016",
            "is_quote_status": false,
            "source": "<a href=\"http://bufferapp.com\" rel=\"nofollow\">Buffer</a>",
            "entities": {
                "urls": [
                    {
                        "expanded_url": "http://buff.ly/2fT6Fcb",
                        "display_url": "buff.ly/2fT6Fcb",
                        "url": "https://t.co/gQ9wZNv6Zu",
                        "indices": [
                            46,
                            69
                        ]
                    }
                ],
                "symbols": [],
                "media": [
                    {
                        "media_url": "http://pbs.twimg.com/media/CyR8lK4WEAAdzcZ.jpg",
                        "expanded_url": "https://twitter.com/projo/status/802903614133915648/photo/1",
                        "display_url": "pic.twitter.com/8yXOwFzAVR",
                        "url": "https://t.co/8yXOwFzAVR",
                        "media_url_https": "https://pbs.twimg.com/media/CyR8lK4WEAAdzcZ.jpg",
                        "sizes": {
                            "thumb": {
                                "w": 150,
                                "h": 150,
                                "resize": "crop"
                            },
                            "medium": {
                                "w": 1024,
                                "h": 683,
                                "resize": "fit"
                            },
                            "large": {
                                "w": 1024,
                                "h": 683,
                                "resize": "fit"
                            },
                            "small": {
                                "w": 680,
                                "h": 454,
                                "resize": "fit"
                            }
                        },
                        "id": 802903611596476416,
                        "type": "photo",
                        "id_str": "802903611596476416",
                        "indices": [
                            85,
                            108
                        ]
                    }
                ],
                "user_mentions": [
                    {
                        "screen_name": "JohnKostrzewa",
                        "id": 740702682,
                        "id_str": "740702682",
                        "name": "John Kostrzewa",
                        "indices": [
                            70,
                            84
                        ]
                    }
                ],
                "hashtags": []
            },
            "favorite_count": 1,
            "geo": null,
            "in_reply_to_status_id": null,
            "contributors": null,
            "truncated": false,
            "id_str": "802903614133915648",
            "retweeted": false,
            "coordinates": null,
            "id": 802903614133915648,
            "extended_entities": {
                "media": [
                    {
                        "media_url": "http://pbs.twimg.com/media/CyR8lK4WEAAdzcZ.jpg",
                        "expanded_url": "https://twitter.com/projo/status/802903614133915648/photo/1",
                        "display_url": "pic.twitter.com/8yXOwFzAVR",
                        "url": "https://t.co/8yXOwFzAVR",
                        "media_url_https": "https://pbs.twimg.com/media/CyR8lK4WEAAdzcZ.jpg",
                        "sizes": {
                            "thumb": {
                                "w": 150,
                                "h": 150,
                                "resize": "crop"
                            },
                            "medium": {
                                "w": 1024,
                                "h": 683,
                                "resize": "fit"
                            },
                            "large": {
                                "w": 1024,
                                "h": 683,
                                "resize": "fit"
                            },
                            "small": {
                                "w": 680,
                                "h": 454,
                                "resize": "fit"
                            }
                        },
                        "id": 802903611596476416,
                        "type": "photo",
                        "id_str": "802903611596476416",
                        "indices": [
                            85,
                            108
                        ]
                    }
                ]
            },
            "in_reply_to_status_id_str": null,
            "in_reply_to_user_id_str": null
        },
        {
            "in_reply_to_user_id": null,
            "favorited": false,
            "lang": "en",
            "metadata": {
                "iso_language_code": "en",
                "result_type": "recent"
            },
            "possibly_sensitive": false,
            "user": {
                "profile_banner_url": "https://pbs.twimg.com/profile_banners/14354091/1441139908",
                "default_profile_image": false,
                "lang": "en",
                "is_translator": false,
                "geo_enabled": true,
                "notifications": false,
                "profile_image_url": "http://pbs.twimg.com/profile_images/2103901539/pjlogo512_normal.png",
                "description": "Top breaking news, tweets of special interest to Rhode Islanders, from http://t.co/LHII5QLj",
                "friends_count": 1413,
                "verified": true,
                "created_at": "Thu Apr 10 19:04:30 +0000 2008",
                "is_translation_enabled": false,
                "url": "http://t.co/NV7zLtAwcw",
                "profile_background_image_url": "http://pbs.twimg.com/profile_background_images/665502128/fde33890ef10fdfa19a4137551d42969.jpeg",
                "contributors_enabled": false,
                "profile_link_color": "0000FF",
                "profile_background_color": "0E3D71",
                "listed_count": 1059,
                "profile_text_color": "384182",
                "time_zone": "Eastern Time (US & Canada)",
                "default_profile": false,
                "entities": {
                    "description": {
                        "urls": [
                            {
                                "expanded_url": "http://providencejournal.com",
                                "display_url": "providencejournal.com",
                                "url": "http://t.co/LHII5QLj",
                                "indices": [
                                    71,
                                    91
                                ]
                            }
                        ]
                    },
                    "url": {
                        "urls": [
                            {
                                "expanded_url": "http://www.providencejournal.com/twitter",
                                "display_url": "providencejournal.com/twitter",
                                "url": "http://t.co/NV7zLtAwcw",
                                "indices": [
                                    0,
                                    22
                                ]
                            }
                        ]
                    }
                },
                "profile_background_tile": true,
                "profile_image_url_https": "https://pbs.twimg.com/profile_images/2103901539/pjlogo512_normal.png",
                "profile_sidebar_border_color": "000000",
                "following": false,
                "utc_offset": -18000,
                "follow_request_sent": false,
                "followers_count": 81642,
                "id_str": "14354091",
                "profile_use_background_image": true,
                "protected": false,
                "statuses_count": 90511,
                "profile_sidebar_fill_color": "FFFFC5",
                "name": "Providence Journal",
                "translator_type": "none",
                "screen_name": "projo",
                "id": 14354091,
                "has_extended_profile": false,
                "favourites_count": 612,
                "location": "Providence, RI",
                "profile_background_image_url_https": "https://pbs.twimg.com/profile_background_images/665502128/fde33890ef10fdfa19a4137551d42969.jpeg"
            },
            "in_reply_to_screen_name": null,
            "retweet_count": 0,
            "text": "Trump: 'The people have spoken and the election is over' https://t.co/a1DlPd5ORT https://t.co/7AM8l3I7B7",
            "place": null,
            "created_at": "Sun Nov 27 14:53:21 +0000 2016",
            "is_quote_status": false,
            "source": "<a href=\"http://bufferapp.com\" rel=\"nofollow\">Buffer</a>",
            "entities": {
                "urls": [
                    {
                        "expanded_url": "http://buff.ly/2g6J5vp",
                        "display_url": "buff.ly/2g6J5vp",
                        "url": "https://t.co/a1DlPd5ORT",
                        "indices": [
                            57,
                            80
                        ]
                    }
                ],
                "symbols": [],
                "media": [
                    {
                        "media_url": "http://pbs.twimg.com/media/CyRua7VUUAApLU4.jpg",
                        "expanded_url": "https://twitter.com/projo/status/802888045963911168/photo/1",
                        "display_url": "pic.twitter.com/7AM8l3I7B7",
                        "url": "https://t.co/7AM8l3I7B7",
                        "media_url_https": "https://pbs.twimg.com/media/CyRua7VUUAApLU4.jpg",
                        "sizes": {
                            "thumb": {
                                "w": 150,
                                "h": 150,
                                "resize": "crop"
                            },
                            "medium": {
                                "w": 1024,
                                "h": 683,
                                "resize": "fit"
                            },
                            "large": {
                                "w": 1024,
                                "h": 683,
                                "resize": "fit"
                            },
                            "small": {
                                "w": 680,
                                "h": 454,
                                "resize": "fit"
                            }
                        },
                        "id": 802888042461548544,
                        "type": "photo",
                        "id_str": "802888042461548544",
                        "indices": [
                            81,
                            104
                        ]
                    }
                ],
                "user_mentions": [],
                "hashtags": []
            },
            "favorite_count": 0,
            "geo": null,
            "in_reply_to_status_id": null,
            "contributors": null,
            "truncated": false,
            "id_str": "802888045963911168",
            "retweeted": false,
            "coordinates": null,
            "id": 802888045963911168,
            "extended_entities": {
                "media": [
                    {
                        "media_url": "http://pbs.twimg.com/media/CyRua7VUUAApLU4.jpg",
                        "expanded_url": "https://twitter.com/projo/status/802888045963911168/photo/1",
                        "display_url": "pic.twitter.com/7AM8l3I7B7",
                        "url": "https://t.co/7AM8l3I7B7",
                        "media_url_https": "https://pbs.twimg.com/media/CyRua7VUUAApLU4.jpg",
                        "sizes": {
                            "thumb": {
                                "w": 150,
                                "h": 150,
                                "resize": "crop"
                            },
                            "medium": {
                                "w": 1024,
                                "h": 683,
                                "resize": "fit"
                            },
                            "large": {
                                "w": 1024,
                                "h": 683,
                                "resize": "fit"
                            },
                            "small": {
                                "w": 680,
                                "h": 454,
                                "resize": "fit"
                            }
                        },
                        "id": 802888042461548544,
                        "type": "photo",
                        "id_str": "802888042461548544",
                        "indices": [
                            81,
                            104
                        ]
                    }
                ]
            },
            "in_reply_to_status_id_str": null,
            "in_reply_to_user_id_str": null
        },
        {
            "in_reply_to_user_id": null,
            "favorited": false,
            "lang": "en",
            "metadata": {
                "iso_language_code": "en",
                "result_type": "recent"
            },
            "possibly_sensitive": false,
            "user": {
                "profile_banner_url": "https://pbs.twimg.com/profile_banners/14354091/1441139908",
                "default_profile_image": false,
                "lang": "en",
                "is_translator": false,
                "geo_enabled": true,
                "notifications": false,
                "profile_image_url": "http://pbs.twimg.com/profile_images/2103901539/pjlogo512_normal.png",
                "description": "Top breaking news, tweets of special interest to Rhode Islanders, from http://t.co/LHII5QLj",
                "friends_count": 1413,
                "verified": true,
                "created_at": "Thu Apr 10 19:04:30 +0000 2008",
                "is_translation_enabled": false,
                "url": "http://t.co/NV7zLtAwcw",
                "profile_background_image_url": "http://pbs.twimg.com/profile_background_images/665502128/fde33890ef10fdfa19a4137551d42969.jpeg",
                "contributors_enabled": false,
                "profile_link_color": "0000FF",
                "profile_background_color": "0E3D71",
                "listed_count": 1059,
                "profile_text_color": "384182",
                "time_zone": "Eastern Time (US & Canada)",
                "default_profile": false,
                "entities": {
                    "description": {
                        "urls": [
                            {
                                "expanded_url": "http://providencejournal.com",
                                "display_url": "providencejournal.com",
                                "url": "http://t.co/LHII5QLj",
                                "indices": [
                                    71,
                                    91
                                ]
                            }
                        ]
                    },
                    "url": {
                        "urls": [
                            {
                                "expanded_url": "http://www.providencejournal.com/twitter",
                                "display_url": "providencejournal.com/twitter",
                                "url": "http://t.co/NV7zLtAwcw",
                                "indices": [
                                    0,
                                    22
                                ]
                            }
                        ]
                    }
                },
                "profile_background_tile": true,
                "profile_image_url_https": "https://pbs.twimg.com/profile_images/2103901539/pjlogo512_normal.png",
                "profile_sidebar_border_color": "000000",
                "following": false,
                "utc_offset": -18000,
                "follow_request_sent": false,
                "followers_count": 81642,
                "id_str": "14354091",
                "profile_use_background_image": true,
                "protected": false,
                "statuses_count": 90511,
                "profile_sidebar_fill_color": "FFFFC5",
                "name": "Providence Journal",
                "translator_type": "none",
                "screen_name": "projo",
                "id": 14354091,
                "has_extended_profile": false,
                "favourites_count": 612,
                "location": "Providence, RI",
                "profile_background_image_url_https": "https://pbs.twimg.com/profile_background_images/665502128/fde33890ef10fdfa19a4137551d42969.jpeg"
            },
            "in_reply_to_screen_name": null,
            "retweet_count": 0,
            "text": "Police try to gauge the Trump Effect in R.I. https://t.co/Bz77yu6b46 @AmandaMilkovits https://t.co/Qsy3nXp1Mu",
            "place": null,
            "created_at": "Sun Nov 27 14:51:11 +0000 2016",
            "is_quote_status": false,
            "source": "<a href=\"http://bufferapp.com\" rel=\"nofollow\">Buffer</a>",
            "entities": {
                "urls": [
                    {
                        "expanded_url": "http://buff.ly/2fo3hd7",
                        "display_url": "buff.ly/2fo3hd7",
                        "url": "https://t.co/Bz77yu6b46",
                        "indices": [
                            45,
                            68
                        ]
                    }
                ],
                "symbols": [],
                "media": [
                    {
                        "media_url": "http://pbs.twimg.com/media/CyRt7B9WgAAtVZr.jpg",
                        "expanded_url": "https://twitter.com/projo/status/802887498858983424/photo/1",
                        "display_url": "pic.twitter.com/Qsy3nXp1Mu",
                        "url": "https://t.co/Qsy3nXp1Mu",
                        "media_url_https": "https://pbs.twimg.com/media/CyRt7B9WgAAtVZr.jpg",
                        "sizes": {
                            "thumb": {
                                "w": 150,
                                "h": 150,
                                "resize": "crop"
                            },
                            "medium": {
                                "w": 1200,
                                "h": 800,
                                "resize": "fit"
                            },
                            "large": {
                                "w": 2048,
                                "h": 1365,
                                "resize": "fit"
                            },
                            "small": {
                                "w": 680,
                                "h": 453,
                                "resize": "fit"
                            }
                        },
                        "id": 802887494484262912,
                        "type": "photo",
                        "id_str": "802887494484262912",
                        "indices": [
                            86,
                            109
                        ]
                    }
                ],
                "user_mentions": [
                    {
                        "screen_name": "AmandaMilkovits",
                        "id": 718184090,
                        "id_str": "718184090",
                        "name": "Amanda Milkovits",
                        "indices": [
                            69,
                            85
                        ]
                    }
                ],
                "hashtags": []
            },
            "favorite_count": 2,
            "geo": null,
            "in_reply_to_status_id": null,
            "contributors": null,
            "truncated": false,
            "id_str": "802887498858983424",
            "retweeted": false,
            "coordinates": null,
            "id": 802887498858983424,
            "extended_entities": {
                "media": [
                    {
                        "media_url": "http://pbs.twimg.com/media/CyRt7B9WgAAtVZr.jpg",
                        "expanded_url": "https://twitter.com/projo/status/802887498858983424/photo/1",
                        "display_url": "pic.twitter.com/Qsy3nXp1Mu",
                        "url": "https://t.co/Qsy3nXp1Mu",
                        "media_url_https": "https://pbs.twimg.com/media/CyRt7B9WgAAtVZr.jpg",
                        "sizes": {
                            "thumb": {
                                "w": 150,
                                "h": 150,
                                "resize": "crop"
                            },
                            "medium": {
                                "w": 1200,
                                "h": 800,
                                "resize": "fit"
                            },
                            "large": {
                                "w": 2048,
                                "h": 1365,
                                "resize": "fit"
                            },
                            "small": {
                                "w": 680,
                                "h": 453,
                                "resize": "fit"
                            }
                        },
                        "id": 802887494484262912,
                        "type": "photo",
                        "id_str": "802887494484262912",
                        "indices": [
                            86,
                            109
                        ]
                    }
                ]
            },
            "in_reply_to_status_id_str": null,
            "in_reply_to_user_id_str": null
        },
        {
            "in_reply_to_user_id": null,
            "favorited": false,
            "lang": "en",
            "metadata": {
                "iso_language_code": "en",
                "result_type": "recent"
            },
            "possibly_sensitive": false,
            "user": {
                "profile_banner_url": "https://pbs.twimg.com/profile_banners/14354091/1441139908",
                "default_profile_image": false,
                "lang": "en",
                "is_translator": false,
                "geo_enabled": true,
                "notifications": false,
                "profile_image_url": "http://pbs.twimg.com/profile_images/2103901539/pjlogo512_normal.png",
                "description": "Top breaking news, tweets of special interest to Rhode Islanders, from http://t.co/LHII5QLj",
                "friends_count": 1413,
                "verified": true,
                "created_at": "Thu Apr 10 19:04:30 +0000 2008",
                "is_translation_enabled": false,
                "url": "http://t.co/NV7zLtAwcw",
                "profile_background_image_url": "http://pbs.twimg.com/profile_background_images/665502128/fde33890ef10fdfa19a4137551d42969.jpeg",
                "contributors_enabled": false,
                "profile_link_color": "0000FF",
                "profile_background_color": "0E3D71",
                "listed_count": 1059,
                "profile_text_color": "384182",
                "time_zone": "Eastern Time (US & Canada)",
                "default_profile": false,
                "entities": {
                    "description": {
                        "urls": [
                            {
                                "expanded_url": "http://providencejournal.com",
                                "display_url": "providencejournal.com",
                                "url": "http://t.co/LHII5QLj",
                                "indices": [
                                    71,
                                    91
                                ]
                            }
                        ]
                    },
                    "url": {
                        "urls": [
                            {
                                "expanded_url": "http://www.providencejournal.com/twitter",
                                "display_url": "providencejournal.com/twitter",
                                "url": "http://t.co/NV7zLtAwcw",
                                "indices": [
                                    0,
                                    22
                                ]
                            }
                        ]
                    }
                },
                "profile_background_tile": true,
                "profile_image_url_https": "https://pbs.twimg.com/profile_images/2103901539/pjlogo512_normal.png",
                "profile_sidebar_border_color": "000000",
                "following": false,
                "utc_offset": -18000,
                "follow_request_sent": false,
                "followers_count": 81642,
                "id_str": "14354091",
                "profile_use_background_image": true,
                "protected": false,
                "statuses_count": 90511,
                "profile_sidebar_fill_color": "FFFFC5",
                "name": "Providence Journal",
                "translator_type": "none",
                "screen_name": "projo",
                "id": 14354091,
                "has_extended_profile": false,
                "favourites_count": 612,
                "location": "Providence, RI",
                "profile_background_image_url_https": "https://pbs.twimg.com/profile_background_images/665502128/fde33890ef10fdfa19a4137551d42969.jpeg"
            },
            "in_reply_to_screen_name": null,
            "retweet_count": 1,
            "text": "Reddit's CEO regrets trolling Trump supporters by secretly editing their posts https://t.co/o2HgaCrIOs https://t.co/sP7pAvbccB",
            "place": null,
            "created_at": "Sun Nov 27 14:43:25 +0000 2016",
            "is_quote_status": false,
            "source": "<a href=\"http://bufferapp.com\" rel=\"nofollow\">Buffer</a>",
            "entities": {
                "urls": [
                    {
                        "expanded_url": "http://buff.ly/2gv6NOS",
                        "display_url": "buff.ly/2gv6NOS",
                        "url": "https://t.co/o2HgaCrIOs",
                        "indices": [
                            79,
                            102
                        ]
                    }
                ],
                "symbols": [],
                "media": [
                    {
                        "media_url": "http://pbs.twimg.com/media/CyRsJQqWEAAzxZo.jpg",
                        "expanded_url": "https://twitter.com/projo/status/802885543092572160/photo/1",
                        "display_url": "pic.twitter.com/sP7pAvbccB",
                        "url": "https://t.co/sP7pAvbccB",
                        "media_url_https": "https://pbs.twimg.com/media/CyRsJQqWEAAzxZo.jpg",
                        "sizes": {
                            "thumb": {
                                "w": 150,
                                "h": 150,
                                "resize": "crop"
                            },
                            "medium": {
                                "w": 1024,
                                "h": 512,
                                "resize": "fit"
                            },
                            "large": {
                                "w": 1024,
                                "h": 512,
                                "resize": "fit"
                            },
                            "small": {
                                "w": 680,
                                "h": 340,
                                "resize": "fit"
                            }
                        },
                        "id": 802885539925987328,
                        "type": "photo",
                        "id_str": "802885539925987328",
                        "indices": [
                            103,
                            126
                        ]
                    }
                ],
                "user_mentions": [],
                "hashtags": []
            },
            "favorite_count": 2,
            "geo": null,
            "in_reply_to_status_id": null,
            "contributors": null,
            "truncated": false,
            "id_str": "802885543092572160",
            "retweeted": false,
            "coordinates": null,
            "id": 802885543092572160,
            "extended_entities": {
                "media": [
                    {
                        "media_url": "http://pbs.twimg.com/media/CyRsJQqWEAAzxZo.jpg",
                        "expanded_url": "https://twitter.com/projo/status/802885543092572160/photo/1",
                        "display_url": "pic.twitter.com/sP7pAvbccB",
                        "url": "https://t.co/sP7pAvbccB",
                        "media_url_https": "https://pbs.twimg.com/media/CyRsJQqWEAAzxZo.jpg",
                        "sizes": {
                            "thumb": {
                                "w": 150,
                                "h": 150,
                                "resize": "crop"
                            },
                            "medium": {
                                "w": 1024,
                                "h": 512,
                                "resize": "fit"
                            },
                            "large": {
                                "w": 1024,
                                "h": 512,
                                "resize": "fit"
                            },
                            "small": {
                                "w": 680,
                                "h": 340,
                                "resize": "fit"
                            }
                        },
                        "id": 802885539925987328,
                        "type": "photo",
                        "id_str": "802885539925987328",
                        "indices": [
                            103,
                            126
                        ]
                    }
                ]
            },
            "in_reply_to_status_id_str": null,
            "in_reply_to_user_id_str": null
        }
    ],
    "search_metadata": {
        "max_id_str": "803010775409459204",
        "since_id_str": "0",
        "since_id": 0,
        "refresh_url": "?since_id=803010775409459204&q=Trump%20from%3Aprojo%20since%3A2016-11-27%20until%3A2016-11-28%20filter%3Alinks%20-%40projo&include_entities=1",
        "max_id": 803010775409459204,
        "completed_in": 0.027,
        "count": 100,
        "query": "Trump+from%3Aprojo+since%3A2016-11-27+until%3A2016-11-28+filter%3Alinks+-%40projo"
    }
}