{
    "statuses": [],
    "search_metadata": {
        "max_id_str": "803456652657782784",
        "since_id_str": "0",
        "since_id": 0,
        "refresh_url": "?since_id=803456652657782784&q=Trump%20from%3Aregisterguard%20since%3A2016-11-27%20until%3A2016-11-28%20filter%3Alinks%20-%40registerguard&include_entities=1",
        "max_id": 803456652657782784,
        "completed_in": 0.016,
        "count": 100,
        "query": "Trump+from%3Aregisterguard+since%3A2016-11-27+until%3A2016-11-28+filter%3Alinks+-%40registerguard"
    }
}