{
    "search_metadata": {
        "max_id_str": "803455391128354816",
        "since_id_str": "0",
        "query": "Trump+from%3Asfchronicle+since%3A2016-11-27+until%3A2016-11-28+filter%3Alinks+-%40sfchronicle",
        "completed_in": 0.016,
        "refresh_url": "?since_id=803455391128354816&q=Trump%20from%3Asfchronicle%20since%3A2016-11-27%20until%3A2016-11-28%20filter%3Alinks%20-%40sfchronicle&include_entities=1",
        "since_id": 0,
        "max_id": 803455391128354816,
        "count": 100
    },
    "statuses": []
}