{
    "search_metadata": {
        "max_id_str": "803455482174251008",
        "since_id_str": "0",
        "query": "Trump+from%3Ashreveporttimes+since%3A2016-11-27+until%3A2016-11-28+filter%3Alinks+-%40shreveporttimes",
        "completed_in": 0.025,
        "refresh_url": "?since_id=803455482174251008&q=Trump%20from%3Ashreveporttimes%20since%3A2016-11-27%20until%3A2016-11-28%20filter%3Alinks%20-%40shreveporttimes&include_entities=1",
        "since_id": 0,
        "max_id": 803455482174251008,
        "count": 100
    },
    "statuses": []
}