{
    "statuses": [
        {
            "in_reply_to_user_id": null,
            "favorited": false,
            "lang": "en",
            "metadata": {
                "iso_language_code": "en",
                "result_type": "recent"
            },
            "possibly_sensitive": false,
            "user": {
                "profile_banner_url": "https://pbs.twimg.com/profile_banners/15369276/1411507840",
                "default_profile_image": false,
                "lang": "en",
                "is_translator": false,
                "geo_enabled": false,
                "notifications": false,
                "profile_image_url": "http://pbs.twimg.com/profile_images/1349198782/tribuneicon-red2_normal.png",
                "description": "News from The Salt Lake Tribune, Utah's largest newspaper. Get breaking news, sports and more here and at http://t.co/m8EPmq6A7J. RT \u2260 endorsement",
                "friends_count": 1310,
                "verified": true,
                "created_at": "Wed Jul 09 19:28:55 +0000 2008",
                "is_translation_enabled": false,
                "url": "http://www.sltrib.com",
                "profile_background_image_url": "http://pbs.twimg.com/profile_background_images/8646974/trib-bg3.jpg",
                "contributors_enabled": false,
                "profile_link_color": "000000",
                "profile_background_color": "FFFFFF",
                "listed_count": 1858,
                "profile_text_color": "333333",
                "time_zone": "Mountain Time (US & Canada)",
                "default_profile": false,
                "entities": {
                    "description": {
                        "urls": [
                            {
                                "expanded_url": "http://sltrib.com",
                                "display_url": "sltrib.com",
                                "url": "http://t.co/m8EPmq6A7J",
                                "indices": [
                                    106,
                                    128
                                ]
                            }
                        ]
                    },
                    "url": {
                        "urls": [
                            {
                                "expanded_url": null,
                                "url": "http://www.sltrib.com",
                                "indices": [
                                    0,
                                    21
                                ]
                            }
                        ]
                    }
                },
                "profile_background_tile": false,
                "profile_image_url_https": "https://pbs.twimg.com/profile_images/1349198782/tribuneicon-red2_normal.png",
                "profile_sidebar_border_color": "FFFFFF",
                "following": false,
                "utc_offset": -25200,
                "follow_request_sent": false,
                "followers_count": 110054,
                "id_str": "15369276",
                "profile_use_background_image": true,
                "protected": false,
                "statuses_count": 96313,
                "profile_sidebar_fill_color": "DDFFCC",
                "name": "Salt Lake Tribune",
                "translator_type": "none",
                "screen_name": "sltrib",
                "id": 15369276,
                "has_extended_profile": false,
                "favourites_count": 1944,
                "location": "Salt Lake City, Utah",
                "profile_background_image_url_https": "https://pbs.twimg.com/profile_background_images/8646974/trib-bg3.jpg"
            },
            "in_reply_to_screen_name": null,
            "retweet_count": 0,
            "text": "Kellyanne Conway: Mitt Romney \u2018went out of his way to hurt Donald Trump\u2019 https://t.co/U0iMz9aRWs https://t.co/j5nHxvuse9",
            "place": null,
            "created_at": "Sun Nov 27 20:34:17 +0000 2016",
            "is_quote_status": false,
            "source": "<a href=\"http://twitter.com\" rel=\"nofollow\">Twitter Web Client</a>",
            "entities": {
                "urls": [
                    {
                        "expanded_url": "http://www.sltrib.com/home/4641665-155/kellyanne-conway-mitt-romney-went-out",
                        "display_url": "sltrib.com/home/4641665-1\u2026",
                        "url": "https://t.co/U0iMz9aRWs",
                        "indices": [
                            73,
                            96
                        ]
                    }
                ],
                "symbols": [],
                "media": [
                    {
                        "media_url": "http://pbs.twimg.com/media/CyS8UfMUAAALTpG.jpg",
                        "expanded_url": "https://twitter.com/sltrib/status/802973843807551488/photo/1",
                        "display_url": "pic.twitter.com/j5nHxvuse9",
                        "url": "https://t.co/j5nHxvuse9",
                        "media_url_https": "https://pbs.twimg.com/media/CyS8UfMUAAALTpG.jpg",
                        "sizes": {
                            "thumb": {
                                "w": 150,
                                "h": 150,
                                "resize": "crop"
                            },
                            "medium": {
                                "w": 665,
                                "h": 514,
                                "resize": "fit"
                            },
                            "large": {
                                "w": 665,
                                "h": 514,
                                "resize": "fit"
                            },
                            "small": {
                                "w": 665,
                                "h": 514,
                                "resize": "fit"
                            }
                        },
                        "id": 802973693735337984,
                        "type": "photo",
                        "id_str": "802973693735337984",
                        "indices": [
                            97,
                            120
                        ]
                    }
                ],
                "user_mentions": [],
                "hashtags": []
            },
            "favorite_count": 3,
            "geo": null,
            "in_reply_to_status_id": null,
            "contributors": null,
            "truncated": false,
            "id_str": "802973843807551488",
            "retweeted": false,
            "coordinates": null,
            "id": 802973843807551488,
            "extended_entities": {
                "media": [
                    {
                        "media_url": "http://pbs.twimg.com/media/CyS8UfMUAAALTpG.jpg",
                        "expanded_url": "https://twitter.com/sltrib/status/802973843807551488/photo/1",
                        "display_url": "pic.twitter.com/j5nHxvuse9",
                        "url": "https://t.co/j5nHxvuse9",
                        "media_url_https": "https://pbs.twimg.com/media/CyS8UfMUAAALTpG.jpg",
                        "sizes": {
                            "thumb": {
                                "w": 150,
                                "h": 150,
                                "resize": "crop"
                            },
                            "medium": {
                                "w": 665,
                                "h": 514,
                                "resize": "fit"
                            },
                            "large": {
                                "w": 665,
                                "h": 514,
                                "resize": "fit"
                            },
                            "small": {
                                "w": 665,
                                "h": 514,
                                "resize": "fit"
                            }
                        },
                        "id": 802973693735337984,
                        "type": "photo",
                        "id_str": "802973693735337984",
                        "indices": [
                            97,
                            120
                        ]
                    }
                ]
            },
            "in_reply_to_status_id_str": null,
            "in_reply_to_user_id_str": null
        }
    ],
    "search_metadata": {
        "max_id_str": "802973843807551488",
        "since_id_str": "0",
        "since_id": 0,
        "refresh_url": "?since_id=802973843807551488&q=Trump%20from%3Asltrib%20since%3A2016-11-27%20until%3A2016-11-28%20filter%3Alinks%20-%40sltrib&include_entities=1",
        "max_id": 802973843807551488,
        "completed_in": 0.037,
        "count": 100,
        "query": "Trump+from%3Asltrib+since%3A2016-11-27+until%3A2016-11-28+filter%3Alinks+-%40sltrib"
    }
}