{
    "search_metadata": {
        "max_id_str": "802987640438067201",
        "since_id_str": "0",
        "query": "Trump+from%3AStarTribune+since%3A2016-11-27+until%3A2016-11-28+filter%3Alinks+-%40StarTribune",
        "completed_in": 0.052,
        "refresh_url": "?since_id=802987640438067201&q=Trump%20from%3AStarTribune%20since%3A2016-11-27%20until%3A2016-11-28%20filter%3Alinks%20-%40StarTribune&include_entities=1",
        "since_id": 0,
        "max_id": 802987640438067201,
        "count": 100
    },
    "statuses": [
        {
            "favorited": false,
            "contributors": null,
            "in_reply_to_screen_name": null,
            "in_reply_to_status_id": null,
            "source": "<a href=\"https://about.twitter.com/products/tweetdeck\" rel=\"nofollow\">TweetDeck</a>",
            "in_reply_to_user_id": null,
            "truncated": false,
            "geo": null,
            "in_reply_to_status_id_str": null,
            "coordinates": null,
            "text": "Someone renamed Donald Trump's midtown Manhattan building on Google Maps, and the new moniker isn't very flattering https://t.co/AbOX9LPaIb",
            "entities": {
                "hashtags": [],
                "user_mentions": [],
                "symbols": [],
                "urls": [
                    {
                        "display_url": "strib.mn/2gLipS6",
                        "url": "https://t.co/AbOX9LPaIb",
                        "expanded_url": "http://strib.mn/2gLipS6",
                        "indices": [
                            116,
                            139
                        ]
                    }
                ]
            },
            "retweeted": false,
            "in_reply_to_user_id_str": null,
            "lang": "en",
            "metadata": {
                "result_type": "recent",
                "iso_language_code": "en"
            },
            "place": null,
            "created_at": "Sun Nov 27 21:29:06 +0000 2016",
            "retweet_count": 2,
            "id_str": "802987640438067201",
            "id": 802987640438067201,
            "favorite_count": 25,
            "possibly_sensitive": false,
            "user": {
                "listed_count": 3337,
                "profile_sidebar_fill_color": "E6EDE4",
                "following": false,
                "profile_background_image_url_https": "https://pbs.twimg.com/profile_background_images/378800000177961119/MxVaJ3fR.jpeg",
                "is_translation_enabled": false,
                "followers_count": 252013,
                "verified": true,
                "profile_use_background_image": true,
                "screen_name": "StarTribune",
                "profile_sidebar_border_color": "FFFFFF",
                "friends_count": 801,
                "geo_enabled": false,
                "default_profile": false,
                "default_profile_image": false,
                "follow_request_sent": false,
                "profile_link_color": "31661E",
                "notifications": false,
                "favourites_count": 1212,
                "profile_background_image_url": "http://pbs.twimg.com/profile_background_images/378800000177961119/MxVaJ3fR.jpeg",
                "statuses_count": 101046,
                "utc_offset": -21600,
                "lang": "en",
                "profile_image_url_https": "https://pbs.twimg.com/profile_images/427289765734404096/Ip4UAv5q_normal.jpeg",
                "profile_text_color": "333333",
                "description": "Minnesota's top choice for news and more. See https://t.co/DKVw7iC5C9 to follow our journalists. Find customer service at @startribsupport.",
                "profile_background_color": "FFFFFF",
                "created_at": "Wed Nov 12 20:55:38 +0000 2008",
                "protected": false,
                "id_str": "17348525",
                "has_extended_profile": false,
                "id": 17348525,
                "url": "https://t.co/2perTa45jk",
                "contributors_enabled": false,
                "location": "Minneapolis, MN ",
                "is_translator": false,
                "profile_banner_url": "https://pbs.twimg.com/profile_banners/17348525/1480105232",
                "translator_type": "regular",
                "entities": {
                    "url": {
                        "urls": [
                            {
                                "display_url": "startribune.com",
                                "url": "https://t.co/2perTa45jk",
                                "expanded_url": "http://www.startribune.com",
                                "indices": [
                                    0,
                                    23
                                ]
                            }
                        ]
                    },
                    "description": {
                        "urls": [
                            {
                                "display_url": "strib.mn/STtweets",
                                "url": "https://t.co/DKVw7iC5C9",
                                "expanded_url": "http://strib.mn/STtweets",
                                "indices": [
                                    46,
                                    69
                                ]
                            }
                        ]
                    }
                },
                "profile_background_tile": false,
                "profile_image_url": "http://pbs.twimg.com/profile_images/427289765734404096/Ip4UAv5q_normal.jpeg",
                "time_zone": "Central Time (US & Canada)",
                "name": "Star Tribune"
            },
            "is_quote_status": false
        },
        {
            "favorited": false,
            "contributors": null,
            "in_reply_to_screen_name": null,
            "in_reply_to_status_id": null,
            "source": "<a href=\"https://about.twitter.com/products/tweetdeck\" rel=\"nofollow\">TweetDeck</a>",
            "in_reply_to_user_id": null,
            "truncated": false,
            "geo": null,
            "in_reply_to_status_id_str": null,
            "coordinates": null,
            "text": "Rosie O'Donnell explains her wondering whether Barron Trump Is autistic https://t.co/mmNlVmMa2H https://t.co/5qLHJvflol",
            "entities": {
                "hashtags": [],
                "user_mentions": [],
                "media": [
                    {
                        "display_url": "pic.twitter.com/5qLHJvflol",
                        "media_url_https": "https://pbs.twimg.com/media/CySpcxiUAAABS5R.jpg",
                        "url": "https://t.co/5qLHJvflol",
                        "indices": [
                            96,
                            119
                        ],
                        "media_url": "http://pbs.twimg.com/media/CySpcxiUAAABS5R.jpg",
                        "id": 802952945377476608,
                        "sizes": {
                            "thumb": {
                                "h": 121,
                                "w": 121,
                                "resize": "crop"
                            },
                            "medium": {
                                "h": 121,
                                "w": 168,
                                "resize": "fit"
                            },
                            "small": {
                                "h": 121,
                                "w": 168,
                                "resize": "fit"
                            },
                            "large": {
                                "h": 121,
                                "w": 168,
                                "resize": "fit"
                            }
                        },
                        "expanded_url": "https://twitter.com/StarTribune/status/802953009273532416/photo/1",
                        "type": "photo",
                        "id_str": "802952945377476608"
                    }
                ],
                "symbols": [],
                "urls": [
                    {
                        "display_url": "strib.mn/2foVbRk",
                        "url": "https://t.co/mmNlVmMa2H",
                        "expanded_url": "http://strib.mn/2foVbRk",
                        "indices": [
                            72,
                            95
                        ]
                    }
                ]
            },
            "retweeted": false,
            "in_reply_to_user_id_str": null,
            "lang": "en",
            "metadata": {
                "result_type": "recent",
                "iso_language_code": "en"
            },
            "place": null,
            "created_at": "Sun Nov 27 19:11:30 +0000 2016",
            "retweet_count": 0,
            "id_str": "802953009273532416",
            "id": 802953009273532416,
            "favorite_count": 3,
            "possibly_sensitive": false,
            "extended_entities": {
                "media": [
                    {
                        "display_url": "pic.twitter.com/5qLHJvflol",
                        "media_url_https": "https://pbs.twimg.com/media/CySpcxiUAAABS5R.jpg",
                        "url": "https://t.co/5qLHJvflol",
                        "indices": [
                            96,
                            119
                        ],
                        "media_url": "http://pbs.twimg.com/media/CySpcxiUAAABS5R.jpg",
                        "id": 802952945377476608,
                        "sizes": {
                            "thumb": {
                                "h": 121,
                                "w": 121,
                                "resize": "crop"
                            },
                            "medium": {
                                "h": 121,
                                "w": 168,
                                "resize": "fit"
                            },
                            "small": {
                                "h": 121,
                                "w": 168,
                                "resize": "fit"
                            },
                            "large": {
                                "h": 121,
                                "w": 168,
                                "resize": "fit"
                            }
                        },
                        "expanded_url": "https://twitter.com/StarTribune/status/802953009273532416/photo/1",
                        "type": "photo",
                        "id_str": "802952945377476608"
                    }
                ]
            },
            "user": {
                "listed_count": 3337,
                "profile_sidebar_fill_color": "E6EDE4",
                "following": false,
                "profile_background_image_url_https": "https://pbs.twimg.com/profile_background_images/378800000177961119/MxVaJ3fR.jpeg",
                "is_translation_enabled": false,
                "followers_count": 252013,
                "verified": true,
                "profile_use_background_image": true,
                "screen_name": "StarTribune",
                "profile_sidebar_border_color": "FFFFFF",
                "friends_count": 801,
                "geo_enabled": false,
                "default_profile": false,
                "default_profile_image": false,
                "follow_request_sent": false,
                "profile_link_color": "31661E",
                "notifications": false,
                "favourites_count": 1212,
                "profile_background_image_url": "http://pbs.twimg.com/profile_background_images/378800000177961119/MxVaJ3fR.jpeg",
                "statuses_count": 101046,
                "utc_offset": -21600,
                "lang": "en",
                "profile_image_url_https": "https://pbs.twimg.com/profile_images/427289765734404096/Ip4UAv5q_normal.jpeg",
                "profile_text_color": "333333",
                "description": "Minnesota's top choice for news and more. See https://t.co/DKVw7iC5C9 to follow our journalists. Find customer service at @startribsupport.",
                "profile_background_color": "FFFFFF",
                "created_at": "Wed Nov 12 20:55:38 +0000 2008",
                "protected": false,
                "id_str": "17348525",
                "has_extended_profile": false,
                "id": 17348525,
                "url": "https://t.co/2perTa45jk",
                "contributors_enabled": false,
                "location": "Minneapolis, MN ",
                "is_translator": false,
                "profile_banner_url": "https://pbs.twimg.com/profile_banners/17348525/1480105232",
                "translator_type": "regular",
                "entities": {
                    "url": {
                        "urls": [
                            {
                                "display_url": "startribune.com",
                                "url": "https://t.co/2perTa45jk",
                                "expanded_url": "http://www.startribune.com",
                                "indices": [
                                    0,
                                    23
                                ]
                            }
                        ]
                    },
                    "description": {
                        "urls": [
                            {
                                "display_url": "strib.mn/STtweets",
                                "url": "https://t.co/DKVw7iC5C9",
                                "expanded_url": "http://strib.mn/STtweets",
                                "indices": [
                                    46,
                                    69
                                ]
                            }
                        ]
                    }
                },
                "profile_background_tile": false,
                "profile_image_url": "http://pbs.twimg.com/profile_images/427289765734404096/Ip4UAv5q_normal.jpeg",
                "time_zone": "Central Time (US & Canada)",
                "name": "Star Tribune"
            },
            "is_quote_status": false
        },
        {
            "favorited": false,
            "contributors": null,
            "in_reply_to_screen_name": null,
            "in_reply_to_status_id": null,
            "source": "<a href=\"https://about.twitter.com/products/tweetdeck\" rel=\"nofollow\">TweetDeck</a>",
            "in_reply_to_user_id": null,
            "truncated": false,
            "geo": null,
            "in_reply_to_status_id_str": null,
            "coordinates": null,
            "text": "Trump slams recount push as 'a scam,' says election is over https://t.co/Cuy7SCT8jw https://t.co/SlfsEJZvai",
            "entities": {
                "hashtags": [],
                "user_mentions": [],
                "media": [
                    {
                        "display_url": "pic.twitter.com/SlfsEJZvai",
                        "media_url_https": "https://pbs.twimg.com/media/CyPHrNZXcAAeCab.jpg",
                        "url": "https://t.co/SlfsEJZvai",
                        "indices": [
                            84,
                            107
                        ],
                        "media_url": "http://pbs.twimg.com/media/CyPHrNZXcAAeCab.jpg",
                        "id": 802704703746437120,
                        "sizes": {
                            "thumb": {
                                "h": 150,
                                "w": 150,
                                "resize": "crop"
                            },
                            "medium": {
                                "h": 630,
                                "w": 1200,
                                "resize": "fit"
                            },
                            "small": {
                                "h": 357,
                                "w": 680,
                                "resize": "fit"
                            },
                            "large": {
                                "h": 630,
                                "w": 1200,
                                "resize": "fit"
                            }
                        },
                        "expanded_url": "https://twitter.com/StarTribune/status/802905827342503937/photo/1",
                        "type": "photo",
                        "id_str": "802704703746437120"
                    }
                ],
                "symbols": [],
                "urls": [
                    {
                        "display_url": "strib.mn/2fQLSWH",
                        "url": "https://t.co/Cuy7SCT8jw",
                        "expanded_url": "http://strib.mn/2fQLSWH",
                        "indices": [
                            60,
                            83
                        ]
                    }
                ]
            },
            "retweeted": false,
            "in_reply_to_user_id_str": null,
            "lang": "en",
            "metadata": {
                "result_type": "recent",
                "iso_language_code": "en"
            },
            "place": null,
            "created_at": "Sun Nov 27 16:04:01 +0000 2016",
            "retweet_count": 2,
            "id_str": "802905827342503937",
            "id": 802905827342503937,
            "favorite_count": 9,
            "possibly_sensitive": false,
            "extended_entities": {
                "media": [
                    {
                        "display_url": "pic.twitter.com/SlfsEJZvai",
                        "media_url_https": "https://pbs.twimg.com/media/CyPHrNZXcAAeCab.jpg",
                        "url": "https://t.co/SlfsEJZvai",
                        "indices": [
                            84,
                            107
                        ],
                        "media_url": "http://pbs.twimg.com/media/CyPHrNZXcAAeCab.jpg",
                        "id": 802704703746437120,
                        "sizes": {
                            "thumb": {
                                "h": 150,
                                "w": 150,
                                "resize": "crop"
                            },
                            "medium": {
                                "h": 630,
                                "w": 1200,
                                "resize": "fit"
                            },
                            "small": {
                                "h": 357,
                                "w": 680,
                                "resize": "fit"
                            },
                            "large": {
                                "h": 630,
                                "w": 1200,
                                "resize": "fit"
                            }
                        },
                        "expanded_url": "https://twitter.com/StarTribune/status/802905827342503937/photo/1",
                        "type": "photo",
                        "id_str": "802704703746437120"
                    }
                ]
            },
            "user": {
                "listed_count": 3337,
                "profile_sidebar_fill_color": "E6EDE4",
                "following": false,
                "profile_background_image_url_https": "https://pbs.twimg.com/profile_background_images/378800000177961119/MxVaJ3fR.jpeg",
                "is_translation_enabled": false,
                "followers_count": 252013,
                "verified": true,
                "profile_use_background_image": true,
                "screen_name": "StarTribune",
                "profile_sidebar_border_color": "FFFFFF",
                "friends_count": 801,
                "geo_enabled": false,
                "default_profile": false,
                "default_profile_image": false,
                "follow_request_sent": false,
                "profile_link_color": "31661E",
                "notifications": false,
                "favourites_count": 1212,
                "profile_background_image_url": "http://pbs.twimg.com/profile_background_images/378800000177961119/MxVaJ3fR.jpeg",
                "statuses_count": 101046,
                "utc_offset": -21600,
                "lang": "en",
                "profile_image_url_https": "https://pbs.twimg.com/profile_images/427289765734404096/Ip4UAv5q_normal.jpeg",
                "profile_text_color": "333333",
                "description": "Minnesota's top choice for news and more. See https://t.co/DKVw7iC5C9 to follow our journalists. Find customer service at @startribsupport.",
                "profile_background_color": "FFFFFF",
                "created_at": "Wed Nov 12 20:55:38 +0000 2008",
                "protected": false,
                "id_str": "17348525",
                "has_extended_profile": false,
                "id": 17348525,
                "url": "https://t.co/2perTa45jk",
                "contributors_enabled": false,
                "location": "Minneapolis, MN ",
                "is_translator": false,
                "profile_banner_url": "https://pbs.twimg.com/profile_banners/17348525/1480105232",
                "translator_type": "regular",
                "entities": {
                    "url": {
                        "urls": [
                            {
                                "display_url": "startribune.com",
                                "url": "https://t.co/2perTa45jk",
                                "expanded_url": "http://www.startribune.com",
                                "indices": [
                                    0,
                                    23
                                ]
                            }
                        ]
                    },
                    "description": {
                        "urls": [
                            {
                                "display_url": "strib.mn/STtweets",
                                "url": "https://t.co/DKVw7iC5C9",
                                "expanded_url": "http://strib.mn/STtweets",
                                "indices": [
                                    46,
                                    69
                                ]
                            }
                        ]
                    }
                },
                "profile_background_tile": false,
                "profile_image_url": "http://pbs.twimg.com/profile_images/427289765734404096/Ip4UAv5q_normal.jpeg",
                "time_zone": "Central Time (US & Canada)",
                "name": "Star Tribune"
            },
            "is_quote_status": false
        },
        {
            "favorited": false,
            "contributors": null,
            "in_reply_to_screen_name": null,
            "in_reply_to_status_id": null,
            "source": "<a href=\"http://bufferapp.com\" rel=\"nofollow\">Buffer</a>",
            "in_reply_to_user_id": null,
            "truncated": false,
            "geo": null,
            "in_reply_to_status_id_str": null,
            "coordinates": null,
            "text": "Trump's wavering on proposals creates uncertainty for Minnesota businesses https://t.co/cvlL3OQqUt https://t.co/Dgyu7vTNq2",
            "entities": {
                "hashtags": [],
                "user_mentions": [],
                "media": [
                    {
                        "display_url": "pic.twitter.com/Dgyu7vTNq2",
                        "media_url_https": "https://pbs.twimg.com/media/CyPgXNYVQAEQB3l.jpg",
                        "url": "https://t.co/Dgyu7vTNq2",
                        "indices": [
                            99,
                            122
                        ],
                        "media_url": "http://pbs.twimg.com/media/CyPgXNYVQAEQB3l.jpg",
                        "id": 802731847935410177,
                        "sizes": {
                            "thumb": {
                                "h": 150,
                                "w": 150,
                                "resize": "crop"
                            },
                            "medium": {
                                "h": 630,
                                "w": 1200,
                                "resize": "fit"
                            },
                            "small": {
                                "h": 357,
                                "w": 680,
                                "resize": "fit"
                            },
                            "large": {
                                "h": 630,
                                "w": 1200,
                                "resize": "fit"
                            }
                        },
                        "expanded_url": "https://twitter.com/StarTribune/status/802731850225610752/photo/1",
                        "type": "photo",
                        "id_str": "802731847935410177"
                    }
                ],
                "symbols": [],
                "urls": [
                    {
                        "display_url": "strib.mn/2fDzjQW",
                        "url": "https://t.co/cvlL3OQqUt",
                        "expanded_url": "http://strib.mn/2fDzjQW",
                        "indices": [
                            75,
                            98
                        ]
                    }
                ]
            },
            "retweeted": false,
            "in_reply_to_user_id_str": null,
            "lang": "en",
            "metadata": {
                "result_type": "recent",
                "iso_language_code": "en"
            },
            "place": null,
            "created_at": "Sun Nov 27 04:32:41 +0000 2016",
            "retweet_count": 1,
            "id_str": "802731850225610752",
            "id": 802731850225610752,
            "favorite_count": 2,
            "possibly_sensitive": false,
            "extended_entities": {
                "media": [
                    {
                        "display_url": "pic.twitter.com/Dgyu7vTNq2",
                        "media_url_https": "https://pbs.twimg.com/media/CyPgXNYVQAEQB3l.jpg",
                        "url": "https://t.co/Dgyu7vTNq2",
                        "indices": [
                            99,
                            122
                        ],
                        "media_url": "http://pbs.twimg.com/media/CyPgXNYVQAEQB3l.jpg",
                        "id": 802731847935410177,
                        "sizes": {
                            "thumb": {
                                "h": 150,
                                "w": 150,
                                "resize": "crop"
                            },
                            "medium": {
                                "h": 630,
                                "w": 1200,
                                "resize": "fit"
                            },
                            "small": {
                                "h": 357,
                                "w": 680,
                                "resize": "fit"
                            },
                            "large": {
                                "h": 630,
                                "w": 1200,
                                "resize": "fit"
                            }
                        },
                        "expanded_url": "https://twitter.com/StarTribune/status/802731850225610752/photo/1",
                        "type": "photo",
                        "id_str": "802731847935410177"
                    }
                ]
            },
            "user": {
                "listed_count": 3337,
                "profile_sidebar_fill_color": "E6EDE4",
                "following": false,
                "profile_background_image_url_https": "https://pbs.twimg.com/profile_background_images/378800000177961119/MxVaJ3fR.jpeg",
                "is_translation_enabled": false,
                "followers_count": 252013,
                "verified": true,
                "profile_use_background_image": true,
                "screen_name": "StarTribune",
                "profile_sidebar_border_color": "FFFFFF",
                "friends_count": 801,
                "geo_enabled": false,
                "default_profile": false,
                "default_profile_image": false,
                "follow_request_sent": false,
                "profile_link_color": "31661E",
                "notifications": false,
                "favourites_count": 1212,
                "profile_background_image_url": "http://pbs.twimg.com/profile_background_images/378800000177961119/MxVaJ3fR.jpeg",
                "statuses_count": 101046,
                "utc_offset": -21600,
                "lang": "en",
                "profile_image_url_https": "https://pbs.twimg.com/profile_images/427289765734404096/Ip4UAv5q_normal.jpeg",
                "profile_text_color": "333333",
                "description": "Minnesota's top choice for news and more. See https://t.co/DKVw7iC5C9 to follow our journalists. Find customer service at @startribsupport.",
                "profile_background_color": "FFFFFF",
                "created_at": "Wed Nov 12 20:55:38 +0000 2008",
                "protected": false,
                "id_str": "17348525",
                "has_extended_profile": false,
                "id": 17348525,
                "url": "https://t.co/2perTa45jk",
                "contributors_enabled": false,
                "location": "Minneapolis, MN ",
                "is_translator": false,
                "profile_banner_url": "https://pbs.twimg.com/profile_banners/17348525/1480105232",
                "translator_type": "regular",
                "entities": {
                    "url": {
                        "urls": [
                            {
                                "display_url": "startribune.com",
                                "url": "https://t.co/2perTa45jk",
                                "expanded_url": "http://www.startribune.com",
                                "indices": [
                                    0,
                                    23
                                ]
                            }
                        ]
                    },
                    "description": {
                        "urls": [
                            {
                                "display_url": "strib.mn/STtweets",
                                "url": "https://t.co/DKVw7iC5C9",
                                "expanded_url": "http://strib.mn/STtweets",
                                "indices": [
                                    46,
                                    69
                                ]
                            }
                        ]
                    }
                },
                "profile_background_tile": false,
                "profile_image_url": "http://pbs.twimg.com/profile_images/427289765734404096/Ip4UAv5q_normal.jpeg",
                "time_zone": "Central Time (US & Canada)",
                "name": "Star Tribune"
            },
            "is_quote_status": false
        },
        {
            "favorited": false,
            "contributors": null,
            "in_reply_to_screen_name": null,
            "in_reply_to_status_id": null,
            "source": "<a href=\"http://bufferapp.com\" rel=\"nofollow\">Buffer</a>",
            "in_reply_to_user_id": null,
            "truncated": false,
            "geo": null,
            "in_reply_to_status_id_str": null,
            "coordinates": null,
            "text": "Jerry Falwell Jr. says Trump offered him education secretary job https://t.co/ITrF3eRj3n https://t.co/xxCuudg6rF",
            "entities": {
                "hashtags": [],
                "user_mentions": [],
                "media": [
                    {
                        "display_url": "pic.twitter.com/xxCuudg6rF",
                        "media_url_https": "https://pbs.twimg.com/media/CyPQ2Z5UcAAZs0c.jpg",
                        "url": "https://t.co/xxCuudg6rF",
                        "indices": [
                            89,
                            112
                        ],
                        "media_url": "http://pbs.twimg.com/media/CyPQ2Z5UcAAZs0c.jpg",
                        "id": 802714791684894720,
                        "sizes": {
                            "thumb": {
                                "h": 150,
                                "w": 150,
                                "resize": "crop"
                            },
                            "medium": {
                                "h": 630,
                                "w": 1200,
                                "resize": "fit"
                            },
                            "small": {
                                "h": 357,
                                "w": 680,
                                "resize": "fit"
                            },
                            "large": {
                                "h": 630,
                                "w": 1200,
                                "resize": "fit"
                            }
                        },
                        "expanded_url": "https://twitter.com/StarTribune/status/802714794323124224/photo/1",
                        "type": "photo",
                        "id_str": "802714791684894720"
                    }
                ],
                "symbols": [],
                "urls": [
                    {
                        "display_url": "strib.mn/2fDPQ7l",
                        "url": "https://t.co/ITrF3eRj3n",
                        "expanded_url": "http://strib.mn/2fDPQ7l",
                        "indices": [
                            65,
                            88
                        ]
                    }
                ]
            },
            "retweeted": false,
            "in_reply_to_user_id_str": null,
            "lang": "en",
            "metadata": {
                "result_type": "recent",
                "iso_language_code": "en"
            },
            "place": null,
            "created_at": "Sun Nov 27 03:24:55 +0000 2016",
            "retweet_count": 2,
            "id_str": "802714794323124224",
            "id": 802714794323124224,
            "favorite_count": 4,
            "possibly_sensitive": false,
            "extended_entities": {
                "media": [
                    {
                        "display_url": "pic.twitter.com/xxCuudg6rF",
                        "media_url_https": "https://pbs.twimg.com/media/CyPQ2Z5UcAAZs0c.jpg",
                        "url": "https://t.co/xxCuudg6rF",
                        "indices": [
                            89,
                            112
                        ],
                        "media_url": "http://pbs.twimg.com/media/CyPQ2Z5UcAAZs0c.jpg",
                        "id": 802714791684894720,
                        "sizes": {
                            "thumb": {
                                "h": 150,
                                "w": 150,
                                "resize": "crop"
                            },
                            "medium": {
                                "h": 630,
                                "w": 1200,
                                "resize": "fit"
                            },
                            "small": {
                                "h": 357,
                                "w": 680,
                                "resize": "fit"
                            },
                            "large": {
                                "h": 630,
                                "w": 1200,
                                "resize": "fit"
                            }
                        },
                        "expanded_url": "https://twitter.com/StarTribune/status/802714794323124224/photo/1",
                        "type": "photo",
                        "id_str": "802714791684894720"
                    }
                ]
            },
            "user": {
                "listed_count": 3337,
                "profile_sidebar_fill_color": "E6EDE4",
                "following": false,
                "profile_background_image_url_https": "https://pbs.twimg.com/profile_background_images/378800000177961119/MxVaJ3fR.jpeg",
                "is_translation_enabled": false,
                "followers_count": 252013,
                "verified": true,
                "profile_use_background_image": true,
                "screen_name": "StarTribune",
                "profile_sidebar_border_color": "FFFFFF",
                "friends_count": 801,
                "geo_enabled": false,
                "default_profile": false,
                "default_profile_image": false,
                "follow_request_sent": false,
                "profile_link_color": "31661E",
                "notifications": false,
                "favourites_count": 1212,
                "profile_background_image_url": "http://pbs.twimg.com/profile_background_images/378800000177961119/MxVaJ3fR.jpeg",
                "statuses_count": 101046,
                "utc_offset": -21600,
                "lang": "en",
                "profile_image_url_https": "https://pbs.twimg.com/profile_images/427289765734404096/Ip4UAv5q_normal.jpeg",
                "profile_text_color": "333333",
                "description": "Minnesota's top choice for news and more. See https://t.co/DKVw7iC5C9 to follow our journalists. Find customer service at @startribsupport.",
                "profile_background_color": "FFFFFF",
                "created_at": "Wed Nov 12 20:55:38 +0000 2008",
                "protected": false,
                "id_str": "17348525",
                "has_extended_profile": false,
                "id": 17348525,
                "url": "https://t.co/2perTa45jk",
                "contributors_enabled": false,
                "location": "Minneapolis, MN ",
                "is_translator": false,
                "profile_banner_url": "https://pbs.twimg.com/profile_banners/17348525/1480105232",
                "translator_type": "regular",
                "entities": {
                    "url": {
                        "urls": [
                            {
                                "display_url": "startribune.com",
                                "url": "https://t.co/2perTa45jk",
                                "expanded_url": "http://www.startribune.com",
                                "indices": [
                                    0,
                                    23
                                ]
                            }
                        ]
                    },
                    "description": {
                        "urls": [
                            {
                                "display_url": "strib.mn/STtweets",
                                "url": "https://t.co/DKVw7iC5C9",
                                "expanded_url": "http://strib.mn/STtweets",
                                "indices": [
                                    46,
                                    69
                                ]
                            }
                        ]
                    }
                },
                "profile_background_tile": false,
                "profile_image_url": "http://pbs.twimg.com/profile_images/427289765734404096/Ip4UAv5q_normal.jpeg",
                "time_zone": "Central Time (US & Canada)",
                "name": "Star Tribune"
            },
            "is_quote_status": false
        }
    ]
}