{
    "statuses": [
        {
            "in_reply_to_user_id": null,
            "favorited": false,
            "lang": "en",
            "metadata": {
                "iso_language_code": "en",
                "result_type": "recent"
            },
            "possibly_sensitive": false,
            "user": {
                "profile_banner_url": "https://pbs.twimg.com/profile_banners/11877492/1398785594",
                "default_profile_image": false,
                "lang": "en",
                "is_translator": false,
                "geo_enabled": true,
                "notifications": false,
                "profile_image_url": "http://pbs.twimg.com/profile_images/1935042354/Twitter-Star-Ledger-Avatar-Logo_normal.gif",
                "description": "Real-time news from The Star-Ledger, New Jersey's largest daily newspaper.",
                "friends_count": 232,
                "verified": true,
                "created_at": "Sat Jan 05 15:39:06 +0000 2008",
                "is_translation_enabled": false,
                "url": "https://t.co/tmvIsMaj8v",
                "profile_background_image_url": "http://pbs.twimg.com/profile_background_images/378800000085036560/b45d55a7136817ee9cc2b624da9754ee.png",
                "contributors_enabled": false,
                "profile_link_color": "3F67A3",
                "profile_background_color": "9AE4E8",
                "listed_count": 1677,
                "profile_text_color": "000000",
                "time_zone": "Eastern Time (US & Canada)",
                "default_profile": false,
                "entities": {
                    "description": {
                        "urls": []
                    },
                    "url": {
                        "urls": [
                            {
                                "expanded_url": "http://www.nj.com/starledger",
                                "display_url": "nj.com/starledger",
                                "url": "https://t.co/tmvIsMaj8v",
                                "indices": [
                                    0,
                                    23
                                ]
                            }
                        ]
                    }
                },
                "profile_background_tile": false,
                "profile_image_url_https": "https://pbs.twimg.com/profile_images/1935042354/Twitter-Star-Ledger-Avatar-Logo_normal.gif",
                "profile_sidebar_border_color": "FFFFFF",
                "following": false,
                "utc_offset": -18000,
                "follow_request_sent": false,
                "followers_count": 174119,
                "id_str": "11877492",
                "profile_use_background_image": true,
                "protected": false,
                "statuses_count": 79519,
                "profile_sidebar_fill_color": "E0FF92",
                "name": "The Star-Ledger",
                "translator_type": "none",
                "screen_name": "starledger",
                "id": 11877492,
                "has_extended_profile": false,
                "favourites_count": 63,
                "location": "New Jersey",
                "profile_background_image_url_https": "https://pbs.twimg.com/profile_background_images/378800000085036560/b45d55a7136817ee9cc2b624da9754ee.png"
            },
            "in_reply_to_screen_name": null,
            "retweet_count": 11,
            "text": "Let's make deporting the Dreamers Trump's worst nightmare | Editorial https://t.co/ZCutMch06B",
            "place": null,
            "created_at": "Sun Nov 27 23:10:01 +0000 2016",
            "is_quote_status": false,
            "source": "<a href=\"http://www.socialflow.com\" rel=\"nofollow\">SocialFlow</a>",
            "entities": {
                "urls": [
                    {
                        "expanded_url": "http://nj-ne.ws/22sjO3J",
                        "display_url": "nj-ne.ws/22sjO3J",
                        "url": "https://t.co/ZCutMch06B",
                        "indices": [
                            70,
                            93
                        ]
                    }
                ],
                "symbols": [],
                "user_mentions": [],
                "hashtags": []
            },
            "favorite_count": 11,
            "geo": null,
            "in_reply_to_status_id": null,
            "contributors": null,
            "truncated": false,
            "id_str": "803013034318786560",
            "retweeted": false,
            "coordinates": null,
            "id": 803013034318786560,
            "in_reply_to_status_id_str": null,
            "in_reply_to_user_id_str": null
        },
        {
            "in_reply_to_user_id": null,
            "favorited": false,
            "lang": "en",
            "metadata": {
                "iso_language_code": "en",
                "result_type": "recent"
            },
            "possibly_sensitive": false,
            "user": {
                "profile_banner_url": "https://pbs.twimg.com/profile_banners/11877492/1398785594",
                "default_profile_image": false,
                "lang": "en",
                "is_translator": false,
                "geo_enabled": true,
                "notifications": false,
                "profile_image_url": "http://pbs.twimg.com/profile_images/1935042354/Twitter-Star-Ledger-Avatar-Logo_normal.gif",
                "description": "Real-time news from The Star-Ledger, New Jersey's largest daily newspaper.",
                "friends_count": 232,
                "verified": true,
                "created_at": "Sat Jan 05 15:39:06 +0000 2008",
                "is_translation_enabled": false,
                "url": "https://t.co/tmvIsMaj8v",
                "profile_background_image_url": "http://pbs.twimg.com/profile_background_images/378800000085036560/b45d55a7136817ee9cc2b624da9754ee.png",
                "contributors_enabled": false,
                "profile_link_color": "3F67A3",
                "profile_background_color": "9AE4E8",
                "listed_count": 1677,
                "profile_text_color": "000000",
                "time_zone": "Eastern Time (US & Canada)",
                "default_profile": false,
                "entities": {
                    "description": {
                        "urls": []
                    },
                    "url": {
                        "urls": [
                            {
                                "expanded_url": "http://www.nj.com/starledger",
                                "display_url": "nj.com/starledger",
                                "url": "https://t.co/tmvIsMaj8v",
                                "indices": [
                                    0,
                                    23
                                ]
                            }
                        ]
                    }
                },
                "profile_background_tile": false,
                "profile_image_url_https": "https://pbs.twimg.com/profile_images/1935042354/Twitter-Star-Ledger-Avatar-Logo_normal.gif",
                "profile_sidebar_border_color": "FFFFFF",
                "following": false,
                "utc_offset": -18000,
                "follow_request_sent": false,
                "followers_count": 174119,
                "id_str": "11877492",
                "profile_use_background_image": true,
                "protected": false,
                "statuses_count": 79519,
                "profile_sidebar_fill_color": "E0FF92",
                "name": "The Star-Ledger",
                "translator_type": "none",
                "screen_name": "starledger",
                "id": 11877492,
                "has_extended_profile": false,
                "favourites_count": 63,
                "location": "New Jersey",
                "profile_background_image_url_https": "https://pbs.twimg.com/profile_background_images/378800000085036560/b45d55a7136817ee9cc2b624da9754ee.png"
            },
            "in_reply_to_screen_name": null,
            "retweet_count": 2,
            "text": "Will Trump's Bedminster golf club be the new Camp David? https://t.co/iLhkfmcQhz",
            "place": null,
            "created_at": "Sun Nov 27 15:28:41 +0000 2016",
            "is_quote_status": false,
            "source": "<a href=\"http://www.socialflow.com\" rel=\"nofollow\">SocialFlow</a>",
            "entities": {
                "urls": [
                    {
                        "expanded_url": "http://nj-ne.ws/dmpn8XN",
                        "display_url": "nj-ne.ws/dmpn8XN",
                        "url": "https://t.co/iLhkfmcQhz",
                        "indices": [
                            57,
                            80
                        ]
                    }
                ],
                "symbols": [],
                "user_mentions": [],
                "hashtags": []
            },
            "favorite_count": 3,
            "geo": null,
            "in_reply_to_status_id": null,
            "contributors": null,
            "truncated": false,
            "id_str": "802896938546892800",
            "retweeted": false,
            "coordinates": null,
            "id": 802896938546892800,
            "in_reply_to_status_id_str": null,
            "in_reply_to_user_id_str": null
        },
        {
            "in_reply_to_user_id": null,
            "favorited": false,
            "lang": "en",
            "metadata": {
                "iso_language_code": "en",
                "result_type": "recent"
            },
            "possibly_sensitive": false,
            "user": {
                "profile_banner_url": "https://pbs.twimg.com/profile_banners/11877492/1398785594",
                "default_profile_image": false,
                "lang": "en",
                "is_translator": false,
                "geo_enabled": true,
                "notifications": false,
                "profile_image_url": "http://pbs.twimg.com/profile_images/1935042354/Twitter-Star-Ledger-Avatar-Logo_normal.gif",
                "description": "Real-time news from The Star-Ledger, New Jersey's largest daily newspaper.",
                "friends_count": 232,
                "verified": true,
                "created_at": "Sat Jan 05 15:39:06 +0000 2008",
                "is_translation_enabled": false,
                "url": "https://t.co/tmvIsMaj8v",
                "profile_background_image_url": "http://pbs.twimg.com/profile_background_images/378800000085036560/b45d55a7136817ee9cc2b624da9754ee.png",
                "contributors_enabled": false,
                "profile_link_color": "3F67A3",
                "profile_background_color": "9AE4E8",
                "listed_count": 1677,
                "profile_text_color": "000000",
                "time_zone": "Eastern Time (US & Canada)",
                "default_profile": false,
                "entities": {
                    "description": {
                        "urls": []
                    },
                    "url": {
                        "urls": [
                            {
                                "expanded_url": "http://www.nj.com/starledger",
                                "display_url": "nj.com/starledger",
                                "url": "https://t.co/tmvIsMaj8v",
                                "indices": [
                                    0,
                                    23
                                ]
                            }
                        ]
                    }
                },
                "profile_background_tile": false,
                "profile_image_url_https": "https://pbs.twimg.com/profile_images/1935042354/Twitter-Star-Ledger-Avatar-Logo_normal.gif",
                "profile_sidebar_border_color": "FFFFFF",
                "following": false,
                "utc_offset": -18000,
                "follow_request_sent": false,
                "followers_count": 174119,
                "id_str": "11877492",
                "profile_use_background_image": true,
                "protected": false,
                "statuses_count": 79519,
                "profile_sidebar_fill_color": "E0FF92",
                "name": "The Star-Ledger",
                "translator_type": "none",
                "screen_name": "starledger",
                "id": 11877492,
                "has_extended_profile": false,
                "favourites_count": 63,
                "location": "New Jersey",
                "profile_background_image_url_https": "https://pbs.twimg.com/profile_background_images/378800000085036560/b45d55a7136817ee9cc2b624da9754ee.png"
            },
            "in_reply_to_screen_name": null,
            "retweet_count": 0,
            "text": "A look at Donald Trump's cabinet so far, and ties to N.J. https://t.co/DdlzBNB6Ua",
            "place": null,
            "created_at": "Sun Nov 27 12:48:28 +0000 2016",
            "is_quote_status": false,
            "source": "<a href=\"http://www.socialflow.com\" rel=\"nofollow\">SocialFlow</a>",
            "entities": {
                "urls": [
                    {
                        "expanded_url": "http://nj-ne.ws/edjh3n8",
                        "display_url": "nj-ne.ws/edjh3n8",
                        "url": "https://t.co/DdlzBNB6Ua",
                        "indices": [
                            58,
                            81
                        ]
                    }
                ],
                "symbols": [],
                "user_mentions": [],
                "hashtags": []
            },
            "favorite_count": 2,
            "geo": null,
            "in_reply_to_status_id": null,
            "contributors": null,
            "truncated": false,
            "id_str": "802856616219516928",
            "retweeted": false,
            "coordinates": null,
            "id": 802856616219516928,
            "in_reply_to_status_id_str": null,
            "in_reply_to_user_id_str": null
        }
    ],
    "search_metadata": {
        "max_id_str": "803013034318786560",
        "since_id_str": "0",
        "since_id": 0,
        "refresh_url": "?since_id=803013034318786560&q=Trump%20from%3Astarledger%20since%3A2016-11-27%20until%3A2016-11-28%20filter%3Alinks%20-%40starledger&include_entities=1",
        "max_id": 803013034318786560,
        "completed_in": 0.049,
        "count": 100,
        "query": "Trump+from%3Astarledger+since%3A2016-11-27+until%3A2016-11-28+filter%3Alinks+-%40starledger"
    }
}