{
    "statuses": [
        {
            "in_reply_to_user_id": null,
            "favorited": false,
            "lang": "en",
            "metadata": {
                "iso_language_code": "en",
                "result_type": "recent"
            },
            "possibly_sensitive": false,
            "user": {
                "profile_banner_url": "https://pbs.twimg.com/profile_banners/15907432/1480092423",
                "default_profile_image": false,
                "lang": "en",
                "is_translator": false,
                "geo_enabled": true,
                "notifications": false,
                "profile_image_url": "http://pbs.twimg.com/profile_images/1779146690/sfnm_twitter_icon_normal.jpg",
                "description": "Santa Fe's daily newspaper",
                "friends_count": 1198,
                "verified": false,
                "created_at": "Tue Aug 19 18:17:47 +0000 2008",
                "is_translation_enabled": false,
                "url": "http://t.co/M4XUdomagn",
                "profile_background_image_url": "http://pbs.twimg.com/profile_background_images/27344297/twi_fade4.jpg",
                "contributors_enabled": false,
                "profile_link_color": "1F98C7",
                "profile_background_color": "C6E2EE",
                "listed_count": 636,
                "profile_text_color": "663B12",
                "time_zone": "Mountain Time (US & Canada)",
                "default_profile": false,
                "entities": {
                    "description": {
                        "urls": []
                    },
                    "url": {
                        "urls": [
                            {
                                "expanded_url": "http://www.santafenewmexican.com",
                                "display_url": "santafenewmexican.com",
                                "url": "http://t.co/M4XUdomagn",
                                "indices": [
                                    0,
                                    22
                                ]
                            }
                        ]
                    }
                },
                "profile_background_tile": true,
                "profile_image_url_https": "https://pbs.twimg.com/profile_images/1779146690/sfnm_twitter_icon_normal.jpg",
                "profile_sidebar_border_color": "C6E2EE",
                "following": false,
                "utc_offset": -25200,
                "follow_request_sent": false,
                "followers_count": 29612,
                "id_str": "15907432",
                "profile_use_background_image": true,
                "protected": false,
                "statuses_count": 27551,
                "profile_sidebar_fill_color": "DAECF4",
                "name": "Santa Fe New Mexican",
                "translator_type": "none",
                "screen_name": "thenewmexican",
                "id": 15907432,
                "has_extended_profile": false,
                "favourites_count": 34,
                "location": "Santa Fe, New Mexico",
                "profile_background_image_url_https": "https://pbs.twimg.com/profile_background_images/27344297/twi_fade4.jpg"
            },
            "in_reply_to_screen_name": null,
            "retweet_count": 4,
            "text": "Trump education plan leaves New Mexican educators and experts uncertain https://t.co/cwNphNrsTC",
            "place": null,
            "created_at": "Sun Nov 27 15:49:53 +0000 2016",
            "is_quote_status": false,
            "source": "<a href=\"http://www.hootsuite.com\" rel=\"nofollow\">Hootsuite</a>",
            "entities": {
                "urls": [
                    {
                        "expanded_url": "http://ow.ly/TYOs306yIPD",
                        "display_url": "ow.ly/TYOs306yIPD",
                        "url": "https://t.co/cwNphNrsTC",
                        "indices": [
                            72,
                            95
                        ]
                    }
                ],
                "symbols": [],
                "user_mentions": [],
                "hashtags": []
            },
            "favorite_count": 1,
            "geo": null,
            "in_reply_to_status_id": null,
            "contributors": null,
            "truncated": false,
            "id_str": "802902271461822464",
            "retweeted": false,
            "coordinates": null,
            "id": 802902271461822464,
            "in_reply_to_status_id_str": null,
            "in_reply_to_user_id_str": null
        },
        {
            "in_reply_to_user_id": null,
            "favorited": false,
            "lang": "en",
            "metadata": {
                "iso_language_code": "en",
                "result_type": "recent"
            },
            "possibly_sensitive": false,
            "user": {
                "profile_banner_url": "https://pbs.twimg.com/profile_banners/15907432/1480092423",
                "default_profile_image": false,
                "lang": "en",
                "is_translator": false,
                "geo_enabled": true,
                "notifications": false,
                "profile_image_url": "http://pbs.twimg.com/profile_images/1779146690/sfnm_twitter_icon_normal.jpg",
                "description": "Santa Fe's daily newspaper",
                "friends_count": 1198,
                "verified": false,
                "created_at": "Tue Aug 19 18:17:47 +0000 2008",
                "is_translation_enabled": false,
                "url": "http://t.co/M4XUdomagn",
                "profile_background_image_url": "http://pbs.twimg.com/profile_background_images/27344297/twi_fade4.jpg",
                "contributors_enabled": false,
                "profile_link_color": "1F98C7",
                "profile_background_color": "C6E2EE",
                "listed_count": 636,
                "profile_text_color": "663B12",
                "time_zone": "Mountain Time (US & Canada)",
                "default_profile": false,
                "entities": {
                    "description": {
                        "urls": []
                    },
                    "url": {
                        "urls": [
                            {
                                "expanded_url": "http://www.santafenewmexican.com",
                                "display_url": "santafenewmexican.com",
                                "url": "http://t.co/M4XUdomagn",
                                "indices": [
                                    0,
                                    22
                                ]
                            }
                        ]
                    }
                },
                "profile_background_tile": true,
                "profile_image_url_https": "https://pbs.twimg.com/profile_images/1779146690/sfnm_twitter_icon_normal.jpg",
                "profile_sidebar_border_color": "C6E2EE",
                "following": false,
                "utc_offset": -25200,
                "follow_request_sent": false,
                "followers_count": 29612,
                "id_str": "15907432",
                "profile_use_background_image": true,
                "protected": false,
                "statuses_count": 27551,
                "profile_sidebar_fill_color": "DAECF4",
                "name": "Santa Fe New Mexican",
                "translator_type": "none",
                "screen_name": "thenewmexican",
                "id": 15907432,
                "has_extended_profile": false,
                "favourites_count": 34,
                "location": "Santa Fe, New Mexico",
                "profile_background_image_url_https": "https://pbs.twimg.com/profile_background_images/27344297/twi_fade4.jpg"
            },
            "in_reply_to_screen_name": null,
            "retweet_count": 0,
            "text": "Trump leads in Wisconsin by 22,177 votes; in Michigan by 10,704 votes, and in Pennsylvania by 70,638 votes. https://t.co/tegZbAJa8J",
            "place": null,
            "created_at": "Sun Nov 27 13:43:34 +0000 2016",
            "is_quote_status": false,
            "source": "<a href=\"http://www.hootsuite.com\" rel=\"nofollow\">Hootsuite</a>",
            "entities": {
                "urls": [
                    {
                        "expanded_url": "http://ow.ly/1Hrk306yCmC",
                        "display_url": "ow.ly/1Hrk306yCmC",
                        "url": "https://t.co/tegZbAJa8J",
                        "indices": [
                            108,
                            131
                        ]
                    }
                ],
                "symbols": [],
                "user_mentions": [],
                "hashtags": []
            },
            "favorite_count": 0,
            "geo": null,
            "in_reply_to_status_id": null,
            "contributors": null,
            "truncated": false,
            "id_str": "802870482475319296",
            "retweeted": false,
            "coordinates": null,
            "id": 802870482475319296,
            "in_reply_to_status_id_str": null,
            "in_reply_to_user_id_str": null
        }
    ],
    "search_metadata": {
        "max_id_str": "802902271461822464",
        "since_id_str": "0",
        "since_id": 0,
        "refresh_url": "?since_id=802902271461822464&q=Trump%20from%3Athenewmexican%20since%3A2016-11-27%20until%3A2016-11-28%20filter%3Alinks%20-%40thenewmexican&include_entities=1",
        "max_id": 802902271461822464,
        "completed_in": 0.042,
        "count": 100,
        "query": "Trump+from%3Athenewmexican+since%3A2016-11-27+until%3A2016-11-28+filter%3Alinks+-%40thenewmexican"
    }
}