{
    "statuses": [
        {
            "in_reply_to_user_id": null,
            "favorited": false,
            "lang": "en",
            "metadata": {
                "iso_language_code": "en",
                "result_type": "recent"
            },
            "possibly_sensitive": false,
            "user": {
                "profile_banner_url": "https://pbs.twimg.com/profile_banners/8695932/1455478074",
                "default_profile_image": false,
                "lang": "en",
                "is_translator": false,
                "geo_enabled": true,
                "notifications": false,
                "profile_image_url": "http://pbs.twimg.com/profile_images/771081413030453249/keFMxmLB_normal.jpg",
                "description": "Updates from staffers at The Charlotte Observer.",
                "friends_count": 727,
                "verified": true,
                "created_at": "Wed Sep 05 22:01:17 +0000 2007",
                "is_translation_enabled": false,
                "url": "http://t.co/0DpOAnvesG",
                "profile_background_image_url": "http://pbs.twimg.com/profile_background_images/13469905/NEWtwitter.jpg",
                "contributors_enabled": false,
                "profile_link_color": "304588",
                "profile_background_color": "EDE8E8",
                "listed_count": 2263,
                "profile_text_color": "000000",
                "time_zone": "Eastern Time (US & Canada)",
                "default_profile": false,
                "entities": {
                    "description": {
                        "urls": []
                    },
                    "url": {
                        "urls": [
                            {
                                "expanded_url": "http://charlotteobserver.com",
                                "display_url": "charlotteobserver.com",
                                "url": "http://t.co/0DpOAnvesG",
                                "indices": [
                                    0,
                                    22
                                ]
                            }
                        ]
                    }
                },
                "profile_background_tile": false,
                "profile_image_url_https": "https://pbs.twimg.com/profile_images/771081413030453249/keFMxmLB_normal.jpg",
                "profile_sidebar_border_color": "BCB9B9",
                "following": false,
                "utc_offset": -18000,
                "follow_request_sent": false,
                "followers_count": 168018,
                "id_str": "8695932",
                "profile_use_background_image": true,
                "protected": false,
                "statuses_count": 123801,
                "profile_sidebar_fill_color": "D9D9D9",
                "name": "Charlotte Observer",
                "translator_type": "none",
                "screen_name": "theobserver",
                "id": 8695932,
                "has_extended_profile": false,
                "favourites_count": 455,
                "location": "Charlotte, N.C.",
                "profile_background_image_url_https": "https://pbs.twimg.com/profile_background_images/13469905/NEWtwitter.jpg"
            },
            "in_reply_to_screen_name": null,
            "retweet_count": 1,
            "text": "Donald Trump claims he would have won popular vote if \u2018millions\u2019 hadn\u2019t voted illegally \n\nhttps://t.co/JgobrlwWkQ",
            "place": null,
            "created_at": "Sun Nov 27 22:44:02 +0000 2016",
            "is_quote_status": false,
            "source": "<a href=\"http://twitter.com\" rel=\"nofollow\">Twitter Web Client</a>",
            "entities": {
                "urls": [
                    {
                        "expanded_url": "http://www.charlotteobserver.com/news/politics-government/election/article117390498.html",
                        "display_url": "charlotteobserver.com/news/politics-\u2026",
                        "url": "https://t.co/JgobrlwWkQ",
                        "indices": [
                            90,
                            113
                        ]
                    }
                ],
                "symbols": [],
                "user_mentions": [],
                "hashtags": []
            },
            "favorite_count": 3,
            "geo": null,
            "in_reply_to_status_id": null,
            "contributors": null,
            "truncated": false,
            "id_str": "803006494459314176",
            "retweeted": false,
            "coordinates": null,
            "id": 803006494459314176,
            "in_reply_to_status_id_str": null,
            "in_reply_to_user_id_str": null
        }
    ],
    "search_metadata": {
        "max_id_str": "803006494459314176",
        "since_id_str": "0",
        "since_id": 0,
        "refresh_url": "?since_id=803006494459314176&q=Trump%20from%3Atheobserver%20since%3A2016-11-27%20until%3A2016-11-28%20filter%3Alinks%20-%40theobserver&include_entities=1",
        "max_id": 803006494459314176,
        "completed_in": 0.023,
        "count": 100,
        "query": "Trump+from%3Atheobserver+since%3A2016-11-27+until%3A2016-11-28+filter%3Alinks+-%40theobserver"
    }
}