{
    "statuses": [],
    "search_metadata": {
        "max_id_str": "803456647616077825",
        "since_id_str": "0",
        "since_id": 0,
        "refresh_url": "?since_id=803456647616077825&q=Trump%20from%3ATheOklahoman%20since%3A2016-11-27%20until%3A2016-11-28%20filter%3Alinks%20-%40TheOklahoman&include_entities=1",
        "max_id": 803456647616077825,
        "completed_in": 0.011,
        "count": 100,
        "query": "Trump+from%3ATheOklahoman+since%3A2016-11-27+until%3A2016-11-28+filter%3Alinks+-%40TheOklahoman"
    }
}