{
    "statuses": [],
    "search_metadata": {
        "max_id_str": "803456645338693632",
        "since_id_str": "0",
        "since_id": 0,
        "refresh_url": "?since_id=803456645338693632&q=Trump%20from%3AThePlainDealer%20since%3A2016-11-27%20until%3A2016-11-28%20filter%3Alinks%20-%40ThePlainDealer&include_entities=1",
        "max_id": 803456645338693632,
        "completed_in": 0.013,
        "count": 100,
        "query": "Trump+from%3AThePlainDealer+since%3A2016-11-27+until%3A2016-11-28+filter%3Alinks+-%40ThePlainDealer"
    }
}