{
    "search_metadata": {
        "max_id_str": "803455385243942912",
        "since_id_str": "0",
        "query": "Trump+from%3ATimesRecord+since%3A2016-11-27+until%3A2016-11-28+filter%3Alinks+-%40TimesRecord",
        "completed_in": 0.016,
        "refresh_url": "?since_id=803455385243942912&q=Trump%20from%3ATimesRecord%20since%3A2016-11-27%20until%3A2016-11-28%20filter%3Alinks%20-%40TimesRecord&include_entities=1",
        "since_id": 0,
        "max_id": 803455385243942912,
        "count": 100
    },
    "statuses": []
}