{
    "statuses": [
        {
            "in_reply_to_user_id": null,
            "favorited": false,
            "lang": "en",
            "metadata": {
                "iso_language_code": "en",
                "result_type": "recent"
            },
            "possibly_sensitive": false,
            "user": {
                "profile_banner_url": "https://pbs.twimg.com/profile_banners/20073589/1361517539",
                "default_profile_image": false,
                "lang": "en",
                "is_translator": false,
                "geo_enabled": false,
                "notifications": false,
                "profile_image_url": "http://pbs.twimg.com/profile_images/433333114153091075/aUHY_GIy_normal.png",
                "description": "New Hampshire's breaking news authority",
                "friends_count": 210,
                "verified": false,
                "created_at": "Wed Feb 04 17:50:50 +0000 2009",
                "is_translation_enabled": false,
                "url": "http://t.co/0TanR6h0Kl",
                "profile_background_image_url": "http://abs.twimg.com/images/themes/theme14/bg.gif",
                "contributors_enabled": false,
                "profile_link_color": "009999",
                "profile_background_color": "131516",
                "listed_count": 815,
                "profile_text_color": "333333",
                "time_zone": "Eastern Time (US & Canada)",
                "default_profile": false,
                "entities": {
                    "description": {
                        "urls": []
                    },
                    "url": {
                        "urls": [
                            {
                                "expanded_url": "http://UnionLeader.com",
                                "display_url": "UnionLeader.com",
                                "url": "http://t.co/0TanR6h0Kl",
                                "indices": [
                                    0,
                                    22
                                ]
                            }
                        ]
                    }
                },
                "profile_background_tile": true,
                "profile_image_url_https": "https://pbs.twimg.com/profile_images/433333114153091075/aUHY_GIy_normal.png",
                "profile_sidebar_border_color": "EEEEEE",
                "following": false,
                "utc_offset": -18000,
                "follow_request_sent": false,
                "followers_count": 39655,
                "id_str": "20073589",
                "profile_use_background_image": true,
                "protected": false,
                "statuses_count": 55282,
                "profile_sidebar_fill_color": "EFEFEF",
                "name": "UnionLeader.com",
                "translator_type": "none",
                "screen_name": "UnionLeader",
                "id": 20073589,
                "has_extended_profile": false,
                "favourites_count": 19,
                "location": "New Hampshire",
                "profile_background_image_url_https": "https://abs.twimg.com/images/themes/theme14/bg.gif"
            },
            "in_reply_to_screen_name": null,
            "retweet_count": 0,
            "text": "Trump expresses 'solidarity' with Cuban-Americans https://t.co/lKoqXTSgxb",
            "place": null,
            "created_at": "Sun Nov 27 11:30:15 +0000 2016",
            "is_quote_status": false,
            "source": "<a href=\"http://www.hootsuite.com\" rel=\"nofollow\">Hootsuite</a>",
            "entities": {
                "urls": [
                    {
                        "expanded_url": "http://ow.ly/Q4vK306yn68",
                        "display_url": "ow.ly/Q4vK306yn68",
                        "url": "https://t.co/lKoqXTSgxb",
                        "indices": [
                            50,
                            73
                        ]
                    }
                ],
                "symbols": [],
                "user_mentions": [],
                "hashtags": []
            },
            "favorite_count": 0,
            "geo": null,
            "in_reply_to_status_id": null,
            "contributors": null,
            "truncated": false,
            "id_str": "802836933445611520",
            "retweeted": false,
            "coordinates": null,
            "id": 802836933445611520,
            "in_reply_to_status_id_str": null,
            "in_reply_to_user_id_str": null
        }
    ],
    "search_metadata": {
        "max_id_str": "802836933445611520",
        "since_id_str": "0",
        "since_id": 0,
        "refresh_url": "?since_id=802836933445611520&q=Trump%20from%3AUnionLeader%20since%3A2016-11-27%20until%3A2016-11-28%20filter%3Alinks%20-%40UnionLeader&include_entities=1",
        "max_id": 802836933445611520,
        "completed_in": 0.039,
        "count": 100,
        "query": "Trump+from%3AUnionLeader+since%3A2016-11-27+until%3A2016-11-28+filter%3Alinks+-%40UnionLeader"
    }
}