{
    "statuses": [
        {
            "in_reply_to_user_id": null,
            "favorited": false,
            "lang": "en",
            "metadata": {
                "iso_language_code": "en",
                "result_type": "recent"
            },
            "possibly_sensitive": false,
            "user": {
                "profile_banner_url": "https://pbs.twimg.com/profile_banners/15752446/1428944610",
                "default_profile_image": false,
                "lang": "en",
                "is_translator": false,
                "geo_enabled": false,
                "notifications": false,
                "profile_image_url": "http://pbs.twimg.com/profile_images/684107235945918464/rGv9uwHQ_normal.jpg",
                "description": "#Madison's largest reporting team. The best source for news, analysis and features about #Wisconsin business, politics, crime, entertainment, sports and more!",
                "friends_count": 1565,
                "verified": true,
                "created_at": "Wed Aug 06 17:28:34 +0000 2008",
                "is_translation_enabled": false,
                "url": "https://t.co/PZZLdacXux",
                "profile_background_image_url": "http://pbs.twimg.com/profile_background_images/801276387/fb6fb22728339883e371e2cca931ca3a.jpeg",
                "contributors_enabled": false,
                "profile_link_color": "0079C0",
                "profile_background_color": "74BEE9",
                "listed_count": 1448,
                "profile_text_color": "000000",
                "time_zone": "Central Time (US & Canada)",
                "default_profile": false,
                "entities": {
                    "description": {
                        "urls": []
                    },
                    "url": {
                        "urls": [
                            {
                                "expanded_url": "http://madison.com/wsj",
                                "display_url": "madison.com/wsj",
                                "url": "https://t.co/PZZLdacXux",
                                "indices": [
                                    0,
                                    23
                                ]
                            }
                        ]
                    }
                },
                "profile_background_tile": false,
                "profile_image_url_https": "https://pbs.twimg.com/profile_images/684107235945918464/rGv9uwHQ_normal.jpg",
                "profile_sidebar_border_color": "FFFFFF",
                "following": false,
                "utc_offset": -21600,
                "follow_request_sent": false,
                "followers_count": 52703,
                "id_str": "15752446",
                "profile_use_background_image": true,
                "protected": false,
                "statuses_count": 164017,
                "profile_sidebar_fill_color": "396764",
                "name": "Wis. State Journal",
                "translator_type": "none",
                "screen_name": "WiStateJournal",
                "id": 15752446,
                "has_extended_profile": false,
                "favourites_count": 756,
                "location": "Madison, Wisconsin",
                "profile_background_image_url_https": "https://pbs.twimg.com/profile_background_images/801276387/fb6fb22728339883e371e2cca931ca3a.jpeg"
            },
            "in_reply_to_screen_name": null,
            "retweet_count": 1,
            "text": "Trump assails effort to recount votes; aide slams Romney https://t.co/7WVPm2JpSX",
            "place": null,
            "created_at": "Sun Nov 27 21:11:05 +0000 2016",
            "is_quote_status": false,
            "source": "<a href=\"http://dlvr.it\" rel=\"nofollow\">dlvr.it</a>",
            "entities": {
                "urls": [
                    {
                        "expanded_url": "http://host.madison.com/news/state-regional/trump-assails-effort-to-recount-votes-aide-slams-romney/article_adde20d8-cc2e-54f6-850e-d6dc8b490ca2.html",
                        "display_url": "host.madison.com/news/state-reg\u2026",
                        "url": "https://t.co/7WVPm2JpSX",
                        "indices": [
                            57,
                            80
                        ]
                    }
                ],
                "symbols": [],
                "user_mentions": [],
                "hashtags": []
            },
            "favorite_count": 1,
            "geo": null,
            "in_reply_to_status_id": null,
            "contributors": null,
            "truncated": false,
            "id_str": "802983104746881024",
            "retweeted": false,
            "coordinates": null,
            "id": 802983104746881024,
            "in_reply_to_status_id_str": null,
            "in_reply_to_user_id_str": null
        },
        {
            "in_reply_to_user_id": null,
            "favorited": false,
            "lang": "en",
            "metadata": {
                "iso_language_code": "en",
                "result_type": "recent"
            },
            "possibly_sensitive": false,
            "user": {
                "profile_banner_url": "https://pbs.twimg.com/profile_banners/15752446/1428944610",
                "default_profile_image": false,
                "lang": "en",
                "is_translator": false,
                "geo_enabled": false,
                "notifications": false,
                "profile_image_url": "http://pbs.twimg.com/profile_images/684107235945918464/rGv9uwHQ_normal.jpg",
                "description": "#Madison's largest reporting team. The best source for news, analysis and features about #Wisconsin business, politics, crime, entertainment, sports and more!",
                "friends_count": 1565,
                "verified": true,
                "created_at": "Wed Aug 06 17:28:34 +0000 2008",
                "is_translation_enabled": false,
                "url": "https://t.co/PZZLdacXux",
                "profile_background_image_url": "http://pbs.twimg.com/profile_background_images/801276387/fb6fb22728339883e371e2cca931ca3a.jpeg",
                "contributors_enabled": false,
                "profile_link_color": "0079C0",
                "profile_background_color": "74BEE9",
                "listed_count": 1448,
                "profile_text_color": "000000",
                "time_zone": "Central Time (US & Canada)",
                "default_profile": false,
                "entities": {
                    "description": {
                        "urls": []
                    },
                    "url": {
                        "urls": [
                            {
                                "expanded_url": "http://madison.com/wsj",
                                "display_url": "madison.com/wsj",
                                "url": "https://t.co/PZZLdacXux",
                                "indices": [
                                    0,
                                    23
                                ]
                            }
                        ]
                    }
                },
                "profile_background_tile": false,
                "profile_image_url_https": "https://pbs.twimg.com/profile_images/684107235945918464/rGv9uwHQ_normal.jpg",
                "profile_sidebar_border_color": "FFFFFF",
                "following": false,
                "utc_offset": -21600,
                "follow_request_sent": false,
                "followers_count": 52703,
                "id_str": "15752446",
                "profile_use_background_image": true,
                "protected": false,
                "statuses_count": 164017,
                "profile_sidebar_fill_color": "396764",
                "name": "Wis. State Journal",
                "translator_type": "none",
                "screen_name": "WiStateJournal",
                "id": 15752446,
                "has_extended_profile": false,
                "favourites_count": 756,
                "location": "Madison, Wisconsin",
                "profile_background_image_url_https": "https://pbs.twimg.com/profile_background_images/801276387/fb6fb22728339883e371e2cca931ca3a.jpeg"
            },
            "in_reply_to_screen_name": null,
            "retweet_count": 0,
            "text": "Hands on Wisconsin: Trump supporter visits Santa Claus https://t.co/5xQkinY3am",
            "place": null,
            "created_at": "Sun Nov 27 13:19:33 +0000 2016",
            "is_quote_status": false,
            "source": "<a href=\"http://dlvr.it\" rel=\"nofollow\">dlvr.it</a>",
            "entities": {
                "urls": [
                    {
                        "expanded_url": "http://host.madison.com/wsj/opinion/cartoon/hands-on-wisconsin-trump-supporter-visits-santa-claus/article_a375725a-4ad3-503c-aece-86aec0c116bd.html",
                        "display_url": "host.madison.com/wsj/opinion/ca\u2026",
                        "url": "https://t.co/5xQkinY3am",
                        "indices": [
                            55,
                            78
                        ]
                    }
                ],
                "symbols": [],
                "user_mentions": [],
                "hashtags": []
            },
            "favorite_count": 0,
            "geo": null,
            "in_reply_to_status_id": null,
            "contributors": null,
            "truncated": false,
            "id_str": "802864440701915137",
            "retweeted": false,
            "coordinates": null,
            "id": 802864440701915137,
            "in_reply_to_status_id_str": null,
            "in_reply_to_user_id_str": null
        },
        {
            "in_reply_to_user_id": null,
            "favorited": false,
            "lang": "en",
            "metadata": {
                "iso_language_code": "en",
                "result_type": "recent"
            },
            "possibly_sensitive": false,
            "user": {
                "profile_banner_url": "https://pbs.twimg.com/profile_banners/15752446/1428944610",
                "default_profile_image": false,
                "lang": "en",
                "is_translator": false,
                "geo_enabled": false,
                "notifications": false,
                "profile_image_url": "http://pbs.twimg.com/profile_images/684107235945918464/rGv9uwHQ_normal.jpg",
                "description": "#Madison's largest reporting team. The best source for news, analysis and features about #Wisconsin business, politics, crime, entertainment, sports and more!",
                "friends_count": 1565,
                "verified": true,
                "created_at": "Wed Aug 06 17:28:34 +0000 2008",
                "is_translation_enabled": false,
                "url": "https://t.co/PZZLdacXux",
                "profile_background_image_url": "http://pbs.twimg.com/profile_background_images/801276387/fb6fb22728339883e371e2cca931ca3a.jpeg",
                "contributors_enabled": false,
                "profile_link_color": "0079C0",
                "profile_background_color": "74BEE9",
                "listed_count": 1448,
                "profile_text_color": "000000",
                "time_zone": "Central Time (US & Canada)",
                "default_profile": false,
                "entities": {
                    "description": {
                        "urls": []
                    },
                    "url": {
                        "urls": [
                            {
                                "expanded_url": "http://madison.com/wsj",
                                "display_url": "madison.com/wsj",
                                "url": "https://t.co/PZZLdacXux",
                                "indices": [
                                    0,
                                    23
                                ]
                            }
                        ]
                    }
                },
                "profile_background_tile": false,
                "profile_image_url_https": "https://pbs.twimg.com/profile_images/684107235945918464/rGv9uwHQ_normal.jpg",
                "profile_sidebar_border_color": "FFFFFF",
                "following": false,
                "utc_offset": -21600,
                "follow_request_sent": false,
                "followers_count": 52703,
                "id_str": "15752446",
                "profile_use_background_image": true,
                "protected": false,
                "statuses_count": 164017,
                "profile_sidebar_fill_color": "396764",
                "name": "Wis. State Journal",
                "translator_type": "none",
                "screen_name": "WiStateJournal",
                "id": 15752446,
                "has_extended_profile": false,
                "favourites_count": 756,
                "location": "Madison, Wisconsin",
                "profile_background_image_url_https": "https://pbs.twimg.com/profile_background_images/801276387/fb6fb22728339883e371e2cca931ca3a.jpeg"
            },
            "in_reply_to_screen_name": null,
            "retweet_count": 0,
            "text": "Opinion | @PhilHands: Trump supporter visits Santa Claus https://t.co/5xQkinY3am",
            "place": null,
            "created_at": "Sun Nov 27 12:53:08 +0000 2016",
            "is_quote_status": false,
            "source": "<a href=\"http://dlvr.it\" rel=\"nofollow\">dlvr.it</a>",
            "entities": {
                "urls": [
                    {
                        "expanded_url": "http://host.madison.com/wsj/opinion/cartoon/hands-on-wisconsin-trump-supporter-visits-santa-claus/article_a375725a-4ad3-503c-aece-86aec0c116bd.html",
                        "display_url": "host.madison.com/wsj/opinion/ca\u2026",
                        "url": "https://t.co/5xQkinY3am",
                        "indices": [
                            57,
                            80
                        ]
                    }
                ],
                "symbols": [],
                "user_mentions": [
                    {
                        "screen_name": "PhilHands",
                        "id": 16296069,
                        "id_str": "16296069",
                        "name": "Phil Hands",
                        "indices": [
                            10,
                            20
                        ]
                    }
                ],
                "hashtags": []
            },
            "favorite_count": 0,
            "geo": null,
            "in_reply_to_status_id": null,
            "contributors": null,
            "truncated": false,
            "id_str": "802857790154817537",
            "retweeted": false,
            "coordinates": null,
            "id": 802857790154817537,
            "in_reply_to_status_id_str": null,
            "in_reply_to_user_id_str": null
        },
        {
            "in_reply_to_user_id": null,
            "favorited": false,
            "lang": "en",
            "metadata": {
                "iso_language_code": "en",
                "result_type": "recent"
            },
            "possibly_sensitive": false,
            "user": {
                "profile_banner_url": "https://pbs.twimg.com/profile_banners/15752446/1428944610",
                "default_profile_image": false,
                "lang": "en",
                "is_translator": false,
                "geo_enabled": false,
                "notifications": false,
                "profile_image_url": "http://pbs.twimg.com/profile_images/684107235945918464/rGv9uwHQ_normal.jpg",
                "description": "#Madison's largest reporting team. The best source for news, analysis and features about #Wisconsin business, politics, crime, entertainment, sports and more!",
                "friends_count": 1565,
                "verified": true,
                "created_at": "Wed Aug 06 17:28:34 +0000 2008",
                "is_translation_enabled": false,
                "url": "https://t.co/PZZLdacXux",
                "profile_background_image_url": "http://pbs.twimg.com/profile_background_images/801276387/fb6fb22728339883e371e2cca931ca3a.jpeg",
                "contributors_enabled": false,
                "profile_link_color": "0079C0",
                "profile_background_color": "74BEE9",
                "listed_count": 1448,
                "profile_text_color": "000000",
                "time_zone": "Central Time (US & Canada)",
                "default_profile": false,
                "entities": {
                    "description": {
                        "urls": []
                    },
                    "url": {
                        "urls": [
                            {
                                "expanded_url": "http://madison.com/wsj",
                                "display_url": "madison.com/wsj",
                                "url": "https://t.co/PZZLdacXux",
                                "indices": [
                                    0,
                                    23
                                ]
                            }
                        ]
                    }
                },
                "profile_background_tile": false,
                "profile_image_url_https": "https://pbs.twimg.com/profile_images/684107235945918464/rGv9uwHQ_normal.jpg",
                "profile_sidebar_border_color": "FFFFFF",
                "following": false,
                "utc_offset": -21600,
                "follow_request_sent": false,
                "followers_count": 52703,
                "id_str": "15752446",
                "profile_use_background_image": true,
                "protected": false,
                "statuses_count": 164017,
                "profile_sidebar_fill_color": "396764",
                "name": "Wis. State Journal",
                "translator_type": "none",
                "screen_name": "WiStateJournal",
                "id": 15752446,
                "has_extended_profile": false,
                "favourites_count": 756,
                "location": "Madison, Wisconsin",
                "profile_background_image_url_https": "https://pbs.twimg.com/profile_background_images/801276387/fb6fb22728339883e371e2cca931ca3a.jpeg"
            },
            "in_reply_to_screen_name": null,
            "retweet_count": 0,
            "text": "From your letters: Trump will do a lot of positive things -- John Voss https://t.co/7A6Jev44lm",
            "place": null,
            "created_at": "Sun Nov 27 12:05:33 +0000 2016",
            "is_quote_status": false,
            "source": "<a href=\"http://dlvr.it\" rel=\"nofollow\">dlvr.it</a>",
            "entities": {
                "urls": [
                    {
                        "expanded_url": "http://host.madison.com/wsj/opinion/mailbag/trump-will-do-a-lot-of-positive-things--/article_2fed1b6d-495a-5e94-ae44-6ae00969c6ec.html",
                        "display_url": "host.madison.com/wsj/opinion/ma\u2026",
                        "url": "https://t.co/7A6Jev44lm",
                        "indices": [
                            71,
                            94
                        ]
                    }
                ],
                "symbols": [],
                "user_mentions": [],
                "hashtags": []
            },
            "favorite_count": 0,
            "geo": null,
            "in_reply_to_status_id": null,
            "contributors": null,
            "truncated": false,
            "id_str": "802845818067615744",
            "retweeted": false,
            "coordinates": null,
            "id": 802845818067615744,
            "in_reply_to_status_id_str": null,
            "in_reply_to_user_id_str": null
        },
        {
            "in_reply_to_user_id": null,
            "favorited": false,
            "lang": "en",
            "metadata": {
                "iso_language_code": "en",
                "result_type": "recent"
            },
            "possibly_sensitive": false,
            "user": {
                "profile_banner_url": "https://pbs.twimg.com/profile_banners/15752446/1428944610",
                "default_profile_image": false,
                "lang": "en",
                "is_translator": false,
                "geo_enabled": false,
                "notifications": false,
                "profile_image_url": "http://pbs.twimg.com/profile_images/684107235945918464/rGv9uwHQ_normal.jpg",
                "description": "#Madison's largest reporting team. The best source for news, analysis and features about #Wisconsin business, politics, crime, entertainment, sports and more!",
                "friends_count": 1565,
                "verified": true,
                "created_at": "Wed Aug 06 17:28:34 +0000 2008",
                "is_translation_enabled": false,
                "url": "https://t.co/PZZLdacXux",
                "profile_background_image_url": "http://pbs.twimg.com/profile_background_images/801276387/fb6fb22728339883e371e2cca931ca3a.jpeg",
                "contributors_enabled": false,
                "profile_link_color": "0079C0",
                "profile_background_color": "74BEE9",
                "listed_count": 1448,
                "profile_text_color": "000000",
                "time_zone": "Central Time (US & Canada)",
                "default_profile": false,
                "entities": {
                    "description": {
                        "urls": []
                    },
                    "url": {
                        "urls": [
                            {
                                "expanded_url": "http://madison.com/wsj",
                                "display_url": "madison.com/wsj",
                                "url": "https://t.co/PZZLdacXux",
                                "indices": [
                                    0,
                                    23
                                ]
                            }
                        ]
                    }
                },
                "profile_background_tile": false,
                "profile_image_url_https": "https://pbs.twimg.com/profile_images/684107235945918464/rGv9uwHQ_normal.jpg",
                "profile_sidebar_border_color": "FFFFFF",
                "following": false,
                "utc_offset": -21600,
                "follow_request_sent": false,
                "followers_count": 52703,
                "id_str": "15752446",
                "profile_use_background_image": true,
                "protected": false,
                "statuses_count": 164017,
                "profile_sidebar_fill_color": "396764",
                "name": "Wis. State Journal",
                "translator_type": "none",
                "screen_name": "WiStateJournal",
                "id": 15752446,
                "has_extended_profile": false,
                "favourites_count": 756,
                "location": "Madison, Wisconsin",
                "profile_background_image_url_https": "https://pbs.twimg.com/profile_background_images/801276387/fb6fb22728339883e371e2cca931ca3a.jpeg"
            },
            "in_reply_to_screen_name": null,
            "retweet_count": 1,
            "text": "Adams County: A vote for Barack Obama, then Donald Trump; What happened? https://t.co/MxcUDwI0s8",
            "place": null,
            "created_at": "Sun Nov 27 12:01:11 +0000 2016",
            "is_quote_status": false,
            "source": "<a href=\"http://dlvr.it\" rel=\"nofollow\">dlvr.it</a>",
            "entities": {
                "urls": [
                    {
                        "expanded_url": "http://host.madison.com/wsj/news/local/govt-and-politics/adams-county-a-vote-for-barack-obama-then-donald-trump/article_46046c0b-6952-5077-9f91-71875ac483d7.html",
                        "display_url": "host.madison.com/wsj/news/local\u2026",
                        "url": "https://t.co/MxcUDwI0s8",
                        "indices": [
                            73,
                            96
                        ]
                    }
                ],
                "symbols": [],
                "user_mentions": [],
                "hashtags": []
            },
            "favorite_count": 0,
            "geo": null,
            "in_reply_to_status_id": null,
            "contributors": null,
            "truncated": false,
            "id_str": "802844719000629249",
            "retweeted": false,
            "coordinates": null,
            "id": 802844719000629249,
            "in_reply_to_status_id_str": null,
            "in_reply_to_user_id_str": null
        },
        {
            "in_reply_to_user_id": null,
            "favorited": false,
            "lang": "en",
            "metadata": {
                "iso_language_code": "en",
                "result_type": "recent"
            },
            "possibly_sensitive": false,
            "user": {
                "profile_banner_url": "https://pbs.twimg.com/profile_banners/15752446/1428944610",
                "default_profile_image": false,
                "lang": "en",
                "is_translator": false,
                "geo_enabled": false,
                "notifications": false,
                "profile_image_url": "http://pbs.twimg.com/profile_images/684107235945918464/rGv9uwHQ_normal.jpg",
                "description": "#Madison's largest reporting team. The best source for news, analysis and features about #Wisconsin business, politics, crime, entertainment, sports and more!",
                "friends_count": 1565,
                "verified": true,
                "created_at": "Wed Aug 06 17:28:34 +0000 2008",
                "is_translation_enabled": false,
                "url": "https://t.co/PZZLdacXux",
                "profile_background_image_url": "http://pbs.twimg.com/profile_background_images/801276387/fb6fb22728339883e371e2cca931ca3a.jpeg",
                "contributors_enabled": false,
                "profile_link_color": "0079C0",
                "profile_background_color": "74BEE9",
                "listed_count": 1448,
                "profile_text_color": "000000",
                "time_zone": "Central Time (US & Canada)",
                "default_profile": false,
                "entities": {
                    "description": {
                        "urls": []
                    },
                    "url": {
                        "urls": [
                            {
                                "expanded_url": "http://madison.com/wsj",
                                "display_url": "madison.com/wsj",
                                "url": "https://t.co/PZZLdacXux",
                                "indices": [
                                    0,
                                    23
                                ]
                            }
                        ]
                    }
                },
                "profile_background_tile": false,
                "profile_image_url_https": "https://pbs.twimg.com/profile_images/684107235945918464/rGv9uwHQ_normal.jpg",
                "profile_sidebar_border_color": "FFFFFF",
                "following": false,
                "utc_offset": -21600,
                "follow_request_sent": false,
                "followers_count": 52703,
                "id_str": "15752446",
                "profile_use_background_image": true,
                "protected": false,
                "statuses_count": 164017,
                "profile_sidebar_fill_color": "396764",
                "name": "Wis. State Journal",
                "translator_type": "none",
                "screen_name": "WiStateJournal",
                "id": 15752446,
                "has_extended_profile": false,
                "favourites_count": 756,
                "location": "Madison, Wisconsin",
                "profile_background_image_url_https": "https://pbs.twimg.com/profile_background_images/801276387/fb6fb22728339883e371e2cca931ca3a.jpeg"
            },
            "in_reply_to_screen_name": null,
            "retweet_count": 0,
            "text": "Chris Rickert: Silver lining to Donald Trump's victory: Madison bubble remains largely intact https://t.co/unya9bj7GN",
            "place": null,
            "created_at": "Sun Nov 27 11:43:34 +0000 2016",
            "is_quote_status": false,
            "source": "<a href=\"http://dlvr.it\" rel=\"nofollow\">dlvr.it</a>",
            "entities": {
                "urls": [
                    {
                        "expanded_url": "http://host.madison.com/wsj/news/local/columnists/chris-rickert/chris-rickert-silver-lining-to-donald-trump-s-victory-madison/article_70c8d2e4-bf06-5705-b128-4772a5cd7ea1.html",
                        "display_url": "host.madison.com/wsj/news/local\u2026",
                        "url": "https://t.co/unya9bj7GN",
                        "indices": [
                            94,
                            117
                        ]
                    }
                ],
                "symbols": [],
                "user_mentions": [],
                "hashtags": []
            },
            "favorite_count": 2,
            "geo": null,
            "in_reply_to_status_id": null,
            "contributors": null,
            "truncated": false,
            "id_str": "802840284870496256",
            "retweeted": false,
            "coordinates": null,
            "id": 802840284870496256,
            "in_reply_to_status_id_str": null,
            "in_reply_to_user_id_str": null
        },
        {
            "in_reply_to_user_id": null,
            "favorited": false,
            "lang": "en",
            "metadata": {
                "iso_language_code": "en",
                "result_type": "recent"
            },
            "possibly_sensitive": false,
            "user": {
                "profile_banner_url": "https://pbs.twimg.com/profile_banners/15752446/1428944610",
                "default_profile_image": false,
                "lang": "en",
                "is_translator": false,
                "geo_enabled": false,
                "notifications": false,
                "profile_image_url": "http://pbs.twimg.com/profile_images/684107235945918464/rGv9uwHQ_normal.jpg",
                "description": "#Madison's largest reporting team. The best source for news, analysis and features about #Wisconsin business, politics, crime, entertainment, sports and more!",
                "friends_count": 1565,
                "verified": true,
                "created_at": "Wed Aug 06 17:28:34 +0000 2008",
                "is_translation_enabled": false,
                "url": "https://t.co/PZZLdacXux",
                "profile_background_image_url": "http://pbs.twimg.com/profile_background_images/801276387/fb6fb22728339883e371e2cca931ca3a.jpeg",
                "contributors_enabled": false,
                "profile_link_color": "0079C0",
                "profile_background_color": "74BEE9",
                "listed_count": 1448,
                "profile_text_color": "000000",
                "time_zone": "Central Time (US & Canada)",
                "default_profile": false,
                "entities": {
                    "description": {
                        "urls": []
                    },
                    "url": {
                        "urls": [
                            {
                                "expanded_url": "http://madison.com/wsj",
                                "display_url": "madison.com/wsj",
                                "url": "https://t.co/PZZLdacXux",
                                "indices": [
                                    0,
                                    23
                                ]
                            }
                        ]
                    }
                },
                "profile_background_tile": false,
                "profile_image_url_https": "https://pbs.twimg.com/profile_images/684107235945918464/rGv9uwHQ_normal.jpg",
                "profile_sidebar_border_color": "FFFFFF",
                "following": false,
                "utc_offset": -21600,
                "follow_request_sent": false,
                "followers_count": 52703,
                "id_str": "15752446",
                "profile_use_background_image": true,
                "protected": false,
                "statuses_count": 164017,
                "profile_sidebar_fill_color": "396764",
                "name": "Wis. State Journal",
                "translator_type": "none",
                "screen_name": "WiStateJournal",
                "id": 15752446,
                "has_extended_profile": false,
                "favourites_count": 756,
                "location": "Madison, Wisconsin",
                "profile_background_image_url_https": "https://pbs.twimg.com/profile_background_images/801276387/fb6fb22728339883e371e2cca931ca3a.jpeg"
            },
            "in_reply_to_screen_name": null,
            "retweet_count": 0,
            "text": "Trump calls recount a 'scam' but effort moves forward https://t.co/KWm82MwxLj",
            "place": null,
            "created_at": "Sun Nov 27 07:57:08 +0000 2016",
            "is_quote_status": false,
            "source": "<a href=\"http://dlvr.it\" rel=\"nofollow\">dlvr.it</a>",
            "entities": {
                "urls": [
                    {
                        "expanded_url": "http://host.madison.com/news/national/govt-and-politics/trump-calls-recount-a-scam-but-effort-moves-forward/article_032f1f53-f8c8-52c9-aeb8-0fcfc3b274ee.html",
                        "display_url": "host.madison.com/news/national/\u2026",
                        "url": "https://t.co/KWm82MwxLj",
                        "indices": [
                            54,
                            77
                        ]
                    }
                ],
                "symbols": [],
                "user_mentions": [],
                "hashtags": []
            },
            "favorite_count": 0,
            "geo": null,
            "in_reply_to_status_id": null,
            "contributors": null,
            "truncated": false,
            "id_str": "802783300888641536",
            "retweeted": false,
            "coordinates": null,
            "id": 802783300888641536,
            "in_reply_to_status_id_str": null,
            "in_reply_to_user_id_str": null
        }
    ],
    "search_metadata": {
        "max_id_str": "802983104746881024",
        "since_id_str": "0",
        "since_id": 0,
        "refresh_url": "?since_id=802983104746881024&q=Trump%20from%3AWiStateJournal%20since%3A2016-11-27%20until%3A2016-11-28%20filter%3Alinks%20-%40WiStateJournal&include_entities=1",
        "max_id": 802983104746881024,
        "completed_in": 0.069,
        "count": 100,
        "query": "Trump+from%3AWiStateJournal+since%3A2016-11-27+until%3A2016-11-28+filter%3Alinks+-%40WiStateJournal"
    }
}