{
    "statuses": [
        {
            "in_reply_to_user_id": null,
            "favorited": false,
            "lang": "en",
            "metadata": {
                "iso_language_code": "en",
                "result_type": "recent"
            },
            "possibly_sensitive": false,
            "user": {
                "profile_banner_url": "https://pbs.twimg.com/profile_banners/3108351/1462483236",
                "default_profile_image": false,
                "lang": "en",
                "is_translator": false,
                "geo_enabled": true,
                "notifications": false,
                "profile_image_url": "http://pbs.twimg.com/profile_images/685113343204585473/jV72Zljq_normal.jpg",
                "description": "Breaking news and features from the WSJ.",
                "friends_count": 1075,
                "verified": true,
                "created_at": "Sun Apr 01 06:22:13 +0000 2007",
                "is_translation_enabled": true,
                "url": "https://t.co/GhhR6PLfem",
                "profile_background_image_url": "http://pbs.twimg.com/profile_background_images/378800000026078008/c07ad7d60f01c3a836dd701fc3f71233.jpeg",
                "contributors_enabled": false,
                "profile_link_color": "1164B8",
                "profile_background_color": "EDF2F5",
                "listed_count": 102421,
                "profile_text_color": "333333",
                "time_zone": "Eastern Time (US & Canada)",
                "default_profile": false,
                "entities": {
                    "description": {
                        "urls": []
                    },
                    "url": {
                        "urls": [
                            {
                                "expanded_url": "http://wsj.com",
                                "display_url": "wsj.com",
                                "url": "https://t.co/GhhR6PLfem",
                                "indices": [
                                    0,
                                    23
                                ]
                            }
                        ]
                    }
                },
                "profile_background_tile": false,
                "profile_image_url_https": "https://pbs.twimg.com/profile_images/685113343204585473/jV72Zljq_normal.jpg",
                "profile_sidebar_border_color": "FFFFFF",
                "following": true,
                "utc_offset": -18000,
                "follow_request_sent": false,
                "followers_count": 12296517,
                "id_str": "3108351",
                "profile_use_background_image": false,
                "protected": false,
                "statuses_count": 180070,
                "profile_sidebar_fill_color": "EFEFEF",
                "name": "Wall Street Journal",
                "translator_type": "regular",
                "screen_name": "WSJ",
                "id": 3108351,
                "has_extended_profile": false,
                "favourites_count": 1299,
                "location": "New York, NY",
                "profile_background_image_url_https": "https://pbs.twimg.com/profile_background_images/378800000026078008/c07ad7d60f01c3a836dd701fc3f71233.jpeg"
            },
            "in_reply_to_screen_name": null,
            "retweet_count": 73,
            "text": "Donald Trump\u2019s low-tax, big-ticket fiscal agenda has conservatives vexed https://t.co/h9mGg3MVgY",
            "place": null,
            "created_at": "Sun Nov 27 23:52:01 +0000 2016",
            "is_quote_status": false,
            "source": "<a href=\"http://www.socialflow.com\" rel=\"nofollow\">SocialFlow</a>",
            "entities": {
                "urls": [
                    {
                        "expanded_url": "http://on.wsj.com/2gw8UWr",
                        "display_url": "on.wsj.com/2gw8UWr",
                        "url": "https://t.co/h9mGg3MVgY",
                        "indices": [
                            73,
                            96
                        ]
                    }
                ],
                "symbols": [],
                "user_mentions": [],
                "hashtags": []
            },
            "favorite_count": 104,
            "geo": null,
            "in_reply_to_status_id": null,
            "contributors": null,
            "truncated": false,
            "id_str": "803023603889557508",
            "retweeted": false,
            "coordinates": null,
            "id": 803023603889557508,
            "in_reply_to_status_id_str": null,
            "in_reply_to_user_id_str": null
        },
        {
            "in_reply_to_user_id": null,
            "favorited": false,
            "lang": "en",
            "metadata": {
                "iso_language_code": "en",
                "result_type": "recent"
            },
            "possibly_sensitive": false,
            "user": {
                "profile_banner_url": "https://pbs.twimg.com/profile_banners/3108351/1462483236",
                "default_profile_image": false,
                "lang": "en",
                "is_translator": false,
                "geo_enabled": true,
                "notifications": false,
                "profile_image_url": "http://pbs.twimg.com/profile_images/685113343204585473/jV72Zljq_normal.jpg",
                "description": "Breaking news and features from the WSJ.",
                "friends_count": 1075,
                "verified": true,
                "created_at": "Sun Apr 01 06:22:13 +0000 2007",
                "is_translation_enabled": true,
                "url": "https://t.co/GhhR6PLfem",
                "profile_background_image_url": "http://pbs.twimg.com/profile_background_images/378800000026078008/c07ad7d60f01c3a836dd701fc3f71233.jpeg",
                "contributors_enabled": false,
                "profile_link_color": "1164B8",
                "profile_background_color": "EDF2F5",
                "listed_count": 102421,
                "profile_text_color": "333333",
                "time_zone": "Eastern Time (US & Canada)",
                "default_profile": false,
                "entities": {
                    "description": {
                        "urls": []
                    },
                    "url": {
                        "urls": [
                            {
                                "expanded_url": "http://wsj.com",
                                "display_url": "wsj.com",
                                "url": "https://t.co/GhhR6PLfem",
                                "indices": [
                                    0,
                                    23
                                ]
                            }
                        ]
                    }
                },
                "profile_background_tile": false,
                "profile_image_url_https": "https://pbs.twimg.com/profile_images/685113343204585473/jV72Zljq_normal.jpg",
                "profile_sidebar_border_color": "FFFFFF",
                "following": true,
                "utc_offset": -18000,
                "follow_request_sent": false,
                "followers_count": 12296517,
                "id_str": "3108351",
                "profile_use_background_image": false,
                "protected": false,
                "statuses_count": 180070,
                "profile_sidebar_fill_color": "EFEFEF",
                "name": "Wall Street Journal",
                "translator_type": "regular",
                "screen_name": "WSJ",
                "id": 3108351,
                "has_extended_profile": false,
                "favourites_count": 1299,
                "location": "New York, NY",
                "profile_background_image_url_https": "https://pbs.twimg.com/profile_background_images/378800000026078008/c07ad7d60f01c3a836dd701fc3f71233.jpeg"
            },
            "in_reply_to_screen_name": null,
            "retweet_count": 554,
            "text": "Donald Trump took to Twitter to dismiss charges his victory was illegitimate, alleging voter fraud in the process\u2026 https://t.co/d28Joxmndj",
            "place": null,
            "created_at": "Sun Nov 27 22:28:31 +0000 2016",
            "is_quote_status": false,
            "source": "<a href=\"http://www.socialflow.com\" rel=\"nofollow\">SocialFlow</a>",
            "entities": {
                "urls": [
                    {
                        "expanded_url": "https://twitter.com/i/web/status/803002589495390208",
                        "display_url": "twitter.com/i/web/status/8\u2026",
                        "url": "https://t.co/d28Joxmndj",
                        "indices": [
                            115,
                            138
                        ]
                    }
                ],
                "symbols": [],
                "user_mentions": [],
                "hashtags": []
            },
            "favorite_count": 593,
            "geo": null,
            "in_reply_to_status_id": null,
            "contributors": null,
            "truncated": true,
            "id_str": "803002589495390208",
            "retweeted": false,
            "coordinates": null,
            "id": 803002589495390208,
            "in_reply_to_status_id_str": null,
            "in_reply_to_user_id_str": null
        },
        {
            "in_reply_to_user_id": null,
            "favorited": false,
            "lang": "en",
            "metadata": {
                "iso_language_code": "en",
                "result_type": "recent"
            },
            "possibly_sensitive": false,
            "user": {
                "profile_banner_url": "https://pbs.twimg.com/profile_banners/3108351/1462483236",
                "default_profile_image": false,
                "lang": "en",
                "is_translator": false,
                "geo_enabled": true,
                "notifications": false,
                "profile_image_url": "http://pbs.twimg.com/profile_images/685113343204585473/jV72Zljq_normal.jpg",
                "description": "Breaking news and features from the WSJ.",
                "friends_count": 1075,
                "verified": true,
                "created_at": "Sun Apr 01 06:22:13 +0000 2007",
                "is_translation_enabled": true,
                "url": "https://t.co/GhhR6PLfem",
                "profile_background_image_url": "http://pbs.twimg.com/profile_background_images/378800000026078008/c07ad7d60f01c3a836dd701fc3f71233.jpeg",
                "contributors_enabled": false,
                "profile_link_color": "1164B8",
                "profile_background_color": "EDF2F5",
                "listed_count": 102421,
                "profile_text_color": "333333",
                "time_zone": "Eastern Time (US & Canada)",
                "default_profile": false,
                "entities": {
                    "description": {
                        "urls": []
                    },
                    "url": {
                        "urls": [
                            {
                                "expanded_url": "http://wsj.com",
                                "display_url": "wsj.com",
                                "url": "https://t.co/GhhR6PLfem",
                                "indices": [
                                    0,
                                    23
                                ]
                            }
                        ]
                    }
                },
                "profile_background_tile": false,
                "profile_image_url_https": "https://pbs.twimg.com/profile_images/685113343204585473/jV72Zljq_normal.jpg",
                "profile_sidebar_border_color": "FFFFFF",
                "following": true,
                "utc_offset": -18000,
                "follow_request_sent": false,
                "followers_count": 12296517,
                "id_str": "3108351",
                "profile_use_background_image": false,
                "protected": false,
                "statuses_count": 180070,
                "profile_sidebar_fill_color": "EFEFEF",
                "name": "Wall Street Journal",
                "translator_type": "regular",
                "screen_name": "WSJ",
                "id": 3108351,
                "has_extended_profile": false,
                "favourites_count": 1299,
                "location": "New York, NY",
                "profile_background_image_url_https": "https://pbs.twimg.com/profile_background_images/378800000026078008/c07ad7d60f01c3a836dd701fc3f71233.jpeg"
            },
            "in_reply_to_screen_name": null,
            "retweet_count": 80,
            "text": "Trump and his team attack attempts to recount ballots in three states https://t.co/G9xmtPfIm1",
            "place": null,
            "created_at": "Sun Nov 27 18:55:02 +0000 2016",
            "is_quote_status": false,
            "source": "<a href=\"http://www.socialflow.com\" rel=\"nofollow\">SocialFlow</a>",
            "entities": {
                "urls": [
                    {
                        "expanded_url": "http://on.wsj.com/2fTninR",
                        "display_url": "on.wsj.com/2fTninR",
                        "url": "https://t.co/G9xmtPfIm1",
                        "indices": [
                            70,
                            93
                        ]
                    }
                ],
                "symbols": [],
                "user_mentions": [],
                "hashtags": []
            },
            "favorite_count": 91,
            "geo": null,
            "in_reply_to_status_id": null,
            "contributors": null,
            "truncated": false,
            "id_str": "802948864697389057",
            "retweeted": false,
            "coordinates": null,
            "id": 802948864697389057,
            "in_reply_to_status_id_str": null,
            "in_reply_to_user_id_str": null
        },
        {
            "in_reply_to_user_id": null,
            "favorited": false,
            "lang": "en",
            "metadata": {
                "iso_language_code": "en",
                "result_type": "recent"
            },
            "user": {
                "profile_banner_url": "https://pbs.twimg.com/profile_banners/3108351/1462483236",
                "default_profile_image": false,
                "lang": "en",
                "is_translator": false,
                "geo_enabled": true,
                "notifications": false,
                "profile_image_url": "http://pbs.twimg.com/profile_images/685113343204585473/jV72Zljq_normal.jpg",
                "description": "Breaking news and features from the WSJ.",
                "friends_count": 1075,
                "verified": true,
                "created_at": "Sun Apr 01 06:22:13 +0000 2007",
                "is_translation_enabled": true,
                "url": "https://t.co/GhhR6PLfem",
                "profile_background_image_url": "http://pbs.twimg.com/profile_background_images/378800000026078008/c07ad7d60f01c3a836dd701fc3f71233.jpeg",
                "contributors_enabled": false,
                "profile_link_color": "1164B8",
                "profile_background_color": "EDF2F5",
                "listed_count": 102421,
                "profile_text_color": "333333",
                "time_zone": "Eastern Time (US & Canada)",
                "default_profile": false,
                "entities": {
                    "description": {
                        "urls": []
                    },
                    "url": {
                        "urls": [
                            {
                                "expanded_url": "http://wsj.com",
                                "display_url": "wsj.com",
                                "url": "https://t.co/GhhR6PLfem",
                                "indices": [
                                    0,
                                    23
                                ]
                            }
                        ]
                    }
                },
                "profile_background_tile": false,
                "profile_image_url_https": "https://pbs.twimg.com/profile_images/685113343204585473/jV72Zljq_normal.jpg",
                "profile_sidebar_border_color": "FFFFFF",
                "following": true,
                "utc_offset": -18000,
                "follow_request_sent": false,
                "followers_count": 12296517,
                "id_str": "3108351",
                "profile_use_background_image": false,
                "protected": false,
                "statuses_count": 180070,
                "profile_sidebar_fill_color": "EFEFEF",
                "name": "Wall Street Journal",
                "translator_type": "regular",
                "screen_name": "WSJ",
                "id": 3108351,
                "has_extended_profile": false,
                "favourites_count": 1299,
                "location": "New York, NY",
                "profile_background_image_url_https": "https://pbs.twimg.com/profile_background_images/378800000026078008/c07ad7d60f01c3a836dd701fc3f71233.jpeg"
            },
            "in_reply_to_screen_name": null,
            "retweet_count": 47,
            "text": "RT @wsjCMO: It's not just pollsters who missed Trump upset. Ad agencies are questioning whether they still get Middle America https://t.co/\u2026",
            "place": null,
            "created_at": "Sun Nov 27 18:20:54 +0000 2016",
            "is_quote_status": false,
            "retweeted_status": {
                "in_reply_to_user_id": null,
                "favorited": false,
                "lang": "en",
                "metadata": {
                    "iso_language_code": "en",
                    "result_type": "recent"
                },
                "possibly_sensitive": false,
                "user": {
                    "notifications": false,
                    "default_profile_image": false,
                    "lang": "en",
                    "is_translator": false,
                    "geo_enabled": false,
                    "profile_image_url": "http://pbs.twimg.com/profile_images/447810680213630976/L9WX733a_normal.jpeg",
                    "description": "Marketing, advertising and media news, tailored for chief marketing officers, from The Wall Street Journal's CMO Today.",
                    "friends_count": 37,
                    "verified": false,
                    "created_at": "Wed Apr 01 18:39:38 +0000 2009",
                    "is_translation_enabled": false,
                    "url": "http://t.co/PCxmfukGbK",
                    "profile_background_image_url": "http://abs.twimg.com/images/themes/theme14/bg.gif",
                    "contributors_enabled": false,
                    "profile_link_color": "009999",
                    "profile_background_color": "131516",
                    "listed_count": 2735,
                    "profile_text_color": "333333",
                    "time_zone": "Eastern Time (US & Canada)",
                    "default_profile": false,
                    "entities": {
                        "description": {
                            "urls": []
                        },
                        "url": {
                            "urls": [
                                {
                                    "expanded_url": "http://www.wsj.com/news/cmo-today",
                                    "display_url": "wsj.com/news/cmo-today",
                                    "url": "http://t.co/PCxmfukGbK",
                                    "indices": [
                                        0,
                                        22
                                    ]
                                }
                            ]
                        }
                    },
                    "profile_background_tile": true,
                    "profile_image_url_https": "https://pbs.twimg.com/profile_images/447810680213630976/L9WX733a_normal.jpeg",
                    "profile_sidebar_border_color": "EEEEEE",
                    "following": false,
                    "utc_offset": -18000,
                    "follow_request_sent": false,
                    "followers_count": 61881,
                    "id_str": "28163914",
                    "profile_use_background_image": true,
                    "protected": false,
                    "statuses_count": 19759,
                    "profile_sidebar_fill_color": "EFEFEF",
                    "name": "CMO Today",
                    "translator_type": "none",
                    "screen_name": "wsjCMO",
                    "id": 28163914,
                    "has_extended_profile": false,
                    "favourites_count": 14,
                    "location": "New York, NY",
                    "profile_background_image_url_https": "https://abs.twimg.com/images/themes/theme14/bg.gif"
                },
                "in_reply_to_screen_name": null,
                "retweet_count": 47,
                "text": "It's not just pollsters who missed Trump upset. Ad agencies are questioning whether they still get Middle America https://t.co/KDronAZl4R",
                "place": null,
                "created_at": "Sun Nov 27 18:14:06 +0000 2016",
                "is_quote_status": false,
                "source": "<a href=\"http://www.socialflow.com\" rel=\"nofollow\">SocialFlow</a>",
                "entities": {
                    "urls": [
                        {
                            "expanded_url": "http://on.wsj.com/2gtZtUY",
                            "display_url": "on.wsj.com/2gtZtUY",
                            "url": "https://t.co/KDronAZl4R",
                            "indices": [
                                114,
                                137
                            ]
                        }
                    ],
                    "symbols": [],
                    "user_mentions": [],
                    "hashtags": []
                },
                "favorite_count": 49,
                "geo": null,
                "in_reply_to_status_id": null,
                "contributors": null,
                "truncated": false,
                "id_str": "802938566879756288",
                "retweeted": false,
                "coordinates": null,
                "id": 802938566879756288,
                "in_reply_to_status_id_str": null,
                "in_reply_to_user_id_str": null
            },
            "source": "<a href=\"https://about.twitter.com/products/tweetdeck\" rel=\"nofollow\">TweetDeck</a>",
            "entities": {
                "urls": [],
                "symbols": [],
                "user_mentions": [
                    {
                        "screen_name": "wsjCMO",
                        "id": 28163914,
                        "id_str": "28163914",
                        "name": "CMO Today",
                        "indices": [
                            3,
                            10
                        ]
                    }
                ],
                "hashtags": []
            },
            "favorite_count": 0,
            "geo": null,
            "in_reply_to_status_id": null,
            "contributors": null,
            "truncated": false,
            "id_str": "802940276339773444",
            "retweeted": false,
            "coordinates": null,
            "id": 802940276339773444,
            "in_reply_to_status_id_str": null,
            "in_reply_to_user_id_str": null
        },
        {
            "in_reply_to_user_id": null,
            "favorited": false,
            "lang": "en",
            "metadata": {
                "iso_language_code": "en",
                "result_type": "recent"
            },
            "possibly_sensitive": false,
            "user": {
                "profile_banner_url": "https://pbs.twimg.com/profile_banners/3108351/1462483236",
                "default_profile_image": false,
                "lang": "en",
                "is_translator": false,
                "geo_enabled": true,
                "notifications": false,
                "profile_image_url": "http://pbs.twimg.com/profile_images/685113343204585473/jV72Zljq_normal.jpg",
                "description": "Breaking news and features from the WSJ.",
                "friends_count": 1075,
                "verified": true,
                "created_at": "Sun Apr 01 06:22:13 +0000 2007",
                "is_translation_enabled": true,
                "url": "https://t.co/GhhR6PLfem",
                "profile_background_image_url": "http://pbs.twimg.com/profile_background_images/378800000026078008/c07ad7d60f01c3a836dd701fc3f71233.jpeg",
                "contributors_enabled": false,
                "profile_link_color": "1164B8",
                "profile_background_color": "EDF2F5",
                "listed_count": 102421,
                "profile_text_color": "333333",
                "time_zone": "Eastern Time (US & Canada)",
                "default_profile": false,
                "entities": {
                    "description": {
                        "urls": []
                    },
                    "url": {
                        "urls": [
                            {
                                "expanded_url": "http://wsj.com",
                                "display_url": "wsj.com",
                                "url": "https://t.co/GhhR6PLfem",
                                "indices": [
                                    0,
                                    23
                                ]
                            }
                        ]
                    }
                },
                "profile_background_tile": false,
                "profile_image_url_https": "https://pbs.twimg.com/profile_images/685113343204585473/jV72Zljq_normal.jpg",
                "profile_sidebar_border_color": "FFFFFF",
                "following": true,
                "utc_offset": -18000,
                "follow_request_sent": false,
                "followers_count": 12296517,
                "id_str": "3108351",
                "profile_use_background_image": false,
                "protected": false,
                "statuses_count": 180070,
                "profile_sidebar_fill_color": "EFEFEF",
                "name": "Wall Street Journal",
                "translator_type": "regular",
                "screen_name": "WSJ",
                "id": 3108351,
                "has_extended_profile": false,
                "favourites_count": 1299,
                "location": "New York, NY",
                "profile_background_image_url_https": "https://pbs.twimg.com/profile_background_images/378800000026078008/c07ad7d60f01c3a836dd701fc3f71233.jpeg"
            },
            "in_reply_to_screen_name": null,
            "retweet_count": 49,
            "text": "Companies retool lobbying as Donald Trump administration nears https://t.co/G4bQuVCMln",
            "place": null,
            "created_at": "Sun Nov 27 18:08:56 +0000 2016",
            "is_quote_status": false,
            "source": "<a href=\"http://www.socialflow.com\" rel=\"nofollow\">SocialFlow</a>",
            "entities": {
                "urls": [
                    {
                        "expanded_url": "http://on.wsj.com/2fTfh2B",
                        "display_url": "on.wsj.com/2fTfh2B",
                        "url": "https://t.co/G4bQuVCMln",
                        "indices": [
                            63,
                            86
                        ]
                    }
                ],
                "symbols": [],
                "user_mentions": [],
                "hashtags": []
            },
            "favorite_count": 39,
            "geo": null,
            "in_reply_to_status_id": null,
            "contributors": null,
            "truncated": false,
            "id_str": "802937263432892416",
            "retweeted": false,
            "coordinates": null,
            "id": 802937263432892416,
            "in_reply_to_status_id_str": null,
            "in_reply_to_user_id_str": null
        },
        {
            "in_reply_to_user_id": null,
            "favorited": false,
            "lang": "en",
            "metadata": {
                "iso_language_code": "en",
                "result_type": "recent"
            },
            "possibly_sensitive": false,
            "user": {
                "profile_banner_url": "https://pbs.twimg.com/profile_banners/3108351/1462483236",
                "default_profile_image": false,
                "lang": "en",
                "is_translator": false,
                "geo_enabled": true,
                "notifications": false,
                "profile_image_url": "http://pbs.twimg.com/profile_images/685113343204585473/jV72Zljq_normal.jpg",
                "description": "Breaking news and features from the WSJ.",
                "friends_count": 1075,
                "verified": true,
                "created_at": "Sun Apr 01 06:22:13 +0000 2007",
                "is_translation_enabled": true,
                "url": "https://t.co/GhhR6PLfem",
                "profile_background_image_url": "http://pbs.twimg.com/profile_background_images/378800000026078008/c07ad7d60f01c3a836dd701fc3f71233.jpeg",
                "contributors_enabled": false,
                "profile_link_color": "1164B8",
                "profile_background_color": "EDF2F5",
                "listed_count": 102421,
                "profile_text_color": "333333",
                "time_zone": "Eastern Time (US & Canada)",
                "default_profile": false,
                "entities": {
                    "description": {
                        "urls": []
                    },
                    "url": {
                        "urls": [
                            {
                                "expanded_url": "http://wsj.com",
                                "display_url": "wsj.com",
                                "url": "https://t.co/GhhR6PLfem",
                                "indices": [
                                    0,
                                    23
                                ]
                            }
                        ]
                    }
                },
                "profile_background_tile": false,
                "profile_image_url_https": "https://pbs.twimg.com/profile_images/685113343204585473/jV72Zljq_normal.jpg",
                "profile_sidebar_border_color": "FFFFFF",
                "following": true,
                "utc_offset": -18000,
                "follow_request_sent": false,
                "followers_count": 12296517,
                "id_str": "3108351",
                "profile_use_background_image": false,
                "protected": false,
                "statuses_count": 180070,
                "profile_sidebar_fill_color": "EFEFEF",
                "name": "Wall Street Journal",
                "translator_type": "regular",
                "screen_name": "WSJ",
                "id": 3108351,
                "has_extended_profile": false,
                "favourites_count": 1299,
                "location": "New York, NY",
                "profile_background_image_url_https": "https://pbs.twimg.com/profile_background_images/378800000026078008/c07ad7d60f01c3a836dd701fc3f71233.jpeg"
            },
            "in_reply_to_screen_name": null,
            "retweet_count": 132,
            "text": "Donald Trump\u2019s election win has schoolteachers reworking lesson plans, with some taking a more radical approach https://t.co/FJv2UX3Lep",
            "place": null,
            "created_at": "Sun Nov 27 17:47:02 +0000 2016",
            "is_quote_status": false,
            "source": "<a href=\"http://www.socialflow.com\" rel=\"nofollow\">SocialFlow</a>",
            "entities": {
                "urls": [
                    {
                        "expanded_url": "http://on.wsj.com/2gvc8JG",
                        "display_url": "on.wsj.com/2gvc8JG",
                        "url": "https://t.co/FJv2UX3Lep",
                        "indices": [
                            112,
                            135
                        ]
                    }
                ],
                "symbols": [],
                "user_mentions": [],
                "hashtags": []
            },
            "favorite_count": 156,
            "geo": null,
            "in_reply_to_status_id": null,
            "contributors": null,
            "truncated": false,
            "id_str": "802931754583592961",
            "retweeted": false,
            "coordinates": null,
            "id": 802931754583592961,
            "in_reply_to_status_id_str": null,
            "in_reply_to_user_id_str": null
        },
        {
            "in_reply_to_user_id": null,
            "favorited": false,
            "lang": "en",
            "metadata": {
                "iso_language_code": "en",
                "result_type": "recent"
            },
            "possibly_sensitive": false,
            "user": {
                "profile_banner_url": "https://pbs.twimg.com/profile_banners/3108351/1462483236",
                "default_profile_image": false,
                "lang": "en",
                "is_translator": false,
                "geo_enabled": true,
                "notifications": false,
                "profile_image_url": "http://pbs.twimg.com/profile_images/685113343204585473/jV72Zljq_normal.jpg",
                "description": "Breaking news and features from the WSJ.",
                "friends_count": 1075,
                "verified": true,
                "created_at": "Sun Apr 01 06:22:13 +0000 2007",
                "is_translation_enabled": true,
                "url": "https://t.co/GhhR6PLfem",
                "profile_background_image_url": "http://pbs.twimg.com/profile_background_images/378800000026078008/c07ad7d60f01c3a836dd701fc3f71233.jpeg",
                "contributors_enabled": false,
                "profile_link_color": "1164B8",
                "profile_background_color": "EDF2F5",
                "listed_count": 102421,
                "profile_text_color": "333333",
                "time_zone": "Eastern Time (US & Canada)",
                "default_profile": false,
                "entities": {
                    "description": {
                        "urls": []
                    },
                    "url": {
                        "urls": [
                            {
                                "expanded_url": "http://wsj.com",
                                "display_url": "wsj.com",
                                "url": "https://t.co/GhhR6PLfem",
                                "indices": [
                                    0,
                                    23
                                ]
                            }
                        ]
                    }
                },
                "profile_background_tile": false,
                "profile_image_url_https": "https://pbs.twimg.com/profile_images/685113343204585473/jV72Zljq_normal.jpg",
                "profile_sidebar_border_color": "FFFFFF",
                "following": true,
                "utc_offset": -18000,
                "follow_request_sent": false,
                "followers_count": 12296517,
                "id_str": "3108351",
                "profile_use_background_image": false,
                "protected": false,
                "statuses_count": 180070,
                "profile_sidebar_fill_color": "EFEFEF",
                "name": "Wall Street Journal",
                "translator_type": "regular",
                "screen_name": "WSJ",
                "id": 3108351,
                "has_extended_profile": false,
                "favourites_count": 1299,
                "location": "New York, NY",
                "profile_background_image_url_https": "https://pbs.twimg.com/profile_background_images/378800000026078008/c07ad7d60f01c3a836dd701fc3f71233.jpeg"
            },
            "in_reply_to_screen_name": null,
            "retweet_count": 69,
            "text": "RT @WSJecon: Francis Fukuyama says Donald Trump could signal a shift from the postwar world order https://t.co/62EojkiSDX",
            "place": null,
            "created_at": "Sun Nov 27 17:21:31 +0000 2016",
            "is_quote_status": false,
            "retweeted_status": {
                "in_reply_to_user_id": null,
                "favorited": false,
                "lang": "en",
                "metadata": {
                    "iso_language_code": "en",
                    "result_type": "recent"
                },
                "possibly_sensitive": false,
                "user": {
                    "profile_banner_url": "https://pbs.twimg.com/profile_banners/16334857/1401202224",
                    "default_profile_image": false,
                    "lang": "en",
                    "is_translator": false,
                    "geo_enabled": false,
                    "notifications": false,
                    "profile_image_url": "http://pbs.twimg.com/profile_images/471768014996508672/BkounB4O_normal.jpeg",
                    "description": "Economic insight and analysis from The Wall Street Journal. Tweets by @BeckyBowers and @SarahPortlock.",
                    "friends_count": 89,
                    "verified": true,
                    "created_at": "Wed Sep 17 19:15:14 +0000 2008",
                    "is_translation_enabled": false,
                    "url": "http://t.co/YsVFhu9IQ6",
                    "profile_background_image_url": "http://abs.twimg.com/images/themes/theme14/bg.gif",
                    "contributors_enabled": false,
                    "profile_link_color": "009999",
                    "profile_background_color": "131516",
                    "listed_count": 12519,
                    "profile_text_color": "333333",
                    "time_zone": "Eastern Time (US & Canada)",
                    "default_profile": false,
                    "entities": {
                        "description": {
                            "urls": []
                        },
                        "url": {
                            "urls": [
                                {
                                    "expanded_url": "http://www.wsj.com/economics/",
                                    "display_url": "wsj.com/economics/",
                                    "url": "http://t.co/YsVFhu9IQ6",
                                    "indices": [
                                        0,
                                        22
                                    ]
                                }
                            ]
                        }
                    },
                    "profile_background_tile": true,
                    "profile_image_url_https": "https://pbs.twimg.com/profile_images/471768014996508672/BkounB4O_normal.jpeg",
                    "profile_sidebar_border_color": "EEEEEE",
                    "following": true,
                    "utc_offset": -18000,
                    "follow_request_sent": false,
                    "followers_count": 770528,
                    "id_str": "16334857",
                    "profile_use_background_image": true,
                    "protected": false,
                    "statuses_count": 37621,
                    "profile_sidebar_fill_color": "EFEFEF",
                    "name": "Real Time Economics",
                    "translator_type": "none",
                    "screen_name": "WSJecon",
                    "id": 16334857,
                    "has_extended_profile": false,
                    "favourites_count": 15,
                    "location": "Washington, D.C.",
                    "profile_background_image_url_https": "https://abs.twimg.com/images/themes/theme14/bg.gif"
                },
                "in_reply_to_screen_name": null,
                "retweet_count": 69,
                "text": "Francis Fukuyama says Donald Trump could signal a shift from the postwar world order https://t.co/62EojkiSDX",
                "place": null,
                "created_at": "Sun Nov 27 17:16:42 +0000 2016",
                "is_quote_status": false,
                "source": "<a href=\"http://www.socialflow.com\" rel=\"nofollow\">SocialFlow</a>",
                "entities": {
                    "urls": [
                        {
                            "expanded_url": "http://on.wsj.com/2guR0Do",
                            "display_url": "on.wsj.com/2guR0Do",
                            "url": "https://t.co/62EojkiSDX",
                            "indices": [
                                85,
                                108
                            ]
                        }
                    ],
                    "symbols": [],
                    "user_mentions": [],
                    "hashtags": []
                },
                "favorite_count": 54,
                "geo": null,
                "in_reply_to_status_id": null,
                "contributors": null,
                "truncated": false,
                "id_str": "802924121332088833",
                "retweeted": false,
                "coordinates": null,
                "id": 802924121332088833,
                "in_reply_to_status_id_str": null,
                "in_reply_to_user_id_str": null
            },
            "source": "<a href=\"https://about.twitter.com/products/tweetdeck\" rel=\"nofollow\">TweetDeck</a>",
            "entities": {
                "urls": [
                    {
                        "expanded_url": "http://on.wsj.com/2guR0Do",
                        "display_url": "on.wsj.com/2guR0Do",
                        "url": "https://t.co/62EojkiSDX",
                        "indices": [
                            98,
                            121
                        ]
                    }
                ],
                "symbols": [],
                "user_mentions": [
                    {
                        "screen_name": "WSJecon",
                        "id": 16334857,
                        "id_str": "16334857",
                        "name": "Real Time Economics",
                        "indices": [
                            3,
                            11
                        ]
                    }
                ],
                "hashtags": []
            },
            "favorite_count": 0,
            "geo": null,
            "in_reply_to_status_id": null,
            "contributors": null,
            "truncated": false,
            "id_str": "802925334240907264",
            "retweeted": false,
            "coordinates": null,
            "id": 802925334240907264,
            "in_reply_to_status_id_str": null,
            "in_reply_to_user_id_str": null
        },
        {
            "in_reply_to_user_id": null,
            "favorited": false,
            "lang": "en",
            "metadata": {
                "iso_language_code": "en",
                "result_type": "recent"
            },
            "possibly_sensitive": false,
            "user": {
                "profile_banner_url": "https://pbs.twimg.com/profile_banners/3108351/1462483236",
                "default_profile_image": false,
                "lang": "en",
                "is_translator": false,
                "geo_enabled": true,
                "notifications": false,
                "profile_image_url": "http://pbs.twimg.com/profile_images/685113343204585473/jV72Zljq_normal.jpg",
                "description": "Breaking news and features from the WSJ.",
                "friends_count": 1075,
                "verified": true,
                "created_at": "Sun Apr 01 06:22:13 +0000 2007",
                "is_translation_enabled": true,
                "url": "https://t.co/GhhR6PLfem",
                "profile_background_image_url": "http://pbs.twimg.com/profile_background_images/378800000026078008/c07ad7d60f01c3a836dd701fc3f71233.jpeg",
                "contributors_enabled": false,
                "profile_link_color": "1164B8",
                "profile_background_color": "EDF2F5",
                "listed_count": 102421,
                "profile_text_color": "333333",
                "time_zone": "Eastern Time (US & Canada)",
                "default_profile": false,
                "entities": {
                    "description": {
                        "urls": []
                    },
                    "url": {
                        "urls": [
                            {
                                "expanded_url": "http://wsj.com",
                                "display_url": "wsj.com",
                                "url": "https://t.co/GhhR6PLfem",
                                "indices": [
                                    0,
                                    23
                                ]
                            }
                        ]
                    }
                },
                "profile_background_tile": false,
                "profile_image_url_https": "https://pbs.twimg.com/profile_images/685113343204585473/jV72Zljq_normal.jpg",
                "profile_sidebar_border_color": "FFFFFF",
                "following": true,
                "utc_offset": -18000,
                "follow_request_sent": false,
                "followers_count": 12296517,
                "id_str": "3108351",
                "profile_use_background_image": false,
                "protected": false,
                "statuses_count": 180070,
                "profile_sidebar_fill_color": "EFEFEF",
                "name": "Wall Street Journal",
                "translator_type": "regular",
                "screen_name": "WSJ",
                "id": 3108351,
                "has_extended_profile": false,
                "favourites_count": 1299,
                "location": "New York, NY",
                "profile_background_image_url_https": "https://pbs.twimg.com/profile_background_images/378800000026078008/c07ad7d60f01c3a836dd701fc3f71233.jpeg"
            },
            "in_reply_to_screen_name": null,
            "retweet_count": 74,
            "text": "Top Donald Trump adviser Kellyanne Conway steps up attack on Mitt Romney https://t.co/OD3Xzxt5DQ https://t.co/6L6JA5Dipa",
            "place": null,
            "created_at": "Sun Nov 27 17:14:54 +0000 2016",
            "is_quote_status": false,
            "source": "<a href=\"http://www.socialflow.com\" rel=\"nofollow\">SocialFlow</a>",
            "entities": {
                "urls": [
                    {
                        "expanded_url": "http://on.wsj.com/2gzkY6K",
                        "display_url": "on.wsj.com/2gzkY6K",
                        "url": "https://t.co/OD3Xzxt5DQ",
                        "indices": [
                            73,
                            96
                        ]
                    }
                ],
                "symbols": [],
                "media": [
                    {
                        "media_url": "http://pbs.twimg.com/media/CySO0YJXUAAoxKz.jpg",
                        "expanded_url": "https://twitter.com/WSJ/status/802923667919347712/photo/1",
                        "display_url": "pic.twitter.com/6L6JA5Dipa",
                        "url": "https://t.co/6L6JA5Dipa",
                        "media_url_https": "https://pbs.twimg.com/media/CySO0YJXUAAoxKz.jpg",
                        "sizes": {
                            "thumb": {
                                "w": 150,
                                "h": 150,
                                "resize": "crop"
                            },
                            "medium": {
                                "w": 1200,
                                "h": 674,
                                "resize": "fit"
                            },
                            "large": {
                                "w": 1200,
                                "h": 674,
                                "resize": "fit"
                            },
                            "small": {
                                "w": 680,
                                "h": 382,
                                "resize": "fit"
                            }
                        },
                        "id": 802923664064860160,
                        "type": "photo",
                        "id_str": "802923664064860160",
                        "indices": [
                            97,
                            120
                        ]
                    }
                ],
                "user_mentions": [],
                "hashtags": []
            },
            "favorite_count": 82,
            "geo": null,
            "in_reply_to_status_id": null,
            "contributors": null,
            "truncated": false,
            "id_str": "802923667919347712",
            "retweeted": false,
            "coordinates": null,
            "id": 802923667919347712,
            "extended_entities": {
                "media": [
                    {
                        "media_url": "http://pbs.twimg.com/media/CySO0YJXUAAoxKz.jpg",
                        "expanded_url": "https://twitter.com/WSJ/status/802923667919347712/photo/1",
                        "display_url": "pic.twitter.com/6L6JA5Dipa",
                        "url": "https://t.co/6L6JA5Dipa",
                        "media_url_https": "https://pbs.twimg.com/media/CySO0YJXUAAoxKz.jpg",
                        "sizes": {
                            "thumb": {
                                "w": 150,
                                "h": 150,
                                "resize": "crop"
                            },
                            "medium": {
                                "w": 1200,
                                "h": 674,
                                "resize": "fit"
                            },
                            "large": {
                                "w": 1200,
                                "h": 674,
                                "resize": "fit"
                            },
                            "small": {
                                "w": 680,
                                "h": 382,
                                "resize": "fit"
                            }
                        },
                        "id": 802923664064860160,
                        "type": "photo",
                        "id_str": "802923664064860160",
                        "indices": [
                            97,
                            120
                        ]
                    }
                ]
            },
            "in_reply_to_status_id_str": null,
            "in_reply_to_user_id_str": null
        },
        {
            "in_reply_to_user_id": null,
            "favorited": false,
            "lang": "en",
            "metadata": {
                "iso_language_code": "en",
                "result_type": "recent"
            },
            "possibly_sensitive": false,
            "user": {
                "profile_banner_url": "https://pbs.twimg.com/profile_banners/3108351/1462483236",
                "default_profile_image": false,
                "lang": "en",
                "is_translator": false,
                "geo_enabled": true,
                "notifications": false,
                "profile_image_url": "http://pbs.twimg.com/profile_images/685113343204585473/jV72Zljq_normal.jpg",
                "description": "Breaking news and features from the WSJ.",
                "friends_count": 1075,
                "verified": true,
                "created_at": "Sun Apr 01 06:22:13 +0000 2007",
                "is_translation_enabled": true,
                "url": "https://t.co/GhhR6PLfem",
                "profile_background_image_url": "http://pbs.twimg.com/profile_background_images/378800000026078008/c07ad7d60f01c3a836dd701fc3f71233.jpeg",
                "contributors_enabled": false,
                "profile_link_color": "1164B8",
                "profile_background_color": "EDF2F5",
                "listed_count": 102421,
                "profile_text_color": "333333",
                "time_zone": "Eastern Time (US & Canada)",
                "default_profile": false,
                "entities": {
                    "description": {
                        "urls": []
                    },
                    "url": {
                        "urls": [
                            {
                                "expanded_url": "http://wsj.com",
                                "display_url": "wsj.com",
                                "url": "https://t.co/GhhR6PLfem",
                                "indices": [
                                    0,
                                    23
                                ]
                            }
                        ]
                    }
                },
                "profile_background_tile": false,
                "profile_image_url_https": "https://pbs.twimg.com/profile_images/685113343204585473/jV72Zljq_normal.jpg",
                "profile_sidebar_border_color": "FFFFFF",
                "following": true,
                "utc_offset": -18000,
                "follow_request_sent": false,
                "followers_count": 12296517,
                "id_str": "3108351",
                "profile_use_background_image": false,
                "protected": false,
                "statuses_count": 180070,
                "profile_sidebar_fill_color": "EFEFEF",
                "name": "Wall Street Journal",
                "translator_type": "regular",
                "screen_name": "WSJ",
                "id": 3108351,
                "has_extended_profile": false,
                "favourites_count": 1299,
                "location": "New York, NY",
                "profile_background_image_url_https": "https://pbs.twimg.com/profile_background_images/378800000026078008/c07ad7d60f01c3a836dd701fc3f71233.jpeg"
            },
            "in_reply_to_screen_name": null,
            "retweet_count": 31,
            "text": "RT @WSJPolitics: Trump\u2019s rise has advertisers rethinking the way they collect data and recruit staff https://t.co/Pd5MuvoRg9",
            "place": null,
            "created_at": "Sun Nov 27 16:09:26 +0000 2016",
            "is_quote_status": false,
            "retweeted_status": {
                "in_reply_to_user_id": null,
                "favorited": false,
                "lang": "en",
                "metadata": {
                    "iso_language_code": "en",
                    "result_type": "recent"
                },
                "possibly_sensitive": false,
                "user": {
                    "profile_banner_url": "https://pbs.twimg.com/profile_banners/16311797/1398703542",
                    "default_profile_image": false,
                    "lang": "en",
                    "is_translator": false,
                    "geo_enabled": true,
                    "notifications": false,
                    "profile_image_url": "http://pbs.twimg.com/profile_images/460821519455633409/KU517dSk_normal.jpeg",
                    "description": "The Wall Street Journal\u2019s home for politics, policy and national security news. SIGN UP: Capital Journal Daybreak, to your inbox http://t.co/uZUT8GIFk6",
                    "friends_count": 240,
                    "verified": true,
                    "created_at": "Tue Sep 16 15:19:44 +0000 2008",
                    "is_translation_enabled": false,
                    "url": "http://t.co/ne9s9IHTD7",
                    "profile_background_image_url": "http://abs.twimg.com/images/themes/theme14/bg.gif",
                    "contributors_enabled": false,
                    "profile_link_color": "009999",
                    "profile_background_color": "131516",
                    "listed_count": 3659,
                    "profile_text_color": "333333",
                    "time_zone": "Eastern Time (US & Canada)",
                    "default_profile": false,
                    "entities": {
                        "description": {
                            "urls": [
                                {
                                    "expanded_url": "http://on.wsj.com/CapitalJournalSignup",
                                    "display_url": "on.wsj.com/CapitalJournal\u2026",
                                    "url": "http://t.co/uZUT8GIFk6",
                                    "indices": [
                                        129,
                                        151
                                    ]
                                }
                            ]
                        },
                        "url": {
                            "urls": [
                                {
                                    "expanded_url": "http://wsj.com/capitaljournal",
                                    "display_url": "wsj.com/capitaljournal",
                                    "url": "http://t.co/ne9s9IHTD7",
                                    "indices": [
                                        0,
                                        22
                                    ]
                                }
                            ]
                        }
                    },
                    "profile_background_tile": true,
                    "profile_image_url_https": "https://pbs.twimg.com/profile_images/460821519455633409/KU517dSk_normal.jpeg",
                    "profile_sidebar_border_color": "EEEEEE",
                    "following": false,
                    "utc_offset": -18000,
                    "follow_request_sent": false,
                    "followers_count": 103304,
                    "id_str": "16311797",
                    "profile_use_background_image": true,
                    "protected": false,
                    "statuses_count": 78056,
                    "profile_sidebar_fill_color": "EFEFEF",
                    "name": "Capital Journal",
                    "translator_type": "none",
                    "screen_name": "WSJPolitics",
                    "id": 16311797,
                    "has_extended_profile": false,
                    "favourites_count": 839,
                    "location": "Washington, D.C.",
                    "profile_background_image_url_https": "https://abs.twimg.com/images/themes/theme14/bg.gif"
                },
                "in_reply_to_screen_name": null,
                "retweet_count": 31,
                "text": "Trump\u2019s rise has advertisers rethinking the way they collect data and recruit staff https://t.co/Pd5MuvoRg9",
                "place": null,
                "created_at": "Sun Nov 27 15:14:03 +0000 2016",
                "is_quote_status": false,
                "source": "<a href=\"http://www.socialflow.com\" rel=\"nofollow\">SocialFlow</a>",
                "entities": {
                    "urls": [
                        {
                            "expanded_url": "http://on.wsj.com/2gyT91l",
                            "display_url": "on.wsj.com/2gyT91l",
                            "url": "https://t.co/Pd5MuvoRg9",
                            "indices": [
                                84,
                                107
                            ]
                        }
                    ],
                    "symbols": [],
                    "user_mentions": [],
                    "hashtags": []
                },
                "favorite_count": 44,
                "geo": null,
                "in_reply_to_status_id": null,
                "contributors": null,
                "truncated": false,
                "id_str": "802893254807134208",
                "retweeted": false,
                "coordinates": null,
                "id": 802893254807134208,
                "in_reply_to_status_id_str": null,
                "in_reply_to_user_id_str": null
            },
            "source": "<a href=\"https://about.twitter.com/products/tweetdeck\" rel=\"nofollow\">TweetDeck</a>",
            "entities": {
                "urls": [
                    {
                        "expanded_url": "http://on.wsj.com/2gyT91l",
                        "display_url": "on.wsj.com/2gyT91l",
                        "url": "https://t.co/Pd5MuvoRg9",
                        "indices": [
                            101,
                            124
                        ]
                    }
                ],
                "symbols": [],
                "user_mentions": [
                    {
                        "screen_name": "WSJPolitics",
                        "id": 16311797,
                        "id_str": "16311797",
                        "name": "Capital Journal",
                        "indices": [
                            3,
                            15
                        ]
                    }
                ],
                "hashtags": []
            },
            "favorite_count": 0,
            "geo": null,
            "in_reply_to_status_id": null,
            "contributors": null,
            "truncated": false,
            "id_str": "802907193557258241",
            "retweeted": false,
            "coordinates": null,
            "id": 802907193557258241,
            "in_reply_to_status_id_str": null,
            "in_reply_to_user_id_str": null
        },
        {
            "in_reply_to_user_id": null,
            "favorited": false,
            "lang": "en",
            "metadata": {
                "iso_language_code": "en",
                "result_type": "recent"
            },
            "possibly_sensitive": false,
            "user": {
                "profile_banner_url": "https://pbs.twimg.com/profile_banners/3108351/1462483236",
                "default_profile_image": false,
                "lang": "en",
                "is_translator": false,
                "geo_enabled": true,
                "notifications": false,
                "profile_image_url": "http://pbs.twimg.com/profile_images/685113343204585473/jV72Zljq_normal.jpg",
                "description": "Breaking news and features from the WSJ.",
                "friends_count": 1075,
                "verified": true,
                "created_at": "Sun Apr 01 06:22:13 +0000 2007",
                "is_translation_enabled": true,
                "url": "https://t.co/GhhR6PLfem",
                "profile_background_image_url": "http://pbs.twimg.com/profile_background_images/378800000026078008/c07ad7d60f01c3a836dd701fc3f71233.jpeg",
                "contributors_enabled": false,
                "profile_link_color": "1164B8",
                "profile_background_color": "EDF2F5",
                "listed_count": 102421,
                "profile_text_color": "333333",
                "time_zone": "Eastern Time (US & Canada)",
                "default_profile": false,
                "entities": {
                    "description": {
                        "urls": []
                    },
                    "url": {
                        "urls": [
                            {
                                "expanded_url": "http://wsj.com",
                                "display_url": "wsj.com",
                                "url": "https://t.co/GhhR6PLfem",
                                "indices": [
                                    0,
                                    23
                                ]
                            }
                        ]
                    }
                },
                "profile_background_tile": false,
                "profile_image_url_https": "https://pbs.twimg.com/profile_images/685113343204585473/jV72Zljq_normal.jpg",
                "profile_sidebar_border_color": "FFFFFF",
                "following": true,
                "utc_offset": -18000,
                "follow_request_sent": false,
                "followers_count": 12296517,
                "id_str": "3108351",
                "profile_use_background_image": false,
                "protected": false,
                "statuses_count": 180070,
                "profile_sidebar_fill_color": "EFEFEF",
                "name": "Wall Street Journal",
                "translator_type": "regular",
                "screen_name": "WSJ",
                "id": 3108351,
                "has_extended_profile": false,
                "favourites_count": 1299,
                "location": "New York, NY",
                "profile_background_image_url_https": "https://pbs.twimg.com/profile_background_images/378800000026078008/c07ad7d60f01c3a836dd701fc3f71233.jpeg"
            },
            "in_reply_to_screen_name": null,
            "retweet_count": 323,
            "text": "Trump must stop running his business so he can deal on the country\u2019s behalf, writes @peggynoonannyc for @WSJOpinion https://t.co/HnUWZDxyw2",
            "place": null,
            "created_at": "Sun Nov 27 14:42:35 +0000 2016",
            "is_quote_status": false,
            "source": "<a href=\"http://www.socialflow.com\" rel=\"nofollow\">SocialFlow</a>",
            "entities": {
                "urls": [
                    {
                        "expanded_url": "http://on.wsj.com/2gsRPcb",
                        "display_url": "on.wsj.com/2gsRPcb",
                        "url": "https://t.co/HnUWZDxyw2",
                        "indices": [
                            116,
                            139
                        ]
                    }
                ],
                "symbols": [],
                "user_mentions": [
                    {
                        "screen_name": "Peggynoonannyc",
                        "id": 35474809,
                        "id_str": "35474809",
                        "name": "Peggy Noonan",
                        "indices": [
                            84,
                            99
                        ]
                    },
                    {
                        "screen_name": "WSJopinion",
                        "id": 7228682,
                        "id_str": "7228682",
                        "name": "WSJ Editorial Page",
                        "indices": [
                            104,
                            115
                        ]
                    }
                ],
                "hashtags": []
            },
            "favorite_count": 422,
            "geo": null,
            "in_reply_to_status_id": null,
            "contributors": null,
            "truncated": false,
            "id_str": "802885337441648640",
            "retweeted": false,
            "coordinates": null,
            "id": 802885337441648640,
            "in_reply_to_status_id_str": null,
            "in_reply_to_user_id_str": null
        },
        {
            "in_reply_to_user_id": null,
            "favorited": false,
            "lang": "en",
            "metadata": {
                "iso_language_code": "en",
                "result_type": "recent"
            },
            "possibly_sensitive": false,
            "user": {
                "profile_banner_url": "https://pbs.twimg.com/profile_banners/3108351/1462483236",
                "default_profile_image": false,
                "lang": "en",
                "is_translator": false,
                "geo_enabled": true,
                "notifications": false,
                "profile_image_url": "http://pbs.twimg.com/profile_images/685113343204585473/jV72Zljq_normal.jpg",
                "description": "Breaking news and features from the WSJ.",
                "friends_count": 1075,
                "verified": true,
                "created_at": "Sun Apr 01 06:22:13 +0000 2007",
                "is_translation_enabled": true,
                "url": "https://t.co/GhhR6PLfem",
                "profile_background_image_url": "http://pbs.twimg.com/profile_background_images/378800000026078008/c07ad7d60f01c3a836dd701fc3f71233.jpeg",
                "contributors_enabled": false,
                "profile_link_color": "1164B8",
                "profile_background_color": "EDF2F5",
                "listed_count": 102421,
                "profile_text_color": "333333",
                "time_zone": "Eastern Time (US & Canada)",
                "default_profile": false,
                "entities": {
                    "description": {
                        "urls": []
                    },
                    "url": {
                        "urls": [
                            {
                                "expanded_url": "http://wsj.com",
                                "display_url": "wsj.com",
                                "url": "https://t.co/GhhR6PLfem",
                                "indices": [
                                    0,
                                    23
                                ]
                            }
                        ]
                    }
                },
                "profile_background_tile": false,
                "profile_image_url_https": "https://pbs.twimg.com/profile_images/685113343204585473/jV72Zljq_normal.jpg",
                "profile_sidebar_border_color": "FFFFFF",
                "following": true,
                "utc_offset": -18000,
                "follow_request_sent": false,
                "followers_count": 12296517,
                "id_str": "3108351",
                "profile_use_background_image": false,
                "protected": false,
                "statuses_count": 180070,
                "profile_sidebar_fill_color": "EFEFEF",
                "name": "Wall Street Journal",
                "translator_type": "regular",
                "screen_name": "WSJ",
                "id": 3108351,
                "has_extended_profile": false,
                "favourites_count": 1299,
                "location": "New York, NY",
                "profile_background_image_url_https": "https://pbs.twimg.com/profile_background_images/378800000026078008/c07ad7d60f01c3a836dd701fc3f71233.jpeg"
            },
            "in_reply_to_screen_name": null,
            "retweet_count": 76,
            "text": "Donald Trump\u2019s election win has schoolteachers reworking lesson plans  https://t.co/9eykxmG1CL",
            "place": null,
            "created_at": "Sun Nov 27 14:08:04 +0000 2016",
            "is_quote_status": false,
            "source": "<a href=\"http://www.socialflow.com\" rel=\"nofollow\">SocialFlow</a>",
            "entities": {
                "urls": [
                    {
                        "expanded_url": "http://on.wsj.com/2gjNYz0",
                        "display_url": "on.wsj.com/2gjNYz0",
                        "url": "https://t.co/9eykxmG1CL",
                        "indices": [
                            71,
                            94
                        ]
                    }
                ],
                "symbols": [],
                "user_mentions": [],
                "hashtags": []
            },
            "favorite_count": 93,
            "geo": null,
            "in_reply_to_status_id": null,
            "contributors": null,
            "truncated": false,
            "id_str": "802876651067600897",
            "retweeted": false,
            "coordinates": null,
            "id": 802876651067600897,
            "in_reply_to_status_id_str": null,
            "in_reply_to_user_id_str": null
        },
        {
            "in_reply_to_user_id": null,
            "favorited": false,
            "lang": "en",
            "metadata": {
                "iso_language_code": "en",
                "result_type": "recent"
            },
            "possibly_sensitive": false,
            "user": {
                "profile_banner_url": "https://pbs.twimg.com/profile_banners/3108351/1462483236",
                "default_profile_image": false,
                "lang": "en",
                "is_translator": false,
                "geo_enabled": true,
                "notifications": false,
                "profile_image_url": "http://pbs.twimg.com/profile_images/685113343204585473/jV72Zljq_normal.jpg",
                "description": "Breaking news and features from the WSJ.",
                "friends_count": 1075,
                "verified": true,
                "created_at": "Sun Apr 01 06:22:13 +0000 2007",
                "is_translation_enabled": true,
                "url": "https://t.co/GhhR6PLfem",
                "profile_background_image_url": "http://pbs.twimg.com/profile_background_images/378800000026078008/c07ad7d60f01c3a836dd701fc3f71233.jpeg",
                "contributors_enabled": false,
                "profile_link_color": "1164B8",
                "profile_background_color": "EDF2F5",
                "listed_count": 102421,
                "profile_text_color": "333333",
                "time_zone": "Eastern Time (US & Canada)",
                "default_profile": false,
                "entities": {
                    "description": {
                        "urls": []
                    },
                    "url": {
                        "urls": [
                            {
                                "expanded_url": "http://wsj.com",
                                "display_url": "wsj.com",
                                "url": "https://t.co/GhhR6PLfem",
                                "indices": [
                                    0,
                                    23
                                ]
                            }
                        ]
                    }
                },
                "profile_background_tile": false,
                "profile_image_url_https": "https://pbs.twimg.com/profile_images/685113343204585473/jV72Zljq_normal.jpg",
                "profile_sidebar_border_color": "FFFFFF",
                "following": true,
                "utc_offset": -18000,
                "follow_request_sent": false,
                "followers_count": 12296517,
                "id_str": "3108351",
                "profile_use_background_image": false,
                "protected": false,
                "statuses_count": 180070,
                "profile_sidebar_fill_color": "EFEFEF",
                "name": "Wall Street Journal",
                "translator_type": "regular",
                "screen_name": "WSJ",
                "id": 3108351,
                "has_extended_profile": false,
                "favourites_count": 1299,
                "location": "New York, NY",
                "profile_background_image_url_https": "https://pbs.twimg.com/profile_background_images/378800000026078008/c07ad7d60f01c3a836dd701fc3f71233.jpeg"
            },
            "in_reply_to_screen_name": null,
            "retweet_count": 83,
            "text": "Germany braces for Trump\u2019s trade policies https://t.co/PtSfjBfESP",
            "place": null,
            "created_at": "Sun Nov 27 12:51:07 +0000 2016",
            "is_quote_status": false,
            "source": "<a href=\"http://www.socialflow.com\" rel=\"nofollow\">SocialFlow</a>",
            "entities": {
                "urls": [
                    {
                        "expanded_url": "http://on.wsj.com/2guONIa",
                        "display_url": "on.wsj.com/2guONIa",
                        "url": "https://t.co/PtSfjBfESP",
                        "indices": [
                            42,
                            65
                        ]
                    }
                ],
                "symbols": [],
                "user_mentions": [],
                "hashtags": []
            },
            "favorite_count": 60,
            "geo": null,
            "in_reply_to_status_id": null,
            "contributors": null,
            "truncated": false,
            "id_str": "802857284305035264",
            "retweeted": false,
            "coordinates": null,
            "id": 802857284305035264,
            "in_reply_to_status_id_str": null,
            "in_reply_to_user_id_str": null
        }
    ],
    "search_metadata": {
        "max_id_str": "803023603889557508",
        "since_id_str": "0",
        "since_id": 0,
        "refresh_url": "?since_id=803023603889557508&q=Trump%20from%3AWSJ%20since%3A2016-11-27%20until%3A2016-11-28%20filter%3Alinks%20-%40WSJ&include_entities=1",
        "max_id": 803023603889557508,
        "completed_in": 0.036,
        "count": 100,
        "query": "Trump+from%3AWSJ+since%3A2016-11-27+until%3A2016-11-28+filter%3Alinks+-%40WSJ"
    }
}