{
    "statuses": [
        {
            "is_quote_status": false,
            "in_reply_to_status_id_str": null,
            "favorited": false,
            "contributors": null,
            "retweet_count": 0,
            "entities": {
                "user_mentions": [],
                "hashtags": [],
                "symbols": [],
                "urls": [
                    {
                        "expanded_url": "http://on-ajc.com/2f8MxX2",
                        "url": "https://t.co/p5UA0SETxz",
                        "display_url": "on-ajc.com/2f8MxX2",
                        "indices": [
                            54,
                            77
                        ]
                    }
                ],
                "media": [
                    {
                        "type": "photo",
                        "indices": [
                            78,
                            101
                        ],
                        "media_url_https": "https://pbs.twimg.com/media/Cx_VHmrWQAEUnVP.jpg",
                        "expanded_url": "https://twitter.com/ajc/status/801593588639481861/photo/1",
                        "id_str": "801593585313398785",
                        "media_url": "http://pbs.twimg.com/media/Cx_VHmrWQAEUnVP.jpg",
                        "display_url": "pic.twitter.com/gGFzOUMtDM",
                        "id": 801593585313398785,
                        "url": "https://t.co/gGFzOUMtDM",
                        "sizes": {
                            "medium": {
                                "w": 1200,
                                "resize": "fit",
                                "h": 861
                            },
                            "small": {
                                "w": 680,
                                "resize": "fit",
                                "h": 488
                            },
                            "large": {
                                "w": 2048,
                                "resize": "fit",
                                "h": 1470
                            },
                            "thumb": {
                                "w": 150,
                                "resize": "crop",
                                "h": 150
                            }
                        }
                    }
                ]
            },
            "geo": null,
            "extended_entities": {
                "media": [
                    {
                        "type": "photo",
                        "indices": [
                            78,
                            101
                        ],
                        "media_url_https": "https://pbs.twimg.com/media/Cx_VHmrWQAEUnVP.jpg",
                        "expanded_url": "https://twitter.com/ajc/status/801593588639481861/photo/1",
                        "id_str": "801593585313398785",
                        "media_url": "http://pbs.twimg.com/media/Cx_VHmrWQAEUnVP.jpg",
                        "display_url": "pic.twitter.com/gGFzOUMtDM",
                        "id": 801593585313398785,
                        "url": "https://t.co/gGFzOUMtDM",
                        "sizes": {
                            "medium": {
                                "w": 1200,
                                "resize": "fit",
                                "h": 861
                            },
                            "small": {
                                "w": 680,
                                "resize": "fit",
                                "h": 488
                            },
                            "large": {
                                "w": 2048,
                                "resize": "fit",
                                "h": 1470
                            },
                            "thumb": {
                                "w": 150,
                                "resize": "crop",
                                "h": 150
                            }
                        }
                    }
                ]
            },
            "retweeted": false,
            "in_reply_to_status_id": null,
            "id_str": "801593588639481861",
            "user": {
                "profile_banner_url": "https://pbs.twimg.com/profile_banners/4170491/1425070056",
                "profile_sidebar_border_color": "FFFFFF",
                "favourites_count": 336,
                "following": false,
                "default_profile_image": false,
                "follow_request_sent": false,
                "profile_sidebar_fill_color": "F0F5ED",
                "id": 4170491,
                "translator_type": "regular",
                "has_extended_profile": false,
                "profile_image_url": "http://pbs.twimg.com/profile_images/667060822930145280/ZFty7bte_normal.jpg",
                "verified": true,
                "id_str": "4170491",
                "profile_background_image_url": "http://pbs.twimg.com/profile_background_images/378800000091127693/6d3a47ce57110dc1a703b0110831c19e.jpeg",
                "geo_enabled": true,
                "profile_link_color": "00539B",
                "protected": false,
                "profile_background_tile": false,
                "time_zone": "Eastern Time (US & Canada)",
                "listed_count": 4572,
                "location": "Atlanta, GA",
                "description": "Atlanta's best source for news.",
                "name": "AJC",
                "notifications": false,
                "utc_offset": -18000,
                "profile_background_color": "00539B",
                "screen_name": "ajc",
                "followers_count": 611823,
                "profile_use_background_image": false,
                "default_profile": false,
                "url": "http://t.co/EvK8XZMw4P",
                "entities": {
                    "description": {
                        "urls": []
                    },
                    "url": {
                        "urls": [
                            {
                                "expanded_url": "http://www.ajc.com",
                                "url": "http://t.co/EvK8XZMw4P",
                                "display_url": "ajc.com",
                                "indices": [
                                    0,
                                    22
                                ]
                            }
                        ]
                    }
                },
                "is_translation_enabled": false,
                "profile_image_url_https": "https://pbs.twimg.com/profile_images/667060822930145280/ZFty7bte_normal.jpg",
                "is_translator": false,
                "friends_count": 58284,
                "lang": "en",
                "statuses_count": 155958,
                "profile_background_image_url_https": "https://pbs.twimg.com/profile_background_images/378800000091127693/6d3a47ce57110dc1a703b0110831c19e.jpeg",
                "contributors_enabled": false,
                "created_at": "Wed Apr 11 12:50:15 +0000 2007",
                "profile_text_color": "333333"
            },
            "in_reply_to_user_id_str": null,
            "source": "<a href=\"http://www.socialflow.com\" rel=\"nofollow\">SocialFlow</a>",
            "coordinates": null,
            "truncated": false,
            "metadata": {
                "result_type": "recent",
                "iso_language_code": "en"
            },
            "in_reply_to_screen_name": null,
            "text": "Paul Johnson backs Clinton Lynch as All-ACC candidate https://t.co/p5UA0SETxz https://t.co/gGFzOUMtDM",
            "created_at": "Thu Nov 24 01:09:39 +0000 2016",
            "in_reply_to_user_id": null,
            "place": null,
            "favorite_count": 1,
            "id": 801593588639481861,
            "lang": "en",
            "possibly_sensitive": false
        }
    ],
    "search_metadata": {
        "count": 100,
        "since_id_str": "0",
        "refresh_url": "?since_id=801593588639481861&q=Hillary%20OR%20Clinton%20from%3Aajc%20since%3A2016-11-24%20until%3A2016-11-25%20filter%3Alinks%20-%40ajc&include_entities=1",
        "max_id": 801593588639481861,
        "max_id_str": "801593588639481861",
        "completed_in": 0.019,
        "since_id": 0,
        "query": "Hillary+OR+Clinton+from%3Aajc+since%3A2016-11-24+until%3A2016-11-25+filter%3Alinks+-%40ajc"
    }
}