{
    "statuses": [
        {
            "is_quote_status": false,
            "in_reply_to_status_id_str": null,
            "favorited": false,
            "contributors": null,
            "retweet_count": 0,
            "entities": {
                "user_mentions": [],
                "hashtags": [],
                "symbols": [],
                "urls": [
                    {
                        "expanded_url": "http://bhne.ws/ArdpMsn",
                        "url": "https://t.co/RwkubDUlLW",
                        "display_url": "bhne.ws/ArdpMsn",
                        "indices": [
                            62,
                            85
                        ]
                    }
                ],
                "media": [
                    {
                        "type": "photo",
                        "indices": [
                            86,
                            109
                        ],
                        "media_url_https": "https://pbs.twimg.com/media/CyDj-93UQAAGrw_.jpg",
                        "expanded_url": "https://twitter.com/bostonherald/status/801891407187312644/photo/1",
                        "id_str": "801891404569919488",
                        "media_url": "http://pbs.twimg.com/media/CyDj-93UQAAGrw_.jpg",
                        "display_url": "pic.twitter.com/cnYPw0xbLn",
                        "id": 801891404569919488,
                        "url": "https://t.co/cnYPw0xbLn",
                        "sizes": {
                            "medium": {
                                "w": 1200,
                                "resize": "fit",
                                "h": 800
                            },
                            "small": {
                                "w": 680,
                                "resize": "fit",
                                "h": 453
                            },
                            "large": {
                                "w": 1200,
                                "resize": "fit",
                                "h": 800
                            },
                            "thumb": {
                                "w": 150,
                                "resize": "crop",
                                "h": 150
                            }
                        }
                    }
                ]
            },
            "geo": null,
            "extended_entities": {
                "media": [
                    {
                        "type": "photo",
                        "indices": [
                            86,
                            109
                        ],
                        "media_url_https": "https://pbs.twimg.com/media/CyDj-93UQAAGrw_.jpg",
                        "expanded_url": "https://twitter.com/bostonherald/status/801891407187312644/photo/1",
                        "id_str": "801891404569919488",
                        "media_url": "http://pbs.twimg.com/media/CyDj-93UQAAGrw_.jpg",
                        "display_url": "pic.twitter.com/cnYPw0xbLn",
                        "id": 801891404569919488,
                        "url": "https://t.co/cnYPw0xbLn",
                        "sizes": {
                            "medium": {
                                "w": 1200,
                                "resize": "fit",
                                "h": 800
                            },
                            "small": {
                                "w": 680,
                                "resize": "fit",
                                "h": 453
                            },
                            "large": {
                                "w": 1200,
                                "resize": "fit",
                                "h": 800
                            },
                            "thumb": {
                                "w": 150,
                                "resize": "crop",
                                "h": 150
                            }
                        }
                    }
                ]
            },
            "retweeted": false,
            "in_reply_to_status_id": null,
            "id_str": "801891407187312644",
            "user": {
                "profile_banner_url": "https://pbs.twimg.com/profile_banners/2488541/1400102449",
                "profile_sidebar_border_color": "0079AD",
                "favourites_count": 363,
                "following": false,
                "default_profile_image": false,
                "follow_request_sent": false,
                "profile_sidebar_fill_color": "C3E8F7",
                "id": 2488541,
                "translator_type": "none",
                "has_extended_profile": false,
                "profile_image_url": "http://pbs.twimg.com/profile_images/738002515841540097/wvPGrVSj_normal.jpg",
                "verified": true,
                "id_str": "2488541",
                "profile_background_image_url": "http://pbs.twimg.com/profile_background_images/305255570/BH_Twit_BG.jpg",
                "geo_enabled": true,
                "profile_link_color": "0079AD",
                "protected": false,
                "profile_background_tile": false,
                "time_zone": "Eastern Time (US & Canada)",
                "listed_count": 2066,
                "location": "Boston, MA",
                "description": "Starting the conversation every day with passionate journalism, watchdog special reports and the best in NE sports, business and features. Live on @HeraldRadio.",
                "name": "Boston Herald",
                "notifications": false,
                "utc_offset": -18000,
                "profile_background_color": "CCCCCC",
                "screen_name": "bostonherald",
                "followers_count": 82162,
                "profile_use_background_image": true,
                "default_profile": false,
                "url": "http://t.co/rQemlTr9K2",
                "entities": {
                    "description": {
                        "urls": []
                    },
                    "url": {
                        "urls": [
                            {
                                "expanded_url": "http://www.bostonherald.com",
                                "url": "http://t.co/rQemlTr9K2",
                                "display_url": "bostonherald.com",
                                "indices": [
                                    0,
                                    22
                                ]
                            }
                        ]
                    }
                },
                "is_translation_enabled": false,
                "profile_image_url_https": "https://pbs.twimg.com/profile_images/738002515841540097/wvPGrVSj_normal.jpg",
                "is_translator": false,
                "friends_count": 1146,
                "lang": "en",
                "statuses_count": 186672,
                "profile_background_image_url_https": "https://pbs.twimg.com/profile_background_images/305255570/BH_Twit_BG.jpg",
                "contributors_enabled": false,
                "created_at": "Tue Mar 27 13:30:45 +0000 2007",
                "profile_text_color": "3B3B3B"
            },
            "in_reply_to_user_id_str": null,
            "source": "<a href=\"http://www.socialflow.com\" rel=\"nofollow\">SocialFlow</a>",
            "coordinates": null,
            "truncated": false,
            "metadata": {
                "result_type": "recent",
                "iso_language_code": "en"
            },
            "in_reply_to_screen_name": null,
            "text": "Hillary Clinton being pushed to seek vote recount in 3 states https://t.co/RwkubDUlLW https://t.co/cnYPw0xbLn",
            "created_at": "Thu Nov 24 20:53:04 +0000 2016",
            "in_reply_to_user_id": null,
            "place": null,
            "favorite_count": 1,
            "id": 801891407187312644,
            "lang": "en",
            "possibly_sensitive": false
        },
        {
            "is_quote_status": false,
            "in_reply_to_status_id_str": null,
            "favorited": false,
            "contributors": null,
            "retweet_count": 0,
            "entities": {
                "user_mentions": [],
                "hashtags": [],
                "symbols": [],
                "urls": [
                    {
                        "expanded_url": "http://bhne.ws/k5VvJVI",
                        "url": "https://t.co/dRCSIfwovw",
                        "display_url": "bhne.ws/k5VvJVI",
                        "indices": [
                            62,
                            85
                        ]
                    }
                ],
                "media": [
                    {
                        "type": "photo",
                        "indices": [
                            86,
                            109
                        ],
                        "media_url_https": "https://pbs.twimg.com/media/CyBqFC2XUAUK8lI.jpg",
                        "expanded_url": "https://twitter.com/bostonherald/status/801757370577801216/photo/1",
                        "id_str": "801757368568729605",
                        "media_url": "http://pbs.twimg.com/media/CyBqFC2XUAUK8lI.jpg",
                        "display_url": "pic.twitter.com/GMesSFWYrD",
                        "id": 801757368568729605,
                        "url": "https://t.co/GMesSFWYrD",
                        "sizes": {
                            "medium": {
                                "w": 1200,
                                "resize": "fit",
                                "h": 800
                            },
                            "small": {
                                "w": 680,
                                "resize": "fit",
                                "h": 453
                            },
                            "large": {
                                "w": 1200,
                                "resize": "fit",
                                "h": 800
                            },
                            "thumb": {
                                "w": 150,
                                "resize": "crop",
                                "h": 150
                            }
                        }
                    }
                ]
            },
            "geo": null,
            "extended_entities": {
                "media": [
                    {
                        "type": "photo",
                        "indices": [
                            86,
                            109
                        ],
                        "media_url_https": "https://pbs.twimg.com/media/CyBqFC2XUAUK8lI.jpg",
                        "expanded_url": "https://twitter.com/bostonherald/status/801757370577801216/photo/1",
                        "id_str": "801757368568729605",
                        "media_url": "http://pbs.twimg.com/media/CyBqFC2XUAUK8lI.jpg",
                        "display_url": "pic.twitter.com/GMesSFWYrD",
                        "id": 801757368568729605,
                        "url": "https://t.co/GMesSFWYrD",
                        "sizes": {
                            "medium": {
                                "w": 1200,
                                "resize": "fit",
                                "h": 800
                            },
                            "small": {
                                "w": 680,
                                "resize": "fit",
                                "h": 453
                            },
                            "large": {
                                "w": 1200,
                                "resize": "fit",
                                "h": 800
                            },
                            "thumb": {
                                "w": 150,
                                "resize": "crop",
                                "h": 150
                            }
                        }
                    }
                ]
            },
            "retweeted": false,
            "in_reply_to_status_id": null,
            "id_str": "801757370577801216",
            "user": {
                "profile_banner_url": "https://pbs.twimg.com/profile_banners/2488541/1400102449",
                "profile_sidebar_border_color": "0079AD",
                "favourites_count": 363,
                "following": false,
                "default_profile_image": false,
                "follow_request_sent": false,
                "profile_sidebar_fill_color": "C3E8F7",
                "id": 2488541,
                "translator_type": "none",
                "has_extended_profile": false,
                "profile_image_url": "http://pbs.twimg.com/profile_images/738002515841540097/wvPGrVSj_normal.jpg",
                "verified": true,
                "id_str": "2488541",
                "profile_background_image_url": "http://pbs.twimg.com/profile_background_images/305255570/BH_Twit_BG.jpg",
                "geo_enabled": true,
                "profile_link_color": "0079AD",
                "protected": false,
                "profile_background_tile": false,
                "time_zone": "Eastern Time (US & Canada)",
                "listed_count": 2066,
                "location": "Boston, MA",
                "description": "Starting the conversation every day with passionate journalism, watchdog special reports and the best in NE sports, business and features. Live on @HeraldRadio.",
                "name": "Boston Herald",
                "notifications": false,
                "utc_offset": -18000,
                "profile_background_color": "CCCCCC",
                "screen_name": "bostonherald",
                "followers_count": 82162,
                "profile_use_background_image": true,
                "default_profile": false,
                "url": "http://t.co/rQemlTr9K2",
                "entities": {
                    "description": {
                        "urls": []
                    },
                    "url": {
                        "urls": [
                            {
                                "expanded_url": "http://www.bostonherald.com",
                                "url": "http://t.co/rQemlTr9K2",
                                "display_url": "bostonherald.com",
                                "indices": [
                                    0,
                                    22
                                ]
                            }
                        ]
                    }
                },
                "is_translation_enabled": false,
                "profile_image_url_https": "https://pbs.twimg.com/profile_images/738002515841540097/wvPGrVSj_normal.jpg",
                "is_translator": false,
                "friends_count": 1146,
                "lang": "en",
                "statuses_count": 186672,
                "profile_background_image_url_https": "https://pbs.twimg.com/profile_background_images/305255570/BH_Twit_BG.jpg",
                "contributors_enabled": false,
                "created_at": "Tue Mar 27 13:30:45 +0000 2007",
                "profile_text_color": "3B3B3B"
            },
            "in_reply_to_user_id_str": null,
            "source": "<a href=\"http://www.socialflow.com\" rel=\"nofollow\">SocialFlow</a>",
            "coordinates": null,
            "truncated": false,
            "metadata": {
                "result_type": "recent",
                "iso_language_code": "en"
            },
            "in_reply_to_screen_name": null,
            "text": "Hillary Clinton being pushed to seek vote recount in 3 states https://t.co/dRCSIfwovw https://t.co/GMesSFWYrD",
            "created_at": "Thu Nov 24 12:00:27 +0000 2016",
            "in_reply_to_user_id": null,
            "place": null,
            "favorite_count": 2,
            "id": 801757370577801216,
            "lang": "en",
            "possibly_sensitive": false
        }
    ],
    "search_metadata": {
        "count": 100,
        "since_id_str": "0",
        "refresh_url": "?since_id=801891407187312644&q=Hillary%20OR%20Clinton%20from%3Abostonherald%20since%3A2016-11-24%20until%3A2016-11-25%20filter%3Alinks%20-%40bostonherald&include_entities=1",
        "max_id": 801891407187312644,
        "max_id_str": "801891407187312644",
        "completed_in": 0.03,
        "since_id": 0,
        "query": "Hillary+OR+Clinton+from%3Abostonherald+since%3A2016-11-24+until%3A2016-11-25+filter%3Alinks+-%40bostonherald"
    }
}