{
    "statuses": [],
    "search_metadata": {
        "count": 100,
        "since_id_str": "0",
        "refresh_url": "?since_id=803064951585710080&q=Hillary%20OR%20Clinton%20from%3ABostonGlobe%20since%3A2016-11-24%20until%3A2016-11-25%20filter%3Alinks%20-%40BostonGlobe&include_entities=1",
        "max_id": 803064951585710080,
        "max_id_str": "803064951585710080",
        "completed_in": 0.014,
        "since_id": 0,
        "query": "Hillary+OR+Clinton+from%3ABostonGlobe+since%3A2016-11-24+until%3A2016-11-25+filter%3Alinks+-%40BostonGlobe"
    }
}