{
    "statuses": [],
    "search_metadata": {
        "count": 100,
        "since_id_str": "0",
        "refresh_url": "?since_id=803064936696086529&q=Hillary%20OR%20Clinton%20from%3ACJOnline%20since%3A2016-11-24%20until%3A2016-11-25%20filter%3Alinks%20-%40CJOnline&include_entities=1",
        "max_id": 803064936696086529,
        "max_id_str": "803064936696086529",
        "completed_in": 0.049,
        "since_id": 0,
        "query": "Hillary+OR+Clinton+from%3ACJOnline+since%3A2016-11-24+until%3A2016-11-25+filter%3Alinks+-%40CJOnline"
    }
}