{
    "statuses": [],
    "search_metadata": {
        "count": 100,
        "since_id_str": "0",
        "refresh_url": "?since_id=803064898884243457&q=Hillary%20OR%20Clinton%20from%3ADoverpost%20since%3A2016-11-24%20until%3A2016-11-25%20filter%3Alinks%20-%40Doverpost&include_entities=1",
        "max_id": 803064898884243457,
        "max_id_str": "803064898884243457",
        "completed_in": 0.023,
        "since_id": 0,
        "query": "Hillary+OR+Clinton+from%3ADoverpost+since%3A2016-11-24+until%3A2016-11-25+filter%3Alinks+-%40Doverpost"
    }
}