{
    "statuses": [],
    "search_metadata": {
        "count": 100,
        "since_id_str": "0",
        "refresh_url": "?since_id=803064936851243008&q=Hillary%20OR%20Clinton%20from%3Aheraldleader%20since%3A2016-11-24%20until%3A2016-11-25%20filter%3Alinks%20-%40heraldleader&include_entities=1",
        "max_id": 803064936851243008,
        "max_id_str": "803064936851243008",
        "completed_in": 0.052,
        "since_id": 0,
        "query": "Hillary+OR+Clinton+from%3Aheraldleader+since%3A2016-11-24+until%3A2016-11-25+filter%3Alinks+-%40heraldleader"
    }
}