{
    "statuses": [
        {
            "is_quote_status": false,
            "in_reply_to_status_id_str": null,
            "favorited": false,
            "contributors": null,
            "retweet_count": 12,
            "entities": {
                "user_mentions": [],
                "hashtags": [],
                "symbols": [],
                "urls": [
                    {
                        "expanded_url": "http://www.kansascity.com/news/politics-government/election/article116730128.html#storylink=twt_staff",
                        "url": "https://t.co/fH2ahW6or4",
                        "display_url": "kansascity.com/news/politics-\u2026",
                        "indices": [
                            77,
                            100
                        ]
                    }
                ]
            },
            "geo": null,
            "retweeted": false,
            "in_reply_to_status_id": null,
            "id_str": "801587142757642240",
            "user": {
                "profile_banner_url": "https://pbs.twimg.com/profile_banners/14955722/1430340133",
                "profile_sidebar_border_color": "C0DEED",
                "favourites_count": 1318,
                "following": false,
                "default_profile_image": false,
                "follow_request_sent": false,
                "profile_sidebar_fill_color": "DDEEF6",
                "id": 14955722,
                "translator_type": "none",
                "has_extended_profile": false,
                "profile_image_url": "http://pbs.twimg.com/profile_images/710203133536894977/eYU-xrl7_normal.jpg",
                "verified": true,
                "id_str": "14955722",
                "profile_background_image_url": "http://pbs.twimg.com/profile_background_images/309357173/Star-Twitter-page.jpg",
                "geo_enabled": false,
                "profile_link_color": "0084B4",
                "protected": false,
                "profile_background_tile": false,
                "time_zone": "Central Time (US & Canada)",
                "listed_count": 2488,
                "location": "Kansas City, Mo. ",
                "description": "Breaking the news in Kansas City since 1880.",
                "name": "The Kansas City Star",
                "notifications": false,
                "utc_offset": -21600,
                "profile_background_color": "C0DEED",
                "screen_name": "KCStar",
                "followers_count": 173258,
                "profile_use_background_image": true,
                "default_profile": false,
                "url": "https://t.co/5avXc9kQvj",
                "entities": {
                    "description": {
                        "urls": []
                    },
                    "url": {
                        "urls": [
                            {
                                "expanded_url": "http://www.kansascity.com",
                                "url": "https://t.co/5avXc9kQvj",
                                "display_url": "kansascity.com",
                                "indices": [
                                    0,
                                    23
                                ]
                            }
                        ]
                    }
                },
                "is_translation_enabled": false,
                "profile_image_url_https": "https://pbs.twimg.com/profile_images/710203133536894977/eYU-xrl7_normal.jpg",
                "is_translator": false,
                "friends_count": 824,
                "lang": "en",
                "statuses_count": 141365,
                "profile_background_image_url_https": "https://pbs.twimg.com/profile_background_images/309357173/Star-Twitter-page.jpg",
                "contributors_enabled": false,
                "created_at": "Fri May 30 16:08:18 +0000 2008",
                "profile_text_color": "333333"
            },
            "in_reply_to_user_id_str": null,
            "source": "<a href=\"http://www.kansascity.com\" rel=\"nofollow\">KC Star: Breaking News</a>",
            "coordinates": null,
            "truncated": false,
            "metadata": {
                "result_type": "recent",
                "iso_language_code": "en"
            },
            "in_reply_to_screen_name": null,
            "text": "Jill Stein wants an election recount, but Clinton stands to benefit the most https://t.co/fH2ahW6or4",
            "created_at": "Thu Nov 24 00:44:02 +0000 2016",
            "in_reply_to_user_id": null,
            "place": null,
            "favorite_count": 19,
            "id": 801587142757642240,
            "lang": "en",
            "possibly_sensitive": false
        }
    ],
    "search_metadata": {
        "count": 100,
        "since_id_str": "0",
        "refresh_url": "?since_id=801587142757642240&q=Hillary%20OR%20Clinton%20from%3AKCStar%20since%3A2016-11-24%20until%3A2016-11-25%20filter%3Alinks%20-%40KCStar&include_entities=1",
        "max_id": 801587142757642240,
        "max_id_str": "801587142757642240",
        "completed_in": 0.026,
        "since_id": 0,
        "query": "Hillary+OR+Clinton+from%3AKCStar+since%3A2016-11-24+until%3A2016-11-25+filter%3Alinks+-%40KCStar"
    }
}