{
    "statuses": [
        {
            "is_quote_status": false,
            "in_reply_to_status_id_str": null,
            "favorited": false,
            "contributors": null,
            "retweet_count": 1,
            "entities": {
                "user_mentions": [
                    {
                        "id_str": "1339835893",
                        "screen_name": "HillaryClinton",
                        "indices": [
                            1,
                            16
                        ],
                        "name": "Hillary Clinton",
                        "id": 1339835893
                    }
                ],
                "hashtags": [],
                "symbols": [],
                "urls": [
                    {
                        "expanded_url": "http://www.staradvertiser.com/2016/11/24/breaking-news/clinton-being-pushed-to-seek-vote-recount-in-3-states/",
                        "url": "https://t.co/kaQ1OeqJzt",
                        "display_url": "staradvertiser.com/2016/11/24/bre\u2026",
                        "indices": [
                            63,
                            86
                        ]
                    }
                ],
                "media": [
                    {
                        "type": "photo",
                        "indices": [
                            87,
                            110
                        ],
                        "media_url_https": "https://pbs.twimg.com/media/CyCn1w3XEAA9YdU.jpg",
                        "expanded_url": "https://twitter.com/StarAdvertiser/status/801825278947364864/photo/1",
                        "id_str": "801825275763953664",
                        "media_url": "http://pbs.twimg.com/media/CyCn1w3XEAA9YdU.jpg",
                        "display_url": "pic.twitter.com/6qin7uuwLj",
                        "id": 801825275763953664,
                        "url": "https://t.co/6qin7uuwLj",
                        "sizes": {
                            "medium": {
                                "w": 640,
                                "resize": "fit",
                                "h": 427
                            },
                            "thumb": {
                                "w": 150,
                                "resize": "crop",
                                "h": 150
                            },
                            "large": {
                                "w": 640,
                                "resize": "fit",
                                "h": 427
                            },
                            "small": {
                                "w": 640,
                                "resize": "fit",
                                "h": 427
                            }
                        }
                    }
                ]
            },
            "geo": null,
            "extended_entities": {
                "media": [
                    {
                        "type": "photo",
                        "indices": [
                            87,
                            110
                        ],
                        "media_url_https": "https://pbs.twimg.com/media/CyCn1w3XEAA9YdU.jpg",
                        "expanded_url": "https://twitter.com/StarAdvertiser/status/801825278947364864/photo/1",
                        "id_str": "801825275763953664",
                        "media_url": "http://pbs.twimg.com/media/CyCn1w3XEAA9YdU.jpg",
                        "display_url": "pic.twitter.com/6qin7uuwLj",
                        "id": 801825275763953664,
                        "url": "https://t.co/6qin7uuwLj",
                        "sizes": {
                            "medium": {
                                "w": 640,
                                "resize": "fit",
                                "h": 427
                            },
                            "thumb": {
                                "w": 150,
                                "resize": "crop",
                                "h": 150
                            },
                            "large": {
                                "w": 640,
                                "resize": "fit",
                                "h": 427
                            },
                            "small": {
                                "w": 640,
                                "resize": "fit",
                                "h": 427
                            }
                        }
                    }
                ]
            },
            "retweeted": false,
            "in_reply_to_status_id": null,
            "id_str": "801825278947364864",
            "user": {
                "profile_banner_url": "https://pbs.twimg.com/profile_banners/126424795/1446606044",
                "profile_sidebar_border_color": "C0DEED",
                "favourites_count": 8,
                "following": false,
                "default_profile_image": false,
                "follow_request_sent": false,
                "profile_sidebar_fill_color": "DDEEF6",
                "id": 126424795,
                "translator_type": "none",
                "has_extended_profile": false,
                "profile_image_url": "http://pbs.twimg.com/profile_images/458796544200679426/TIwpuRqm_normal.png",
                "verified": true,
                "id_str": "126424795",
                "profile_background_image_url": "http://pbs.twimg.com/profile_background_images/164414760/SABanner-2-1.jpg",
                "geo_enabled": true,
                "profile_link_color": "2169AD",
                "protected": false,
                "profile_background_tile": false,
                "time_zone": "Hawaii",
                "listed_count": 1366,
                "location": "Honolulu, Hawaii",
                "description": "The Pulse of Paradise. Breaking news and information from Hawaii's largest news organization.",
                "name": "Star-Advertiser",
                "notifications": false,
                "utc_offset": -36000,
                "profile_background_color": "FFFFFF",
                "screen_name": "StarAdvertiser",
                "followers_count": 55951,
                "profile_use_background_image": true,
                "default_profile": false,
                "url": "https://t.co/IlUVJyBOsb",
                "entities": {
                    "description": {
                        "urls": []
                    },
                    "url": {
                        "urls": [
                            {
                                "expanded_url": "http://www.staradvertiser.com",
                                "url": "https://t.co/IlUVJyBOsb",
                                "display_url": "staradvertiser.com",
                                "indices": [
                                    0,
                                    23
                                ]
                            }
                        ]
                    }
                },
                "is_translation_enabled": false,
                "profile_image_url_https": "https://pbs.twimg.com/profile_images/458796544200679426/TIwpuRqm_normal.png",
                "is_translator": false,
                "friends_count": 73,
                "lang": "en",
                "statuses_count": 108807,
                "profile_background_image_url_https": "https://pbs.twimg.com/profile_background_images/164414760/SABanner-2-1.jpg",
                "contributors_enabled": false,
                "created_at": "Thu Mar 25 20:54:58 +0000 2010",
                "profile_text_color": "333333"
            },
            "in_reply_to_user_id_str": null,
            "source": "<a href=\"http://www.hootsuite.com\" rel=\"nofollow\">Hootsuite</a>",
            "coordinates": null,
            "truncated": false,
            "metadata": {
                "result_type": "recent",
                "iso_language_code": "en"
            },
            "in_reply_to_screen_name": null,
            "text": ".@HillaryClinton being pushed to seek vote recount in 3 states https://t.co/kaQ1OeqJzt https://t.co/6qin7uuwLj",
            "created_at": "Thu Nov 24 16:30:18 +0000 2016",
            "in_reply_to_user_id": null,
            "place": null,
            "favorite_count": 4,
            "id": 801825278947364864,
            "lang": "en",
            "possibly_sensitive": false
        }
    ],
    "search_metadata": {
        "count": 100,
        "since_id_str": "0",
        "refresh_url": "?since_id=801825278947364864&q=Hillary%20OR%20Clinton%20from%3AStarAdvertiser%20since%3A2016-11-24%20until%3A2016-11-25%20filter%3Alinks%20-%40StarAdvertiser&include_entities=1",
        "max_id": 801825278947364864,
        "max_id_str": "801825278947364864",
        "completed_in": 0.022,
        "since_id": 0,
        "query": "Hillary+OR+Clinton+from%3AStarAdvertiser+since%3A2016-11-24+until%3A2016-11-25+filter%3Alinks+-%40StarAdvertiser"
    }
}