{
    "statuses": [
        {
            "is_quote_status": false,
            "in_reply_to_status_id_str": null,
            "favorited": false,
            "contributors": null,
            "retweet_count": 1,
            "entities": {
                "user_mentions": [
                    {
                        "id_str": "1339835893",
                        "screen_name": "HillaryClinton",
                        "indices": [
                            10,
                            25
                        ],
                        "name": "Hillary Clinton",
                        "id": 1339835893
                    },
                    {
                        "id_str": "832065926",
                        "screen_name": "katevgardner",
                        "indices": [
                            89,
                            102
                        ],
                        "name": "Kate Gardner",
                        "id": 832065926
                    }
                ],
                "hashtags": [],
                "symbols": [],
                "urls": [
                    {
                        "expanded_url": "http://www.sunjournal.com/news/business/2016/11/23/roses-hillary-yarmouth-flower-business-delivers/2035002",
                        "url": "https://t.co/7TkGoWbyhH",
                        "display_url": "sunjournal.com/news/business/\u2026",
                        "indices": [
                            61,
                            84
                        ]
                    }
                ],
                "media": [
                    {
                        "type": "photo",
                        "indices": [
                            103,
                            126
                        ],
                        "media_url_https": "https://pbs.twimg.com/media/CyCUA0BW8AA_LCs.jpg",
                        "expanded_url": "https://twitter.com/sunjournal/status/801847868923453440/photo/1",
                        "id_str": "801803475357200384",
                        "media_url": "http://pbs.twimg.com/media/CyCUA0BW8AA_LCs.jpg",
                        "display_url": "pic.twitter.com/2M6G8MK6V4",
                        "id": 801803475357200384,
                        "url": "https://t.co/2M6G8MK6V4",
                        "sizes": {
                            "medium": {
                                "w": 620,
                                "resize": "fit",
                                "h": 386
                            },
                            "small": {
                                "w": 620,
                                "resize": "fit",
                                "h": 386
                            },
                            "large": {
                                "w": 620,
                                "resize": "fit",
                                "h": 386
                            },
                            "thumb": {
                                "w": 150,
                                "resize": "crop",
                                "h": 150
                            }
                        }
                    }
                ]
            },
            "geo": null,
            "extended_entities": {
                "media": [
                    {
                        "type": "photo",
                        "indices": [
                            103,
                            126
                        ],
                        "media_url_https": "https://pbs.twimg.com/media/CyCUA0BW8AA_LCs.jpg",
                        "expanded_url": "https://twitter.com/sunjournal/status/801847868923453440/photo/1",
                        "id_str": "801803475357200384",
                        "media_url": "http://pbs.twimg.com/media/CyCUA0BW8AA_LCs.jpg",
                        "display_url": "pic.twitter.com/2M6G8MK6V4",
                        "id": 801803475357200384,
                        "url": "https://t.co/2M6G8MK6V4",
                        "sizes": {
                            "medium": {
                                "w": 620,
                                "resize": "fit",
                                "h": 386
                            },
                            "small": {
                                "w": 620,
                                "resize": "fit",
                                "h": 386
                            },
                            "large": {
                                "w": 620,
                                "resize": "fit",
                                "h": 386
                            },
                            "thumb": {
                                "w": 150,
                                "resize": "crop",
                                "h": 150
                            }
                        }
                    }
                ]
            },
            "retweeted": false,
            "in_reply_to_status_id": null,
            "id_str": "801847868923453440",
            "user": {
                "profile_banner_url": "https://pbs.twimg.com/profile_banners/8729092/1480257563",
                "profile_sidebar_border_color": "C6E2EE",
                "favourites_count": 460,
                "following": false,
                "default_profile_image": false,
                "follow_request_sent": false,
                "profile_sidebar_fill_color": "DAECF4",
                "id": 8729092,
                "translator_type": "none",
                "has_extended_profile": false,
                "profile_image_url": "http://pbs.twimg.com/profile_images/707249051130003456/KfksyOzx_normal.jpg",
                "verified": false,
                "id_str": "8729092",
                "profile_background_image_url": "http://abs.twimg.com/images/themes/theme2/bg.gif",
                "geo_enabled": true,
                "profile_link_color": "1F98C7",
                "protected": false,
                "profile_background_tile": false,
                "time_zone": "Eastern Time (US & Canada)",
                "listed_count": 530,
                "location": "Lewiston/Auburn, Maine",
                "description": "News and conversations from Maine since 1847. Send breaking news: breaking@sunjournal.com",
                "name": "Sun Journal",
                "notifications": false,
                "utc_offset": -18000,
                "profile_background_color": "C6E2EE",
                "screen_name": "sunjournal",
                "followers_count": 28101,
                "profile_use_background_image": true,
                "default_profile": false,
                "url": "http://t.co/g6rua9MqV4",
                "entities": {
                    "description": {
                        "urls": []
                    },
                    "url": {
                        "urls": [
                            {
                                "expanded_url": "http://www.sunjournal.com",
                                "url": "http://t.co/g6rua9MqV4",
                                "display_url": "sunjournal.com",
                                "indices": [
                                    0,
                                    22
                                ]
                            }
                        ]
                    }
                },
                "is_translation_enabled": false,
                "profile_image_url_https": "https://pbs.twimg.com/profile_images/707249051130003456/KfksyOzx_normal.jpg",
                "is_translator": false,
                "friends_count": 2483,
                "lang": "en",
                "statuses_count": 57357,
                "profile_background_image_url_https": "https://abs.twimg.com/images/themes/theme2/bg.gif",
                "contributors_enabled": false,
                "created_at": "Fri Sep 07 17:48:02 +0000 2007",
                "profile_text_color": "663B12"
            },
            "in_reply_to_user_id_str": null,
            "source": "<a href=\"https://about.twitter.com/products/tweetdeck\" rel=\"nofollow\">TweetDeck</a>",
            "coordinates": null,
            "truncated": false,
            "metadata": {
                "result_type": "recent",
                "iso_language_code": "en"
            },
            "in_reply_to_screen_name": null,
            "text": "Roses for @HillaryClinton: Yarmouth flower business delivers https://t.co/7TkGoWbyhH via @katevgardner https://t.co/2M6G8MK6V4",
            "created_at": "Thu Nov 24 18:00:04 +0000 2016",
            "in_reply_to_user_id": null,
            "place": null,
            "favorite_count": 0,
            "id": 801847868923453440,
            "lang": "en",
            "possibly_sensitive": false
        },
        {
            "is_quote_status": false,
            "in_reply_to_status_id_str": null,
            "favorited": false,
            "contributors": null,
            "retweet_count": 0,
            "entities": {
                "user_mentions": [],
                "hashtags": [],
                "symbols": [],
                "urls": [
                    {
                        "expanded_url": "http://ift.tt/2giRTyO",
                        "url": "https://t.co/D3sUcwjgZz",
                        "display_url": "ift.tt/2giRTyO",
                        "indices": [
                            53,
                            76
                        ]
                    }
                ]
            },
            "geo": null,
            "retweeted": false,
            "in_reply_to_status_id": null,
            "id_str": "801601223367467008",
            "user": {
                "profile_banner_url": "https://pbs.twimg.com/profile_banners/8729092/1480257563",
                "profile_sidebar_border_color": "C6E2EE",
                "favourites_count": 460,
                "following": false,
                "default_profile_image": false,
                "follow_request_sent": false,
                "profile_sidebar_fill_color": "DAECF4",
                "id": 8729092,
                "translator_type": "none",
                "has_extended_profile": false,
                "profile_image_url": "http://pbs.twimg.com/profile_images/707249051130003456/KfksyOzx_normal.jpg",
                "verified": false,
                "id_str": "8729092",
                "profile_background_image_url": "http://abs.twimg.com/images/themes/theme2/bg.gif",
                "geo_enabled": true,
                "profile_link_color": "1F98C7",
                "protected": false,
                "profile_background_tile": false,
                "time_zone": "Eastern Time (US & Canada)",
                "listed_count": 530,
                "location": "Lewiston/Auburn, Maine",
                "description": "News and conversations from Maine since 1847. Send breaking news: breaking@sunjournal.com",
                "name": "Sun Journal",
                "notifications": false,
                "utc_offset": -18000,
                "profile_background_color": "C6E2EE",
                "screen_name": "sunjournal",
                "followers_count": 28101,
                "profile_use_background_image": true,
                "default_profile": false,
                "url": "http://t.co/g6rua9MqV4",
                "entities": {
                    "description": {
                        "urls": []
                    },
                    "url": {
                        "urls": [
                            {
                                "expanded_url": "http://www.sunjournal.com",
                                "url": "http://t.co/g6rua9MqV4",
                                "display_url": "sunjournal.com",
                                "indices": [
                                    0,
                                    22
                                ]
                            }
                        ]
                    }
                },
                "is_translation_enabled": false,
                "profile_image_url_https": "https://pbs.twimg.com/profile_images/707249051130003456/KfksyOzx_normal.jpg",
                "is_translator": false,
                "friends_count": 2483,
                "lang": "en",
                "statuses_count": 57357,
                "profile_background_image_url_https": "https://abs.twimg.com/images/themes/theme2/bg.gif",
                "contributors_enabled": false,
                "created_at": "Fri Sep 07 17:48:02 +0000 2007",
                "profile_text_color": "663B12"
            },
            "in_reply_to_user_id_str": null,
            "source": "<a href=\"http://bufferapp.com\" rel=\"nofollow\">Buffer</a>",
            "coordinates": null,
            "truncated": false,
            "metadata": {
                "result_type": "recent",
                "iso_language_code": "en"
            },
            "in_reply_to_screen_name": null,
            "text": "Roses for Hillary: Yarmouth flower business delivers https://t.co/D3sUcwjgZz",
            "created_at": "Thu Nov 24 01:39:59 +0000 2016",
            "in_reply_to_user_id": null,
            "place": null,
            "favorite_count": 1,
            "id": 801601223367467008,
            "lang": "en",
            "possibly_sensitive": false
        }
    ],
    "search_metadata": {
        "count": 100,
        "since_id_str": "0",
        "refresh_url": "?since_id=801847868923453440&q=Hillary%20OR%20Clinton%20from%3Asunjournal%20since%3A2016-11-24%20until%3A2016-11-25%20filter%3Alinks%20-%40sunjournal&include_entities=1",
        "max_id": 801847868923453440,
        "max_id_str": "801847868923453440",
        "completed_in": 0.053,
        "since_id": 0,
        "query": "Hillary+OR+Clinton+from%3Asunjournal+since%3A2016-11-24+until%3A2016-11-25+filter%3Alinks+-%40sunjournal"
    }
}