{
    "statuses": [],
    "search_metadata": {
        "max_id_str": "803065845710815232",
        "count": 100,
        "query": "Hillary+OR+Clinton+from%3ABaltimore_Times+since%3A2016-11-22+until%3A2016-11-23+filter%3Alinks+-%40Baltimore_Times",
        "completed_in": 0.012,
        "since_id_str": "0",
        "refresh_url": "?since_id=803065845710815232&q=Hillary%20OR%20Clinton%20from%3ABaltimore_Times%20since%3A2016-11-22%20until%3A2016-11-23%20filter%3Alinks%20-%40Baltimore_Times&include_entities=1",
        "max_id": 803065845710815232,
        "since_id": 0
    }
}