{
    "statuses": [
        {
            "id": 801150762084507648,
            "coordinates": null,
            "contributors": null,
            "favorite_count": 1,
            "id_str": "801150762084507648",
            "is_quote_status": false,
            "geo": null,
            "in_reply_to_user_id_str": null,
            "truncated": true,
            "user": {
                "id": 16543775,
                "follow_request_sent": false,
                "favourites_count": 913,
                "profile_background_image_url": "http://pbs.twimg.com/profile_background_images/377647659/twitter-detnews4.jpg",
                "profile_background_image_url_https": "https://pbs.twimg.com/profile_background_images/377647659/twitter-detnews4.jpg",
                "default_profile": false,
                "id_str": "16543775",
                "notifications": false,
                "profile_background_color": "1A1B1F",
                "is_translation_enabled": false,
                "profile_image_url_https": "https://pbs.twimg.com/profile_images/512551439021768704/yKZZwFHJ_normal.jpeg",
                "protected": false,
                "profile_link_color": "2FC2EF",
                "profile_sidebar_border_color": "181A1E",
                "is_translator": false,
                "geo_enabled": true,
                "time_zone": "Eastern Time (US & Canada)",
                "default_profile_image": false,
                "profile_background_tile": false,
                "lang": "en",
                "profile_banner_url": "https://pbs.twimg.com/profile_banners/16543775/1480021089",
                "translator_type": "none",
                "following": false,
                "has_extended_profile": false,
                "entities": {
                    "description": {
                        "urls": [
                            {
                                "display_url": "detroitnews.com",
                                "expanded_url": "http://www.detroitnews.com",
                                "url": "https://t.co/gma4B8adFW",
                                "indices": [
                                    113,
                                    136
                                ]
                            }
                        ]
                    },
                    "url": {
                        "urls": [
                            {
                                "display_url": "detroitnews.com",
                                "expanded_url": "http://www.detroitnews.com",
                                "url": "https://t.co/gma4B8adFW",
                                "indices": [
                                    0,
                                    23
                                ]
                            }
                        ]
                    }
                },
                "verified": true,
                "profile_sidebar_fill_color": "252429",
                "screen_name": "detroitnews",
                "name": "The Detroit News",
                "listed_count": 2943,
                "profile_use_background_image": false,
                "friends_count": 2311,
                "description": "Detroit's best source for news and information. You can reach The Detroit News at online(at)detroitnews(dot)com. https://t.co/gma4B8adFW",
                "created_at": "Wed Oct 01 13:36:49 +0000 2008",
                "followers_count": 196588,
                "location": "Detroit,MI USA",
                "statuses_count": 143231,
                "url": "https://t.co/gma4B8adFW",
                "contributors_enabled": false,
                "profile_image_url": "http://pbs.twimg.com/profile_images/512551439021768704/yKZZwFHJ_normal.jpeg",
                "profile_text_color": "666666",
                "utc_offset": -18000
            },
            "text": "14-year-old London girl\u2019s remains have been cryogenically preserved at  Clinton Twp. facility\u2026 https://t.co/njzsVeXu5H",
            "retweeted": false,
            "possibly_sensitive": false,
            "lang": "en",
            "in_reply_to_status_id": null,
            "in_reply_to_screen_name": null,
            "entities": {
                "user_mentions": [],
                "hashtags": [],
                "urls": [
                    {
                        "display_url": "twitter.com/i/web/status/8\u2026",
                        "expanded_url": "https://twitter.com/i/web/status/801150762084507648",
                        "url": "https://t.co/njzsVeXu5H",
                        "indices": [
                            95,
                            118
                        ]
                    }
                ],
                "symbols": []
            },
            "metadata": {
                "result_type": "recent",
                "iso_language_code": "en"
            },
            "source": "<a href=\"https://about.twitter.com/products/tweetdeck\" rel=\"nofollow\">TweetDeck</a>",
            "retweet_count": 2,
            "created_at": "Tue Nov 22 19:50:00 +0000 2016",
            "favorited": false,
            "in_reply_to_user_id": null,
            "in_reply_to_status_id_str": null,
            "place": null
        },
        {
            "id": 801072207589949440,
            "coordinates": null,
            "contributors": null,
            "favorite_count": 0,
            "id_str": "801072207589949440",
            "is_quote_status": false,
            "geo": null,
            "in_reply_to_user_id_str": null,
            "truncated": false,
            "user": {
                "id": 16543775,
                "follow_request_sent": false,
                "favourites_count": 913,
                "profile_background_image_url": "http://pbs.twimg.com/profile_background_images/377647659/twitter-detnews4.jpg",
                "profile_background_image_url_https": "https://pbs.twimg.com/profile_background_images/377647659/twitter-detnews4.jpg",
                "default_profile": false,
                "id_str": "16543775",
                "notifications": false,
                "profile_background_color": "1A1B1F",
                "is_translation_enabled": false,
                "profile_image_url_https": "https://pbs.twimg.com/profile_images/512551439021768704/yKZZwFHJ_normal.jpeg",
                "protected": false,
                "profile_link_color": "2FC2EF",
                "profile_sidebar_border_color": "181A1E",
                "is_translator": false,
                "geo_enabled": true,
                "time_zone": "Eastern Time (US & Canada)",
                "default_profile_image": false,
                "profile_background_tile": false,
                "lang": "en",
                "profile_banner_url": "https://pbs.twimg.com/profile_banners/16543775/1480021089",
                "translator_type": "none",
                "following": false,
                "has_extended_profile": false,
                "entities": {
                    "description": {
                        "urls": [
                            {
                                "display_url": "detroitnews.com",
                                "expanded_url": "http://www.detroitnews.com",
                                "url": "https://t.co/gma4B8adFW",
                                "indices": [
                                    113,
                                    136
                                ]
                            }
                        ]
                    },
                    "url": {
                        "urls": [
                            {
                                "display_url": "detroitnews.com",
                                "expanded_url": "http://www.detroitnews.com",
                                "url": "https://t.co/gma4B8adFW",
                                "indices": [
                                    0,
                                    23
                                ]
                            }
                        ]
                    }
                },
                "verified": true,
                "profile_sidebar_fill_color": "252429",
                "screen_name": "detroitnews",
                "name": "The Detroit News",
                "listed_count": 2943,
                "profile_use_background_image": false,
                "friends_count": 2311,
                "description": "Detroit's best source for news and information. You can reach The Detroit News at online(at)detroitnews(dot)com. https://t.co/gma4B8adFW",
                "created_at": "Wed Oct 01 13:36:49 +0000 2008",
                "followers_count": 196588,
                "location": "Detroit,MI USA",
                "statuses_count": 143231,
                "url": "https://t.co/gma4B8adFW",
                "contributors_enabled": false,
                "profile_image_url": "http://pbs.twimg.com/profile_images/512551439021768704/yKZZwFHJ_normal.jpeg",
                "profile_text_color": "666666",
                "utc_offset": -18000
            },
            "retweeted_status": {
                "id": 801071978140631044,
                "coordinates": null,
                "contributors": null,
                "favorite_count": 2,
                "id_str": "801071978140631044",
                "is_quote_status": false,
                "geo": null,
                "in_reply_to_user_id_str": null,
                "truncated": false,
                "user": {
                    "id": 3152644679,
                    "follow_request_sent": false,
                    "favourites_count": 3,
                    "profile_background_image_url": "http://abs.twimg.com/images/themes/theme1/bg.png",
                    "profile_background_image_url_https": "https://abs.twimg.com/images/themes/theme1/bg.png",
                    "default_profile": true,
                    "id_str": "3152644679",
                    "notifications": false,
                    "profile_background_color": "C0DEED",
                    "is_translation_enabled": false,
                    "profile_image_url_https": "https://pbs.twimg.com/profile_images/593397673236963329/GJr35NIU_normal.jpg",
                    "protected": false,
                    "profile_link_color": "1DA1F2",
                    "profile_sidebar_border_color": "C0DEED",
                    "is_translator": false,
                    "geo_enabled": false,
                    "time_zone": null,
                    "default_profile_image": false,
                    "profile_background_tile": false,
                    "lang": "en",
                    "profile_banner_url": "https://pbs.twimg.com/profile_banners/3152644679/1430312034",
                    "translator_type": "none",
                    "following": false,
                    "has_extended_profile": false,
                    "entities": {
                        "description": {
                            "urls": []
                        }
                    },
                    "verified": false,
                    "profile_sidebar_fill_color": "DDEEF6",
                    "screen_name": "dn_nation_world",
                    "name": "Detroit News: Nation",
                    "listed_count": 20,
                    "profile_use_background_image": true,
                    "friends_count": 35,
                    "description": "",
                    "created_at": "Thu Apr 09 20:07:27 +0000 2015",
                    "followers_count": 632,
                    "location": "",
                    "statuses_count": 8426,
                    "url": null,
                    "contributors_enabled": false,
                    "profile_image_url": "http://pbs.twimg.com/profile_images/593397673236963329/GJr35NIU_normal.jpg",
                    "profile_text_color": "333333",
                    "utc_offset": null
                },
                "text": "Trump aide suggests he wants no Clinton probe. https://t.co/N6kvOscr6g https://t.co/xt5vRogWsU",
                "retweeted": false,
                "possibly_sensitive": false,
                "lang": "en",
                "in_reply_to_status_id": null,
                "in_reply_to_screen_name": null,
                "entities": {
                    "media": [
                        {
                            "id": 801071960801349632,
                            "media_url_https": "https://pbs.twimg.com/media/Cx36tD8XEAAMkX-.jpg",
                            "url": "https://t.co/xt5vRogWsU",
                            "type": "photo",
                            "id_str": "801071960801349632",
                            "display_url": "pic.twitter.com/xt5vRogWsU",
                            "media_url": "http://pbs.twimg.com/media/Cx36tD8XEAAMkX-.jpg",
                            "expanded_url": "https://twitter.com/dn_nation_world/status/801071978140631044/photo/1",
                            "indices": [
                                71,
                                94
                            ],
                            "sizes": {
                                "medium": {
                                    "resize": "fit",
                                    "w": 1000,
                                    "h": 667
                                },
                                "large": {
                                    "resize": "fit",
                                    "w": 1000,
                                    "h": 667
                                },
                                "small": {
                                    "resize": "fit",
                                    "w": 680,
                                    "h": 454
                                },
                                "thumb": {
                                    "resize": "crop",
                                    "w": 150,
                                    "h": 150
                                }
                            }
                        }
                    ],
                    "user_mentions": [],
                    "hashtags": [],
                    "urls": [
                        {
                            "display_url": "detne.ws/2fNIoH0",
                            "expanded_url": "http://detne.ws/2fNIoH0",
                            "url": "https://t.co/N6kvOscr6g",
                            "indices": [
                                47,
                                70
                            ]
                        }
                    ],
                    "symbols": []
                },
                "metadata": {
                    "result_type": "recent",
                    "iso_language_code": "en"
                },
                "source": "<a href=\"https://about.twitter.com/products/tweetdeck\" rel=\"nofollow\">TweetDeck</a>",
                "retweet_count": 2,
                "extended_entities": {
                    "media": [
                        {
                            "id": 801071960801349632,
                            "media_url_https": "https://pbs.twimg.com/media/Cx36tD8XEAAMkX-.jpg",
                            "url": "https://t.co/xt5vRogWsU",
                            "type": "photo",
                            "id_str": "801071960801349632",
                            "display_url": "pic.twitter.com/xt5vRogWsU",
                            "media_url": "http://pbs.twimg.com/media/Cx36tD8XEAAMkX-.jpg",
                            "expanded_url": "https://twitter.com/dn_nation_world/status/801071978140631044/photo/1",
                            "indices": [
                                71,
                                94
                            ],
                            "sizes": {
                                "medium": {
                                    "resize": "fit",
                                    "w": 1000,
                                    "h": 667
                                },
                                "large": {
                                    "resize": "fit",
                                    "w": 1000,
                                    "h": 667
                                },
                                "small": {
                                    "resize": "fit",
                                    "w": 680,
                                    "h": 454
                                },
                                "thumb": {
                                    "resize": "crop",
                                    "w": 150,
                                    "h": 150
                                }
                            }
                        }
                    ]
                },
                "created_at": "Tue Nov 22 14:36:57 +0000 2016",
                "favorited": false,
                "in_reply_to_user_id": null,
                "in_reply_to_status_id_str": null,
                "place": null
            },
            "text": "RT @dn_nation_world: Trump aide suggests he wants no Clinton probe. https://t.co/N6kvOscr6g https://t.co/xt5vRogWsU",
            "retweeted": false,
            "possibly_sensitive": false,
            "lang": "en",
            "in_reply_to_status_id": null,
            "in_reply_to_screen_name": null,
            "entities": {
                "media": [
                    {
                        "id": 801071960801349632,
                        "source_user_id_str": "3152644679",
                        "id_str": "801071960801349632",
                        "display_url": "pic.twitter.com/xt5vRogWsU",
                        "media_url": "http://pbs.twimg.com/media/Cx36tD8XEAAMkX-.jpg",
                        "source_user_id": 3152644679,
                        "sizes": {
                            "medium": {
                                "resize": "fit",
                                "w": 1000,
                                "h": 667
                            },
                            "large": {
                                "resize": "fit",
                                "w": 1000,
                                "h": 667
                            },
                            "small": {
                                "resize": "fit",
                                "w": 680,
                                "h": 454
                            },
                            "thumb": {
                                "resize": "crop",
                                "w": 150,
                                "h": 150
                            }
                        },
                        "media_url_https": "https://pbs.twimg.com/media/Cx36tD8XEAAMkX-.jpg",
                        "url": "https://t.co/xt5vRogWsU",
                        "indices": [
                            92,
                            115
                        ],
                        "source_status_id_str": "801071978140631044",
                        "expanded_url": "https://twitter.com/dn_nation_world/status/801071978140631044/photo/1",
                        "type": "photo",
                        "source_status_id": 801071978140631044
                    }
                ],
                "user_mentions": [
                    {
                        "id": 3152644679,
                        "id_str": "3152644679",
                        "indices": [
                            3,
                            19
                        ],
                        "screen_name": "dn_nation_world",
                        "name": "Detroit News: Nation"
                    }
                ],
                "hashtags": [],
                "urls": [
                    {
                        "display_url": "detne.ws/2fNIoH0",
                        "expanded_url": "http://detne.ws/2fNIoH0",
                        "url": "https://t.co/N6kvOscr6g",
                        "indices": [
                            68,
                            91
                        ]
                    }
                ],
                "symbols": []
            },
            "metadata": {
                "result_type": "recent",
                "iso_language_code": "en"
            },
            "source": "<a href=\"https://about.twitter.com/products/tweetdeck\" rel=\"nofollow\">TweetDeck</a>",
            "retweet_count": 2,
            "extended_entities": {
                "media": [
                    {
                        "id": 801071960801349632,
                        "source_user_id_str": "3152644679",
                        "id_str": "801071960801349632",
                        "display_url": "pic.twitter.com/xt5vRogWsU",
                        "media_url": "http://pbs.twimg.com/media/Cx36tD8XEAAMkX-.jpg",
                        "source_user_id": 3152644679,
                        "sizes": {
                            "medium": {
                                "resize": "fit",
                                "w": 1000,
                                "h": 667
                            },
                            "large": {
                                "resize": "fit",
                                "w": 1000,
                                "h": 667
                            },
                            "small": {
                                "resize": "fit",
                                "w": 680,
                                "h": 454
                            },
                            "thumb": {
                                "resize": "crop",
                                "w": 150,
                                "h": 150
                            }
                        },
                        "media_url_https": "https://pbs.twimg.com/media/Cx36tD8XEAAMkX-.jpg",
                        "url": "https://t.co/xt5vRogWsU",
                        "indices": [
                            92,
                            115
                        ],
                        "source_status_id_str": "801071978140631044",
                        "expanded_url": "https://twitter.com/dn_nation_world/status/801071978140631044/photo/1",
                        "type": "photo",
                        "source_status_id": 801071978140631044
                    }
                ]
            },
            "created_at": "Tue Nov 22 14:37:52 +0000 2016",
            "favorited": false,
            "in_reply_to_user_id": null,
            "in_reply_to_status_id_str": null,
            "place": null
        }
    ],
    "search_metadata": {
        "max_id_str": "801150762084507648",
        "count": 100,
        "query": "Hillary+OR+Clinton+from%3Adetroitnews+since%3A2016-11-22+until%3A2016-11-23+filter%3Alinks+-%40detroitnews",
        "completed_in": 0.023,
        "since_id_str": "0",
        "refresh_url": "?since_id=801150762084507648&q=Hillary%20OR%20Clinton%20from%3Adetroitnews%20since%3A2016-11-22%20until%3A2016-11-23%20filter%3Alinks%20-%40detroitnews&include_entities=1",
        "max_id": 801150762084507648,
        "since_id": 0
    }
}