{
    "statuses": [
        {
            "id": 802578828161912832,
            "coordinates": null,
            "contributors": null,
            "favorite_count": 27,
            "id_str": "802578828161912832",
            "is_quote_status": false,
            "geo": null,
            "in_reply_to_user_id_str": null,
            "truncated": false,
            "user": {
                "id": 13657922,
                "follow_request_sent": false,
                "favourites_count": 729,
                "profile_background_image_url": "http://pbs.twimg.com/profile_background_images/2548271/reglogo.jpg",
                "profile_background_image_url_https": "https://pbs.twimg.com/profile_background_images/2548271/reglogo.jpg",
                "default_profile": false,
                "id_str": "13657922",
                "notifications": false,
                "profile_background_color": "FFFFFF",
                "is_translation_enabled": false,
                "profile_image_url_https": "https://pbs.twimg.com/profile_images/651111022976086016/52Fga2lp_normal.jpg",
                "protected": false,
                "profile_link_color": "0000FF",
                "profile_sidebar_border_color": "87BC44",
                "is_translator": false,
                "geo_enabled": true,
                "time_zone": "Central Time (US & Canada)",
                "default_profile_image": false,
                "profile_background_tile": false,
                "lang": "en",
                "profile_banner_url": "https://pbs.twimg.com/profile_banners/13657922/1398290852",
                "translator_type": "none",
                "following": false,
                "has_extended_profile": false,
                "entities": {
                    "description": {
                        "urls": []
                    },
                    "url": {
                        "urls": [
                            {
                                "display_url": "desmoinesregister.com",
                                "expanded_url": "http://www.desmoinesregister.com",
                                "url": "http://t.co/RmnjvtAsaP",
                                "indices": [
                                    0,
                                    22
                                ]
                            }
                        ]
                    }
                },
                "verified": true,
                "profile_sidebar_fill_color": "E0FF92",
                "screen_name": "DMRegister",
                "name": "Des Moines Register",
                "listed_count": 2229,
                "profile_use_background_image": true,
                "friends_count": 5104,
                "description": "Latest headlines from The Des Moines Register",
                "created_at": "Tue Feb 19 04:56:13 +0000 2008",
                "followers_count": 120600,
                "location": "Des Moines, Iowa, USA",
                "statuses_count": 56892,
                "url": "http://t.co/RmnjvtAsaP",
                "contributors_enabled": false,
                "profile_image_url": "http://pbs.twimg.com/profile_images/651111022976086016/52Fga2lp_normal.jpg",
                "profile_text_color": "000000",
                "utc_offset": -21600
            },
            "text": "#Breaking: Hillary Clinton's campaign will support requests for recount in key swing states: https://t.co/VM0uaV4Kos",
            "retweeted": false,
            "possibly_sensitive": false,
            "lang": "en",
            "in_reply_to_status_id": null,
            "in_reply_to_screen_name": null,
            "entities": {
                "user_mentions": [],
                "hashtags": [
                    {
                        "text": "Breaking",
                        "indices": [
                            0,
                            9
                        ]
                    }
                ],
                "urls": [
                    {
                        "display_url": "dmreg.co/2fQm7pw",
                        "expanded_url": "http://dmreg.co/2fQm7pw",
                        "url": "https://t.co/VM0uaV4Kos",
                        "indices": [
                            93,
                            116
                        ]
                    }
                ],
                "symbols": []
            },
            "metadata": {
                "result_type": "recent",
                "iso_language_code": "en"
            },
            "source": "<a href=\"http://www.hootsuite.com\" rel=\"nofollow\">Hootsuite</a>",
            "retweet_count": 10,
            "created_at": "Sat Nov 26 18:24:38 +0000 2016",
            "favorited": false,
            "in_reply_to_user_id": null,
            "in_reply_to_status_id_str": null,
            "place": null
        }
    ],
    "search_metadata": {
        "max_id_str": "802578828161912832",
        "count": 100,
        "query": "Hillary+OR+Clinton+from%3ADMRegister+since%3A2016-11-26+until%3A2016-11-27+filter%3Alinks+-%40DMRegister",
        "completed_in": 0.027,
        "since_id_str": "0",
        "refresh_url": "?since_id=802578828161912832&q=Hillary%20OR%20Clinton%20from%3ADMRegister%20since%3A2016-11-26%20until%3A2016-11-27%20filter%3Alinks%20-%40DMRegister&include_entities=1",
        "max_id": 802578828161912832,
        "since_id": 0
    }
}