{
    "statuses": [],
    "search_metadata": {
        "max_id_str": "803065839851143168",
        "count": 100,
        "query": "Hillary+OR+Clinton+from%3Agazettedotcom+since%3A2016-11-26+until%3A2016-11-27+filter%3Alinks+-%40gazettedotcom",
        "completed_in": 0.068,
        "since_id_str": "0",
        "refresh_url": "?since_id=803065839851143168&q=Hillary%20OR%20Clinton%20from%3Agazettedotcom%20since%3A2016-11-26%20until%3A2016-11-27%20filter%3Alinks%20-%40gazettedotcom&include_entities=1",
        "max_id": 803065839851143168,
        "since_id": 0
    }
}