{
    "statuses": [
        {
            "id": 802596178068119552,
            "coordinates": null,
            "contributors": null,
            "favorite_count": 1,
            "id_str": "802596178068119552",
            "is_quote_status": false,
            "geo": null,
            "in_reply_to_user_id_str": null,
            "truncated": false,
            "user": {
                "id": 14708814,
                "follow_request_sent": false,
                "favourites_count": 1,
                "profile_background_image_url": "http://pbs.twimg.com/profile_background_images/657619393/9pyq4ao5jtn1ddn6p3zv.jpeg",
                "profile_background_image_url_https": "https://pbs.twimg.com/profile_background_images/657619393/9pyq4ao5jtn1ddn6p3zv.jpeg",
                "default_profile": false,
                "id_str": "14708814",
                "notifications": false,
                "profile_background_color": "EBEBEB",
                "is_translation_enabled": false,
                "profile_image_url_https": "https://pbs.twimg.com/profile_images/486872619036057600/yJuA5kD3_normal.png",
                "protected": false,
                "profile_link_color": "990000",
                "profile_sidebar_border_color": "FFFFFF",
                "is_translator": false,
                "geo_enabled": true,
                "time_zone": "Eastern Time (US & Canada)",
                "default_profile_image": false,
                "profile_background_tile": false,
                "lang": "en",
                "profile_banner_url": "https://pbs.twimg.com/profile_banners/14708814/1443623785",
                "translator_type": "none",
                "following": false,
                "has_extended_profile": false,
                "entities": {
                    "description": {
                        "urls": []
                    },
                    "url": {
                        "urls": [
                            {
                                "display_url": "courant.com",
                                "expanded_url": "http://www.courant.com",
                                "url": "http://t.co/3x1eSPbscs",
                                "indices": [
                                    0,
                                    22
                                ]
                            }
                        ]
                    }
                },
                "verified": true,
                "profile_sidebar_fill_color": "F3F3F3",
                "screen_name": "hartfordcourant",
                "name": "Hartford Courant",
                "listed_count": 1643,
                "profile_use_background_image": true,
                "friends_count": 2278,
                "description": "Connecticut breaking news, sports and politics from the state's largest newsroom and America's oldest continuously published newspaper.",
                "created_at": "Fri May 09 02:36:46 +0000 2008",
                "followers_count": 113349,
                "location": "Hartford, Connecticut",
                "statuses_count": 83333,
                "url": "http://t.co/3x1eSPbscs",
                "contributors_enabled": false,
                "profile_image_url": "http://pbs.twimg.com/profile_images/486872619036057600/yJuA5kD3_normal.png",
                "profile_text_color": "333333",
                "utc_offset": -18000
            },
            "text": "Clinton police search for suspects after 25 cars were burglarized, 3 stolen in the area https://t.co/akexjHBIkX",
            "retweeted": false,
            "possibly_sensitive": false,
            "lang": "en",
            "in_reply_to_status_id": null,
            "in_reply_to_screen_name": null,
            "entities": {
                "user_mentions": [],
                "hashtags": [],
                "urls": [
                    {
                        "display_url": "trib.al/V2R2S6y",
                        "expanded_url": "http://trib.al/V2R2S6y",
                        "url": "https://t.co/akexjHBIkX",
                        "indices": [
                            88,
                            111
                        ]
                    }
                ],
                "symbols": []
            },
            "metadata": {
                "result_type": "recent",
                "iso_language_code": "en"
            },
            "source": "<a href=\"http://www.socialflow.com\" rel=\"nofollow\">SocialFlow</a>",
            "retweet_count": 5,
            "created_at": "Sat Nov 26 19:33:35 +0000 2016",
            "favorited": false,
            "in_reply_to_user_id": null,
            "in_reply_to_status_id_str": null,
            "place": null
        },
        {
            "id": 802572863136006144,
            "coordinates": null,
            "contributors": null,
            "favorite_count": 5,
            "id_str": "802572863136006144",
            "is_quote_status": false,
            "geo": null,
            "in_reply_to_user_id_str": null,
            "truncated": false,
            "user": {
                "id": 14708814,
                "follow_request_sent": false,
                "favourites_count": 1,
                "profile_background_image_url": "http://pbs.twimg.com/profile_background_images/657619393/9pyq4ao5jtn1ddn6p3zv.jpeg",
                "profile_background_image_url_https": "https://pbs.twimg.com/profile_background_images/657619393/9pyq4ao5jtn1ddn6p3zv.jpeg",
                "default_profile": false,
                "id_str": "14708814",
                "notifications": false,
                "profile_background_color": "EBEBEB",
                "is_translation_enabled": false,
                "profile_image_url_https": "https://pbs.twimg.com/profile_images/486872619036057600/yJuA5kD3_normal.png",
                "protected": false,
                "profile_link_color": "990000",
                "profile_sidebar_border_color": "FFFFFF",
                "is_translator": false,
                "geo_enabled": true,
                "time_zone": "Eastern Time (US & Canada)",
                "default_profile_image": false,
                "profile_background_tile": false,
                "lang": "en",
                "profile_banner_url": "https://pbs.twimg.com/profile_banners/14708814/1443623785",
                "translator_type": "none",
                "following": false,
                "has_extended_profile": false,
                "entities": {
                    "description": {
                        "urls": []
                    },
                    "url": {
                        "urls": [
                            {
                                "display_url": "courant.com",
                                "expanded_url": "http://www.courant.com",
                                "url": "http://t.co/3x1eSPbscs",
                                "indices": [
                                    0,
                                    22
                                ]
                            }
                        ]
                    }
                },
                "verified": true,
                "profile_sidebar_fill_color": "F3F3F3",
                "screen_name": "hartfordcourant",
                "name": "Hartford Courant",
                "listed_count": 1643,
                "profile_use_background_image": true,
                "friends_count": 2278,
                "description": "Connecticut breaking news, sports and politics from the state's largest newsroom and America's oldest continuously published newspaper.",
                "created_at": "Fri May 09 02:36:46 +0000 2008",
                "followers_count": 113349,
                "location": "Hartford, Connecticut",
                "statuses_count": 83333,
                "url": "http://t.co/3x1eSPbscs",
                "contributors_enabled": false,
                "profile_image_url": "http://pbs.twimg.com/profile_images/486872619036057600/yJuA5kD3_normal.png",
                "profile_text_color": "333333",
                "utc_offset": -18000
            },
            "text": "Clinton campaign will participate in Wisconsin recount https://t.co/C8TmU0NfNI",
            "retweeted": false,
            "possibly_sensitive": false,
            "lang": "en",
            "in_reply_to_status_id": null,
            "in_reply_to_screen_name": null,
            "entities": {
                "user_mentions": [],
                "hashtags": [],
                "urls": [
                    {
                        "display_url": "trib.al/bNrOiwv",
                        "expanded_url": "http://trib.al/bNrOiwv",
                        "url": "https://t.co/C8TmU0NfNI",
                        "indices": [
                            55,
                            78
                        ]
                    }
                ],
                "symbols": []
            },
            "metadata": {
                "result_type": "recent",
                "iso_language_code": "en"
            },
            "source": "<a href=\"http://www.socialflow.com\" rel=\"nofollow\">SocialFlow</a>",
            "retweet_count": 1,
            "created_at": "Sat Nov 26 18:00:56 +0000 2016",
            "favorited": false,
            "in_reply_to_user_id": null,
            "in_reply_to_status_id_str": null,
            "place": null
        }
    ],
    "search_metadata": {
        "max_id_str": "802596178068119552",
        "count": 100,
        "query": "Hillary+OR+Clinton+from%3Ahartfordcourant+since%3A2016-11-26+until%3A2016-11-27+filter%3Alinks+-%40hartfordcourant",
        "completed_in": 0.027,
        "since_id_str": "0",
        "refresh_url": "?since_id=802596178068119552&q=Hillary%20OR%20Clinton%20from%3Ahartfordcourant%20since%3A2016-11-26%20until%3A2016-11-27%20filter%3Alinks%20-%40hartfordcourant&include_entities=1",
        "max_id": 802596178068119552,
        "since_id": 0
    }
}