{
    "statuses": [
        {
            "id": 802542634367586317,
            "coordinates": null,
            "contributors": null,
            "favorite_count": 6,
            "id_str": "802542634367586317",
            "is_quote_status": false,
            "geo": null,
            "in_reply_to_user_id_str": null,
            "truncated": false,
            "user": {
                "id": 16550142,
                "follow_request_sent": false,
                "favourites_count": 1462,
                "profile_background_image_url": "http://pbs.twimg.com/profile_background_images/378800000123769352/f3a8ad0c9fe01151df8cf34eb18efb5c.jpeg",
                "profile_background_image_url_https": "https://pbs.twimg.com/profile_background_images/378800000123769352/f3a8ad0c9fe01151df8cf34eb18efb5c.jpeg",
                "default_profile": false,
                "id_str": "16550142",
                "notifications": false,
                "profile_background_color": "333333",
                "is_translation_enabled": false,
                "profile_image_url_https": "https://pbs.twimg.com/profile_images/557169583878963204/zW17iH7I_normal.jpeg",
                "protected": false,
                "profile_link_color": "1373C0",
                "profile_sidebar_border_color": "FFFFFF",
                "is_translator": false,
                "geo_enabled": true,
                "time_zone": "Eastern Time (US & Canada)",
                "default_profile_image": false,
                "profile_background_tile": false,
                "lang": "en",
                "profile_banner_url": "https://pbs.twimg.com/profile_banners/16550142/1415827321",
                "translator_type": "none",
                "following": false,
                "has_extended_profile": false,
                "entities": {
                    "description": {
                        "urls": []
                    },
                    "url": {
                        "urls": [
                            {
                                "display_url": "indystar.com",
                                "expanded_url": "http://www.indystar.com/",
                                "url": "http://t.co/AHcf6xQRJC",
                                "indices": [
                                    0,
                                    22
                                ]
                            }
                        ]
                    }
                },
                "verified": true,
                "profile_sidebar_fill_color": "E8E6D0",
                "screen_name": "indystar",
                "name": "IndyStar",
                "listed_count": 2688,
                "profile_use_background_image": true,
                "friends_count": 414,
                "description": "News that matters. Sports that thrill. A city that excites. Your IndyStar: Serving the greater good of Central Indiana with local journalism.",
                "created_at": "Wed Oct 01 20:50:45 +0000 2008",
                "followers_count": 194095,
                "location": "Indianapolis, IN",
                "statuses_count": 150439,
                "url": "http://t.co/AHcf6xQRJC",
                "contributors_enabled": false,
                "profile_image_url": "http://pbs.twimg.com/profile_images/557169583878963204/zW17iH7I_normal.jpeg",
                "profile_text_color": "000000",
                "utc_offset": -18000
            },
            "text": "Four Donald Trump voters. Four Hillary Clinton voters. One room. And they listened to each other! https://t.co/kq8CUMrySj",
            "retweeted": false,
            "possibly_sensitive": false,
            "lang": "en",
            "in_reply_to_status_id": null,
            "in_reply_to_screen_name": null,
            "entities": {
                "user_mentions": [],
                "hashtags": [],
                "urls": [
                    {
                        "display_url": "indy.st/2fzxXGL",
                        "expanded_url": "http://indy.st/2fzxXGL",
                        "url": "https://t.co/kq8CUMrySj",
                        "indices": [
                            98,
                            121
                        ]
                    }
                ],
                "symbols": []
            },
            "metadata": {
                "result_type": "recent",
                "iso_language_code": "en"
            },
            "source": "<a href=\"http://www.hootsuite.com\" rel=\"nofollow\">Hootsuite</a>",
            "retweet_count": 2,
            "created_at": "Sat Nov 26 16:00:49 +0000 2016",
            "favorited": false,
            "in_reply_to_user_id": null,
            "in_reply_to_status_id_str": null,
            "place": null
        }
    ],
    "search_metadata": {
        "max_id_str": "802542634367586317",
        "count": 100,
        "query": "Hillary+OR+Clinton+from%3Aindystar+since%3A2016-11-26+until%3A2016-11-27+filter%3Alinks+-%40indystar",
        "completed_in": 0.023,
        "since_id_str": "0",
        "refresh_url": "?since_id=802542634367586317&q=Hillary%20OR%20Clinton%20from%3Aindystar%20since%3A2016-11-26%20until%3A2016-11-27%20filter%3Alinks%20-%40indystar&include_entities=1",
        "max_id": 802542634367586317,
        "since_id": 0
    }
}