{
    "statuses": [
        {
            "id": 802583142167183360,
            "coordinates": null,
            "contributors": null,
            "favorite_count": 16,
            "id_str": "802583142167183360",
            "is_quote_status": false,
            "geo": null,
            "in_reply_to_user_id_str": null,
            "truncated": false,
            "user": {
                "id": 14085040,
                "follow_request_sent": false,
                "favourites_count": 287,
                "profile_background_image_url": "http://pbs.twimg.com/profile_background_images/378800000013900789/a5a81b70f38bf7124af93439787031d0.jpeg",
                "profile_background_image_url_https": "https://pbs.twimg.com/profile_background_images/378800000013900789/a5a81b70f38bf7124af93439787031d0.jpeg",
                "default_profile": false,
                "id_str": "14085040",
                "notifications": false,
                "profile_background_color": "FFFFFF",
                "is_translation_enabled": false,
                "profile_image_url_https": "https://pbs.twimg.com/profile_images/528285037498609664/JCw0pEvY_normal.jpeg",
                "protected": false,
                "profile_link_color": "0060AF",
                "profile_sidebar_border_color": "FFFFFF",
                "is_translator": false,
                "geo_enabled": true,
                "time_zone": "Eastern Time (US & Canada)",
                "default_profile_image": false,
                "profile_background_tile": false,
                "lang": "en",
                "profile_banner_url": "https://pbs.twimg.com/profile_banners/14085040/1401331083",
                "translator_type": "none",
                "following": false,
                "has_extended_profile": false,
                "entities": {
                    "description": {
                        "urls": [
                            {
                                "display_url": "hrld.us/instagram",
                                "expanded_url": "http://hrld.us/instagram",
                                "url": "https://t.co/EBuss8QhEl",
                                "indices": [
                                    42,
                                    65
                                ]
                            },
                            {
                                "display_url": "hrld.us/facebook",
                                "expanded_url": "http://hrld.us/facebook",
                                "url": "https://t.co/C8sShSEs0S",
                                "indices": [
                                    76,
                                    99
                                ]
                            }
                        ]
                    },
                    "url": {
                        "urls": [
                            {
                                "display_url": "miamiherald.com",
                                "expanded_url": "http://www.miamiherald.com",
                                "url": "http://t.co/6KpRmDdPe2",
                                "indices": [
                                    0,
                                    22
                                ]
                            }
                        ]
                    }
                },
                "verified": true,
                "profile_sidebar_fill_color": "EBECED",
                "screen_name": "MiamiHerald",
                "name": "Miami Herald",
                "listed_count": 5553,
                "profile_use_background_image": true,
                "friends_count": 804,
                "description": "The news. Every day. Your way.\nInstagram: https://t.co/EBuss8QhEl\nFacebook: https://t.co/C8sShSEs0S\nSnapchat: miamiherald",
                "created_at": "Wed Mar 05 21:04:05 +0000 2008",
                "followers_count": 308976,
                "location": "Miami, FL",
                "statuses_count": 128322,
                "url": "http://t.co/6KpRmDdPe2",
                "contributors_enabled": false,
                "profile_image_url": "http://pbs.twimg.com/profile_images/528285037498609664/JCw0pEvY_normal.jpeg",
                "profile_text_color": "333333",
                "utc_offset": -18000
            },
            "text": "Clinton campaign will join recount effort in Wisconsin https://t.co/AAkLgwTItv https://t.co/BcDmKzfjgI",
            "retweeted": false,
            "possibly_sensitive": false,
            "lang": "en",
            "in_reply_to_status_id": null,
            "in_reply_to_screen_name": null,
            "entities": {
                "media": [
                    {
                        "id": 802583136525832197,
                        "media_url_https": "https://pbs.twimg.com/media/CyNZHENXUAU_6hs.jpg",
                        "url": "https://t.co/BcDmKzfjgI",
                        "type": "photo",
                        "id_str": "802583136525832197",
                        "display_url": "pic.twitter.com/BcDmKzfjgI",
                        "media_url": "http://pbs.twimg.com/media/CyNZHENXUAU_6hs.jpg",
                        "expanded_url": "https://twitter.com/MiamiHerald/status/802583142167183360/photo/1",
                        "indices": [
                            79,
                            102
                        ],
                        "sizes": {
                            "medium": {
                                "resize": "fit",
                                "w": 960,
                                "h": 657
                            },
                            "small": {
                                "resize": "fit",
                                "w": 680,
                                "h": 465
                            },
                            "large": {
                                "resize": "fit",
                                "w": 960,
                                "h": 657
                            },
                            "thumb": {
                                "resize": "crop",
                                "w": 150,
                                "h": 150
                            }
                        }
                    }
                ],
                "user_mentions": [],
                "hashtags": [],
                "urls": [
                    {
                        "display_url": "hrld.us/2fzpCzn",
                        "expanded_url": "http://hrld.us/2fzpCzn",
                        "url": "https://t.co/AAkLgwTItv",
                        "indices": [
                            55,
                            78
                        ]
                    }
                ],
                "symbols": []
            },
            "metadata": {
                "result_type": "recent",
                "iso_language_code": "en"
            },
            "source": "<a href=\"https://about.twitter.com/products/tweetdeck\" rel=\"nofollow\">TweetDeck</a>",
            "retweet_count": 7,
            "extended_entities": {
                "media": [
                    {
                        "id": 802583136525832197,
                        "media_url_https": "https://pbs.twimg.com/media/CyNZHENXUAU_6hs.jpg",
                        "url": "https://t.co/BcDmKzfjgI",
                        "type": "photo",
                        "id_str": "802583136525832197",
                        "display_url": "pic.twitter.com/BcDmKzfjgI",
                        "media_url": "http://pbs.twimg.com/media/CyNZHENXUAU_6hs.jpg",
                        "expanded_url": "https://twitter.com/MiamiHerald/status/802583142167183360/photo/1",
                        "indices": [
                            79,
                            102
                        ],
                        "sizes": {
                            "medium": {
                                "resize": "fit",
                                "w": 960,
                                "h": 657
                            },
                            "small": {
                                "resize": "fit",
                                "w": 680,
                                "h": 465
                            },
                            "large": {
                                "resize": "fit",
                                "w": 960,
                                "h": 657
                            },
                            "thumb": {
                                "resize": "crop",
                                "w": 150,
                                "h": 150
                            }
                        }
                    }
                ]
            },
            "created_at": "Sat Nov 26 18:41:47 +0000 2016",
            "favorited": false,
            "in_reply_to_user_id": null,
            "in_reply_to_status_id_str": null,
            "place": null
        },
        {
            "id": 802558369617866752,
            "coordinates": null,
            "contributors": null,
            "favorite_count": 0,
            "id_str": "802558369617866752",
            "is_quote_status": true,
            "geo": null,
            "in_reply_to_user_id_str": null,
            "truncated": false,
            "user": {
                "id": 14085040,
                "follow_request_sent": false,
                "favourites_count": 287,
                "profile_background_image_url": "http://pbs.twimg.com/profile_background_images/378800000013900789/a5a81b70f38bf7124af93439787031d0.jpeg",
                "profile_background_image_url_https": "https://pbs.twimg.com/profile_background_images/378800000013900789/a5a81b70f38bf7124af93439787031d0.jpeg",
                "default_profile": false,
                "id_str": "14085040",
                "notifications": false,
                "profile_background_color": "FFFFFF",
                "is_translation_enabled": false,
                "profile_image_url_https": "https://pbs.twimg.com/profile_images/528285037498609664/JCw0pEvY_normal.jpeg",
                "protected": false,
                "profile_link_color": "0060AF",
                "profile_sidebar_border_color": "FFFFFF",
                "is_translator": false,
                "geo_enabled": true,
                "time_zone": "Eastern Time (US & Canada)",
                "default_profile_image": false,
                "profile_background_tile": false,
                "lang": "en",
                "profile_banner_url": "https://pbs.twimg.com/profile_banners/14085040/1401331083",
                "translator_type": "none",
                "following": false,
                "has_extended_profile": false,
                "entities": {
                    "description": {
                        "urls": [
                            {
                                "display_url": "hrld.us/instagram",
                                "expanded_url": "http://hrld.us/instagram",
                                "url": "https://t.co/EBuss8QhEl",
                                "indices": [
                                    42,
                                    65
                                ]
                            },
                            {
                                "display_url": "hrld.us/facebook",
                                "expanded_url": "http://hrld.us/facebook",
                                "url": "https://t.co/C8sShSEs0S",
                                "indices": [
                                    76,
                                    99
                                ]
                            }
                        ]
                    },
                    "url": {
                        "urls": [
                            {
                                "display_url": "miamiherald.com",
                                "expanded_url": "http://www.miamiherald.com",
                                "url": "http://t.co/6KpRmDdPe2",
                                "indices": [
                                    0,
                                    22
                                ]
                            }
                        ]
                    }
                },
                "verified": true,
                "profile_sidebar_fill_color": "EBECED",
                "screen_name": "MiamiHerald",
                "name": "Miami Herald",
                "listed_count": 5553,
                "profile_use_background_image": true,
                "friends_count": 804,
                "description": "The news. Every day. Your way.\nInstagram: https://t.co/EBuss8QhEl\nFacebook: https://t.co/C8sShSEs0S\nSnapchat: miamiherald",
                "created_at": "Wed Mar 05 21:04:05 +0000 2008",
                "followers_count": 308976,
                "location": "Miami, FL",
                "statuses_count": 128322,
                "url": "http://t.co/6KpRmDdPe2",
                "contributors_enabled": false,
                "profile_image_url": "http://pbs.twimg.com/profile_images/528285037498609664/JCw0pEvY_normal.jpeg",
                "profile_text_color": "333333",
                "utc_offset": -18000
            },
            "retweeted_status": {
                "id": 802557583416561664,
                "coordinates": null,
                "contributors": null,
                "favorite_count": 13,
                "id_str": "802557583416561664",
                "is_quote_status": true,
                "geo": null,
                "in_reply_to_user_id_str": null,
                "truncated": true,
                "user": {
                    "id": 20083388,
                    "follow_request_sent": false,
                    "favourites_count": 0,
                    "profile_background_image_url": "http://abs.twimg.com/images/themes/theme1/bg.png",
                    "profile_background_image_url_https": "https://abs.twimg.com/images/themes/theme1/bg.png",
                    "default_profile": false,
                    "id_str": "20083388",
                    "notifications": false,
                    "profile_background_color": "C0DEED",
                    "is_translation_enabled": false,
                    "profile_image_url_https": "https://pbs.twimg.com/profile_images/1913872950/IMG_0081-copy_normal.jpg",
                    "protected": false,
                    "profile_link_color": "0084B4",
                    "profile_sidebar_border_color": "C0DEED",
                    "is_translator": false,
                    "geo_enabled": false,
                    "time_zone": "Eastern Time (US & Canada)",
                    "default_profile_image": false,
                    "profile_background_tile": false,
                    "lang": "en",
                    "profile_banner_url": "https://pbs.twimg.com/profile_banners/20083388/1424032725",
                    "translator_type": "none",
                    "following": false,
                    "has_extended_profile": false,
                    "entities": {
                        "description": {
                            "urls": []
                        },
                        "url": {
                            "urls": [
                                {
                                    "display_url": "miamiherald.com",
                                    "expanded_url": "http://www.miamiherald.com",
                                    "url": "https://t.co/6KpRmDdPe2",
                                    "indices": [
                                        0,
                                        23
                                    ]
                                }
                            ]
                        }
                    },
                    "verified": true,
                    "profile_sidebar_fill_color": "DDEEF6",
                    "screen_name": "PatriciaMazzei",
                    "name": "Patricia Mazzei",
                    "listed_count": 406,
                    "profile_use_background_image": true,
                    "friends_count": 915,
                    "description": "Political writer @MiamiHerald. I endorse only sunshine, real and figurative. A veces escribo en espa\u00f1ol. #finoallafine",
                    "created_at": "Wed Feb 04 19:33:39 +0000 2009",
                    "followers_count": 7901,
                    "location": "Miami",
                    "statuses_count": 21863,
                    "url": "https://t.co/6KpRmDdPe2",
                    "contributors_enabled": false,
                    "profile_image_url": "http://pbs.twimg.com/profile_images/1913872950/IMG_0081-copy_normal.jpg",
                    "profile_text_color": "333333",
                    "utc_offset": -18000
                },
                "text": ".@realDonaldTrump telephoned Miami-Dade County @MayorGimenez re Fidel Castro's death, per county spox. (Gimenez, an\u2026 https://t.co/YKTmipFFoa",
                "retweeted": false,
                "favorited": false,
                "lang": "en",
                "in_reply_to_status_id": null,
                "in_reply_to_screen_name": null,
                "entities": {
                    "user_mentions": [
                        {
                            "id": 25073877,
                            "id_str": "25073877",
                            "indices": [
                                1,
                                17
                            ],
                            "screen_name": "realDonaldTrump",
                            "name": "Donald J. Trump"
                        },
                        {
                            "id": 331783175,
                            "id_str": "331783175",
                            "indices": [
                                47,
                                60
                            ],
                            "screen_name": "MayorGimenez",
                            "name": "Carlos A. Gimenez"
                        }
                    ],
                    "hashtags": [],
                    "urls": [
                        {
                            "display_url": "twitter.com/i/web/status/8\u2026",
                            "expanded_url": "https://twitter.com/i/web/status/802557583416561664",
                            "url": "https://t.co/YKTmipFFoa",
                            "indices": [
                                117,
                                140
                            ]
                        }
                    ],
                    "symbols": []
                },
                "possibly_sensitive": false,
                "metadata": {
                    "result_type": "recent",
                    "iso_language_code": "en"
                },
                "source": "<a href=\"http://twitter.com/download/iphone\" rel=\"nofollow\">Twitter for iPhone</a>",
                "retweet_count": 19,
                "created_at": "Sat Nov 26 17:00:13 +0000 2016",
                "quoted_status_id": 802552855332843520,
                "in_reply_to_user_id": null,
                "in_reply_to_status_id_str": null,
                "place": null,
                "quoted_status_id_str": "802552855332843520",
                "quoted_status": {
                    "id": 802552855332843520,
                    "coordinates": null,
                    "contributors": null,
                    "favorite_count": 8,
                    "id_str": "802552855332843520",
                    "is_quote_status": false,
                    "geo": null,
                    "in_reply_to_user_id_str": null,
                    "truncated": false,
                    "user": {
                        "id": 190876067,
                        "follow_request_sent": false,
                        "favourites_count": 1104,
                        "profile_background_image_url": "http://abs.twimg.com/images/themes/theme15/bg.png",
                        "profile_background_image_url_https": "https://abs.twimg.com/images/themes/theme15/bg.png",
                        "default_profile": false,
                        "id_str": "190876067",
                        "notifications": false,
                        "profile_background_color": "000000",
                        "is_translation_enabled": false,
                        "profile_image_url_https": "https://pbs.twimg.com/profile_images/605402494919954434/GC0CXenE_normal.jpg",
                        "protected": false,
                        "profile_link_color": "3B94D9",
                        "profile_sidebar_border_color": "000000",
                        "is_translator": false,
                        "geo_enabled": true,
                        "time_zone": "Eastern Time (US & Canada)",
                        "default_profile_image": false,
                        "profile_background_tile": false,
                        "lang": "en",
                        "translator_type": "none",
                        "following": false,
                        "has_extended_profile": true,
                        "entities": {
                            "description": {
                                "urls": []
                            },
                            "url": {
                                "urls": [
                                    {
                                        "display_url": "miamidade.gov/mayor/biograph\u2026",
                                        "expanded_url": "http://www.miamidade.gov/mayor/biography-hernandez.asp",
                                        "url": "https://t.co/mdDgSgFsm2",
                                        "indices": [
                                            0,
                                            23
                                        ]
                                    }
                                ]
                            }
                        },
                        "verified": true,
                        "profile_sidebar_fill_color": "000000",
                        "screen_name": "HernandezMA5",
                        "name": "Mike Hern\u00e1ndez",
                        "listed_count": 62,
                        "profile_use_background_image": false,
                        "friends_count": 1753,
                        "description": "Brian & Alyssa's Dad. Christine's husband. Comms Dir for @MayorGimenez and @MiamiDadeCounty. @FIU Alum, @TheDemocrats Miami sports fan. Tweets = my opinion.",
                        "created_at": "Wed Sep 15 01:47:48 +0000 2010",
                        "followers_count": 1892,
                        "location": "South Florida",
                        "statuses_count": 15650,
                        "url": "https://t.co/mdDgSgFsm2",
                        "contributors_enabled": false,
                        "profile_image_url": "http://pbs.twimg.com/profile_images/605402494919954434/GC0CXenE_normal.jpg",
                        "profile_text_color": "000000",
                        "utc_offset": -18000
                    },
                    "text": "Can confirm that @MayorGimenez spoke with President-Elect Donald Trump regarding the passing of Fidel Castro. (1/2)",
                    "retweeted": false,
                    "lang": "en",
                    "in_reply_to_status_id": null,
                    "in_reply_to_screen_name": null,
                    "entities": {
                        "user_mentions": [
                            {
                                "id": 331783175,
                                "id_str": "331783175",
                                "indices": [
                                    17,
                                    30
                                ],
                                "screen_name": "MayorGimenez",
                                "name": "Carlos A. Gimenez"
                            }
                        ],
                        "hashtags": [],
                        "urls": [],
                        "symbols": []
                    },
                    "metadata": {
                        "result_type": "recent",
                        "iso_language_code": "en"
                    },
                    "source": "<a href=\"http://twitter.com/download/iphone\" rel=\"nofollow\">Twitter for iPhone</a>",
                    "retweet_count": 8,
                    "created_at": "Sat Nov 26 16:41:26 +0000 2016",
                    "favorited": false,
                    "in_reply_to_user_id": null,
                    "in_reply_to_status_id_str": null,
                    "place": null
                }
            },
            "text": "RT @PatriciaMazzei: .@realDonaldTrump telephoned Miami-Dade County @MayorGimenez re Fidel Castro's death, per county spox. (Gimenez, an R,\u2026",
            "retweeted": false,
            "favorited": false,
            "lang": "en",
            "in_reply_to_status_id": null,
            "in_reply_to_screen_name": null,
            "entities": {
                "user_mentions": [
                    {
                        "id": 20083388,
                        "id_str": "20083388",
                        "indices": [
                            3,
                            18
                        ],
                        "screen_name": "PatriciaMazzei",
                        "name": "Patricia Mazzei"
                    },
                    {
                        "id": 25073877,
                        "id_str": "25073877",
                        "indices": [
                            21,
                            37
                        ],
                        "screen_name": "realDonaldTrump",
                        "name": "Donald J. Trump"
                    },
                    {
                        "id": 331783175,
                        "id_str": "331783175",
                        "indices": [
                            67,
                            80
                        ],
                        "screen_name": "MayorGimenez",
                        "name": "Carlos A. Gimenez"
                    }
                ],
                "hashtags": [],
                "urls": [],
                "symbols": []
            },
            "metadata": {
                "result_type": "recent",
                "iso_language_code": "en"
            },
            "source": "<a href=\"https://about.twitter.com/products/tweetdeck\" rel=\"nofollow\">TweetDeck</a>",
            "retweet_count": 19,
            "created_at": "Sat Nov 26 17:03:20 +0000 2016",
            "quoted_status_id": 802552855332843520,
            "in_reply_to_user_id": null,
            "in_reply_to_status_id_str": null,
            "place": null,
            "quoted_status_id_str": "802552855332843520"
        }
    ],
    "search_metadata": {
        "max_id_str": "802583142167183360",
        "count": 100,
        "query": "Hillary+OR+Clinton+from%3AMiamiHerald+since%3A2016-11-26+until%3A2016-11-27+filter%3Alinks+-%40MiamiHerald",
        "completed_in": 0.028,
        "since_id_str": "0",
        "refresh_url": "?since_id=802583142167183360&q=Hillary%20OR%20Clinton%20from%3AMiamiHerald%20since%3A2016-11-26%20until%3A2016-11-27%20filter%3Alinks%20-%40MiamiHerald&include_entities=1",
        "max_id": 802583142167183360,
        "since_id": 0
    }
}