{
    "statuses": [
        {
            "id": 801120343045738496,
            "coordinates": null,
            "contributors": null,
            "favorite_count": 102,
            "id_str": "801120343045738496",
            "is_quote_status": false,
            "geo": null,
            "in_reply_to_user_id_str": null,
            "truncated": true,
            "user": {
                "id": 17348525,
                "follow_request_sent": false,
                "favourites_count": 1213,
                "profile_background_image_url": "http://pbs.twimg.com/profile_background_images/378800000177961119/MxVaJ3fR.jpeg",
                "profile_background_image_url_https": "https://pbs.twimg.com/profile_background_images/378800000177961119/MxVaJ3fR.jpeg",
                "default_profile": false,
                "id_str": "17348525",
                "notifications": false,
                "profile_background_color": "FFFFFF",
                "is_translation_enabled": false,
                "profile_image_url_https": "https://pbs.twimg.com/profile_images/427289765734404096/Ip4UAv5q_normal.jpeg",
                "protected": false,
                "profile_link_color": "31661E",
                "profile_sidebar_border_color": "FFFFFF",
                "is_translator": false,
                "geo_enabled": false,
                "time_zone": "Central Time (US & Canada)",
                "default_profile_image": false,
                "profile_background_tile": false,
                "lang": "en",
                "profile_banner_url": "https://pbs.twimg.com/profile_banners/17348525/1480105232",
                "translator_type": "regular",
                "following": false,
                "has_extended_profile": false,
                "entities": {
                    "description": {
                        "urls": [
                            {
                                "display_url": "strib.mn/STtweets",
                                "expanded_url": "http://strib.mn/STtweets",
                                "url": "https://t.co/DKVw7iC5C9",
                                "indices": [
                                    46,
                                    69
                                ]
                            }
                        ]
                    },
                    "url": {
                        "urls": [
                            {
                                "display_url": "startribune.com",
                                "expanded_url": "http://www.startribune.com",
                                "url": "https://t.co/2perTa45jk",
                                "indices": [
                                    0,
                                    23
                                ]
                            }
                        ]
                    }
                },
                "verified": true,
                "profile_sidebar_fill_color": "E6EDE4",
                "screen_name": "StarTribune",
                "name": "Star Tribune",
                "listed_count": 3336,
                "profile_use_background_image": true,
                "friends_count": 800,
                "description": "Minnesota's top choice for news and more. See https://t.co/DKVw7iC5C9 to follow our journalists. Find customer service at @startribsupport.",
                "created_at": "Wed Nov 12 20:55:38 +0000 2008",
                "followers_count": 251652,
                "location": "Minneapolis, MN ",
                "statuses_count": 100966,
                "url": "https://t.co/2perTa45jk",
                "contributors_enabled": false,
                "profile_image_url": "http://pbs.twimg.com/profile_images/427289765734404096/Ip4UAv5q_normal.jpeg",
                "profile_text_color": "333333",
                "utc_offset": -21600
            },
            "text": "Hillary Clinton spotted in bookstore: 'I told her I voted for her, that she meant and means a lot'\u2026 https://t.co/K25EVwWiCM",
            "retweeted": false,
            "possibly_sensitive": false,
            "lang": "en",
            "in_reply_to_status_id": null,
            "in_reply_to_screen_name": null,
            "entities": {
                "user_mentions": [],
                "hashtags": [],
                "urls": [
                    {
                        "display_url": "twitter.com/i/web/status/8\u2026",
                        "expanded_url": "https://twitter.com/i/web/status/801120343045738496",
                        "url": "https://t.co/K25EVwWiCM",
                        "indices": [
                            100,
                            123
                        ]
                    }
                ],
                "symbols": []
            },
            "metadata": {
                "result_type": "recent",
                "iso_language_code": "en"
            },
            "source": "<a href=\"https://about.twitter.com/products/tweetdeck\" rel=\"nofollow\">TweetDeck</a>",
            "retweet_count": 11,
            "created_at": "Tue Nov 22 17:49:08 +0000 2016",
            "favorited": false,
            "in_reply_to_user_id": null,
            "in_reply_to_status_id_str": null,
            "place": null
        },
        {
            "id": 801073825370603520,
            "coordinates": null,
            "contributors": null,
            "favorite_count": 5,
            "id_str": "801073825370603520",
            "is_quote_status": false,
            "geo": null,
            "in_reply_to_user_id_str": null,
            "truncated": true,
            "user": {
                "id": 17348525,
                "follow_request_sent": false,
                "favourites_count": 1213,
                "profile_background_image_url": "http://pbs.twimg.com/profile_background_images/378800000177961119/MxVaJ3fR.jpeg",
                "profile_background_image_url_https": "https://pbs.twimg.com/profile_background_images/378800000177961119/MxVaJ3fR.jpeg",
                "default_profile": false,
                "id_str": "17348525",
                "notifications": false,
                "profile_background_color": "FFFFFF",
                "is_translation_enabled": false,
                "profile_image_url_https": "https://pbs.twimg.com/profile_images/427289765734404096/Ip4UAv5q_normal.jpeg",
                "protected": false,
                "profile_link_color": "31661E",
                "profile_sidebar_border_color": "FFFFFF",
                "is_translator": false,
                "geo_enabled": false,
                "time_zone": "Central Time (US & Canada)",
                "default_profile_image": false,
                "profile_background_tile": false,
                "lang": "en",
                "profile_banner_url": "https://pbs.twimg.com/profile_banners/17348525/1480105232",
                "translator_type": "regular",
                "following": false,
                "has_extended_profile": false,
                "entities": {
                    "description": {
                        "urls": [
                            {
                                "display_url": "strib.mn/STtweets",
                                "expanded_url": "http://strib.mn/STtweets",
                                "url": "https://t.co/DKVw7iC5C9",
                                "indices": [
                                    46,
                                    69
                                ]
                            }
                        ]
                    },
                    "url": {
                        "urls": [
                            {
                                "display_url": "startribune.com",
                                "expanded_url": "http://www.startribune.com",
                                "url": "https://t.co/2perTa45jk",
                                "indices": [
                                    0,
                                    23
                                ]
                            }
                        ]
                    }
                },
                "verified": true,
                "profile_sidebar_fill_color": "E6EDE4",
                "screen_name": "StarTribune",
                "name": "Star Tribune",
                "listed_count": 3336,
                "profile_use_background_image": true,
                "friends_count": 800,
                "description": "Minnesota's top choice for news and more. See https://t.co/DKVw7iC5C9 to follow our journalists. Find customer service at @startribsupport.",
                "created_at": "Wed Nov 12 20:55:38 +0000 2008",
                "followers_count": 251652,
                "location": "Minneapolis, MN ",
                "statuses_count": 100966,
                "url": "https://t.co/2perTa45jk",
                "contributors_enabled": false,
                "profile_image_url": "http://pbs.twimg.com/profile_images/427289765734404096/Ip4UAv5q_normal.jpeg",
                "profile_text_color": "333333",
                "utc_offset": -21600
            },
            "text": "Conway suggests Trump is going to help Clinton 'heal' and not pursue a probe of her private email server\u2026 https://t.co/W4GWT9Zfqs",
            "retweeted": false,
            "possibly_sensitive": false,
            "lang": "en",
            "in_reply_to_status_id": null,
            "in_reply_to_screen_name": null,
            "entities": {
                "user_mentions": [],
                "hashtags": [],
                "urls": [
                    {
                        "display_url": "twitter.com/i/web/status/8\u2026",
                        "expanded_url": "https://twitter.com/i/web/status/801073825370603520",
                        "url": "https://t.co/W4GWT9Zfqs",
                        "indices": [
                            106,
                            129
                        ]
                    }
                ],
                "symbols": []
            },
            "metadata": {
                "result_type": "recent",
                "iso_language_code": "en"
            },
            "source": "<a href=\"https://about.twitter.com/products/tweetdeck\" rel=\"nofollow\">TweetDeck</a>",
            "retweet_count": 0,
            "created_at": "Tue Nov 22 14:44:17 +0000 2016",
            "favorited": false,
            "in_reply_to_user_id": null,
            "in_reply_to_status_id_str": null,
            "place": null
        },
        {
            "id": 800890043325972480,
            "coordinates": null,
            "contributors": null,
            "favorite_count": 5,
            "id_str": "800890043325972480",
            "is_quote_status": false,
            "geo": null,
            "in_reply_to_user_id_str": null,
            "truncated": false,
            "user": {
                "id": 17348525,
                "follow_request_sent": false,
                "favourites_count": 1213,
                "profile_background_image_url": "http://pbs.twimg.com/profile_background_images/378800000177961119/MxVaJ3fR.jpeg",
                "profile_background_image_url_https": "https://pbs.twimg.com/profile_background_images/378800000177961119/MxVaJ3fR.jpeg",
                "default_profile": false,
                "id_str": "17348525",
                "notifications": false,
                "profile_background_color": "FFFFFF",
                "is_translation_enabled": false,
                "profile_image_url_https": "https://pbs.twimg.com/profile_images/427289765734404096/Ip4UAv5q_normal.jpeg",
                "protected": false,
                "profile_link_color": "31661E",
                "profile_sidebar_border_color": "FFFFFF",
                "is_translator": false,
                "geo_enabled": false,
                "time_zone": "Central Time (US & Canada)",
                "default_profile_image": false,
                "profile_background_tile": false,
                "lang": "en",
                "profile_banner_url": "https://pbs.twimg.com/profile_banners/17348525/1480105232",
                "translator_type": "regular",
                "following": false,
                "has_extended_profile": false,
                "entities": {
                    "description": {
                        "urls": [
                            {
                                "display_url": "strib.mn/STtweets",
                                "expanded_url": "http://strib.mn/STtweets",
                                "url": "https://t.co/DKVw7iC5C9",
                                "indices": [
                                    46,
                                    69
                                ]
                            }
                        ]
                    },
                    "url": {
                        "urls": [
                            {
                                "display_url": "startribune.com",
                                "expanded_url": "http://www.startribune.com",
                                "url": "https://t.co/2perTa45jk",
                                "indices": [
                                    0,
                                    23
                                ]
                            }
                        ]
                    }
                },
                "verified": true,
                "profile_sidebar_fill_color": "E6EDE4",
                "screen_name": "StarTribune",
                "name": "Star Tribune",
                "listed_count": 3336,
                "profile_use_background_image": true,
                "friends_count": 800,
                "description": "Minnesota's top choice for news and more. See https://t.co/DKVw7iC5C9 to follow our journalists. Find customer service at @startribsupport.",
                "created_at": "Wed Nov 12 20:55:38 +0000 2008",
                "followers_count": 251652,
                "location": "Minneapolis, MN ",
                "statuses_count": 100966,
                "url": "https://t.co/2perTa45jk",
                "contributors_enabled": false,
                "profile_image_url": "http://pbs.twimg.com/profile_images/427289765734404096/Ip4UAv5q_normal.jpeg",
                "profile_text_color": "333333",
                "utc_offset": -21600
            },
            "text": "No federal charges against I-94 driver for violent, vulgar anti-Clinton message on van https://t.co/2JUdJgxtEj https://t.co/UcZR6aNovk",
            "retweeted": false,
            "possibly_sensitive": false,
            "lang": "en",
            "in_reply_to_status_id": null,
            "in_reply_to_screen_name": null,
            "entities": {
                "media": [
                    {
                        "id": 800824773123063808,
                        "media_url_https": "https://pbs.twimg.com/media/Cx0Z42FVQAAiwFK.jpg",
                        "url": "https://t.co/UcZR6aNovk",
                        "type": "photo",
                        "id_str": "800824773123063808",
                        "display_url": "pic.twitter.com/UcZR6aNovk",
                        "media_url": "http://pbs.twimg.com/media/Cx0Z42FVQAAiwFK.jpg",
                        "expanded_url": "https://twitter.com/StarTribune/status/800890043325972480/photo/1",
                        "indices": [
                            111,
                            134
                        ],
                        "sizes": {
                            "large": {
                                "resize": "fit",
                                "w": 525,
                                "h": 267
                            },
                            "thumb": {
                                "resize": "crop",
                                "w": 150,
                                "h": 150
                            },
                            "small": {
                                "resize": "fit",
                                "w": 525,
                                "h": 267
                            },
                            "medium": {
                                "resize": "fit",
                                "w": 525,
                                "h": 267
                            }
                        }
                    }
                ],
                "user_mentions": [],
                "hashtags": [],
                "urls": [
                    {
                        "display_url": "strib.mn/2fyQRLw",
                        "expanded_url": "http://strib.mn/2fyQRLw",
                        "url": "https://t.co/2JUdJgxtEj",
                        "indices": [
                            87,
                            110
                        ]
                    }
                ],
                "symbols": []
            },
            "metadata": {
                "result_type": "recent",
                "iso_language_code": "en"
            },
            "source": "<a href=\"https://about.twitter.com/products/tweetdeck\" rel=\"nofollow\">TweetDeck</a>",
            "retweet_count": 8,
            "extended_entities": {
                "media": [
                    {
                        "id": 800824773123063808,
                        "media_url_https": "https://pbs.twimg.com/media/Cx0Z42FVQAAiwFK.jpg",
                        "url": "https://t.co/UcZR6aNovk",
                        "type": "photo",
                        "id_str": "800824773123063808",
                        "display_url": "pic.twitter.com/UcZR6aNovk",
                        "media_url": "http://pbs.twimg.com/media/Cx0Z42FVQAAiwFK.jpg",
                        "expanded_url": "https://twitter.com/StarTribune/status/800890043325972480/photo/1",
                        "indices": [
                            111,
                            134
                        ],
                        "sizes": {
                            "large": {
                                "resize": "fit",
                                "w": 525,
                                "h": 267
                            },
                            "thumb": {
                                "resize": "crop",
                                "w": 150,
                                "h": 150
                            },
                            "small": {
                                "resize": "fit",
                                "w": 525,
                                "h": 267
                            },
                            "medium": {
                                "resize": "fit",
                                "w": 525,
                                "h": 267
                            }
                        }
                    }
                ]
            },
            "created_at": "Tue Nov 22 02:34:00 +0000 2016",
            "favorited": false,
            "in_reply_to_user_id": null,
            "in_reply_to_status_id_str": null,
            "place": null
        }
    ],
    "search_metadata": {
        "max_id_str": "801120343045738496",
        "count": 100,
        "query": "Hillary+OR+Clinton+from%3AStarTribune+since%3A2016-11-22+until%3A2016-11-23+filter%3Alinks+-%40StarTribune",
        "completed_in": 0.031,
        "since_id_str": "0",
        "refresh_url": "?since_id=801120343045738496&q=Hillary%20OR%20Clinton%20from%3AStarTribune%20since%3A2016-11-22%20until%3A2016-11-23%20filter%3Alinks%20-%40StarTribune&include_entities=1",
        "max_id": 801120343045738496,
        "since_id": 0
    }
}