{
    "statuses": [],
    "search_metadata": {
        "max_id_str": "803065835078062080",
        "count": 100,
        "query": "Hillary+OR+Clinton+from%3Atwinfallstn+since%3A2016-11-26+until%3A2016-11-27+filter%3Alinks+-%40twinfallstn",
        "completed_in": 0.027,
        "since_id_str": "0",
        "refresh_url": "?since_id=803065835078062080&q=Hillary%20OR%20Clinton%20from%3Atwinfallstn%20since%3A2016-11-26%20until%3A2016-11-27%20filter%3Alinks%20-%40twinfallstn&include_entities=1",
        "max_id": 803065835078062080,
        "since_id": 0
    }
}