{
    "statuses": [
        {
            "is_quote_status": false,
            "in_reply_to_status_id_str": null,
            "favorited": false,
            "contributors": null,
            "retweet_count": 11,
            "entities": {
                "user_mentions": [],
                "hashtags": [],
                "symbols": [],
                "urls": [
                    {
                        "expanded_url": "http://bsun.md/2gCE5zB",
                        "url": "https://t.co/QUN3CZZXgk",
                        "display_url": "bsun.md/2gCE5zB",
                        "indices": [
                            110,
                            133
                        ]
                    }
                ]
            },
            "geo": null,
            "retweeted": false,
            "in_reply_to_status_id": null,
            "id_str": "801636462219370496",
            "user": {
                "profile_banner_url": "https://pbs.twimg.com/profile_banners/8861752/1414186163",
                "profile_sidebar_border_color": "C6E2EE",
                "favourites_count": 1843,
                "following": false,
                "default_profile_image": false,
                "follow_request_sent": false,
                "profile_sidebar_fill_color": "FFE600",
                "id": 8861752,
                "translator_type": "regular",
                "has_extended_profile": false,
                "profile_image_url": "http://pbs.twimg.com/profile_images/520989247491166209/blL63-Iz_normal.jpeg",
                "verified": true,
                "id_str": "8861752",
                "profile_background_image_url": "http://pbs.twimg.com/profile_background_images/245679812/bsunlow.jpg",
                "geo_enabled": true,
                "profile_link_color": "15225E",
                "protected": false,
                "profile_background_tile": false,
                "time_zone": "Eastern Time (US & Canada)",
                "listed_count": 3622,
                "location": "Baltimore, Maryland",
                "description": "Light for all. For customer service, customersatisfaction@baltsun.com. For our journalists: http://t.co/NrQDTYSV3V",
                "name": "The Baltimore Sun",
                "notifications": false,
                "utc_offset": -18000,
                "profile_background_color": "75CBF0",
                "screen_name": "baltimoresun",
                "followers_count": 222857,
                "profile_use_background_image": true,
                "default_profile": false,
                "url": "http://t.co/9qupGo3R00",
                "entities": {
                    "description": {
                        "urls": [
                            {
                                "expanded_url": "http://bsun.md/staff",
                                "url": "http://t.co/NrQDTYSV3V",
                                "display_url": "bsun.md/staff",
                                "indices": [
                                    92,
                                    114
                                ]
                            }
                        ]
                    },
                    "url": {
                        "urls": [
                            {
                                "expanded_url": "http://baltimoresun.com",
                                "url": "http://t.co/9qupGo3R00",
                                "display_url": "baltimoresun.com",
                                "indices": [
                                    0,
                                    22
                                ]
                            }
                        ]
                    }
                },
                "is_translation_enabled": false,
                "profile_image_url_https": "https://pbs.twimg.com/profile_images/520989247491166209/blL63-Iz_normal.jpeg",
                "is_translator": false,
                "friends_count": 12470,
                "lang": "en",
                "statuses_count": 126211,
                "profile_background_image_url_https": "https://pbs.twimg.com/profile_background_images/245679812/bsunlow.jpg",
                "contributors_enabled": false,
                "created_at": "Thu Sep 13 20:21:39 +0000 2007",
                "profile_text_color": "663B12"
            },
            "in_reply_to_user_id_str": null,
            "source": "<a href=\"https://about.twitter.com/products/tweetdeck\" rel=\"nofollow\">TweetDeck</a>",
            "coordinates": null,
            "truncated": false,
            "metadata": {
                "result_type": "recent",
                "iso_language_code": "en"
            },
            "in_reply_to_screen_name": null,
            "text": "Experts ask Clinton to call for a recount in three battleground states: Wisconsin, Michigan and Pennsylvania. https://t.co/QUN3CZZXgk",
            "created_at": "Thu Nov 24 04:00:00 +0000 2016",
            "in_reply_to_user_id": null,
            "place": null,
            "favorite_count": 12,
            "id": 801636462219370496,
            "lang": "en",
            "possibly_sensitive": false
        }
    ],
    "search_metadata": {
        "count": 100,
        "since_id_str": "0",
        "refresh_url": "?since_id=801636462219370496&q=Hillary%20OR%20Clinton%20from%3Abaltimoresun%20since%3A2016-11-24%20until%3A2016-11-25%20filter%3Alinks%20-%40baltimoresun&include_entities=1",
        "max_id": 801636462219370496,
        "max_id_str": "801636462219370496",
        "completed_in": 0.044,
        "since_id": 0,
        "query": "Hillary+OR+Clinton+from%3Abaltimoresun+since%3A2016-11-24+until%3A2016-11-25+filter%3Alinks+-%40baltimoresun"
    }
}