{
    "statuses": [
        {
            "is_quote_status": false,
            "in_reply_to_status_id_str": null,
            "favorited": false,
            "contributors": null,
            "retweet_count": 36,
            "entities": {
                "user_mentions": [],
                "hashtags": [],
                "symbols": [],
                "urls": [
                    {
                        "expanded_url": "https://twitter.com/i/web/status/801888075819401218",
                        "url": "https://t.co/i1MWybWf8r",
                        "display_url": "twitter.com/i/web/status/8\u2026",
                        "indices": [
                            114,
                            137
                        ]
                    }
                ]
            },
            "geo": null,
            "retweeted": false,
            "in_reply_to_status_id": null,
            "id_str": "801888075819401218",
            "user": {
                "profile_banner_url": "https://pbs.twimg.com/profile_banners/7313362/1479647725",
                "profile_sidebar_border_color": "FFFFFF",
                "favourites_count": 300,
                "following": true,
                "default_profile_image": false,
                "follow_request_sent": false,
                "profile_sidebar_fill_color": "E8F3F7",
                "id": 7313362,
                "translator_type": "regular",
                "has_extended_profile": false,
                "profile_image_url": "http://pbs.twimg.com/profile_images/497063779952099328/kwXnsWCE_normal.jpeg",
                "verified": true,
                "id_str": "7313362",
                "profile_background_image_url": "http://pbs.twimg.com/profile_background_images/585532601131110400/8tDplQzV.jpg",
                "geo_enabled": false,
                "profile_link_color": "336699",
                "protected": false,
                "profile_background_tile": false,
                "time_zone": "Central Time (US & Canada)",
                "listed_count": 10270,
                "location": "Chicago, IL",
                "description": "Chicago Tribune news, features and so much more live from our newsroom. A part of your life since 1847.",
                "name": "Chicago Tribune",
                "notifications": false,
                "utc_offset": -21600,
                "profile_background_color": "E1E1E1",
                "screen_name": "chicagotribune",
                "followers_count": 742331,
                "profile_use_background_image": false,
                "default_profile": false,
                "url": "https://t.co/gaVbUBEf0t",
                "entities": {
                    "description": {
                        "urls": []
                    },
                    "url": {
                        "urls": [
                            {
                                "expanded_url": "http://chicagotribune.com",
                                "url": "https://t.co/gaVbUBEf0t",
                                "display_url": "chicagotribune.com",
                                "indices": [
                                    0,
                                    23
                                ]
                            }
                        ]
                    }
                },
                "is_translation_enabled": false,
                "profile_image_url_https": "https://pbs.twimg.com/profile_images/497063779952099328/kwXnsWCE_normal.jpeg",
                "is_translator": false,
                "friends_count": 751,
                "lang": "en",
                "statuses_count": 112842,
                "profile_background_image_url_https": "https://pbs.twimg.com/profile_background_images/585532601131110400/8tDplQzV.jpg",
                "contributors_enabled": false,
                "created_at": "Sat Jul 07 14:10:07 +0000 2007",
                "profile_text_color": "414141"
            },
            "in_reply_to_user_id_str": null,
            "source": "<a href=\"https://about.twitter.com/products/tweetdeck\" rel=\"nofollow\">TweetDeck</a>",
            "coordinates": null,
            "truncated": true,
            "metadata": {
                "result_type": "recent",
                "iso_language_code": "en"
            },
            "in_reply_to_screen_name": null,
            "text": "Data experts, election lawyers ask Hillary Clinton to call for a recount in Wisconsin, Michigan and Pennsylvania\u2026 https://t.co/i1MWybWf8r",
            "created_at": "Thu Nov 24 20:39:50 +0000 2016",
            "in_reply_to_user_id": null,
            "place": null,
            "favorite_count": 69,
            "id": 801888075819401218,
            "lang": "en",
            "possibly_sensitive": false
        },
        {
            "is_quote_status": false,
            "in_reply_to_status_id_str": null,
            "favorited": false,
            "contributors": null,
            "retweet_count": 60,
            "entities": {
                "user_mentions": [],
                "hashtags": [],
                "symbols": [],
                "urls": [
                    {
                        "expanded_url": "https://twitter.com/i/web/status/801616613527220225",
                        "url": "https://t.co/BklvP3Pbls",
                        "display_url": "twitter.com/i/web/status/8\u2026",
                        "indices": [
                            117,
                            140
                        ]
                    }
                ]
            },
            "geo": null,
            "retweeted": false,
            "in_reply_to_status_id": null,
            "id_str": "801616613527220225",
            "user": {
                "profile_banner_url": "https://pbs.twimg.com/profile_banners/7313362/1479647725",
                "profile_sidebar_border_color": "FFFFFF",
                "favourites_count": 300,
                "following": true,
                "default_profile_image": false,
                "follow_request_sent": false,
                "profile_sidebar_fill_color": "E8F3F7",
                "id": 7313362,
                "translator_type": "regular",
                "has_extended_profile": false,
                "profile_image_url": "http://pbs.twimg.com/profile_images/497063779952099328/kwXnsWCE_normal.jpeg",
                "verified": true,
                "id_str": "7313362",
                "profile_background_image_url": "http://pbs.twimg.com/profile_background_images/585532601131110400/8tDplQzV.jpg",
                "geo_enabled": false,
                "profile_link_color": "336699",
                "protected": false,
                "profile_background_tile": false,
                "time_zone": "Central Time (US & Canada)",
                "listed_count": 10270,
                "location": "Chicago, IL",
                "description": "Chicago Tribune news, features and so much more live from our newsroom. A part of your life since 1847.",
                "name": "Chicago Tribune",
                "notifications": false,
                "utc_offset": -21600,
                "profile_background_color": "E1E1E1",
                "screen_name": "chicagotribune",
                "followers_count": 742331,
                "profile_use_background_image": false,
                "default_profile": false,
                "url": "https://t.co/gaVbUBEf0t",
                "entities": {
                    "description": {
                        "urls": []
                    },
                    "url": {
                        "urls": [
                            {
                                "expanded_url": "http://chicagotribune.com",
                                "url": "https://t.co/gaVbUBEf0t",
                                "display_url": "chicagotribune.com",
                                "indices": [
                                    0,
                                    23
                                ]
                            }
                        ]
                    }
                },
                "is_translation_enabled": false,
                "profile_image_url_https": "https://pbs.twimg.com/profile_images/497063779952099328/kwXnsWCE_normal.jpeg",
                "is_translator": false,
                "friends_count": 751,
                "lang": "en",
                "statuses_count": 112842,
                "profile_background_image_url_https": "https://pbs.twimg.com/profile_background_images/585532601131110400/8tDplQzV.jpg",
                "contributors_enabled": false,
                "created_at": "Sat Jul 07 14:10:07 +0000 2007",
                "profile_text_color": "414141"
            },
            "in_reply_to_user_id_str": null,
            "source": "<a href=\"https://about.twitter.com/products/tweetdeck\" rel=\"nofollow\">TweetDeck</a>",
            "coordinates": null,
            "truncated": true,
            "metadata": {
                "result_type": "recent",
                "iso_language_code": "en"
            },
            "in_reply_to_screen_name": null,
            "text": "Data experts, lawyers ask Hillary Clinton to seek recount in 3 battleground states to ensure no cyberattack occurre\u2026 https://t.co/BklvP3Pbls",
            "created_at": "Thu Nov 24 02:41:08 +0000 2016",
            "in_reply_to_user_id": null,
            "place": null,
            "favorite_count": 98,
            "id": 801616613527220225,
            "lang": "en",
            "possibly_sensitive": false
        }
    ],
    "search_metadata": {
        "count": 100,
        "since_id_str": "0",
        "refresh_url": "?since_id=801888075819401218&q=Hillary%20OR%20Clinton%20from%3Achicagotribune%20since%3A2016-11-24%20until%3A2016-11-25%20filter%3Alinks%20-%40chicagotribune&include_entities=1",
        "max_id": 801888075819401218,
        "max_id_str": "801888075819401218",
        "completed_in": 0.055,
        "since_id": 0,
        "query": "Hillary+OR+Clinton+from%3Achicagotribune+since%3A2016-11-24+until%3A2016-11-25+filter%3Alinks+-%40chicagotribune"
    }
}