{
    "statuses": [
        {
            "is_quote_status": false,
            "in_reply_to_status_id_str": null,
            "favorited": false,
            "contributors": null,
            "retweet_count": 2,
            "entities": {
                "user_mentions": [],
                "hashtags": [],
                "symbols": [],
                "urls": [
                    {
                        "expanded_url": "http://gazette.com/article/1590895?utm_medium=social&utm_source=twitter_csgazette",
                        "url": "https://t.co/aJhxKhtcw2",
                        "display_url": "gazette.com/article/159089\u2026",
                        "indices": [
                            62,
                            85
                        ]
                    }
                ],
                "media": [
                    {
                        "type": "photo",
                        "indices": [
                            86,
                            109
                        ],
                        "media_url_https": "https://pbs.twimg.com/media/CyAIy0_WIAAqAlu.jpg",
                        "expanded_url": "https://twitter.com/csgazette/status/801650404916363264/photo/1",
                        "id_str": "801650402982764544",
                        "media_url": "http://pbs.twimg.com/media/CyAIy0_WIAAqAlu.jpg",
                        "display_url": "pic.twitter.com/eBZTdbLRQY",
                        "id": 801650402982764544,
                        "url": "https://t.co/eBZTdbLRQY",
                        "sizes": {
                            "medium": {
                                "w": 887,
                                "resize": "fit",
                                "h": 592
                            },
                            "thumb": {
                                "w": 150,
                                "resize": "crop",
                                "h": 150
                            },
                            "large": {
                                "w": 887,
                                "resize": "fit",
                                "h": 592
                            },
                            "small": {
                                "w": 680,
                                "resize": "fit",
                                "h": 454
                            }
                        }
                    }
                ]
            },
            "geo": null,
            "extended_entities": {
                "media": [
                    {
                        "type": "photo",
                        "indices": [
                            86,
                            109
                        ],
                        "media_url_https": "https://pbs.twimg.com/media/CyAIy0_WIAAqAlu.jpg",
                        "expanded_url": "https://twitter.com/csgazette/status/801650404916363264/photo/1",
                        "id_str": "801650402982764544",
                        "media_url": "http://pbs.twimg.com/media/CyAIy0_WIAAqAlu.jpg",
                        "display_url": "pic.twitter.com/eBZTdbLRQY",
                        "id": 801650402982764544,
                        "url": "https://t.co/eBZTdbLRQY",
                        "sizes": {
                            "medium": {
                                "w": 887,
                                "resize": "fit",
                                "h": 592
                            },
                            "thumb": {
                                "w": 150,
                                "resize": "crop",
                                "h": 150
                            },
                            "large": {
                                "w": 887,
                                "resize": "fit",
                                "h": 592
                            },
                            "small": {
                                "w": 680,
                                "resize": "fit",
                                "h": 454
                            }
                        }
                    }
                ]
            },
            "retweeted": false,
            "in_reply_to_status_id": null,
            "id_str": "801650404916363264",
            "user": {
                "profile_banner_url": "https://pbs.twimg.com/profile_banners/12837932/1432672048",
                "profile_sidebar_border_color": "FFFFFF",
                "favourites_count": 466,
                "following": false,
                "default_profile_image": false,
                "follow_request_sent": false,
                "profile_sidebar_fill_color": "EFEFEF",
                "id": 12837932,
                "translator_type": "none",
                "has_extended_profile": false,
                "profile_image_url": "http://pbs.twimg.com/profile_images/704378890030952448/qDdbY0RO_normal.jpg",
                "verified": true,
                "id_str": "12837932",
                "profile_background_image_url": "http://abs.twimg.com/images/themes/theme14/bg.gif",
                "geo_enabled": true,
                "profile_link_color": "009999",
                "protected": false,
                "profile_background_tile": true,
                "time_zone": "Mountain Time (US & Canada)",
                "listed_count": 1049,
                "location": "Colorado Springs",
                "description": "2014 Pulitzer Prize winner and #Colorado's second-largest newspaper, delivering the news from #COSprings. News tips:  https://t.co/oysvESA2t5",
                "name": "The Gazette",
                "notifications": false,
                "utc_offset": -25200,
                "profile_background_color": "131516",
                "screen_name": "csgazette",
                "followers_count": 48415,
                "profile_use_background_image": true,
                "default_profile": false,
                "url": "http://t.co/wQTvR4mDC8",
                "entities": {
                    "description": {
                        "urls": [
                            {
                                "expanded_url": "http://gazette.com/newstip",
                                "url": "https://t.co/oysvESA2t5",
                                "display_url": "gazette.com/newstip",
                                "indices": [
                                    118,
                                    141
                                ]
                            }
                        ]
                    },
                    "url": {
                        "urls": [
                            {
                                "expanded_url": "http://www.gazette.com",
                                "url": "http://t.co/wQTvR4mDC8",
                                "display_url": "gazette.com",
                                "indices": [
                                    0,
                                    22
                                ]
                            }
                        ]
                    }
                },
                "is_translation_enabled": false,
                "profile_image_url_https": "https://pbs.twimg.com/profile_images/704378890030952448/qDdbY0RO_normal.jpg",
                "is_translator": false,
                "friends_count": 2850,
                "lang": "en",
                "statuses_count": 124152,
                "profile_background_image_url_https": "https://abs.twimg.com/images/themes/theme14/bg.gif",
                "contributors_enabled": false,
                "created_at": "Tue Jan 29 17:46:48 +0000 2008",
                "profile_text_color": "333333"
            },
            "in_reply_to_user_id_str": null,
            "source": "<a href=\"http://www.socialnewsdesk.com\" rel=\"nofollow\">SocialNewsDesk</a>",
            "coordinates": null,
            "truncated": false,
            "metadata": {
                "result_type": "recent",
                "iso_language_code": "en"
            },
            "in_reply_to_screen_name": null,
            "text": "Experts ask Clinton to seek recount in 3 battleground states: https://t.co/aJhxKhtcw2 https://t.co/eBZTdbLRQY",
            "created_at": "Thu Nov 24 04:55:25 +0000 2016",
            "in_reply_to_user_id": null,
            "place": null,
            "favorite_count": 7,
            "id": 801650404916363264,
            "lang": "en",
            "possibly_sensitive": false
        }
    ],
    "search_metadata": {
        "count": 100,
        "since_id_str": "0",
        "refresh_url": "?since_id=801650404916363264&q=Hillary%20OR%20Clinton%20from%3Acsgazette%20since%3A2016-11-24%20until%3A2016-11-25%20filter%3Alinks%20-%40csgazette&include_entities=1",
        "max_id": 801650404916363264,
        "max_id_str": "801650404916363264",
        "completed_in": 0.042,
        "since_id": 0,
        "query": "Hillary+OR+Clinton+from%3Acsgazette+since%3A2016-11-24+until%3A2016-11-25+filter%3Alinks+-%40csgazette"
    }
}