{
    "statuses": [
        {
            "is_quote_status": false,
            "in_reply_to_status_id_str": null,
            "favorited": false,
            "contributors": null,
            "retweet_count": 8,
            "entities": {
                "user_mentions": [
                    {
                        "id_str": "25073877",
                        "screen_name": "realDonaldTrump",
                        "indices": [
                            52,
                            68
                        ],
                        "name": "Donald J. Trump",
                        "id": 25073877
                    }
                ],
                "hashtags": [],
                "symbols": [],
                "urls": [
                    {
                        "expanded_url": "http://on.freep.com/2gke8R8",
                        "url": "https://t.co/RXEu9NTTQY",
                        "display_url": "on.freep.com/2gke8R8",
                        "indices": [
                            71,
                            94
                        ]
                    }
                ]
            },
            "geo": null,
            "retweeted": false,
            "in_reply_to_status_id": null,
            "id_str": "801885705916055552",
            "user": {
                "profile_banner_url": "https://pbs.twimg.com/profile_banners/8795772/1406564135",
                "profile_sidebar_border_color": "FFFFFF",
                "favourites_count": 3973,
                "following": false,
                "default_profile_image": false,
                "follow_request_sent": false,
                "profile_sidebar_fill_color": "FFFFFF",
                "id": 8795772,
                "translator_type": "none",
                "has_extended_profile": false,
                "profile_image_url": "http://pbs.twimg.com/profile_images/765605644254707712/MxgZ4fRN_normal.jpg",
                "verified": true,
                "id_str": "8795772",
                "profile_background_image_url": "http://pbs.twimg.com/profile_background_images/662745333/ua0fr1vxqje8dgtrwv5x.jpeg",
                "geo_enabled": true,
                "profile_link_color": "5678A3",
                "protected": false,
                "profile_background_tile": true,
                "time_zone": "Eastern Time (US & Canada)",
                "listed_count": 4177,
                "location": "Detroit",
                "description": "News from Detroit. w/@aetmanshuschka, @Ash_Detroit @BrianManzullo, @lissa218 and the @Freep web team",
                "name": "Detroit Free Press",
                "notifications": false,
                "utc_offset": -18000,
                "profile_background_color": "496595",
                "screen_name": "freep",
                "followers_count": 311803,
                "profile_use_background_image": true,
                "default_profile": false,
                "url": "http://t.co/QaxDeaxx0H",
                "entities": {
                    "description": {
                        "urls": []
                    },
                    "url": {
                        "urls": [
                            {
                                "expanded_url": "http://www.freep.com",
                                "url": "http://t.co/QaxDeaxx0H",
                                "display_url": "freep.com",
                                "indices": [
                                    0,
                                    22
                                ]
                            }
                        ]
                    }
                },
                "is_translation_enabled": false,
                "profile_image_url_https": "https://pbs.twimg.com/profile_images/765605644254707712/MxgZ4fRN_normal.jpg",
                "is_translator": false,
                "friends_count": 3552,
                "lang": "en",
                "statuses_count": 152904,
                "profile_background_image_url_https": "https://pbs.twimg.com/profile_background_images/662745333/ua0fr1vxqje8dgtrwv5x.jpeg",
                "contributors_enabled": false,
                "created_at": "Mon Sep 10 21:42:21 +0000 2007",
                "profile_text_color": "000000"
            },
            "in_reply_to_user_id_str": null,
            "source": "<a href=\"http://www.hootsuite.com\" rel=\"nofollow\">Hootsuite</a>",
            "coordinates": null,
            "truncated": false,
            "metadata": {
                "result_type": "recent",
                "iso_language_code": "en"
            },
            "in_reply_to_screen_name": null,
            "text": "Teacher unions smarting after many members vote for @realDonaldTrump   https://t.co/RXEu9NTTQY",
            "created_at": "Thu Nov 24 20:30:25 +0000 2016",
            "in_reply_to_user_id": null,
            "place": null,
            "favorite_count": 4,
            "id": 801885705916055552,
            "lang": "en",
            "possibly_sensitive": false
        }
    ],
    "search_metadata": {
        "count": 100,
        "since_id_str": "0",
        "refresh_url": "?since_id=801885705916055552&q=Hillary%20OR%20Clinton%20from%3Afreep%20since%3A2016-11-24%20until%3A2016-11-25%20filter%3Alinks%20-%40freep&include_entities=1",
        "max_id": 801885705916055552,
        "max_id_str": "801885705916055552",
        "completed_in": 0.048,
        "since_id": 0,
        "query": "Hillary+OR+Clinton+from%3Afreep+since%3A2016-11-24+until%3A2016-11-25+filter%3Alinks+-%40freep"
    }
}