{
    "statuses": [
        {
            "is_quote_status": false,
            "in_reply_to_status_id_str": null,
            "favorited": false,
            "contributors": null,
            "retweet_count": 3,
            "entities": {
                "user_mentions": [],
                "hashtags": [],
                "symbols": [],
                "urls": [
                    {
                        "expanded_url": "http://thesent.nl/2ghP917",
                        "url": "https://t.co/H0Wi56EBmr",
                        "display_url": "thesent.nl/2ghP917",
                        "indices": [
                            61,
                            84
                        ]
                    }
                ],
                "media": [
                    {
                        "type": "photo",
                        "indices": [
                            85,
                            108
                        ],
                        "media_url_https": "https://pbs.twimg.com/media/CyBJCm9XEAAVk47.jpg",
                        "expanded_url": "https://twitter.com/orlandosentinel/status/801721046240034816/photo/1",
                        "id_str": "801721042838425600",
                        "media_url": "http://pbs.twimg.com/media/CyBJCm9XEAAVk47.jpg",
                        "display_url": "pic.twitter.com/10p7PGVYew",
                        "id": 801721042838425600,
                        "url": "https://t.co/10p7PGVYew",
                        "sizes": {
                            "medium": {
                                "w": 1200,
                                "resize": "fit",
                                "h": 800
                            },
                            "small": {
                                "w": 680,
                                "resize": "fit",
                                "h": 453
                            },
                            "large": {
                                "w": 2048,
                                "resize": "fit",
                                "h": 1365
                            },
                            "thumb": {
                                "w": 150,
                                "resize": "crop",
                                "h": 150
                            }
                        }
                    }
                ]
            },
            "geo": null,
            "extended_entities": {
                "media": [
                    {
                        "type": "photo",
                        "indices": [
                            85,
                            108
                        ],
                        "media_url_https": "https://pbs.twimg.com/media/CyBJCm9XEAAVk47.jpg",
                        "expanded_url": "https://twitter.com/orlandosentinel/status/801721046240034816/photo/1",
                        "id_str": "801721042838425600",
                        "media_url": "http://pbs.twimg.com/media/CyBJCm9XEAAVk47.jpg",
                        "display_url": "pic.twitter.com/10p7PGVYew",
                        "id": 801721042838425600,
                        "url": "https://t.co/10p7PGVYew",
                        "sizes": {
                            "medium": {
                                "w": 1200,
                                "resize": "fit",
                                "h": 800
                            },
                            "small": {
                                "w": 680,
                                "resize": "fit",
                                "h": 453
                            },
                            "large": {
                                "w": 2048,
                                "resize": "fit",
                                "h": 1365
                            },
                            "thumb": {
                                "w": 150,
                                "resize": "crop",
                                "h": 150
                            }
                        }
                    }
                ]
            },
            "retweeted": false,
            "in_reply_to_status_id": null,
            "id_str": "801721046240034816",
            "user": {
                "profile_banner_url": "https://pbs.twimg.com/profile_banners/1429761/1429874320",
                "profile_sidebar_border_color": "FFFFFF",
                "favourites_count": 670,
                "following": false,
                "default_profile_image": false,
                "follow_request_sent": false,
                "profile_sidebar_fill_color": "A0C5C7",
                "id": 1429761,
                "translator_type": "none",
                "has_extended_profile": false,
                "profile_image_url": "http://pbs.twimg.com/profile_images/511895715086225409/gkbtKjFU_normal.png",
                "verified": true,
                "id_str": "1429761",
                "profile_background_image_url": "http://pbs.twimg.com/profile_background_images/378800000167425621/KsGhbXdn.jpeg",
                "geo_enabled": true,
                "profile_link_color": "00B5CC",
                "protected": false,
                "profile_background_tile": false,
                "time_zone": "Eastern Time (US & Canada)",
                "listed_count": 3104,
                "location": "Orlando, FL",
                "description": "The Orlando Sentinel is the most comprehensive news source of the Central Florida region.",
                "name": "Orlando Sentinel",
                "notifications": false,
                "utc_offset": -18000,
                "profile_background_color": "F9ED2E",
                "screen_name": "orlandosentinel",
                "followers_count": 214282,
                "profile_use_background_image": false,
                "default_profile": false,
                "url": "http://t.co/4aB05T4abC",
                "entities": {
                    "description": {
                        "urls": []
                    },
                    "url": {
                        "urls": [
                            {
                                "expanded_url": "http://www.orlandosentinel.com",
                                "url": "http://t.co/4aB05T4abC",
                                "display_url": "orlandosentinel.com",
                                "indices": [
                                    0,
                                    22
                                ]
                            }
                        ]
                    }
                },
                "is_translation_enabled": false,
                "profile_image_url_https": "https://pbs.twimg.com/profile_images/511895715086225409/gkbtKjFU_normal.png",
                "is_translator": false,
                "friends_count": 584,
                "lang": "en",
                "statuses_count": 114536,
                "profile_background_image_url_https": "https://pbs.twimg.com/profile_background_images/378800000167425621/KsGhbXdn.jpeg",
                "contributors_enabled": false,
                "created_at": "Sun Mar 18 18:02:20 +0000 2007",
                "profile_text_color": "333333"
            },
            "in_reply_to_user_id_str": null,
            "source": "<a href=\"http://www.socialflow.com\" rel=\"nofollow\">SocialFlow</a>",
            "coordinates": null,
            "truncated": false,
            "metadata": {
                "result_type": "recent",
                "iso_language_code": "en"
            },
            "in_reply_to_screen_name": null,
            "text": "Experts ask Clinton to seek recount in 3 battleground states\nhttps://t.co/H0Wi56EBmr https://t.co/10p7PGVYew",
            "created_at": "Thu Nov 24 09:36:07 +0000 2016",
            "in_reply_to_user_id": null,
            "place": null,
            "favorite_count": 7,
            "id": 801721046240034816,
            "lang": "en",
            "possibly_sensitive": false
        }
    ],
    "search_metadata": {
        "count": 100,
        "since_id_str": "0",
        "refresh_url": "?since_id=801721046240034816&q=Hillary%20OR%20Clinton%20from%3Aorlandosentinel%20since%3A2016-11-24%20until%3A2016-11-25%20filter%3Alinks%20-%40orlandosentinel&include_entities=1",
        "max_id": 801721046240034816,
        "max_id_str": "801721046240034816",
        "completed_in": 0.04,
        "since_id": 0,
        "query": "Hillary+OR+Clinton+from%3Aorlandosentinel+since%3A2016-11-24+until%3A2016-11-25+filter%3Alinks+-%40orlandosentinel"
    }
}