{
    "statuses": [
        {
            "is_quote_status": false,
            "in_reply_to_status_id_str": null,
            "favorited": false,
            "contributors": null,
            "retweet_count": 12,
            "entities": {
                "user_mentions": [],
                "hashtags": [],
                "symbols": [],
                "urls": [
                    {
                        "expanded_url": "http://bit.ly/2ftkfFs",
                        "url": "https://t.co/ICmjcoXElO",
                        "display_url": "bit.ly/2ftkfFs",
                        "indices": [
                            69,
                            92
                        ]
                    }
                ],
                "media": [
                    {
                        "type": "photo",
                        "indices": [
                            93,
                            116
                        ],
                        "media_url_https": "https://pbs.twimg.com/media/Cx_28_rXEAAztr4.jpg",
                        "expanded_url": "https://twitter.com/Suntimes/status/801630871296032769/photo/1",
                        "id_str": "801630786441121792",
                        "media_url": "http://pbs.twimg.com/media/Cx_28_rXEAAztr4.jpg",
                        "display_url": "pic.twitter.com/g7bLNdwGaO",
                        "id": 801630786441121792,
                        "url": "https://t.co/g7bLNdwGaO",
                        "sizes": {
                            "medium": {
                                "w": 1101,
                                "resize": "fit",
                                "h": 734
                            },
                            "thumb": {
                                "w": 150,
                                "resize": "crop",
                                "h": 150
                            },
                            "large": {
                                "w": 1101,
                                "resize": "fit",
                                "h": 734
                            },
                            "small": {
                                "w": 680,
                                "resize": "fit",
                                "h": 453
                            }
                        }
                    }
                ]
            },
            "geo": null,
            "extended_entities": {
                "media": [
                    {
                        "type": "photo",
                        "indices": [
                            93,
                            116
                        ],
                        "media_url_https": "https://pbs.twimg.com/media/Cx_28_rXEAAztr4.jpg",
                        "expanded_url": "https://twitter.com/Suntimes/status/801630871296032769/photo/1",
                        "id_str": "801630786441121792",
                        "media_url": "http://pbs.twimg.com/media/Cx_28_rXEAAztr4.jpg",
                        "display_url": "pic.twitter.com/g7bLNdwGaO",
                        "id": 801630786441121792,
                        "url": "https://t.co/g7bLNdwGaO",
                        "sizes": {
                            "medium": {
                                "w": 1101,
                                "resize": "fit",
                                "h": 734
                            },
                            "thumb": {
                                "w": 150,
                                "resize": "crop",
                                "h": 150
                            },
                            "large": {
                                "w": 1101,
                                "resize": "fit",
                                "h": 734
                            },
                            "small": {
                                "w": 680,
                                "resize": "fit",
                                "h": 453
                            }
                        }
                    }
                ]
            },
            "retweeted": false,
            "in_reply_to_status_id": null,
            "id_str": "801630871296032769",
            "user": {
                "profile_banner_url": "https://pbs.twimg.com/profile_banners/12811952/1441736339",
                "profile_sidebar_border_color": "FFFFFF",
                "favourites_count": 4468,
                "following": false,
                "default_profile_image": false,
                "follow_request_sent": false,
                "profile_sidebar_fill_color": "EFEFEF",
                "id": 12811952,
                "translator_type": "none",
                "has_extended_profile": false,
                "profile_image_url": "http://pbs.twimg.com/profile_images/575531934157119488/9TaaXkIc_normal.jpeg",
                "verified": true,
                "id_str": "12811952",
                "profile_background_image_url": "http://pbs.twimg.com/profile_background_images/378800000119561429/8f57893c5f014bffec1871f0b76eb7d2.jpeg",
                "geo_enabled": true,
                "profile_link_color": "3B94D9",
                "protected": false,
                "profile_background_tile": false,
                "time_zone": "Central Time (US & Canada)",
                "listed_count": 5736,
                "location": "Chicago, IL",
                "description": "Grab a copy of your new Chicago Sun-Times! More Chicago. More national. More of what matters to you. Tell us what you think: CSTfeedback@suntimes.com",
                "name": "Chicago Sun-Times",
                "notifications": false,
                "utc_offset": -21600,
                "profile_background_color": "FFFFFF",
                "screen_name": "Suntimes",
                "followers_count": 329390,
                "profile_use_background_image": false,
                "default_profile": false,
                "url": "http://t.co/XmojOL5kOD",
                "entities": {
                    "description": {
                        "urls": []
                    },
                    "url": {
                        "urls": [
                            {
                                "expanded_url": "http://chicago.suntimes.com",
                                "url": "http://t.co/XmojOL5kOD",
                                "display_url": "chicago.suntimes.com",
                                "indices": [
                                    0,
                                    22
                                ]
                            }
                        ]
                    }
                },
                "is_translation_enabled": false,
                "profile_image_url_https": "https://pbs.twimg.com/profile_images/575531934157119488/9TaaXkIc_normal.jpeg",
                "is_translator": false,
                "friends_count": 14898,
                "lang": "en",
                "statuses_count": 98430,
                "profile_background_image_url_https": "https://pbs.twimg.com/profile_background_images/378800000119561429/8f57893c5f014bffec1871f0b76eb7d2.jpeg",
                "contributors_enabled": false,
                "created_at": "Tue Jan 29 02:38:26 +0000 2008",
                "profile_text_color": "333333"
            },
            "in_reply_to_user_id_str": null,
            "source": "<a href=\"https://about.twitter.com/products/tweetdeck\" rel=\"nofollow\">TweetDeck</a>",
            "coordinates": null,
            "truncated": false,
            "metadata": {
                "result_type": "recent",
                "iso_language_code": "en"
            },
            "in_reply_to_screen_name": null,
            "text": "Experts ask Hillary Clinton to seek recount in 3 battleground states https://t.co/ICmjcoXElO https://t.co/g7bLNdwGaO",
            "created_at": "Thu Nov 24 03:37:47 +0000 2016",
            "in_reply_to_user_id": null,
            "place": null,
            "favorite_count": 27,
            "id": 801630871296032769,
            "lang": "en",
            "possibly_sensitive": false
        }
    ],
    "search_metadata": {
        "count": 100,
        "since_id_str": "0",
        "refresh_url": "?since_id=801630871296032769&q=Hillary%20OR%20Clinton%20from%3ASuntimes%20since%3A2016-11-24%20until%3A2016-11-25%20filter%3Alinks%20-%40Suntimes&include_entities=1",
        "max_id": 801630871296032769,
        "max_id_str": "801630871296032769",
        "completed_in": 0.034,
        "since_id": 0,
        "query": "Hillary+OR+Clinton+from%3ASuntimes+since%3A2016-11-24+until%3A2016-11-25+filter%3Alinks+-%40Suntimes"
    }
}