{
    "statuses": [
        {
            "place": null,
            "in_reply_to_screen_name": null,
            "id": 801081957518102528,
            "metadata": {
                "iso_language_code": "en",
                "result_type": "recent"
            },
            "created_at": "Tue Nov 22 15:16:36 +0000 2016",
            "entities": {
                "hashtags": [],
                "symbols": [],
                "urls": [
                    {
                        "url": "https://t.co/29x7kDVToj",
                        "indices": [
                            46,
                            69
                        ],
                        "expanded_url": "http://bhne.ws/joRhF4M",
                        "display_url": "bhne.ws/joRhF4M"
                    }
                ],
                "media": [
                    {
                        "media_url": "http://pbs.twimg.com/media/Cx4DywhXAAAV6HR.jpg",
                        "expanded_url": "https://twitter.com/bostonherald/status/801081957518102528/photo/1",
                        "id": 801081954271690752,
                        "sizes": {
                            "large": {
                                "w": 1131,
                                "h": 800,
                                "resize": "fit"
                            },
                            "thumb": {
                                "w": 150,
                                "h": 150,
                                "resize": "crop"
                            },
                            "small": {
                                "w": 680,
                                "h": 481,
                                "resize": "fit"
                            },
                            "medium": {
                                "w": 1131,
                                "h": 800,
                                "resize": "fit"
                            }
                        },
                        "display_url": "pic.twitter.com/6opDe9AhfU",
                        "media_url_https": "https://pbs.twimg.com/media/Cx4DywhXAAAV6HR.jpg",
                        "id_str": "801081954271690752",
                        "url": "https://t.co/6opDe9AhfU",
                        "indices": [
                            70,
                            93
                        ],
                        "type": "photo"
                    }
                ],
                "user_mentions": []
            },
            "text": "Trump aide suggests he wants no Clinton probe https://t.co/29x7kDVToj https://t.co/6opDe9AhfU",
            "favorited": false,
            "in_reply_to_user_id": null,
            "retweeted": false,
            "user": {
                "contributors_enabled": false,
                "is_translation_enabled": false,
                "time_zone": "Eastern Time (US & Canada)",
                "id": 2488541,
                "follow_request_sent": false,
                "notifications": false,
                "profile_link_color": "0079AD",
                "default_profile_image": false,
                "following": false,
                "profile_banner_url": "https://pbs.twimg.com/profile_banners/2488541/1400102449",
                "verified": true,
                "profile_use_background_image": true,
                "statuses_count": 186671,
                "followers_count": 82160,
                "id_str": "2488541",
                "entities": {
                    "url": {
                        "urls": [
                            {
                                "url": "http://t.co/rQemlTr9K2",
                                "indices": [
                                    0,
                                    22
                                ],
                                "expanded_url": "http://www.bostonherald.com",
                                "display_url": "bostonherald.com"
                            }
                        ]
                    },
                    "description": {
                        "urls": []
                    }
                },
                "profile_image_url_https": "https://pbs.twimg.com/profile_images/738002515841540097/wvPGrVSj_normal.jpg",
                "listed_count": 2066,
                "profile_background_color": "CCCCCC",
                "profile_background_image_url": "http://pbs.twimg.com/profile_background_images/305255570/BH_Twit_BG.jpg",
                "profile_sidebar_border_color": "0079AD",
                "profile_background_image_url_https": "https://pbs.twimg.com/profile_background_images/305255570/BH_Twit_BG.jpg",
                "protected": false,
                "favourites_count": 363,
                "geo_enabled": true,
                "profile_text_color": "3B3B3B",
                "has_extended_profile": false,
                "name": "Boston Herald",
                "url": "http://t.co/rQemlTr9K2",
                "location": "Boston, MA",
                "profile_background_tile": false,
                "friends_count": 1146,
                "profile_image_url": "http://pbs.twimg.com/profile_images/738002515841540097/wvPGrVSj_normal.jpg",
                "utc_offset": -18000,
                "is_translator": false,
                "default_profile": false,
                "translator_type": "none",
                "profile_sidebar_fill_color": "C3E8F7",
                "created_at": "Tue Mar 27 13:30:45 +0000 2007",
                "description": "Starting the conversation every day with passionate journalism, watchdog special reports and the best in NE sports, business and features. Live on @HeraldRadio.",
                "screen_name": "bostonherald",
                "lang": "en"
            },
            "in_reply_to_status_id_str": null,
            "coordinates": null,
            "contributors": null,
            "id_str": "801081957518102528",
            "truncated": false,
            "retweet_count": 1,
            "is_quote_status": false,
            "favorite_count": 0,
            "possibly_sensitive": false,
            "in_reply_to_user_id_str": null,
            "source": "<a href=\"http://www.socialflow.com\" rel=\"nofollow\">SocialFlow</a>",
            "extended_entities": {
                "media": [
                    {
                        "media_url": "http://pbs.twimg.com/media/Cx4DywhXAAAV6HR.jpg",
                        "expanded_url": "https://twitter.com/bostonherald/status/801081957518102528/photo/1",
                        "id": 801081954271690752,
                        "sizes": {
                            "large": {
                                "w": 1131,
                                "h": 800,
                                "resize": "fit"
                            },
                            "thumb": {
                                "w": 150,
                                "h": 150,
                                "resize": "crop"
                            },
                            "small": {
                                "w": 680,
                                "h": 481,
                                "resize": "fit"
                            },
                            "medium": {
                                "w": 1131,
                                "h": 800,
                                "resize": "fit"
                            }
                        },
                        "display_url": "pic.twitter.com/6opDe9AhfU",
                        "media_url_https": "https://pbs.twimg.com/media/Cx4DywhXAAAV6HR.jpg",
                        "id_str": "801081954271690752",
                        "url": "https://t.co/6opDe9AhfU",
                        "indices": [
                            70,
                            93
                        ],
                        "type": "photo"
                    }
                ]
            },
            "geo": null,
            "in_reply_to_status_id": null,
            "lang": "en"
        },
        {
            "place": null,
            "in_reply_to_screen_name": null,
            "id": 801067579058098176,
            "metadata": {
                "iso_language_code": "en",
                "result_type": "recent"
            },
            "created_at": "Tue Nov 22 14:19:28 +0000 2016",
            "entities": {
                "hashtags": [],
                "symbols": [],
                "urls": [
                    {
                        "url": "https://t.co/c5YWDNadMa",
                        "indices": [
                            46,
                            69
                        ],
                        "expanded_url": "http://bhne.ws/rvS6cm4",
                        "display_url": "bhne.ws/rvS6cm4"
                    }
                ],
                "media": [
                    {
                        "media_url": "http://pbs.twimg.com/media/Cx32t21VQAMMhJu.jpg",
                        "expanded_url": "https://twitter.com/bostonherald/status/801067579058098176/photo/1",
                        "id": 801067576415567875,
                        "sizes": {
                            "large": {
                                "w": 1111,
                                "h": 800,
                                "resize": "fit"
                            },
                            "thumb": {
                                "w": 150,
                                "h": 150,
                                "resize": "crop"
                            },
                            "small": {
                                "w": 680,
                                "h": 490,
                                "resize": "fit"
                            },
                            "medium": {
                                "w": 1111,
                                "h": 800,
                                "resize": "fit"
                            }
                        },
                        "display_url": "pic.twitter.com/mHgfpXu5N0",
                        "media_url_https": "https://pbs.twimg.com/media/Cx32t21VQAMMhJu.jpg",
                        "id_str": "801067576415567875",
                        "url": "https://t.co/mHgfpXu5N0",
                        "indices": [
                            70,
                            93
                        ],
                        "type": "photo"
                    }
                ],
                "user_mentions": []
            },
            "text": "Trump aide suggests he wants no Clinton probe https://t.co/c5YWDNadMa https://t.co/mHgfpXu5N0",
            "favorited": false,
            "in_reply_to_user_id": null,
            "retweeted": false,
            "user": {
                "contributors_enabled": false,
                "is_translation_enabled": false,
                "time_zone": "Eastern Time (US & Canada)",
                "id": 2488541,
                "follow_request_sent": false,
                "notifications": false,
                "profile_link_color": "0079AD",
                "default_profile_image": false,
                "following": false,
                "profile_banner_url": "https://pbs.twimg.com/profile_banners/2488541/1400102449",
                "verified": true,
                "profile_use_background_image": true,
                "statuses_count": 186671,
                "followers_count": 82160,
                "id_str": "2488541",
                "entities": {
                    "url": {
                        "urls": [
                            {
                                "url": "http://t.co/rQemlTr9K2",
                                "indices": [
                                    0,
                                    22
                                ],
                                "expanded_url": "http://www.bostonherald.com",
                                "display_url": "bostonherald.com"
                            }
                        ]
                    },
                    "description": {
                        "urls": []
                    }
                },
                "profile_image_url_https": "https://pbs.twimg.com/profile_images/738002515841540097/wvPGrVSj_normal.jpg",
                "listed_count": 2066,
                "profile_background_color": "CCCCCC",
                "profile_background_image_url": "http://pbs.twimg.com/profile_background_images/305255570/BH_Twit_BG.jpg",
                "profile_sidebar_border_color": "0079AD",
                "profile_background_image_url_https": "https://pbs.twimg.com/profile_background_images/305255570/BH_Twit_BG.jpg",
                "protected": false,
                "favourites_count": 363,
                "geo_enabled": true,
                "profile_text_color": "3B3B3B",
                "has_extended_profile": false,
                "name": "Boston Herald",
                "url": "http://t.co/rQemlTr9K2",
                "location": "Boston, MA",
                "profile_background_tile": false,
                "friends_count": 1146,
                "profile_image_url": "http://pbs.twimg.com/profile_images/738002515841540097/wvPGrVSj_normal.jpg",
                "utc_offset": -18000,
                "is_translator": false,
                "default_profile": false,
                "translator_type": "none",
                "profile_sidebar_fill_color": "C3E8F7",
                "created_at": "Tue Mar 27 13:30:45 +0000 2007",
                "description": "Starting the conversation every day with passionate journalism, watchdog special reports and the best in NE sports, business and features. Live on @HeraldRadio.",
                "screen_name": "bostonherald",
                "lang": "en"
            },
            "in_reply_to_status_id_str": null,
            "coordinates": null,
            "contributors": null,
            "id_str": "801067579058098176",
            "truncated": false,
            "retweet_count": 0,
            "is_quote_status": false,
            "favorite_count": 0,
            "possibly_sensitive": false,
            "in_reply_to_user_id_str": null,
            "source": "<a href=\"http://www.socialflow.com\" rel=\"nofollow\">SocialFlow</a>",
            "extended_entities": {
                "media": [
                    {
                        "media_url": "http://pbs.twimg.com/media/Cx32t21VQAMMhJu.jpg",
                        "expanded_url": "https://twitter.com/bostonherald/status/801067579058098176/photo/1",
                        "id": 801067576415567875,
                        "sizes": {
                            "large": {
                                "w": 1111,
                                "h": 800,
                                "resize": "fit"
                            },
                            "thumb": {
                                "w": 150,
                                "h": 150,
                                "resize": "crop"
                            },
                            "small": {
                                "w": 680,
                                "h": 490,
                                "resize": "fit"
                            },
                            "medium": {
                                "w": 1111,
                                "h": 800,
                                "resize": "fit"
                            }
                        },
                        "display_url": "pic.twitter.com/mHgfpXu5N0",
                        "media_url_https": "https://pbs.twimg.com/media/Cx32t21VQAMMhJu.jpg",
                        "id_str": "801067576415567875",
                        "url": "https://t.co/mHgfpXu5N0",
                        "indices": [
                            70,
                            93
                        ],
                        "type": "photo"
                    }
                ]
            },
            "geo": null,
            "in_reply_to_status_id": null,
            "lang": "en"
        }
    ],
    "search_metadata": {
        "query": "Hillary+OR+Clinton+from%3Abostonherald+since%3A2016-11-22+until%3A2016-11-23+filter%3Alinks+-%40bostonherald",
        "since_id": 0,
        "max_id_str": "801081957518102528",
        "max_id": 801081957518102528,
        "refresh_url": "?since_id=801081957518102528&q=Hillary%20OR%20Clinton%20from%3Abostonherald%20since%3A2016-11-22%20until%3A2016-11-23%20filter%3Alinks%20-%40bostonherald&include_entities=1",
        "count": 100,
        "since_id_str": "0",
        "completed_in": 0.018
    }
}