{
    "statuses": [
        {
            "place": null,
            "in_reply_to_screen_name": null,
            "id": 801178459925975041,
            "in_reply_to_user_id": null,
            "created_at": "Tue Nov 22 21:40:04 +0000 2016",
            "entities": {
                "hashtags": [],
                "symbols": [],
                "urls": [
                    {
                        "url": "https://t.co/UgyX2ntdGY",
                        "indices": [
                            96,
                            119
                        ],
                        "expanded_url": "https://twitter.com/i/web/status/801178459925975041",
                        "display_url": "twitter.com/i/web/status/8\u2026"
                    }
                ],
                "user_mentions": []
            },
            "text": "How Globe columnists covered the election | Fehrnstrom: I didn\u2019t believe the Clinton narrative\u2026 https://t.co/UgyX2ntdGY",
            "favorited": false,
            "metadata": {
                "iso_language_code": "en",
                "result_type": "recent"
            },
            "retweeted": false,
            "user": {
                "contributors_enabled": false,
                "is_translation_enabled": false,
                "time_zone": "Eastern Time (US & Canada)",
                "id": 95431448,
                "follow_request_sent": false,
                "notifications": false,
                "profile_link_color": "050505",
                "default_profile_image": false,
                "following": false,
                "profile_banner_url": "https://pbs.twimg.com/profile_banners/95431448/1466441870",
                "verified": true,
                "profile_use_background_image": true,
                "statuses_count": 206267,
                "followers_count": 561700,
                "id_str": "95431448",
                "entities": {
                    "url": {
                        "urls": [
                            {
                                "url": "http://t.co/g2XphqdJIo",
                                "indices": [
                                    0,
                                    22
                                ],
                                "expanded_url": "http://bostonglobe.com",
                                "display_url": "bostonglobe.com"
                            }
                        ]
                    },
                    "description": {
                        "urls": [
                            {
                                "url": "https://t.co/KPOiZTQG87",
                                "indices": [
                                    133,
                                    156
                                ],
                                "expanded_url": "https://twitter.com/BostonGlobe/lists/globe-journalists",
                                "display_url": "twitter.com/BostonGlobe/li\u2026"
                            }
                        ]
                    }
                },
                "profile_image_url_https": "https://pbs.twimg.com/profile_images/586570157734019072/Qxz1LIIM_normal.png",
                "listed_count": 9215,
                "profile_background_color": "EDECE9",
                "profile_background_image_url": "http://pbs.twimg.com/profile_background_images/378800000003877254/c79663e95d0e284ce165db703dffd474.jpeg",
                "profile_sidebar_border_color": "FFFFFF",
                "profile_background_image_url_https": "https://pbs.twimg.com/profile_background_images/378800000003877254/c79663e95d0e284ce165db703dffd474.jpeg",
                "protected": false,
                "favourites_count": 228,
                "geo_enabled": true,
                "profile_text_color": "000000",
                "has_extended_profile": false,
                "name": "The Boston Globe",
                "url": "http://t.co/g2XphqdJIo",
                "location": "Boston, MA",
                "profile_background_tile": false,
                "friends_count": 1240,
                "profile_image_url": "http://pbs.twimg.com/profile_images/586570157734019072/Qxz1LIIM_normal.png",
                "utc_offset": -18000,
                "is_translator": false,
                "default_profile": false,
                "translator_type": "regular",
                "profile_sidebar_fill_color": "FFFFFF",
                "created_at": "Tue Dec 08 14:33:38 +0000 2009",
                "description": "Boston and New England's leading source for breaking news and analysis, with coverage from across the world. Follow our journalists: https://t.co/KPOiZTQG87",
                "screen_name": "BostonGlobe",
                "lang": "en"
            },
            "in_reply_to_status_id_str": null,
            "coordinates": null,
            "contributors": null,
            "id_str": "801178459925975041",
            "truncated": true,
            "retweet_count": 0,
            "is_quote_status": false,
            "favorite_count": 3,
            "possibly_sensitive": false,
            "in_reply_to_user_id_str": null,
            "source": "<a href=\"http://www.socialflow.com\" rel=\"nofollow\">SocialFlow</a>",
            "geo": null,
            "in_reply_to_status_id": null,
            "lang": "en"
        },
        {
            "place": null,
            "in_reply_to_screen_name": null,
            "id": 801173930933452800,
            "in_reply_to_user_id": null,
            "created_at": "Tue Nov 22 21:22:04 +0000 2016",
            "entities": {
                "hashtags": [],
                "symbols": [],
                "urls": [
                    {
                        "url": "https://t.co/PyonZaD7vO",
                        "indices": [
                            116,
                            139
                        ],
                        "expanded_url": "https://twitter.com/i/web/status/801173930933452800",
                        "display_url": "twitter.com/i/web/status/8\u2026"
                    }
                ],
                "user_mentions": []
            },
            "text": "A Santa Claus in Florida reportedly told a child sitting on his lap that Hillary Clinton was on his \"naughty list\"\u2026 https://t.co/PyonZaD7vO",
            "favorited": false,
            "metadata": {
                "iso_language_code": "en",
                "result_type": "recent"
            },
            "retweeted": false,
            "user": {
                "contributors_enabled": false,
                "is_translation_enabled": false,
                "time_zone": "Eastern Time (US & Canada)",
                "id": 95431448,
                "follow_request_sent": false,
                "notifications": false,
                "profile_link_color": "050505",
                "default_profile_image": false,
                "following": false,
                "profile_banner_url": "https://pbs.twimg.com/profile_banners/95431448/1466441870",
                "verified": true,
                "profile_use_background_image": true,
                "statuses_count": 206267,
                "followers_count": 561700,
                "id_str": "95431448",
                "entities": {
                    "url": {
                        "urls": [
                            {
                                "url": "http://t.co/g2XphqdJIo",
                                "indices": [
                                    0,
                                    22
                                ],
                                "expanded_url": "http://bostonglobe.com",
                                "display_url": "bostonglobe.com"
                            }
                        ]
                    },
                    "description": {
                        "urls": [
                            {
                                "url": "https://t.co/KPOiZTQG87",
                                "indices": [
                                    133,
                                    156
                                ],
                                "expanded_url": "https://twitter.com/BostonGlobe/lists/globe-journalists",
                                "display_url": "twitter.com/BostonGlobe/li\u2026"
                            }
                        ]
                    }
                },
                "profile_image_url_https": "https://pbs.twimg.com/profile_images/586570157734019072/Qxz1LIIM_normal.png",
                "listed_count": 9215,
                "profile_background_color": "EDECE9",
                "profile_background_image_url": "http://pbs.twimg.com/profile_background_images/378800000003877254/c79663e95d0e284ce165db703dffd474.jpeg",
                "profile_sidebar_border_color": "FFFFFF",
                "profile_background_image_url_https": "https://pbs.twimg.com/profile_background_images/378800000003877254/c79663e95d0e284ce165db703dffd474.jpeg",
                "protected": false,
                "favourites_count": 228,
                "geo_enabled": true,
                "profile_text_color": "000000",
                "has_extended_profile": false,
                "name": "The Boston Globe",
                "url": "http://t.co/g2XphqdJIo",
                "location": "Boston, MA",
                "profile_background_tile": false,
                "friends_count": 1240,
                "profile_image_url": "http://pbs.twimg.com/profile_images/586570157734019072/Qxz1LIIM_normal.png",
                "utc_offset": -18000,
                "is_translator": false,
                "default_profile": false,
                "translator_type": "regular",
                "profile_sidebar_fill_color": "FFFFFF",
                "created_at": "Tue Dec 08 14:33:38 +0000 2009",
                "description": "Boston and New England's leading source for breaking news and analysis, with coverage from across the world. Follow our journalists: https://t.co/KPOiZTQG87",
                "screen_name": "BostonGlobe",
                "lang": "en"
            },
            "in_reply_to_status_id_str": null,
            "coordinates": null,
            "contributors": null,
            "id_str": "801173930933452800",
            "truncated": true,
            "retweet_count": 13,
            "is_quote_status": false,
            "favorite_count": 10,
            "possibly_sensitive": false,
            "in_reply_to_user_id_str": null,
            "source": "<a href=\"http://www.socialflow.com\" rel=\"nofollow\">SocialFlow</a>",
            "geo": null,
            "in_reply_to_status_id": null,
            "lang": "en"
        },
        {
            "place": null,
            "in_reply_to_screen_name": null,
            "id": 801172389245501440,
            "in_reply_to_user_id": null,
            "created_at": "Tue Nov 22 21:15:57 +0000 2016",
            "entities": {
                "hashtags": [],
                "symbols": [],
                "urls": [
                    {
                        "url": "https://t.co/XO3aq0td0a",
                        "indices": [
                            112,
                            135
                        ],
                        "expanded_url": "https://twitter.com/i/web/status/801172389245501440",
                        "display_url": "twitter.com/i/web/status/8\u2026"
                    }
                ],
                "user_mentions": []
            },
            "text": "How Globe columnists covered the election | Vennochi: I highlighted Trump\u2019s bigotry, not Clinton\u2019s credibility\u2026 https://t.co/XO3aq0td0a",
            "favorited": false,
            "metadata": {
                "iso_language_code": "en",
                "result_type": "recent"
            },
            "retweeted": false,
            "user": {
                "contributors_enabled": false,
                "is_translation_enabled": false,
                "time_zone": "Eastern Time (US & Canada)",
                "id": 95431448,
                "follow_request_sent": false,
                "notifications": false,
                "profile_link_color": "050505",
                "default_profile_image": false,
                "following": false,
                "profile_banner_url": "https://pbs.twimg.com/profile_banners/95431448/1466441870",
                "verified": true,
                "profile_use_background_image": true,
                "statuses_count": 206267,
                "followers_count": 561700,
                "id_str": "95431448",
                "entities": {
                    "url": {
                        "urls": [
                            {
                                "url": "http://t.co/g2XphqdJIo",
                                "indices": [
                                    0,
                                    22
                                ],
                                "expanded_url": "http://bostonglobe.com",
                                "display_url": "bostonglobe.com"
                            }
                        ]
                    },
                    "description": {
                        "urls": [
                            {
                                "url": "https://t.co/KPOiZTQG87",
                                "indices": [
                                    133,
                                    156
                                ],
                                "expanded_url": "https://twitter.com/BostonGlobe/lists/globe-journalists",
                                "display_url": "twitter.com/BostonGlobe/li\u2026"
                            }
                        ]
                    }
                },
                "profile_image_url_https": "https://pbs.twimg.com/profile_images/586570157734019072/Qxz1LIIM_normal.png",
                "listed_count": 9215,
                "profile_background_color": "EDECE9",
                "profile_background_image_url": "http://pbs.twimg.com/profile_background_images/378800000003877254/c79663e95d0e284ce165db703dffd474.jpeg",
                "profile_sidebar_border_color": "FFFFFF",
                "profile_background_image_url_https": "https://pbs.twimg.com/profile_background_images/378800000003877254/c79663e95d0e284ce165db703dffd474.jpeg",
                "protected": false,
                "favourites_count": 228,
                "geo_enabled": true,
                "profile_text_color": "000000",
                "has_extended_profile": false,
                "name": "The Boston Globe",
                "url": "http://t.co/g2XphqdJIo",
                "location": "Boston, MA",
                "profile_background_tile": false,
                "friends_count": 1240,
                "profile_image_url": "http://pbs.twimg.com/profile_images/586570157734019072/Qxz1LIIM_normal.png",
                "utc_offset": -18000,
                "is_translator": false,
                "default_profile": false,
                "translator_type": "regular",
                "profile_sidebar_fill_color": "FFFFFF",
                "created_at": "Tue Dec 08 14:33:38 +0000 2009",
                "description": "Boston and New England's leading source for breaking news and analysis, with coverage from across the world. Follow our journalists: https://t.co/KPOiZTQG87",
                "screen_name": "BostonGlobe",
                "lang": "en"
            },
            "in_reply_to_status_id_str": null,
            "coordinates": null,
            "contributors": null,
            "id_str": "801172389245501440",
            "truncated": true,
            "retweet_count": 5,
            "is_quote_status": false,
            "favorite_count": 7,
            "possibly_sensitive": false,
            "in_reply_to_user_id_str": null,
            "source": "<a href=\"http://www.socialflow.com\" rel=\"nofollow\">SocialFlow</a>",
            "geo": null,
            "in_reply_to_status_id": null,
            "lang": "en"
        },
        {
            "place": null,
            "in_reply_to_screen_name": null,
            "id": 801023943641624577,
            "metadata": {
                "iso_language_code": "en",
                "result_type": "recent"
            },
            "created_at": "Tue Nov 22 11:26:05 +0000 2016",
            "entities": {
                "hashtags": [],
                "symbols": [],
                "urls": [
                    {
                        "url": "https://t.co/UqFkiLNHkC",
                        "indices": [
                            84,
                            107
                        ],
                        "expanded_url": "http://bos.gl/TRG8OdV",
                        "display_url": "bos.gl/TRG8OdV"
                    }
                ],
                "media": [
                    {
                        "media_url": "http://pbs.twimg.com/media/Cx3PB5OWEAAwuzU.jpg",
                        "expanded_url": "https://twitter.com/BostonGlobe/status/801023943641624577/photo/1",
                        "id": 801023940189622272,
                        "sizes": {
                            "large": {
                                "w": 1024,
                                "h": 512,
                                "resize": "fit"
                            },
                            "thumb": {
                                "w": 150,
                                "h": 150,
                                "resize": "crop"
                            },
                            "small": {
                                "w": 680,
                                "h": 340,
                                "resize": "fit"
                            },
                            "medium": {
                                "w": 1024,
                                "h": 512,
                                "resize": "fit"
                            }
                        },
                        "display_url": "pic.twitter.com/N6kaSfYhT7",
                        "media_url_https": "https://pbs.twimg.com/media/Cx3PB5OWEAAwuzU.jpg",
                        "id_str": "801023940189622272",
                        "url": "https://t.co/N6kaSfYhT7",
                        "indices": [
                            108,
                            131
                        ],
                        "type": "photo"
                    }
                ],
                "user_mentions": []
            },
            "text": "A Westerly, R.I., bookstore had a prominent customer browsing the shelves on Sunday https://t.co/UqFkiLNHkC https://t.co/N6kaSfYhT7",
            "favorited": false,
            "in_reply_to_user_id": null,
            "retweeted": false,
            "user": {
                "contributors_enabled": false,
                "is_translation_enabled": false,
                "time_zone": "Eastern Time (US & Canada)",
                "id": 95431448,
                "follow_request_sent": false,
                "notifications": false,
                "profile_link_color": "050505",
                "default_profile_image": false,
                "following": false,
                "profile_banner_url": "https://pbs.twimg.com/profile_banners/95431448/1466441870",
                "verified": true,
                "profile_use_background_image": true,
                "statuses_count": 206267,
                "followers_count": 561700,
                "id_str": "95431448",
                "entities": {
                    "url": {
                        "urls": [
                            {
                                "url": "http://t.co/g2XphqdJIo",
                                "indices": [
                                    0,
                                    22
                                ],
                                "expanded_url": "http://bostonglobe.com",
                                "display_url": "bostonglobe.com"
                            }
                        ]
                    },
                    "description": {
                        "urls": [
                            {
                                "url": "https://t.co/KPOiZTQG87",
                                "indices": [
                                    133,
                                    156
                                ],
                                "expanded_url": "https://twitter.com/BostonGlobe/lists/globe-journalists",
                                "display_url": "twitter.com/BostonGlobe/li\u2026"
                            }
                        ]
                    }
                },
                "profile_image_url_https": "https://pbs.twimg.com/profile_images/586570157734019072/Qxz1LIIM_normal.png",
                "listed_count": 9215,
                "profile_background_color": "EDECE9",
                "profile_background_image_url": "http://pbs.twimg.com/profile_background_images/378800000003877254/c79663e95d0e284ce165db703dffd474.jpeg",
                "profile_sidebar_border_color": "FFFFFF",
                "profile_background_image_url_https": "https://pbs.twimg.com/profile_background_images/378800000003877254/c79663e95d0e284ce165db703dffd474.jpeg",
                "protected": false,
                "favourites_count": 228,
                "geo_enabled": true,
                "profile_text_color": "000000",
                "has_extended_profile": false,
                "name": "The Boston Globe",
                "url": "http://t.co/g2XphqdJIo",
                "location": "Boston, MA",
                "profile_background_tile": false,
                "friends_count": 1240,
                "profile_image_url": "http://pbs.twimg.com/profile_images/586570157734019072/Qxz1LIIM_normal.png",
                "utc_offset": -18000,
                "is_translator": false,
                "default_profile": false,
                "translator_type": "regular",
                "profile_sidebar_fill_color": "FFFFFF",
                "created_at": "Tue Dec 08 14:33:38 +0000 2009",
                "description": "Boston and New England's leading source for breaking news and analysis, with coverage from across the world. Follow our journalists: https://t.co/KPOiZTQG87",
                "screen_name": "BostonGlobe",
                "lang": "en"
            },
            "in_reply_to_status_id_str": null,
            "coordinates": null,
            "contributors": null,
            "id_str": "801023943641624577",
            "truncated": false,
            "retweet_count": 5,
            "is_quote_status": false,
            "favorite_count": 12,
            "possibly_sensitive": false,
            "in_reply_to_user_id_str": null,
            "source": "<a href=\"http://www.socialflow.com\" rel=\"nofollow\">SocialFlow</a>",
            "extended_entities": {
                "media": [
                    {
                        "media_url": "http://pbs.twimg.com/media/Cx3PB5OWEAAwuzU.jpg",
                        "expanded_url": "https://twitter.com/BostonGlobe/status/801023943641624577/photo/1",
                        "id": 801023940189622272,
                        "sizes": {
                            "large": {
                                "w": 1024,
                                "h": 512,
                                "resize": "fit"
                            },
                            "thumb": {
                                "w": 150,
                                "h": 150,
                                "resize": "crop"
                            },
                            "small": {
                                "w": 680,
                                "h": 340,
                                "resize": "fit"
                            },
                            "medium": {
                                "w": 1024,
                                "h": 512,
                                "resize": "fit"
                            }
                        },
                        "display_url": "pic.twitter.com/N6kaSfYhT7",
                        "media_url_https": "https://pbs.twimg.com/media/Cx3PB5OWEAAwuzU.jpg",
                        "id_str": "801023940189622272",
                        "url": "https://t.co/N6kaSfYhT7",
                        "indices": [
                            108,
                            131
                        ],
                        "type": "photo"
                    }
                ]
            },
            "geo": null,
            "in_reply_to_status_id": null,
            "lang": "en"
        },
        {
            "place": null,
            "in_reply_to_screen_name": null,
            "id": 800982668380897280,
            "metadata": {
                "iso_language_code": "en",
                "result_type": "recent"
            },
            "created_at": "Tue Nov 22 08:42:04 +0000 2016",
            "entities": {
                "hashtags": [],
                "symbols": [],
                "urls": [
                    {
                        "url": "https://t.co/2FZIzTMrlr",
                        "indices": [
                            78,
                            101
                        ],
                        "expanded_url": "http://bos.gl/cuSAmS5",
                        "display_url": "bos.gl/cuSAmS5"
                    }
                ],
                "media": [
                    {
                        "media_url": "http://pbs.twimg.com/media/Cx2pfbxXEAAi82f.jpg",
                        "expanded_url": "https://twitter.com/BostonGlobe/status/800982668380897280/photo/1",
                        "id": 800982666237644800,
                        "sizes": {
                            "large": {
                                "w": 1024,
                                "h": 512,
                                "resize": "fit"
                            },
                            "thumb": {
                                "w": 150,
                                "h": 150,
                                "resize": "crop"
                            },
                            "small": {
                                "w": 680,
                                "h": 340,
                                "resize": "fit"
                            },
                            "medium": {
                                "w": 1024,
                                "h": 512,
                                "resize": "fit"
                            }
                        },
                        "display_url": "pic.twitter.com/JC1iMqeRsl",
                        "media_url_https": "https://pbs.twimg.com/media/Cx2pfbxXEAAi82f.jpg",
                        "id_str": "800982666237644800",
                        "url": "https://t.co/JC1iMqeRsl",
                        "indices": [
                            102,
                            125
                        ],
                        "type": "photo"
                    }
                ],
                "user_mentions": []
            },
            "text": "A Westerly, R.I., bookstore had an unexpected shopper Sunday: Hillary Clinton https://t.co/2FZIzTMrlr https://t.co/JC1iMqeRsl",
            "favorited": false,
            "in_reply_to_user_id": null,
            "retweeted": false,
            "user": {
                "contributors_enabled": false,
                "is_translation_enabled": false,
                "time_zone": "Eastern Time (US & Canada)",
                "id": 95431448,
                "follow_request_sent": false,
                "notifications": false,
                "profile_link_color": "050505",
                "default_profile_image": false,
                "following": false,
                "profile_banner_url": "https://pbs.twimg.com/profile_banners/95431448/1466441870",
                "verified": true,
                "profile_use_background_image": true,
                "statuses_count": 206267,
                "followers_count": 561700,
                "id_str": "95431448",
                "entities": {
                    "url": {
                        "urls": [
                            {
                                "url": "http://t.co/g2XphqdJIo",
                                "indices": [
                                    0,
                                    22
                                ],
                                "expanded_url": "http://bostonglobe.com",
                                "display_url": "bostonglobe.com"
                            }
                        ]
                    },
                    "description": {
                        "urls": [
                            {
                                "url": "https://t.co/KPOiZTQG87",
                                "indices": [
                                    133,
                                    156
                                ],
                                "expanded_url": "https://twitter.com/BostonGlobe/lists/globe-journalists",
                                "display_url": "twitter.com/BostonGlobe/li\u2026"
                            }
                        ]
                    }
                },
                "profile_image_url_https": "https://pbs.twimg.com/profile_images/586570157734019072/Qxz1LIIM_normal.png",
                "listed_count": 9215,
                "profile_background_color": "EDECE9",
                "profile_background_image_url": "http://pbs.twimg.com/profile_background_images/378800000003877254/c79663e95d0e284ce165db703dffd474.jpeg",
                "profile_sidebar_border_color": "FFFFFF",
                "profile_background_image_url_https": "https://pbs.twimg.com/profile_background_images/378800000003877254/c79663e95d0e284ce165db703dffd474.jpeg",
                "protected": false,
                "favourites_count": 228,
                "geo_enabled": true,
                "profile_text_color": "000000",
                "has_extended_profile": false,
                "name": "The Boston Globe",
                "url": "http://t.co/g2XphqdJIo",
                "location": "Boston, MA",
                "profile_background_tile": false,
                "friends_count": 1240,
                "profile_image_url": "http://pbs.twimg.com/profile_images/586570157734019072/Qxz1LIIM_normal.png",
                "utc_offset": -18000,
                "is_translator": false,
                "default_profile": false,
                "translator_type": "regular",
                "profile_sidebar_fill_color": "FFFFFF",
                "created_at": "Tue Dec 08 14:33:38 +0000 2009",
                "description": "Boston and New England's leading source for breaking news and analysis, with coverage from across the world. Follow our journalists: https://t.co/KPOiZTQG87",
                "screen_name": "BostonGlobe",
                "lang": "en"
            },
            "in_reply_to_status_id_str": null,
            "coordinates": null,
            "contributors": null,
            "id_str": "800982668380897280",
            "truncated": false,
            "retweet_count": 2,
            "is_quote_status": false,
            "favorite_count": 19,
            "possibly_sensitive": false,
            "in_reply_to_user_id_str": null,
            "source": "<a href=\"http://www.socialflow.com\" rel=\"nofollow\">SocialFlow</a>",
            "extended_entities": {
                "media": [
                    {
                        "media_url": "http://pbs.twimg.com/media/Cx2pfbxXEAAi82f.jpg",
                        "expanded_url": "https://twitter.com/BostonGlobe/status/800982668380897280/photo/1",
                        "id": 800982666237644800,
                        "sizes": {
                            "large": {
                                "w": 1024,
                                "h": 512,
                                "resize": "fit"
                            },
                            "thumb": {
                                "w": 150,
                                "h": 150,
                                "resize": "crop"
                            },
                            "small": {
                                "w": 680,
                                "h": 340,
                                "resize": "fit"
                            },
                            "medium": {
                                "w": 1024,
                                "h": 512,
                                "resize": "fit"
                            }
                        },
                        "display_url": "pic.twitter.com/JC1iMqeRsl",
                        "media_url_https": "https://pbs.twimg.com/media/Cx2pfbxXEAAi82f.jpg",
                        "id_str": "800982666237644800",
                        "url": "https://t.co/JC1iMqeRsl",
                        "indices": [
                            102,
                            125
                        ],
                        "type": "photo"
                    }
                ]
            },
            "geo": null,
            "in_reply_to_status_id": null,
            "lang": "en"
        },
        {
            "place": null,
            "in_reply_to_screen_name": null,
            "id": 800925788317057024,
            "in_reply_to_user_id": null,
            "created_at": "Tue Nov 22 04:56:03 +0000 2016",
            "entities": {
                "hashtags": [],
                "symbols": [],
                "urls": [
                    {
                        "url": "https://t.co/QX9zlDXrrt",
                        "indices": [
                            110,
                            133
                        ],
                        "expanded_url": "https://twitter.com/i/web/status/800925788317057024",
                        "display_url": "twitter.com/i/web/status/8\u2026"
                    }
                ],
                "user_mentions": []
            },
            "text": "Hillary Clinton spotted shopping for books in R.I.; bookseller says Clinton was kind, gracious, and graceful\u2026 https://t.co/QX9zlDXrrt",
            "favorited": false,
            "metadata": {
                "iso_language_code": "en",
                "result_type": "recent"
            },
            "retweeted": false,
            "user": {
                "contributors_enabled": false,
                "is_translation_enabled": false,
                "time_zone": "Eastern Time (US & Canada)",
                "id": 95431448,
                "follow_request_sent": false,
                "notifications": false,
                "profile_link_color": "050505",
                "default_profile_image": false,
                "following": false,
                "profile_banner_url": "https://pbs.twimg.com/profile_banners/95431448/1466441870",
                "verified": true,
                "profile_use_background_image": true,
                "statuses_count": 206267,
                "followers_count": 561700,
                "id_str": "95431448",
                "entities": {
                    "url": {
                        "urls": [
                            {
                                "url": "http://t.co/g2XphqdJIo",
                                "indices": [
                                    0,
                                    22
                                ],
                                "expanded_url": "http://bostonglobe.com",
                                "display_url": "bostonglobe.com"
                            }
                        ]
                    },
                    "description": {
                        "urls": [
                            {
                                "url": "https://t.co/KPOiZTQG87",
                                "indices": [
                                    133,
                                    156
                                ],
                                "expanded_url": "https://twitter.com/BostonGlobe/lists/globe-journalists",
                                "display_url": "twitter.com/BostonGlobe/li\u2026"
                            }
                        ]
                    }
                },
                "profile_image_url_https": "https://pbs.twimg.com/profile_images/586570157734019072/Qxz1LIIM_normal.png",
                "listed_count": 9215,
                "profile_background_color": "EDECE9",
                "profile_background_image_url": "http://pbs.twimg.com/profile_background_images/378800000003877254/c79663e95d0e284ce165db703dffd474.jpeg",
                "profile_sidebar_border_color": "FFFFFF",
                "profile_background_image_url_https": "https://pbs.twimg.com/profile_background_images/378800000003877254/c79663e95d0e284ce165db703dffd474.jpeg",
                "protected": false,
                "favourites_count": 228,
                "geo_enabled": true,
                "profile_text_color": "000000",
                "has_extended_profile": false,
                "name": "The Boston Globe",
                "url": "http://t.co/g2XphqdJIo",
                "location": "Boston, MA",
                "profile_background_tile": false,
                "friends_count": 1240,
                "profile_image_url": "http://pbs.twimg.com/profile_images/586570157734019072/Qxz1LIIM_normal.png",
                "utc_offset": -18000,
                "is_translator": false,
                "default_profile": false,
                "translator_type": "regular",
                "profile_sidebar_fill_color": "FFFFFF",
                "created_at": "Tue Dec 08 14:33:38 +0000 2009",
                "description": "Boston and New England's leading source for breaking news and analysis, with coverage from across the world. Follow our journalists: https://t.co/KPOiZTQG87",
                "screen_name": "BostonGlobe",
                "lang": "en"
            },
            "in_reply_to_status_id_str": null,
            "coordinates": null,
            "contributors": null,
            "id_str": "800925788317057024",
            "truncated": true,
            "retweet_count": 13,
            "is_quote_status": false,
            "favorite_count": 45,
            "possibly_sensitive": false,
            "in_reply_to_user_id_str": null,
            "source": "<a href=\"http://www.socialflow.com\" rel=\"nofollow\">SocialFlow</a>",
            "geo": null,
            "in_reply_to_status_id": null,
            "lang": "en"
        },
        {
            "place": null,
            "in_reply_to_screen_name": null,
            "id": 800895345546956800,
            "in_reply_to_user_id": null,
            "created_at": "Tue Nov 22 02:55:04 +0000 2016",
            "entities": {
                "hashtags": [],
                "symbols": [],
                "urls": [
                    {
                        "url": "https://t.co/wOGI1EkvIu",
                        "indices": [
                            106,
                            129
                        ],
                        "expanded_url": "https://twitter.com/i/web/status/800895345546956800",
                        "display_url": "twitter.com/i/web/status/8\u2026"
                    }
                ],
                "user_mentions": []
            },
            "text": "Hillary Clinton spotted at R.I. bookstore with her husband, their daughter, son-in-law and grandchildren\u2026 https://t.co/wOGI1EkvIu",
            "favorited": false,
            "metadata": {
                "iso_language_code": "en",
                "result_type": "recent"
            },
            "retweeted": false,
            "user": {
                "contributors_enabled": false,
                "is_translation_enabled": false,
                "time_zone": "Eastern Time (US & Canada)",
                "id": 95431448,
                "follow_request_sent": false,
                "notifications": false,
                "profile_link_color": "050505",
                "default_profile_image": false,
                "following": false,
                "profile_banner_url": "https://pbs.twimg.com/profile_banners/95431448/1466441870",
                "verified": true,
                "profile_use_background_image": true,
                "statuses_count": 206267,
                "followers_count": 561700,
                "id_str": "95431448",
                "entities": {
                    "url": {
                        "urls": [
                            {
                                "url": "http://t.co/g2XphqdJIo",
                                "indices": [
                                    0,
                                    22
                                ],
                                "expanded_url": "http://bostonglobe.com",
                                "display_url": "bostonglobe.com"
                            }
                        ]
                    },
                    "description": {
                        "urls": [
                            {
                                "url": "https://t.co/KPOiZTQG87",
                                "indices": [
                                    133,
                                    156
                                ],
                                "expanded_url": "https://twitter.com/BostonGlobe/lists/globe-journalists",
                                "display_url": "twitter.com/BostonGlobe/li\u2026"
                            }
                        ]
                    }
                },
                "profile_image_url_https": "https://pbs.twimg.com/profile_images/586570157734019072/Qxz1LIIM_normal.png",
                "listed_count": 9215,
                "profile_background_color": "EDECE9",
                "profile_background_image_url": "http://pbs.twimg.com/profile_background_images/378800000003877254/c79663e95d0e284ce165db703dffd474.jpeg",
                "profile_sidebar_border_color": "FFFFFF",
                "profile_background_image_url_https": "https://pbs.twimg.com/profile_background_images/378800000003877254/c79663e95d0e284ce165db703dffd474.jpeg",
                "protected": false,
                "favourites_count": 228,
                "geo_enabled": true,
                "profile_text_color": "000000",
                "has_extended_profile": false,
                "name": "The Boston Globe",
                "url": "http://t.co/g2XphqdJIo",
                "location": "Boston, MA",
                "profile_background_tile": false,
                "friends_count": 1240,
                "profile_image_url": "http://pbs.twimg.com/profile_images/586570157734019072/Qxz1LIIM_normal.png",
                "utc_offset": -18000,
                "is_translator": false,
                "default_profile": false,
                "translator_type": "regular",
                "profile_sidebar_fill_color": "FFFFFF",
                "created_at": "Tue Dec 08 14:33:38 +0000 2009",
                "description": "Boston and New England's leading source for breaking news and analysis, with coverage from across the world. Follow our journalists: https://t.co/KPOiZTQG87",
                "screen_name": "BostonGlobe",
                "lang": "en"
            },
            "in_reply_to_status_id_str": null,
            "coordinates": null,
            "contributors": null,
            "id_str": "800895345546956800",
            "truncated": true,
            "retweet_count": 21,
            "is_quote_status": false,
            "favorite_count": 55,
            "possibly_sensitive": false,
            "in_reply_to_user_id_str": null,
            "source": "<a href=\"http://www.socialflow.com\" rel=\"nofollow\">SocialFlow</a>",
            "geo": null,
            "in_reply_to_status_id": null,
            "lang": "en"
        },
        {
            "place": null,
            "in_reply_to_screen_name": null,
            "id": 800872699375468544,
            "in_reply_to_user_id": null,
            "created_at": "Tue Nov 22 01:25:05 +0000 2016",
            "entities": {
                "hashtags": [],
                "symbols": [],
                "urls": [
                    {
                        "url": "https://t.co/BSwmCV1Ouy",
                        "indices": [
                            116,
                            139
                        ],
                        "expanded_url": "https://twitter.com/i/web/status/800872699375468544",
                        "display_url": "twitter.com/i/web/status/8\u2026"
                    }
                ],
                "user_mentions": []
            },
            "text": "Hillary Clinton is recovering from her election loss in part by shopping for books with her family in Rhode Island\u2026 https://t.co/BSwmCV1Ouy",
            "favorited": false,
            "metadata": {
                "iso_language_code": "en",
                "result_type": "recent"
            },
            "retweeted": false,
            "user": {
                "contributors_enabled": false,
                "is_translation_enabled": false,
                "time_zone": "Eastern Time (US & Canada)",
                "id": 95431448,
                "follow_request_sent": false,
                "notifications": false,
                "profile_link_color": "050505",
                "default_profile_image": false,
                "following": false,
                "profile_banner_url": "https://pbs.twimg.com/profile_banners/95431448/1466441870",
                "verified": true,
                "profile_use_background_image": true,
                "statuses_count": 206267,
                "followers_count": 561700,
                "id_str": "95431448",
                "entities": {
                    "url": {
                        "urls": [
                            {
                                "url": "http://t.co/g2XphqdJIo",
                                "indices": [
                                    0,
                                    22
                                ],
                                "expanded_url": "http://bostonglobe.com",
                                "display_url": "bostonglobe.com"
                            }
                        ]
                    },
                    "description": {
                        "urls": [
                            {
                                "url": "https://t.co/KPOiZTQG87",
                                "indices": [
                                    133,
                                    156
                                ],
                                "expanded_url": "https://twitter.com/BostonGlobe/lists/globe-journalists",
                                "display_url": "twitter.com/BostonGlobe/li\u2026"
                            }
                        ]
                    }
                },
                "profile_image_url_https": "https://pbs.twimg.com/profile_images/586570157734019072/Qxz1LIIM_normal.png",
                "listed_count": 9215,
                "profile_background_color": "EDECE9",
                "profile_background_image_url": "http://pbs.twimg.com/profile_background_images/378800000003877254/c79663e95d0e284ce165db703dffd474.jpeg",
                "profile_sidebar_border_color": "FFFFFF",
                "profile_background_image_url_https": "https://pbs.twimg.com/profile_background_images/378800000003877254/c79663e95d0e284ce165db703dffd474.jpeg",
                "protected": false,
                "favourites_count": 228,
                "geo_enabled": true,
                "profile_text_color": "000000",
                "has_extended_profile": false,
                "name": "The Boston Globe",
                "url": "http://t.co/g2XphqdJIo",
                "location": "Boston, MA",
                "profile_background_tile": false,
                "friends_count": 1240,
                "profile_image_url": "http://pbs.twimg.com/profile_images/586570157734019072/Qxz1LIIM_normal.png",
                "utc_offset": -18000,
                "is_translator": false,
                "default_profile": false,
                "translator_type": "regular",
                "profile_sidebar_fill_color": "FFFFFF",
                "created_at": "Tue Dec 08 14:33:38 +0000 2009",
                "description": "Boston and New England's leading source for breaking news and analysis, with coverage from across the world. Follow our journalists: https://t.co/KPOiZTQG87",
                "screen_name": "BostonGlobe",
                "lang": "en"
            },
            "in_reply_to_status_id_str": null,
            "coordinates": null,
            "contributors": null,
            "id_str": "800872699375468544",
            "truncated": true,
            "retweet_count": 12,
            "is_quote_status": false,
            "favorite_count": 38,
            "possibly_sensitive": false,
            "in_reply_to_user_id_str": null,
            "source": "<a href=\"http://www.socialflow.com\" rel=\"nofollow\">SocialFlow</a>",
            "geo": null,
            "in_reply_to_status_id": null,
            "lang": "en"
        }
    ],
    "search_metadata": {
        "query": "Hillary+OR+Clinton+from%3ABostonGlobe+since%3A2016-11-22+until%3A2016-11-23+filter%3Alinks+-%40BostonGlobe",
        "since_id": 0,
        "max_id_str": "801178459925975041",
        "max_id": 801178459925975041,
        "refresh_url": "?since_id=801178459925975041&q=Hillary%20OR%20Clinton%20from%3ABostonGlobe%20since%3A2016-11-22%20until%3A2016-11-23%20filter%3Alinks%20-%40BostonGlobe&include_entities=1",
        "count": 100,
        "since_id_str": "0",
        "completed_in": 0.087
    }
}