{
    "statuses": [
        {
            "place": null,
            "in_reply_to_screen_name": null,
            "id": 801151947306844160,
            "metadata": {
                "iso_language_code": "en",
                "result_type": "recent"
            },
            "created_at": "Tue Nov 22 19:54:43 +0000 2016",
            "entities": {
                "hashtags": [],
                "symbols": [],
                "urls": [
                    {
                        "url": "https://t.co/E24EUxARJL",
                        "indices": [
                            75,
                            98
                        ],
                        "expanded_url": "http://trib.in/2ggpeIC",
                        "display_url": "trib.in/2ggpeIC"
                    }
                ],
                "media": [
                    {
                        "media_url": "http://pbs.twimg.com/media/Cx5Dau-WIAAEW-V.jpg",
                        "expanded_url": "https://twitter.com/chicagotribune/status/801151947306844160/photo/1",
                        "id": 801151910283714560,
                        "sizes": {
                            "large": {
                                "w": 2048,
                                "h": 1662,
                                "resize": "fit"
                            },
                            "thumb": {
                                "w": 150,
                                "h": 150,
                                "resize": "crop"
                            },
                            "small": {
                                "w": 680,
                                "h": 552,
                                "resize": "fit"
                            },
                            "medium": {
                                "w": 1200,
                                "h": 974,
                                "resize": "fit"
                            }
                        },
                        "display_url": "pic.twitter.com/JvqUmXq7v8",
                        "media_url_https": "https://pbs.twimg.com/media/Cx5Dau-WIAAEW-V.jpg",
                        "id_str": "801151910283714560",
                        "url": "https://t.co/JvqUmXq7v8",
                        "indices": [
                            99,
                            122
                        ],
                        "type": "photo"
                    }
                ],
                "user_mentions": []
            },
            "text": "Trump signals end to Clinton investigations in meeting with New York Times https://t.co/E24EUxARJL https://t.co/JvqUmXq7v8",
            "favorited": false,
            "in_reply_to_user_id": null,
            "retweeted": false,
            "user": {
                "contributors_enabled": false,
                "is_translation_enabled": false,
                "time_zone": "Central Time (US & Canada)",
                "id": 7313362,
                "follow_request_sent": false,
                "notifications": false,
                "profile_link_color": "336699",
                "default_profile_image": false,
                "following": true,
                "profile_banner_url": "https://pbs.twimg.com/profile_banners/7313362/1479647725",
                "verified": true,
                "profile_use_background_image": false,
                "statuses_count": 112842,
                "followers_count": 742327,
                "id_str": "7313362",
                "entities": {
                    "url": {
                        "urls": [
                            {
                                "url": "https://t.co/gaVbUBEf0t",
                                "indices": [
                                    0,
                                    23
                                ],
                                "expanded_url": "http://chicagotribune.com",
                                "display_url": "chicagotribune.com"
                            }
                        ]
                    },
                    "description": {
                        "urls": []
                    }
                },
                "profile_image_url_https": "https://pbs.twimg.com/profile_images/497063779952099328/kwXnsWCE_normal.jpeg",
                "listed_count": 10268,
                "profile_background_color": "E1E1E1",
                "profile_background_image_url": "http://pbs.twimg.com/profile_background_images/585532601131110400/8tDplQzV.jpg",
                "profile_sidebar_border_color": "FFFFFF",
                "profile_background_image_url_https": "https://pbs.twimg.com/profile_background_images/585532601131110400/8tDplQzV.jpg",
                "protected": false,
                "favourites_count": 300,
                "geo_enabled": false,
                "profile_text_color": "414141",
                "has_extended_profile": false,
                "name": "Chicago Tribune",
                "url": "https://t.co/gaVbUBEf0t",
                "location": "Chicago, IL",
                "profile_background_tile": false,
                "friends_count": 751,
                "profile_image_url": "http://pbs.twimg.com/profile_images/497063779952099328/kwXnsWCE_normal.jpeg",
                "utc_offset": -21600,
                "is_translator": false,
                "default_profile": false,
                "translator_type": "regular",
                "profile_sidebar_fill_color": "E8F3F7",
                "created_at": "Sat Jul 07 14:10:07 +0000 2007",
                "description": "Chicago Tribune news, features and so much more live from our newsroom. A part of your life since 1847.",
                "screen_name": "chicagotribune",
                "lang": "en"
            },
            "in_reply_to_status_id_str": null,
            "coordinates": null,
            "contributors": null,
            "id_str": "801151947306844160",
            "truncated": false,
            "retweet_count": 3,
            "is_quote_status": false,
            "favorite_count": 6,
            "possibly_sensitive": false,
            "in_reply_to_user_id_str": null,
            "source": "<a href=\"http://twitter.com\" rel=\"nofollow\">Twitter Web Client</a>",
            "extended_entities": {
                "media": [
                    {
                        "media_url": "http://pbs.twimg.com/media/Cx5Dau-WIAAEW-V.jpg",
                        "expanded_url": "https://twitter.com/chicagotribune/status/801151947306844160/photo/1",
                        "id": 801151910283714560,
                        "sizes": {
                            "large": {
                                "w": 2048,
                                "h": 1662,
                                "resize": "fit"
                            },
                            "thumb": {
                                "w": 150,
                                "h": 150,
                                "resize": "crop"
                            },
                            "small": {
                                "w": 680,
                                "h": 552,
                                "resize": "fit"
                            },
                            "medium": {
                                "w": 1200,
                                "h": 974,
                                "resize": "fit"
                            }
                        },
                        "display_url": "pic.twitter.com/JvqUmXq7v8",
                        "media_url_https": "https://pbs.twimg.com/media/Cx5Dau-WIAAEW-V.jpg",
                        "id_str": "801151910283714560",
                        "url": "https://t.co/JvqUmXq7v8",
                        "indices": [
                            99,
                            122
                        ],
                        "type": "photo"
                    }
                ]
            },
            "geo": null,
            "in_reply_to_status_id": null,
            "lang": "en"
        },
        {
            "place": null,
            "in_reply_to_screen_name": null,
            "id": 801145041678909440,
            "in_reply_to_user_id": null,
            "created_at": "Tue Nov 22 19:27:17 +0000 2016",
            "entities": {
                "hashtags": [],
                "symbols": [],
                "urls": [
                    {
                        "url": "https://t.co/bJH0PP5Ely",
                        "indices": [
                            117,
                            140
                        ],
                        "expanded_url": "https://twitter.com/i/web/status/801145041678909440",
                        "display_url": "twitter.com/i/web/status/8\u2026"
                    }
                ],
                "user_mentions": []
            },
            "text": "Kellyanne Conway: President-elect Trump \"doesn't wish to pursue\" more investigations into Clinton's email practices\u2026 https://t.co/bJH0PP5Ely",
            "favorited": false,
            "metadata": {
                "iso_language_code": "en",
                "result_type": "recent"
            },
            "retweeted": false,
            "user": {
                "contributors_enabled": false,
                "is_translation_enabled": false,
                "time_zone": "Central Time (US & Canada)",
                "id": 7313362,
                "follow_request_sent": false,
                "notifications": false,
                "profile_link_color": "336699",
                "default_profile_image": false,
                "following": true,
                "profile_banner_url": "https://pbs.twimg.com/profile_banners/7313362/1479647725",
                "verified": true,
                "profile_use_background_image": false,
                "statuses_count": 112842,
                "followers_count": 742327,
                "id_str": "7313362",
                "entities": {
                    "url": {
                        "urls": [
                            {
                                "url": "https://t.co/gaVbUBEf0t",
                                "indices": [
                                    0,
                                    23
                                ],
                                "expanded_url": "http://chicagotribune.com",
                                "display_url": "chicagotribune.com"
                            }
                        ]
                    },
                    "description": {
                        "urls": []
                    }
                },
                "profile_image_url_https": "https://pbs.twimg.com/profile_images/497063779952099328/kwXnsWCE_normal.jpeg",
                "listed_count": 10268,
                "profile_background_color": "E1E1E1",
                "profile_background_image_url": "http://pbs.twimg.com/profile_background_images/585532601131110400/8tDplQzV.jpg",
                "profile_sidebar_border_color": "FFFFFF",
                "profile_background_image_url_https": "https://pbs.twimg.com/profile_background_images/585532601131110400/8tDplQzV.jpg",
                "protected": false,
                "favourites_count": 300,
                "geo_enabled": false,
                "profile_text_color": "414141",
                "has_extended_profile": false,
                "name": "Chicago Tribune",
                "url": "https://t.co/gaVbUBEf0t",
                "location": "Chicago, IL",
                "profile_background_tile": false,
                "friends_count": 751,
                "profile_image_url": "http://pbs.twimg.com/profile_images/497063779952099328/kwXnsWCE_normal.jpeg",
                "utc_offset": -21600,
                "is_translator": false,
                "default_profile": false,
                "translator_type": "regular",
                "profile_sidebar_fill_color": "E8F3F7",
                "created_at": "Sat Jul 07 14:10:07 +0000 2007",
                "description": "Chicago Tribune news, features and so much more live from our newsroom. A part of your life since 1847.",
                "screen_name": "chicagotribune",
                "lang": "en"
            },
            "in_reply_to_status_id_str": null,
            "coordinates": null,
            "contributors": null,
            "id_str": "801145041678909440",
            "truncated": true,
            "retweet_count": 12,
            "is_quote_status": false,
            "favorite_count": 3,
            "possibly_sensitive": false,
            "in_reply_to_user_id_str": null,
            "source": "<a href=\"https://about.twitter.com/products/tweetdeck\" rel=\"nofollow\">TweetDeck</a>",
            "geo": null,
            "in_reply_to_status_id": null,
            "lang": "en"
        },
        {
            "place": null,
            "in_reply_to_screen_name": null,
            "id": 801115209582579712,
            "in_reply_to_user_id": null,
            "created_at": "Tue Nov 22 17:28:44 +0000 2016",
            "entities": {
                "hashtags": [],
                "symbols": [],
                "urls": [
                    {
                        "url": "https://t.co/xsZh6lqs7N",
                        "indices": [
                            117,
                            140
                        ],
                        "expanded_url": "http://trib.in/2fOqSCw",
                        "display_url": "trib.in/2fOqSCw"
                    }
                ],
                "user_mentions": []
            },
            "text": "Breitbart News calls Trump out for \"broken promise\" after transition team said he won't pursue Clinton investigation https://t.co/xsZh6lqs7N",
            "favorited": false,
            "metadata": {
                "iso_language_code": "en",
                "result_type": "recent"
            },
            "retweeted": false,
            "user": {
                "contributors_enabled": false,
                "is_translation_enabled": false,
                "time_zone": "Central Time (US & Canada)",
                "id": 7313362,
                "follow_request_sent": false,
                "notifications": false,
                "profile_link_color": "336699",
                "default_profile_image": false,
                "following": true,
                "profile_banner_url": "https://pbs.twimg.com/profile_banners/7313362/1479647725",
                "verified": true,
                "profile_use_background_image": false,
                "statuses_count": 112842,
                "followers_count": 742327,
                "id_str": "7313362",
                "entities": {
                    "url": {
                        "urls": [
                            {
                                "url": "https://t.co/gaVbUBEf0t",
                                "indices": [
                                    0,
                                    23
                                ],
                                "expanded_url": "http://chicagotribune.com",
                                "display_url": "chicagotribune.com"
                            }
                        ]
                    },
                    "description": {
                        "urls": []
                    }
                },
                "profile_image_url_https": "https://pbs.twimg.com/profile_images/497063779952099328/kwXnsWCE_normal.jpeg",
                "listed_count": 10268,
                "profile_background_color": "E1E1E1",
                "profile_background_image_url": "http://pbs.twimg.com/profile_background_images/585532601131110400/8tDplQzV.jpg",
                "profile_sidebar_border_color": "FFFFFF",
                "profile_background_image_url_https": "https://pbs.twimg.com/profile_background_images/585532601131110400/8tDplQzV.jpg",
                "protected": false,
                "favourites_count": 300,
                "geo_enabled": false,
                "profile_text_color": "414141",
                "has_extended_profile": false,
                "name": "Chicago Tribune",
                "url": "https://t.co/gaVbUBEf0t",
                "location": "Chicago, IL",
                "profile_background_tile": false,
                "friends_count": 751,
                "profile_image_url": "http://pbs.twimg.com/profile_images/497063779952099328/kwXnsWCE_normal.jpeg",
                "utc_offset": -21600,
                "is_translator": false,
                "default_profile": false,
                "translator_type": "regular",
                "profile_sidebar_fill_color": "E8F3F7",
                "created_at": "Sat Jul 07 14:10:07 +0000 2007",
                "description": "Chicago Tribune news, features and so much more live from our newsroom. A part of your life since 1847.",
                "screen_name": "chicagotribune",
                "lang": "en"
            },
            "in_reply_to_status_id_str": null,
            "coordinates": null,
            "contributors": null,
            "id_str": "801115209582579712",
            "truncated": false,
            "retweet_count": 38,
            "is_quote_status": false,
            "favorite_count": 32,
            "possibly_sensitive": false,
            "in_reply_to_user_id_str": null,
            "source": "<a href=\"http://twitter.com\" rel=\"nofollow\">Twitter Web Client</a>",
            "geo": null,
            "in_reply_to_status_id": null,
            "lang": "en"
        },
        {
            "place": null,
            "in_reply_to_screen_name": null,
            "id": 801079572481523712,
            "in_reply_to_user_id": null,
            "created_at": "Tue Nov 22 15:07:08 +0000 2016",
            "entities": {
                "hashtags": [],
                "symbols": [],
                "urls": [
                    {
                        "url": "https://t.co/UNmYwYSJ2H",
                        "indices": [
                            113,
                            136
                        ],
                        "expanded_url": "https://twitter.com/i/web/status/801079572481523712",
                        "display_url": "twitter.com/i/web/status/8\u2026"
                    }
                ],
                "user_mentions": []
            },
            "text": "Trump will not pursue criminal investigations related to Clinton's private email server, campaign manager says.\u2026 https://t.co/UNmYwYSJ2H",
            "favorited": false,
            "metadata": {
                "iso_language_code": "en",
                "result_type": "recent"
            },
            "retweeted": false,
            "user": {
                "contributors_enabled": false,
                "is_translation_enabled": false,
                "time_zone": "Central Time (US & Canada)",
                "id": 7313362,
                "follow_request_sent": false,
                "notifications": false,
                "profile_link_color": "336699",
                "default_profile_image": false,
                "following": true,
                "profile_banner_url": "https://pbs.twimg.com/profile_banners/7313362/1479647725",
                "verified": true,
                "profile_use_background_image": false,
                "statuses_count": 112842,
                "followers_count": 742327,
                "id_str": "7313362",
                "entities": {
                    "url": {
                        "urls": [
                            {
                                "url": "https://t.co/gaVbUBEf0t",
                                "indices": [
                                    0,
                                    23
                                ],
                                "expanded_url": "http://chicagotribune.com",
                                "display_url": "chicagotribune.com"
                            }
                        ]
                    },
                    "description": {
                        "urls": []
                    }
                },
                "profile_image_url_https": "https://pbs.twimg.com/profile_images/497063779952099328/kwXnsWCE_normal.jpeg",
                "listed_count": 10268,
                "profile_background_color": "E1E1E1",
                "profile_background_image_url": "http://pbs.twimg.com/profile_background_images/585532601131110400/8tDplQzV.jpg",
                "profile_sidebar_border_color": "FFFFFF",
                "profile_background_image_url_https": "https://pbs.twimg.com/profile_background_images/585532601131110400/8tDplQzV.jpg",
                "protected": false,
                "favourites_count": 300,
                "geo_enabled": false,
                "profile_text_color": "414141",
                "has_extended_profile": false,
                "name": "Chicago Tribune",
                "url": "https://t.co/gaVbUBEf0t",
                "location": "Chicago, IL",
                "profile_background_tile": false,
                "friends_count": 751,
                "profile_image_url": "http://pbs.twimg.com/profile_images/497063779952099328/kwXnsWCE_normal.jpeg",
                "utc_offset": -21600,
                "is_translator": false,
                "default_profile": false,
                "translator_type": "regular",
                "profile_sidebar_fill_color": "E8F3F7",
                "created_at": "Sat Jul 07 14:10:07 +0000 2007",
                "description": "Chicago Tribune news, features and so much more live from our newsroom. A part of your life since 1847.",
                "screen_name": "chicagotribune",
                "lang": "en"
            },
            "in_reply_to_status_id_str": null,
            "coordinates": null,
            "contributors": null,
            "id_str": "801079572481523712",
            "truncated": true,
            "retweet_count": 13,
            "is_quote_status": false,
            "favorite_count": 7,
            "possibly_sensitive": false,
            "in_reply_to_user_id_str": null,
            "source": "<a href=\"https://about.twitter.com/products/tweetdeck\" rel=\"nofollow\">TweetDeck</a>",
            "geo": null,
            "in_reply_to_status_id": null,
            "lang": "en"
        }
    ],
    "search_metadata": {
        "query": "Hillary+OR+Clinton+from%3Achicagotribune+since%3A2016-11-22+until%3A2016-11-23+filter%3Alinks+-%40chicagotribune",
        "since_id": 0,
        "max_id_str": "801151947306844160",
        "max_id": 801151947306844160,
        "refresh_url": "?since_id=801151947306844160&q=Hillary%20OR%20Clinton%20from%3Achicagotribune%20since%3A2016-11-22%20until%3A2016-11-23%20filter%3Alinks%20-%40chicagotribune&include_entities=1",
        "count": 100,
        "since_id_str": "0",
        "completed_in": 0.043
    }
}