{
    "statuses": [
        {
            "place": null,
            "in_reply_to_screen_name": null,
            "id": 801160837318791168,
            "metadata": {
                "iso_language_code": "en",
                "result_type": "recent"
            },
            "created_at": "Tue Nov 22 20:30:03 +0000 2016",
            "entities": {
                "hashtags": [
                    {
                        "indices": [
                            18,
                            30
                        ],
                        "text": "DonaldTrump"
                    }
                ],
                "symbols": [],
                "urls": [
                    {
                        "url": "https://t.co/mJIiKe9ZPA",
                        "indices": [
                            71,
                            94
                        ],
                        "expanded_url": "http://dpo.st/2fBvvx9",
                        "display_url": "dpo.st/2fBvvx9"
                    }
                ],
                "media": [
                    {
                        "media_url": "http://pbs.twimg.com/media/Cx4UB-6UAAA_GBU.jpg",
                        "expanded_url": "https://twitter.com/denverpost/status/801160837318791168/photo/1",
                        "id": 801099808018530304,
                        "sizes": {
                            "large": {
                                "w": 640,
                                "h": 360,
                                "resize": "fit"
                            },
                            "thumb": {
                                "w": 150,
                                "h": 150,
                                "resize": "crop"
                            },
                            "small": {
                                "w": 640,
                                "h": 360,
                                "resize": "fit"
                            },
                            "medium": {
                                "w": 640,
                                "h": 360,
                                "resize": "fit"
                            }
                        },
                        "display_url": "pic.twitter.com/n8kWM6ZDk6",
                        "media_url_https": "https://pbs.twimg.com/media/Cx4UB-6UAAA_GBU.jpg",
                        "id_str": "801099808018530304",
                        "url": "https://t.co/n8kWM6ZDk6",
                        "indices": [
                            95,
                            118
                        ],
                        "type": "photo"
                    }
                ],
                "user_mentions": []
            },
            "text": "Kellyanne Conway: #DonaldTrump not interested in further Clinton probe https://t.co/mJIiKe9ZPA https://t.co/n8kWM6ZDk6",
            "favorited": false,
            "in_reply_to_user_id": null,
            "retweeted": false,
            "user": {
                "contributors_enabled": false,
                "is_translation_enabled": false,
                "time_zone": "Mountain Time (US & Canada)",
                "id": 8216772,
                "follow_request_sent": false,
                "notifications": false,
                "profile_link_color": "257DDB",
                "default_profile_image": false,
                "following": false,
                "profile_banner_url": "https://pbs.twimg.com/profile_banners/8216772/1398475184",
                "verified": true,
                "profile_use_background_image": true,
                "statuses_count": 143829,
                "followers_count": 304177,
                "id_str": "8216772",
                "entities": {
                    "url": {
                        "urls": [
                            {
                                "url": "http://t.co/HvDYiwfHFX",
                                "indices": [
                                    0,
                                    22
                                ],
                                "expanded_url": "http://www.denverpost.com/",
                                "display_url": "denverpost.com"
                            }
                        ]
                    },
                    "description": {
                        "urls": []
                    }
                },
                "profile_image_url_https": "https://pbs.twimg.com/profile_images/696779704150335488/yF8sCXSN_normal.jpg",
                "listed_count": 5493,
                "profile_background_color": "000000",
                "profile_background_image_url": "http://pbs.twimg.com/profile_background_images/601920030/usz02cw4o5h6j9wgkdca.jpeg",
                "profile_sidebar_border_color": "000000",
                "profile_background_image_url_https": "https://pbs.twimg.com/profile_background_images/601920030/usz02cw4o5h6j9wgkdca.jpeg",
                "protected": false,
                "favourites_count": 1131,
                "geo_enabled": true,
                "profile_text_color": "626262",
                "has_extended_profile": true,
                "name": "The Denver Post",
                "url": "http://t.co/HvDYiwfHFX",
                "location": "Denver, CO",
                "profile_background_tile": false,
                "friends_count": 631,
                "profile_image_url": "http://pbs.twimg.com/profile_images/696779704150335488/yF8sCXSN_normal.jpg",
                "utc_offset": -25200,
                "is_translator": false,
                "default_profile": false,
                "translator_type": "regular",
                "profile_sidebar_fill_color": "003459",
                "created_at": "Thu Aug 16 04:20:09 +0000 2007",
                "description": "Colorado's source for breaking news and information. Tweets by @francieswidler @kourtneygeers @ericjlubbers @danielpetty. Send tips here or tips@denverpost.com.",
                "screen_name": "denverpost",
                "lang": "en"
            },
            "in_reply_to_status_id_str": null,
            "coordinates": null,
            "contributors": null,
            "id_str": "801160837318791168",
            "truncated": false,
            "retweet_count": 2,
            "is_quote_status": false,
            "favorite_count": 2,
            "possibly_sensitive": false,
            "in_reply_to_user_id_str": null,
            "source": "<a href=\"https://about.twitter.com/products/tweetdeck\" rel=\"nofollow\">TweetDeck</a>",
            "extended_entities": {
                "media": [
                    {
                        "media_url": "http://pbs.twimg.com/media/Cx4UB-6UAAA_GBU.jpg",
                        "expanded_url": "https://twitter.com/denverpost/status/801160837318791168/photo/1",
                        "id": 801099808018530304,
                        "sizes": {
                            "large": {
                                "w": 640,
                                "h": 360,
                                "resize": "fit"
                            },
                            "thumb": {
                                "w": 150,
                                "h": 150,
                                "resize": "crop"
                            },
                            "small": {
                                "w": 640,
                                "h": 360,
                                "resize": "fit"
                            },
                            "medium": {
                                "w": 640,
                                "h": 360,
                                "resize": "fit"
                            }
                        },
                        "display_url": "pic.twitter.com/n8kWM6ZDk6",
                        "media_url_https": "https://pbs.twimg.com/media/Cx4UB-6UAAA_GBU.jpg",
                        "id_str": "801099808018530304",
                        "url": "https://t.co/n8kWM6ZDk6",
                        "indices": [
                            95,
                            118
                        ],
                        "type": "photo"
                    }
                ]
            },
            "geo": null,
            "in_reply_to_status_id": null,
            "lang": "en"
        }
    ],
    "search_metadata": {
        "query": "Hillary+OR+Clinton+from%3Adenverpost+since%3A2016-11-22+until%3A2016-11-23+filter%3Alinks+-%40denverpost",
        "since_id": 0,
        "max_id_str": "801160837318791168",
        "max_id": 801160837318791168,
        "refresh_url": "?since_id=801160837318791168&q=Hillary%20OR%20Clinton%20from%3Adenverpost%20since%3A2016-11-22%20until%3A2016-11-23%20filter%3Alinks%20-%40denverpost&include_entities=1",
        "count": 100,
        "since_id_str": "0",
        "completed_in": 0.017
    }
}