{
    "statuses": [
        {
            "place": null,
            "in_reply_to_screen_name": null,
            "id": 801198329119973376,
            "metadata": {
                "iso_language_code": "en",
                "result_type": "recent"
            },
            "created_at": "Tue Nov 22 22:59:01 +0000 2016",
            "entities": {
                "hashtags": [],
                "symbols": [],
                "urls": [
                    {
                        "url": "https://t.co/K8wiKZwf7F",
                        "indices": [
                            77,
                            100
                        ],
                        "expanded_url": "http://trib.al/zbGBJs9",
                        "display_url": "trib.al/zbGBJs9"
                    }
                ],
                "media": [
                    {
                        "media_url": "http://pbs.twimg.com/media/Cx5toiVUsAAxc-V.jpg",
                        "expanded_url": "https://twitter.com/hartfordcourant/status/801198329119973376/photo/1",
                        "id": 801198326896963584,
                        "sizes": {
                            "large": {
                                "w": 750,
                                "h": 422,
                                "resize": "fit"
                            },
                            "thumb": {
                                "w": 150,
                                "h": 150,
                                "resize": "crop"
                            },
                            "small": {
                                "w": 680,
                                "h": 383,
                                "resize": "fit"
                            },
                            "medium": {
                                "w": 750,
                                "h": 422,
                                "resize": "fit"
                            }
                        },
                        "display_url": "pic.twitter.com/NeT0CfjOjO",
                        "media_url_https": "https://pbs.twimg.com/media/Cx5toiVUsAAxc-V.jpg",
                        "id_str": "801198326896963584",
                        "url": "https://t.co/NeT0CfjOjO",
                        "indices": [
                            101,
                            124
                        ],
                        "type": "photo"
                    }
                ],
                "user_mentions": []
            },
            "text": "Trump signals end to Clinton investigations in interview with New York Times https://t.co/K8wiKZwf7F https://t.co/NeT0CfjOjO",
            "favorited": false,
            "in_reply_to_user_id": null,
            "retweeted": false,
            "user": {
                "contributors_enabled": false,
                "is_translation_enabled": false,
                "time_zone": "Eastern Time (US & Canada)",
                "id": 14708814,
                "follow_request_sent": false,
                "notifications": false,
                "profile_link_color": "990000",
                "default_profile_image": false,
                "following": false,
                "profile_banner_url": "https://pbs.twimg.com/profile_banners/14708814/1443623785",
                "verified": true,
                "profile_use_background_image": true,
                "statuses_count": 83333,
                "followers_count": 113346,
                "id_str": "14708814",
                "entities": {
                    "url": {
                        "urls": [
                            {
                                "url": "http://t.co/3x1eSPbscs",
                                "indices": [
                                    0,
                                    22
                                ],
                                "expanded_url": "http://www.courant.com",
                                "display_url": "courant.com"
                            }
                        ]
                    },
                    "description": {
                        "urls": []
                    }
                },
                "profile_image_url_https": "https://pbs.twimg.com/profile_images/486872619036057600/yJuA5kD3_normal.png",
                "listed_count": 1643,
                "profile_background_color": "EBEBEB",
                "profile_background_image_url": "http://pbs.twimg.com/profile_background_images/657619393/9pyq4ao5jtn1ddn6p3zv.jpeg",
                "profile_sidebar_border_color": "FFFFFF",
                "profile_background_image_url_https": "https://pbs.twimg.com/profile_background_images/657619393/9pyq4ao5jtn1ddn6p3zv.jpeg",
                "protected": false,
                "favourites_count": 1,
                "geo_enabled": true,
                "profile_text_color": "333333",
                "has_extended_profile": false,
                "name": "Hartford Courant",
                "url": "http://t.co/3x1eSPbscs",
                "location": "Hartford, Connecticut",
                "profile_background_tile": false,
                "friends_count": 2278,
                "profile_image_url": "http://pbs.twimg.com/profile_images/486872619036057600/yJuA5kD3_normal.png",
                "utc_offset": -18000,
                "is_translator": false,
                "default_profile": false,
                "translator_type": "none",
                "profile_sidebar_fill_color": "F3F3F3",
                "created_at": "Fri May 09 02:36:46 +0000 2008",
                "description": "Connecticut breaking news, sports and politics from the state's largest newsroom and America's oldest continuously published newspaper.",
                "screen_name": "hartfordcourant",
                "lang": "en"
            },
            "in_reply_to_status_id_str": null,
            "coordinates": null,
            "contributors": null,
            "id_str": "801198329119973376",
            "truncated": false,
            "retweet_count": 0,
            "is_quote_status": false,
            "favorite_count": 0,
            "possibly_sensitive": false,
            "in_reply_to_user_id_str": null,
            "source": "<a href=\"http://www.socialflow.com\" rel=\"nofollow\">SocialFlow</a>",
            "extended_entities": {
                "media": [
                    {
                        "media_url": "http://pbs.twimg.com/media/Cx5toiVUsAAxc-V.jpg",
                        "expanded_url": "https://twitter.com/hartfordcourant/status/801198329119973376/photo/1",
                        "id": 801198326896963584,
                        "sizes": {
                            "large": {
                                "w": 750,
                                "h": 422,
                                "resize": "fit"
                            },
                            "thumb": {
                                "w": 150,
                                "h": 150,
                                "resize": "crop"
                            },
                            "small": {
                                "w": 680,
                                "h": 383,
                                "resize": "fit"
                            },
                            "medium": {
                                "w": 750,
                                "h": 422,
                                "resize": "fit"
                            }
                        },
                        "display_url": "pic.twitter.com/NeT0CfjOjO",
                        "media_url_https": "https://pbs.twimg.com/media/Cx5toiVUsAAxc-V.jpg",
                        "id_str": "801198326896963584",
                        "url": "https://t.co/NeT0CfjOjO",
                        "indices": [
                            101,
                            124
                        ],
                        "type": "photo"
                    }
                ]
            },
            "geo": null,
            "in_reply_to_status_id": null,
            "lang": "en"
        }
    ],
    "search_metadata": {
        "query": "Hillary+OR+Clinton+from%3Ahartfordcourant+since%3A2016-11-22+until%3A2016-11-23+filter%3Alinks+-%40hartfordcourant",
        "since_id": 0,
        "max_id_str": "801198329119973376",
        "max_id": 801198329119973376,
        "refresh_url": "?since_id=801198329119973376&q=Hillary%20OR%20Clinton%20from%3Ahartfordcourant%20since%3A2016-11-22%20until%3A2016-11-23%20filter%3Alinks%20-%40hartfordcourant&include_entities=1",
        "count": 100,
        "since_id_str": "0",
        "completed_in": 0.056
    }
}