{
    "statuses": [],
    "search_metadata": {
        "query": "Hillary+OR+Clinton+from%3Aheraldleader+since%3A2016-11-22+until%3A2016-11-23+filter%3Alinks+-%40heraldleader",
        "since_id": 0,
        "max_id_str": "803060302548008961",
        "max_id": 803060302548008961,
        "refresh_url": "?since_id=803060302548008961&q=Hillary%20OR%20Clinton%20from%3Aheraldleader%20since%3A2016-11-22%20until%3A2016-11-23%20filter%3Alinks%20-%40heraldleader&include_entities=1",
        "count": 100,
        "since_id_str": "0",
        "completed_in": 0.02
    }
}