{
    "statuses": [
        {
            "place": null,
            "in_reply_to_screen_name": null,
            "id": 801171223338250240,
            "in_reply_to_user_id": null,
            "created_at": "Tue Nov 22 21:11:19 +0000 2016",
            "entities": {
                "hashtags": [],
                "symbols": [],
                "urls": [
                    {
                        "url": "https://t.co/a8FWeLRwF0",
                        "indices": [
                            100,
                            123
                        ],
                        "expanded_url": "https://twitter.com/i/web/status/801171223338250240",
                        "display_url": "twitter.com/i/web/status/8\u2026"
                    }
                ],
                "user_mentions": []
            },
            "text": "A Sanford mall Santa was reassigned after telling kids that Hillary Clinton is on the naughty list\u2026 https://t.co/a8FWeLRwF0",
            "favorited": false,
            "metadata": {
                "iso_language_code": "en",
                "result_type": "recent"
            },
            "retweeted": false,
            "user": {
                "contributors_enabled": false,
                "is_translation_enabled": false,
                "time_zone": "Eastern Time (US & Canada)",
                "id": 1429761,
                "follow_request_sent": false,
                "notifications": false,
                "profile_link_color": "00B5CC",
                "default_profile_image": false,
                "following": false,
                "profile_banner_url": "https://pbs.twimg.com/profile_banners/1429761/1429874320",
                "verified": true,
                "profile_use_background_image": false,
                "statuses_count": 114536,
                "followers_count": 214275,
                "id_str": "1429761",
                "entities": {
                    "url": {
                        "urls": [
                            {
                                "url": "http://t.co/4aB05T4abC",
                                "indices": [
                                    0,
                                    22
                                ],
                                "expanded_url": "http://www.orlandosentinel.com",
                                "display_url": "orlandosentinel.com"
                            }
                        ]
                    },
                    "description": {
                        "urls": []
                    }
                },
                "profile_image_url_https": "https://pbs.twimg.com/profile_images/511895715086225409/gkbtKjFU_normal.png",
                "listed_count": 3103,
                "profile_background_color": "F9ED2E",
                "profile_background_image_url": "http://pbs.twimg.com/profile_background_images/378800000167425621/KsGhbXdn.jpeg",
                "profile_sidebar_border_color": "FFFFFF",
                "profile_background_image_url_https": "https://pbs.twimg.com/profile_background_images/378800000167425621/KsGhbXdn.jpeg",
                "protected": false,
                "favourites_count": 670,
                "geo_enabled": true,
                "profile_text_color": "333333",
                "has_extended_profile": false,
                "name": "Orlando Sentinel",
                "url": "http://t.co/4aB05T4abC",
                "location": "Orlando, FL",
                "profile_background_tile": false,
                "friends_count": 584,
                "profile_image_url": "http://pbs.twimg.com/profile_images/511895715086225409/gkbtKjFU_normal.png",
                "utc_offset": -18000,
                "is_translator": false,
                "default_profile": false,
                "translator_type": "none",
                "profile_sidebar_fill_color": "A0C5C7",
                "created_at": "Sun Mar 18 18:02:20 +0000 2007",
                "description": "The Orlando Sentinel is the most comprehensive news source of the Central Florida region.",
                "screen_name": "orlandosentinel",
                "lang": "en"
            },
            "in_reply_to_status_id_str": null,
            "coordinates": null,
            "contributors": null,
            "id_str": "801171223338250240",
            "truncated": true,
            "retweet_count": 18,
            "is_quote_status": false,
            "favorite_count": 11,
            "possibly_sensitive": false,
            "in_reply_to_user_id_str": null,
            "source": "<a href=\"http://www.socialflow.com\" rel=\"nofollow\">SocialFlow</a>",
            "geo": null,
            "in_reply_to_status_id": null,
            "lang": "en"
        },
        {
            "place": null,
            "in_reply_to_screen_name": null,
            "id": 801146276850999296,
            "in_reply_to_user_id": null,
            "created_at": "Tue Nov 22 19:32:11 +0000 2016",
            "entities": {
                "hashtags": [],
                "symbols": [],
                "urls": [
                    {
                        "url": "https://t.co/ymwG43lfR7",
                        "indices": [
                            98,
                            121
                        ],
                        "expanded_url": "https://twitter.com/i/web/status/801146276850999296",
                        "display_url": "twitter.com/i/web/status/8\u2026"
                    }
                ],
                "user_mentions": []
            },
            "text": "Breitbart calls out Trump for 'broken promise' over about-face on Hillary Clinton investigations\u2026 https://t.co/ymwG43lfR7",
            "favorited": false,
            "metadata": {
                "iso_language_code": "en",
                "result_type": "recent"
            },
            "retweeted": false,
            "user": {
                "contributors_enabled": false,
                "is_translation_enabled": false,
                "time_zone": "Eastern Time (US & Canada)",
                "id": 1429761,
                "follow_request_sent": false,
                "notifications": false,
                "profile_link_color": "00B5CC",
                "default_profile_image": false,
                "following": false,
                "profile_banner_url": "https://pbs.twimg.com/profile_banners/1429761/1429874320",
                "verified": true,
                "profile_use_background_image": false,
                "statuses_count": 114536,
                "followers_count": 214275,
                "id_str": "1429761",
                "entities": {
                    "url": {
                        "urls": [
                            {
                                "url": "http://t.co/4aB05T4abC",
                                "indices": [
                                    0,
                                    22
                                ],
                                "expanded_url": "http://www.orlandosentinel.com",
                                "display_url": "orlandosentinel.com"
                            }
                        ]
                    },
                    "description": {
                        "urls": []
                    }
                },
                "profile_image_url_https": "https://pbs.twimg.com/profile_images/511895715086225409/gkbtKjFU_normal.png",
                "listed_count": 3103,
                "profile_background_color": "F9ED2E",
                "profile_background_image_url": "http://pbs.twimg.com/profile_background_images/378800000167425621/KsGhbXdn.jpeg",
                "profile_sidebar_border_color": "FFFFFF",
                "profile_background_image_url_https": "https://pbs.twimg.com/profile_background_images/378800000167425621/KsGhbXdn.jpeg",
                "protected": false,
                "favourites_count": 670,
                "geo_enabled": true,
                "profile_text_color": "333333",
                "has_extended_profile": false,
                "name": "Orlando Sentinel",
                "url": "http://t.co/4aB05T4abC",
                "location": "Orlando, FL",
                "profile_background_tile": false,
                "friends_count": 584,
                "profile_image_url": "http://pbs.twimg.com/profile_images/511895715086225409/gkbtKjFU_normal.png",
                "utc_offset": -18000,
                "is_translator": false,
                "default_profile": false,
                "translator_type": "none",
                "profile_sidebar_fill_color": "A0C5C7",
                "created_at": "Sun Mar 18 18:02:20 +0000 2007",
                "description": "The Orlando Sentinel is the most comprehensive news source of the Central Florida region.",
                "screen_name": "orlandosentinel",
                "lang": "en"
            },
            "in_reply_to_status_id_str": null,
            "coordinates": null,
            "contributors": null,
            "id_str": "801146276850999296",
            "truncated": true,
            "retweet_count": 7,
            "is_quote_status": false,
            "favorite_count": 8,
            "possibly_sensitive": false,
            "in_reply_to_user_id_str": null,
            "source": "<a href=\"http://www.socialflow.com\" rel=\"nofollow\">SocialFlow</a>",
            "geo": null,
            "in_reply_to_status_id": null,
            "lang": "en"
        },
        {
            "place": null,
            "in_reply_to_screen_name": null,
            "id": 801080896145084416,
            "metadata": {
                "iso_language_code": "en",
                "result_type": "recent"
            },
            "created_at": "Tue Nov 22 15:12:23 +0000 2016",
            "entities": {
                "hashtags": [],
                "symbols": [],
                "urls": [
                    {
                        "url": "https://t.co/YvWjWZi61Q",
                        "indices": [
                            78,
                            101
                        ],
                        "expanded_url": "http://thesent.nl/2fnsLWt",
                        "display_url": "thesent.nl/2fnsLWt"
                    }
                ],
                "media": [
                    {
                        "media_url": "http://pbs.twimg.com/media/Cx4C1AxWEAEgRe2.jpg",
                        "expanded_url": "https://twitter.com/orlandosentinel/status/801080896145084416/photo/1",
                        "id": 801080893481816065,
                        "sizes": {
                            "large": {
                                "w": 2048,
                                "h": 1365,
                                "resize": "fit"
                            },
                            "thumb": {
                                "w": 150,
                                "h": 150,
                                "resize": "crop"
                            },
                            "small": {
                                "w": 680,
                                "h": 453,
                                "resize": "fit"
                            },
                            "medium": {
                                "w": 1200,
                                "h": 800,
                                "resize": "fit"
                            }
                        },
                        "display_url": "pic.twitter.com/OpBde23rvR",
                        "media_url_https": "https://pbs.twimg.com/media/Cx4C1AxWEAEgRe2.jpg",
                        "id_str": "801080893481816065",
                        "url": "https://t.co/OpBde23rvR",
                        "indices": [
                            102,
                            125
                        ],
                        "type": "photo"
                    }
                ],
                "user_mentions": []
            },
            "text": "BREAKING: Trump will not pursue Clinton investigations, campaign manager says https://t.co/YvWjWZi61Q https://t.co/OpBde23rvR",
            "favorited": false,
            "in_reply_to_user_id": null,
            "retweeted": false,
            "user": {
                "contributors_enabled": false,
                "is_translation_enabled": false,
                "time_zone": "Eastern Time (US & Canada)",
                "id": 1429761,
                "follow_request_sent": false,
                "notifications": false,
                "profile_link_color": "00B5CC",
                "default_profile_image": false,
                "following": false,
                "profile_banner_url": "https://pbs.twimg.com/profile_banners/1429761/1429874320",
                "verified": true,
                "profile_use_background_image": false,
                "statuses_count": 114536,
                "followers_count": 214275,
                "id_str": "1429761",
                "entities": {
                    "url": {
                        "urls": [
                            {
                                "url": "http://t.co/4aB05T4abC",
                                "indices": [
                                    0,
                                    22
                                ],
                                "expanded_url": "http://www.orlandosentinel.com",
                                "display_url": "orlandosentinel.com"
                            }
                        ]
                    },
                    "description": {
                        "urls": []
                    }
                },
                "profile_image_url_https": "https://pbs.twimg.com/profile_images/511895715086225409/gkbtKjFU_normal.png",
                "listed_count": 3103,
                "profile_background_color": "F9ED2E",
                "profile_background_image_url": "http://pbs.twimg.com/profile_background_images/378800000167425621/KsGhbXdn.jpeg",
                "profile_sidebar_border_color": "FFFFFF",
                "profile_background_image_url_https": "https://pbs.twimg.com/profile_background_images/378800000167425621/KsGhbXdn.jpeg",
                "protected": false,
                "favourites_count": 670,
                "geo_enabled": true,
                "profile_text_color": "333333",
                "has_extended_profile": false,
                "name": "Orlando Sentinel",
                "url": "http://t.co/4aB05T4abC",
                "location": "Orlando, FL",
                "profile_background_tile": false,
                "friends_count": 584,
                "profile_image_url": "http://pbs.twimg.com/profile_images/511895715086225409/gkbtKjFU_normal.png",
                "utc_offset": -18000,
                "is_translator": false,
                "default_profile": false,
                "translator_type": "none",
                "profile_sidebar_fill_color": "A0C5C7",
                "created_at": "Sun Mar 18 18:02:20 +0000 2007",
                "description": "The Orlando Sentinel is the most comprehensive news source of the Central Florida region.",
                "screen_name": "orlandosentinel",
                "lang": "en"
            },
            "in_reply_to_status_id_str": null,
            "coordinates": null,
            "contributors": null,
            "id_str": "801080896145084416",
            "truncated": false,
            "retweet_count": 9,
            "is_quote_status": false,
            "favorite_count": 5,
            "possibly_sensitive": false,
            "in_reply_to_user_id_str": null,
            "source": "<a href=\"http://www.socialflow.com\" rel=\"nofollow\">SocialFlow</a>",
            "extended_entities": {
                "media": [
                    {
                        "media_url": "http://pbs.twimg.com/media/Cx4C1AxWEAEgRe2.jpg",
                        "expanded_url": "https://twitter.com/orlandosentinel/status/801080896145084416/photo/1",
                        "id": 801080893481816065,
                        "sizes": {
                            "large": {
                                "w": 2048,
                                "h": 1365,
                                "resize": "fit"
                            },
                            "thumb": {
                                "w": 150,
                                "h": 150,
                                "resize": "crop"
                            },
                            "small": {
                                "w": 680,
                                "h": 453,
                                "resize": "fit"
                            },
                            "medium": {
                                "w": 1200,
                                "h": 800,
                                "resize": "fit"
                            }
                        },
                        "display_url": "pic.twitter.com/OpBde23rvR",
                        "media_url_https": "https://pbs.twimg.com/media/Cx4C1AxWEAEgRe2.jpg",
                        "id_str": "801080893481816065",
                        "url": "https://t.co/OpBde23rvR",
                        "indices": [
                            102,
                            125
                        ],
                        "type": "photo"
                    }
                ]
            },
            "geo": null,
            "in_reply_to_status_id": null,
            "lang": "en"
        }
    ],
    "search_metadata": {
        "query": "Hillary+OR+Clinton+from%3Aorlandosentinel+since%3A2016-11-22+until%3A2016-11-23+filter%3Alinks+-%40orlandosentinel",
        "since_id": 0,
        "max_id_str": "801171223338250240",
        "max_id": 801171223338250240,
        "refresh_url": "?since_id=801171223338250240&q=Hillary%20OR%20Clinton%20from%3Aorlandosentinel%20since%3A2016-11-22%20until%3A2016-11-23%20filter%3Alinks%20-%40orlandosentinel&include_entities=1",
        "count": 100,
        "since_id_str": "0",
        "completed_in": 0.028
    }
}