{
    "statuses": [
        {
            "place": null,
            "in_reply_to_screen_name": null,
            "id": 801078456796577792,
            "in_reply_to_user_id": null,
            "created_at": "Tue Nov 22 15:02:42 +0000 2016",
            "entities": {
                "hashtags": [],
                "symbols": [],
                "urls": [
                    {
                        "url": "https://t.co/ur6VYPi10S",
                        "indices": [
                            47,
                            70
                        ],
                        "expanded_url": "http://bit.ly/2fZ1Ezd",
                        "display_url": "bit.ly/2fZ1Ezd"
                    }
                ],
                "user_mentions": []
            },
            "text": "Trump won't pursue e-mail case against Clinton https://t.co/ur6VYPi10S",
            "favorited": false,
            "metadata": {
                "iso_language_code": "en",
                "result_type": "recent"
            },
            "retweeted": false,
            "user": {
                "contributors_enabled": false,
                "is_translation_enabled": false,
                "time_zone": "Central Time (US & Canada)",
                "id": 17870317,
                "follow_request_sent": false,
                "notifications": false,
                "profile_link_color": "0765DF",
                "default_profile_image": false,
                "following": false,
                "verified": true,
                "profile_use_background_image": true,
                "statuses_count": 82967,
                "followers_count": 26759,
                "id_str": "17870317",
                "entities": {
                    "url": {
                        "urls": [
                            {
                                "url": "https://t.co/7vcucPJIik",
                                "indices": [
                                    0,
                                    23
                                ],
                                "expanded_url": "http://www.shreveporttimes.com",
                                "display_url": "shreveporttimes.com"
                            }
                        ]
                    },
                    "description": {
                        "urls": []
                    }
                },
                "profile_image_url_https": "https://pbs.twimg.com/profile_images/669166583206408192/xJ56S9sJ_normal.jpg",
                "listed_count": 307,
                "profile_background_color": "EDECE9",
                "profile_background_image_url": "http://pbs.twimg.com/profile_background_images/3557043/twitter_background.jpg",
                "profile_sidebar_border_color": "D3D2CF",
                "profile_background_image_url_https": "https://pbs.twimg.com/profile_background_images/3557043/twitter_background.jpg",
                "protected": false,
                "favourites_count": 335,
                "geo_enabled": true,
                "profile_text_color": "634047",
                "has_extended_profile": false,
                "name": "The Shreveport Times",
                "url": "https://t.co/7vcucPJIik",
                "location": "Shreveport, LA",
                "profile_background_tile": false,
                "friends_count": 755,
                "profile_image_url": "http://pbs.twimg.com/profile_images/669166583206408192/xJ56S9sJ_normal.jpg",
                "utc_offset": -21600,
                "is_translator": false,
                "default_profile": false,
                "translator_type": "none",
                "profile_sidebar_fill_color": "E3E2DE",
                "created_at": "Thu Dec 04 15:45:50 +0000 2008",
                "description": "Latest news from northwest Louisiana and beyond. RTs do not = endorsements",
                "screen_name": "shreveporttimes",
                "lang": "en"
            },
            "in_reply_to_status_id_str": null,
            "coordinates": null,
            "contributors": null,
            "id_str": "801078456796577792",
            "truncated": false,
            "retweet_count": 0,
            "is_quote_status": false,
            "favorite_count": 0,
            "possibly_sensitive": false,
            "in_reply_to_user_id_str": null,
            "source": "<a href=\"http://dlvr.it\" rel=\"nofollow\">dlvr.it</a>",
            "geo": null,
            "in_reply_to_status_id": null,
            "lang": "en"
        }
    ],
    "search_metadata": {
        "query": "Hillary+OR+Clinton+from%3Ashreveporttimes+since%3A2016-11-22+until%3A2016-11-23+filter%3Alinks+-%40shreveporttimes",
        "since_id": 0,
        "max_id_str": "801078456796577792",
        "max_id": 801078456796577792,
        "refresh_url": "?since_id=801078456796577792&q=Hillary%20OR%20Clinton%20from%3Ashreveporttimes%20since%3A2016-11-22%20until%3A2016-11-23%20filter%3Alinks%20-%40shreveporttimes&include_entities=1",
        "count": 100,
        "since_id_str": "0",
        "completed_in": 0.051
    }
}