{
    "statuses": [
        {
            "place": null,
            "in_reply_to_screen_name": null,
            "id": 801145805184897024,
            "metadata": {
                "iso_language_code": "en",
                "result_type": "recent"
            },
            "created_at": "Tue Nov 22 19:30:19 +0000 2016",
            "entities": {
                "hashtags": [],
                "symbols": [],
                "urls": [
                    {
                        "url": "https://t.co/quxNspM7dh",
                        "indices": [
                            83,
                            106
                        ],
                        "expanded_url": "http://www.staradvertiser.com/2016/11/22/breaking-news/conway-trump-not-interested-in-further-clinton-probe/",
                        "display_url": "staradvertiser.com/2016/11/22/bre\u2026"
                    }
                ],
                "media": [
                    {
                        "media_url": "http://pbs.twimg.com/media/Cx493L7WgAApt3L.jpg",
                        "expanded_url": "https://twitter.com/StarAdvertiser/status/801145805184897024/photo/1",
                        "id": 801145802022354944,
                        "sizes": {
                            "large": {
                                "w": 640,
                                "h": 488,
                                "resize": "fit"
                            },
                            "thumb": {
                                "w": 150,
                                "h": 150,
                                "resize": "crop"
                            },
                            "small": {
                                "w": 640,
                                "h": 488,
                                "resize": "fit"
                            },
                            "medium": {
                                "w": 640,
                                "h": 488,
                                "resize": "fit"
                            }
                        },
                        "display_url": "pic.twitter.com/AsSommsHCv",
                        "media_url_https": "https://pbs.twimg.com/media/Cx493L7WgAApt3L.jpg",
                        "id_str": "801145802022354944",
                        "url": "https://t.co/AsSommsHCv",
                        "indices": [
                            107,
                            130
                        ],
                        "type": "photo"
                    }
                ],
                "user_mentions": [
                    {
                        "name": "Kellyanne Conway",
                        "id_str": "471672239",
                        "indices": [
                            1,
                            16
                        ],
                        "id": 471672239,
                        "screen_name": "KellyannePolls"
                    },
                    {
                        "name": "Donald J. Trump",
                        "id_str": "25073877",
                        "indices": [
                            18,
                            34
                        ],
                        "id": 25073877,
                        "screen_name": "realDonaldTrump"
                    },
                    {
                        "name": "Hillary Clinton",
                        "id_str": "1339835893",
                        "indices": [
                            61,
                            76
                        ],
                        "id": 1339835893,
                        "screen_name": "HillaryClinton"
                    }
                ]
            },
            "text": ".@KellyannePolls: @realDonaldTrump not interested in further @HillaryClinton probe https://t.co/quxNspM7dh https://t.co/AsSommsHCv",
            "favorited": false,
            "in_reply_to_user_id": null,
            "retweeted": false,
            "user": {
                "contributors_enabled": false,
                "is_translation_enabled": false,
                "time_zone": "Hawaii",
                "id": 126424795,
                "follow_request_sent": false,
                "notifications": false,
                "profile_link_color": "2169AD",
                "default_profile_image": false,
                "following": false,
                "profile_banner_url": "https://pbs.twimg.com/profile_banners/126424795/1446606044",
                "verified": true,
                "profile_use_background_image": true,
                "statuses_count": 108806,
                "followers_count": 55950,
                "id_str": "126424795",
                "entities": {
                    "url": {
                        "urls": [
                            {
                                "url": "https://t.co/IlUVJyBOsb",
                                "indices": [
                                    0,
                                    23
                                ],
                                "expanded_url": "http://www.staradvertiser.com",
                                "display_url": "staradvertiser.com"
                            }
                        ]
                    },
                    "description": {
                        "urls": []
                    }
                },
                "profile_image_url_https": "https://pbs.twimg.com/profile_images/458796544200679426/TIwpuRqm_normal.png",
                "listed_count": 1366,
                "profile_background_color": "FFFFFF",
                "profile_background_image_url": "http://pbs.twimg.com/profile_background_images/164414760/SABanner-2-1.jpg",
                "profile_sidebar_border_color": "C0DEED",
                "profile_background_image_url_https": "https://pbs.twimg.com/profile_background_images/164414760/SABanner-2-1.jpg",
                "protected": false,
                "favourites_count": 8,
                "geo_enabled": true,
                "profile_text_color": "333333",
                "has_extended_profile": false,
                "name": "Star-Advertiser",
                "url": "https://t.co/IlUVJyBOsb",
                "location": "Honolulu, Hawaii",
                "profile_background_tile": false,
                "friends_count": 73,
                "profile_image_url": "http://pbs.twimg.com/profile_images/458796544200679426/TIwpuRqm_normal.png",
                "utc_offset": -36000,
                "is_translator": false,
                "default_profile": false,
                "translator_type": "none",
                "profile_sidebar_fill_color": "DDEEF6",
                "created_at": "Thu Mar 25 20:54:58 +0000 2010",
                "description": "The Pulse of Paradise. Breaking news and information from Hawaii's largest news organization.",
                "screen_name": "StarAdvertiser",
                "lang": "en"
            },
            "in_reply_to_status_id_str": null,
            "coordinates": null,
            "contributors": null,
            "id_str": "801145805184897024",
            "truncated": false,
            "retweet_count": 0,
            "is_quote_status": false,
            "favorite_count": 0,
            "possibly_sensitive": false,
            "in_reply_to_user_id_str": null,
            "source": "<a href=\"http://www.hootsuite.com\" rel=\"nofollow\">Hootsuite</a>",
            "extended_entities": {
                "media": [
                    {
                        "media_url": "http://pbs.twimg.com/media/Cx493L7WgAApt3L.jpg",
                        "expanded_url": "https://twitter.com/StarAdvertiser/status/801145805184897024/photo/1",
                        "id": 801145802022354944,
                        "sizes": {
                            "large": {
                                "w": 640,
                                "h": 488,
                                "resize": "fit"
                            },
                            "thumb": {
                                "w": 150,
                                "h": 150,
                                "resize": "crop"
                            },
                            "small": {
                                "w": 640,
                                "h": 488,
                                "resize": "fit"
                            },
                            "medium": {
                                "w": 640,
                                "h": 488,
                                "resize": "fit"
                            }
                        },
                        "display_url": "pic.twitter.com/AsSommsHCv",
                        "media_url_https": "https://pbs.twimg.com/media/Cx493L7WgAApt3L.jpg",
                        "id_str": "801145802022354944",
                        "url": "https://t.co/AsSommsHCv",
                        "indices": [
                            107,
                            130
                        ],
                        "type": "photo"
                    }
                ]
            },
            "geo": null,
            "in_reply_to_status_id": null,
            "lang": "en"
        }
    ],
    "search_metadata": {
        "query": "Hillary+OR+Clinton+from%3AStarAdvertiser+since%3A2016-11-22+until%3A2016-11-23+filter%3Alinks+-%40StarAdvertiser",
        "since_id": 0,
        "max_id_str": "801145805184897024",
        "max_id": 801145805184897024,
        "refresh_url": "?since_id=801145805184897024&q=Hillary%20OR%20Clinton%20from%3AStarAdvertiser%20since%3A2016-11-22%20until%3A2016-11-23%20filter%3Alinks%20-%40StarAdvertiser&include_entities=1",
        "count": 100,
        "since_id_str": "0",
        "completed_in": 0.031
    }
}