{
    "statuses": [
        {
            "place": null,
            "in_reply_to_screen_name": null,
            "id": 801076788788985856,
            "in_reply_to_user_id": null,
            "created_at": "Tue Nov 22 14:56:04 +0000 2016",
            "entities": {
                "hashtags": [],
                "symbols": [],
                "urls": [
                    {
                        "url": "https://t.co/u0Qhb6MlTi",
                        "indices": [
                            58,
                            81
                        ],
                        "expanded_url": "http://www.stltoday.com/news/national/govt-and-politics/the-latest-trump-aide-suggests-he-wants-no-clinton-probe/article_bbf9d529-459a-5c59-aabf-99e89a43a4d4.html?utm_source=dlvr.it&utm_medium=twitter",
                        "display_url": "stltoday.com/news/national/\u2026"
                    }
                ],
                "user_mentions": []
            },
            "text": "The Latest: Trump aide suggests he wants no Clinton probe https://t.co/u0Qhb6MlTi",
            "favorited": false,
            "metadata": {
                "iso_language_code": "en",
                "result_type": "recent"
            },
            "retweeted": false,
            "user": {
                "contributors_enabled": false,
                "is_translation_enabled": false,
                "time_zone": "Central Time (US & Canada)",
                "id": 6039302,
                "follow_request_sent": false,
                "notifications": false,
                "profile_link_color": "990000",
                "default_profile_image": false,
                "following": false,
                "profile_banner_url": "https://pbs.twimg.com/profile_banners/6039302/1414685197",
                "verified": true,
                "profile_use_background_image": false,
                "statuses_count": 114665,
                "followers_count": 170410,
                "id_str": "6039302",
                "entities": {
                    "url": {
                        "urls": [
                            {
                                "url": "http://t.co/Z1ZQ0mDZMD",
                                "indices": [
                                    0,
                                    22
                                ],
                                "expanded_url": "http://www.stltoday.com",
                                "display_url": "stltoday.com"
                            }
                        ]
                    },
                    "description": {
                        "urls": []
                    }
                },
                "profile_image_url_https": "https://pbs.twimg.com/profile_images/766662678819373056/G64e6PTO_normal.jpg",
                "listed_count": 2469,
                "profile_background_color": "990000",
                "profile_background_image_url": "http://pbs.twimg.com/profile_background_images/120432356/twitter-stltodayMain.jpg",
                "profile_sidebar_border_color": "000000",
                "profile_background_image_url_https": "https://pbs.twimg.com/profile_background_images/120432356/twitter-stltodayMain.jpg",
                "protected": false,
                "favourites_count": 1383,
                "geo_enabled": false,
                "profile_text_color": "000000",
                "has_extended_profile": false,
                "name": "STLtoday",
                "url": "http://t.co/Z1ZQ0mDZMD",
                "location": "St. Louis, Mo.",
                "profile_background_tile": false,
                "friends_count": 130,
                "profile_image_url": "http://pbs.twimg.com/profile_images/766662678819373056/G64e6PTO_normal.jpg",
                "utc_offset": -21600,
                "is_translator": false,
                "default_profile": false,
                "translator_type": "none",
                "profile_sidebar_fill_color": "FFFFFF",
                "created_at": "Mon May 14 17:51:34 +0000 2007",
                "description": "St. Louis Post-Dispatch news, sports, business, features, blogs, photos and video. @Weatherbird is the Twitter ambassador for the P-D.",
                "screen_name": "stltoday",
                "lang": "en"
            },
            "in_reply_to_status_id_str": null,
            "coordinates": null,
            "contributors": null,
            "id_str": "801076788788985856",
            "truncated": false,
            "retweet_count": 1,
            "is_quote_status": false,
            "favorite_count": 0,
            "possibly_sensitive": false,
            "in_reply_to_user_id_str": null,
            "source": "<a href=\"http://dlvr.it\" rel=\"nofollow\">dlvr.it</a>",
            "geo": null,
            "in_reply_to_status_id": null,
            "lang": "en"
        }
    ],
    "search_metadata": {
        "query": "Hillary+OR+Clinton+from%3Astltoday+since%3A2016-11-22+until%3A2016-11-23+filter%3Alinks+-%40stltoday",
        "since_id": 0,
        "max_id_str": "801076788788985856",
        "max_id": 801076788788985856,
        "refresh_url": "?since_id=801076788788985856&q=Hillary%20OR%20Clinton%20from%3Astltoday%20since%3A2016-11-22%20until%3A2016-11-23%20filter%3Alinks%20-%40stltoday&include_entities=1",
        "count": 100,
        "since_id_str": "0",
        "completed_in": 0.028
    }
}