{
    "statuses": [
        {
            "place": null,
            "in_reply_to_screen_name": null,
            "id": 801100429341900800,
            "metadata": {
                "iso_language_code": "en",
                "result_type": "recent"
            },
            "created_at": "Tue Nov 22 16:30:00 +0000 2016",
            "entities": {
                "hashtags": [],
                "symbols": [],
                "urls": [
                    {
                        "url": "https://t.co/COgnf7NQ5i",
                        "indices": [
                            79,
                            102
                        ],
                        "expanded_url": "http://www.sunjournal.com/news/nation/2016/11/22/aide-says-donald-trump-not-likely-pursue-prosecution-hillary-clinton/2033974",
                        "display_url": "sunjournal.com/news/nation/20\u2026"
                    }
                ],
                "media": [
                    {
                        "media_url": "http://pbs.twimg.com/media/Cx4Qz3MW8AwNVGr.jpg",
                        "expanded_url": "https://twitter.com/sunjournal/status/801100429341900800/photo/1",
                        "id": 801096266893684748,
                        "sizes": {
                            "large": {
                                "w": 620,
                                "h": 413,
                                "resize": "fit"
                            },
                            "thumb": {
                                "w": 150,
                                "h": 150,
                                "resize": "crop"
                            },
                            "small": {
                                "w": 620,
                                "h": 413,
                                "resize": "fit"
                            },
                            "medium": {
                                "w": 620,
                                "h": 413,
                                "resize": "fit"
                            }
                        },
                        "display_url": "pic.twitter.com/zR5EFw0gT3",
                        "media_url_https": "https://pbs.twimg.com/media/Cx4Qz3MW8AwNVGr.jpg",
                        "id_str": "801096266893684748",
                        "url": "https://t.co/zR5EFw0gT3",
                        "indices": [
                            103,
                            126
                        ],
                        "type": "photo"
                    }
                ],
                "user_mentions": [
                    {
                        "name": "Donald J. Trump",
                        "id_str": "25073877",
                        "indices": [
                            10,
                            26
                        ],
                        "id": 25073877,
                        "screen_name": "realDonaldTrump"
                    },
                    {
                        "name": "Hillary Clinton",
                        "id_str": "1339835893",
                        "indices": [
                            63,
                            78
                        ],
                        "id": 1339835893,
                        "screen_name": "HillaryClinton"
                    }
                ]
            },
            "text": "Aide says @realDonaldTrump not likely to pursue prosecution of @HillaryClinton https://t.co/COgnf7NQ5i https://t.co/zR5EFw0gT3",
            "favorited": false,
            "in_reply_to_user_id": null,
            "retweeted": false,
            "user": {
                "contributors_enabled": false,
                "is_translation_enabled": false,
                "time_zone": "Eastern Time (US & Canada)",
                "id": 8729092,
                "follow_request_sent": false,
                "notifications": false,
                "profile_link_color": "1F98C7",
                "default_profile_image": false,
                "following": false,
                "profile_banner_url": "https://pbs.twimg.com/profile_banners/8729092/1480257563",
                "verified": false,
                "profile_use_background_image": true,
                "statuses_count": 57357,
                "followers_count": 28099,
                "id_str": "8729092",
                "entities": {
                    "url": {
                        "urls": [
                            {
                                "url": "http://t.co/g6rua9MqV4",
                                "indices": [
                                    0,
                                    22
                                ],
                                "expanded_url": "http://www.sunjournal.com",
                                "display_url": "sunjournal.com"
                            }
                        ]
                    },
                    "description": {
                        "urls": []
                    }
                },
                "profile_image_url_https": "https://pbs.twimg.com/profile_images/707249051130003456/KfksyOzx_normal.jpg",
                "listed_count": 530,
                "profile_background_color": "C6E2EE",
                "profile_background_image_url": "http://abs.twimg.com/images/themes/theme2/bg.gif",
                "profile_sidebar_border_color": "C6E2EE",
                "profile_background_image_url_https": "https://abs.twimg.com/images/themes/theme2/bg.gif",
                "protected": false,
                "favourites_count": 460,
                "geo_enabled": true,
                "profile_text_color": "663B12",
                "has_extended_profile": false,
                "name": "Sun Journal",
                "url": "http://t.co/g6rua9MqV4",
                "location": "Lewiston/Auburn, Maine",
                "profile_background_tile": false,
                "friends_count": 2483,
                "profile_image_url": "http://pbs.twimg.com/profile_images/707249051130003456/KfksyOzx_normal.jpg",
                "utc_offset": -18000,
                "is_translator": false,
                "default_profile": false,
                "translator_type": "none",
                "profile_sidebar_fill_color": "DAECF4",
                "created_at": "Fri Sep 07 17:48:02 +0000 2007",
                "description": "News and conversations from Maine since 1847. Send breaking news: breaking@sunjournal.com",
                "screen_name": "sunjournal",
                "lang": "en"
            },
            "in_reply_to_status_id_str": null,
            "coordinates": null,
            "contributors": null,
            "id_str": "801100429341900800",
            "truncated": false,
            "retweet_count": 0,
            "is_quote_status": false,
            "favorite_count": 0,
            "possibly_sensitive": false,
            "in_reply_to_user_id_str": null,
            "source": "<a href=\"https://about.twitter.com/products/tweetdeck\" rel=\"nofollow\">TweetDeck</a>",
            "extended_entities": {
                "media": [
                    {
                        "media_url": "http://pbs.twimg.com/media/Cx4Qz3MW8AwNVGr.jpg",
                        "expanded_url": "https://twitter.com/sunjournal/status/801100429341900800/photo/1",
                        "id": 801096266893684748,
                        "sizes": {
                            "large": {
                                "w": 620,
                                "h": 413,
                                "resize": "fit"
                            },
                            "thumb": {
                                "w": 150,
                                "h": 150,
                                "resize": "crop"
                            },
                            "small": {
                                "w": 620,
                                "h": 413,
                                "resize": "fit"
                            },
                            "medium": {
                                "w": 620,
                                "h": 413,
                                "resize": "fit"
                            }
                        },
                        "display_url": "pic.twitter.com/zR5EFw0gT3",
                        "media_url_https": "https://pbs.twimg.com/media/Cx4Qz3MW8AwNVGr.jpg",
                        "id_str": "801096266893684748",
                        "url": "https://t.co/zR5EFw0gT3",
                        "indices": [
                            103,
                            126
                        ],
                        "type": "photo"
                    }
                ]
            },
            "geo": null,
            "in_reply_to_status_id": null,
            "lang": "en"
        }
    ],
    "search_metadata": {
        "query": "Hillary+OR+Clinton+from%3Asunjournal+since%3A2016-11-22+until%3A2016-11-23+filter%3Alinks+-%40sunjournal",
        "since_id": 0,
        "max_id_str": "801100429341900800",
        "max_id": 801100429341900800,
        "refresh_url": "?since_id=801100429341900800&q=Hillary%20OR%20Clinton%20from%3Asunjournal%20since%3A2016-11-22%20until%3A2016-11-23%20filter%3Alinks%20-%40sunjournal&include_entities=1",
        "count": 100,
        "since_id_str": "0",
        "completed_in": 0.017
    }
}