{
    "statuses": [
        {
            "place": null,
            "in_reply_to_screen_name": null,
            "id": 801091609744044032,
            "in_reply_to_user_id": null,
            "created_at": "Tue Nov 22 15:54:57 +0000 2016",
            "entities": {
                "hashtags": [],
                "symbols": [],
                "urls": [
                    {
                        "url": "https://t.co/vPxmzKtHUj",
                        "indices": [
                            86,
                            109
                        ],
                        "expanded_url": "http://bit.ly/2flzc92",
                        "display_url": "bit.ly/2flzc92"
                    }
                ],
                "user_mentions": []
            },
            "text": "Donald Trump \"doesn't wish to pursue\" probe into Hillary Clinton emails, adviser says https://t.co/vPxmzKtHUj",
            "favorited": false,
            "metadata": {
                "iso_language_code": "en",
                "result_type": "recent"
            },
            "retweeted": false,
            "user": {
                "contributors_enabled": false,
                "is_translation_enabled": false,
                "time_zone": "Central Time (US & Canada)",
                "id": 3983511,
                "follow_request_sent": false,
                "notifications": false,
                "profile_link_color": "731212",
                "default_profile_image": false,
                "following": false,
                "profile_banner_url": "https://pbs.twimg.com/profile_banners/3983511/1471736454",
                "verified": true,
                "profile_use_background_image": true,
                "statuses_count": 55772,
                "followers_count": 64908,
                "id_str": "3983511",
                "entities": {
                    "url": {
                        "urls": [
                            {
                                "url": "http://t.co/bLKAtqmwi2",
                                "indices": [
                                    0,
                                    22
                                ],
                                "expanded_url": "http://theadvocate.com/",
                                "display_url": "theadvocate.com"
                            }
                        ]
                    },
                    "description": {
                        "urls": [
                            {
                                "url": "http://t.co/jdm4tF8XPc",
                                "indices": [
                                    109,
                                    131
                                ],
                                "expanded_url": "http://theadvocate.com",
                                "display_url": "theadvocate.com"
                            }
                        ]
                    }
                },
                "profile_image_url_https": "https://pbs.twimg.com/profile_images/1827534749/AdvocateAppIcon_normal.jpg",
                "listed_count": 864,
                "profile_background_color": "BD2012",
                "profile_background_image_url": "http://pbs.twimg.com/profile_background_images/681940932950765568/P91Q7-k6.jpg",
                "profile_sidebar_border_color": "FFFFFF",
                "profile_background_image_url_https": "https://pbs.twimg.com/profile_background_images/681940932950765568/P91Q7-k6.jpg",
                "protected": false,
                "favourites_count": 50,
                "geo_enabled": false,
                "profile_text_color": "333333",
                "has_extended_profile": false,
                "name": "The Advocate",
                "url": "http://t.co/bLKAtqmwi2",
                "location": "Baton Rouge, LA",
                "profile_background_tile": false,
                "friends_count": 384,
                "profile_image_url": "http://pbs.twimg.com/profile_images/1827534749/AdvocateAppIcon_normal.jpg",
                "utc_offset": -21600,
                "is_translator": false,
                "default_profile": false,
                "translator_type": "none",
                "profile_sidebar_fill_color": "FAFAFA",
                "created_at": "Tue Apr 10 04:37:30 +0000 2007",
                "description": "Breaking News and updates for South Louisiana and the Baton Rouge area powered by The Advocate newspaper and http://t.co/jdm4tF8XPc",
                "screen_name": "theadvocatebr",
                "lang": "en"
            },
            "in_reply_to_status_id_str": null,
            "coordinates": null,
            "contributors": null,
            "id_str": "801091609744044032",
            "truncated": false,
            "retweet_count": 1,
            "is_quote_status": false,
            "favorite_count": 3,
            "possibly_sensitive": false,
            "in_reply_to_user_id_str": null,
            "source": "<a href=\"https://about.twitter.com/products/tweetdeck\" rel=\"nofollow\">TweetDeck</a>",
            "geo": null,
            "in_reply_to_status_id": null,
            "lang": "en"
        }
    ],
    "search_metadata": {
        "query": "Hillary+OR+Clinton+from%3Atheadvocatebr+since%3A2016-11-22+until%3A2016-11-23+filter%3Alinks+-%40theadvocatebr",
        "since_id": 0,
        "max_id_str": "801091609744044032",
        "max_id": 801091609744044032,
        "refresh_url": "?since_id=801091609744044032&q=Hillary%20OR%20Clinton%20from%3Atheadvocatebr%20since%3A2016-11-22%20until%3A2016-11-23%20filter%3Alinks%20-%40theadvocatebr&include_entities=1",
        "count": 100,
        "since_id_str": "0",
        "completed_in": 0.035
    }
}