{
    "statuses": [],
    "search_metadata": {
        "count": 100,
        "max_id": 803443019932258304,
        "max_id_str": "803443019932258304",
        "refresh_url": "?since_id=803443019932258304&q=from%3Abaltimoresun%20filter%3Alinks%20since%3A2016-11-26%20until%3A2016-11-27%20marihuana%20OR%20marijuana%20OR%20cannabis%20-%40baltimoresun&include_entities=1",
        "query": "from%3Abaltimoresun+filter%3Alinks+since%3A2016-11-26+until%3A2016-11-27+marihuana+OR+marijuana+OR+cannabis+-%40baltimoresun",
        "completed_in": 0.026,
        "since_id_str": "0",
        "since_id": 0
    }
}