{
    "statuses": [],
    "search_metadata": {
        "count": 100,
        "max_id": 803443022352433152,
        "max_id_str": "803443022352433152",
        "refresh_url": "?since_id=803443022352433152&q=from%3ABaltimore_Times%20filter%3Alinks%20since%3A2016-11-26%20until%3A2016-11-27%20marihuana%20OR%20marijuana%20OR%20cannabis%20-%40Baltimore_Times&include_entities=1",
        "query": "from%3ABaltimore_Times+filter%3Alinks+since%3A2016-11-26+until%3A2016-11-27+marihuana+OR+marijuana+OR+cannabis+-%40Baltimore_Times",
        "completed_in": 0.029,
        "since_id_str": "0",
        "since_id": 0
    }
}