{
    "statuses": [
        {
            "created_at": "Sat Nov 26 02:26:08 +0000 2016",
            "place": null,
            "source": "<a href=\"http://dlvr.it\" rel=\"nofollow\">dlvr.it</a>",
            "in_reply_to_user_id_str": null,
            "possibly_sensitive": false,
            "id_str": "802337612258111488",
            "favorite_count": 0,
            "entities": {
                "hashtags": [],
                "symbols": [],
                "urls": [
                    {
                        "expanded_url": "http://bfpne.ws/2gqSBKu",
                        "url": "https://t.co/G163WIpD60",
                        "display_url": "bfpne.ws/2gqSBKu",
                        "indices": [
                            59,
                            82
                        ]
                    }
                ],
                "user_mentions": []
            },
            "in_reply_to_screen_name": null,
            "lang": "en",
            "favorited": false,
            "id": 802337612258111488,
            "retweet_count": 0,
            "in_reply_to_status_id": null,
            "truncated": false,
            "coordinates": null,
            "in_reply_to_user_id": null,
            "metadata": {
                "iso_language_code": "en",
                "result_type": "recent"
            },
            "contributors": null,
            "retweeted": false,
            "in_reply_to_status_id_str": null,
            "text": "Black Friday? Try 'Green Friday' at legal marijuana stores https://t.co/G163WIpD60",
            "user": {
                "created_at": "Mon Jan 28 18:04:38 +0000 2008",
                "time_zone": "Eastern Time (US & Canada)",
                "statuses_count": 102880,
                "follow_request_sent": false,
                "profile_image_url_https": "https://pbs.twimg.com/profile_images/687984275757641729/G9J4xKco_normal.jpg",
                "profile_image_url": "http://pbs.twimg.com/profile_images/687984275757641729/G9J4xKco_normal.jpg",
                "profile_link_color": "0084B4",
                "notifications": false,
                "location": "Burlington, Vermont",
                "id_str": "12794062",
                "is_translation_enabled": false,
                "entities": {
                    "description": {
                        "urls": [
                            {
                                "expanded_url": "https://www.facebook.com/bfpnews",
                                "url": "https://t.co/2g5al56nqj",
                                "display_url": "facebook.com/bfpnews",
                                "indices": [
                                    130,
                                    153
                                ]
                            }
                        ]
                    },
                    "url": {
                        "urls": [
                            {
                                "expanded_url": "http://www.burlingtonfreepress.com/",
                                "url": "https://t.co/0L0IwHiesW",
                                "display_url": "burlingtonfreepress.com",
                                "indices": [
                                    0,
                                    23
                                ]
                            }
                        ]
                    }
                },
                "verified": true,
                "translator_type": "none",
                "lang": "en",
                "contributors_enabled": false,
                "followers_count": 43957,
                "is_translator": false,
                "profile_background_image_url_https": "https://pbs.twimg.com/profile_background_images/499622924110675968/pnXo9bzx.jpeg",
                "id": 12794062,
                "profile_sidebar_fill_color": "C0DFEC",
                "listed_count": 777,
                "profile_sidebar_border_color": "000000",
                "default_profile_image": false,
                "profile_use_background_image": true,
                "url": "https://t.co/0L0IwHiesW",
                "profile_banner_url": "https://pbs.twimg.com/profile_banners/12794062/1465413920",
                "following": false,
                "default_profile": false,
                "description": "Vermont headlines and breaking news from the Burlington Free Press. Updated by BFP newsroom staff. Part of the USA Today Network. https://t.co/2g5al56nqj",
                "protected": false,
                "favourites_count": 911,
                "name": "BurlingtonFreePress",
                "screen_name": "bfp_news",
                "friends_count": 6504,
                "profile_background_color": "022330",
                "profile_background_tile": false,
                "profile_background_image_url": "http://pbs.twimg.com/profile_background_images/499622924110675968/pnXo9bzx.jpeg",
                "has_extended_profile": false,
                "utc_offset": -18000,
                "geo_enabled": true,
                "profile_text_color": "333333"
            },
            "geo": null,
            "is_quote_status": false
        }
    ],
    "search_metadata": {
        "count": 100,
        "max_id": 802337612258111488,
        "max_id_str": "802337612258111488",
        "refresh_url": "?since_id=802337612258111488&q=from%3Abfp_news%20filter%3Alinks%20since%3A2016-11-26%20until%3A2016-11-27%20marihuana%20OR%20marijuana%20OR%20cannabis%20-%40bfp_news&include_entities=1",
        "query": "from%3Abfp_news+filter%3Alinks+since%3A2016-11-26+until%3A2016-11-27+marihuana+OR+marijuana+OR+cannabis+-%40bfp_news",
        "completed_in": 0.062,
        "since_id_str": "0",
        "since_id": 0
    }
}