{
    "statuses": [],
    "search_metadata": {
        "count": 100,
        "max_id": 803443058498998272,
        "max_id_str": "803443058498998272",
        "refresh_url": "?since_id=803443058498998272&q=from%3Abistrib%20filter%3Alinks%20since%3A2016-11-26%20until%3A2016-11-27%20marihuana%20OR%20marijuana%20OR%20cannabis%20-%40bistrib&include_entities=1",
        "query": "from%3Abistrib+filter%3Alinks+since%3A2016-11-26+until%3A2016-11-27+marihuana+OR+marijuana+OR+cannabis+-%40bistrib",
        "completed_in": 0.033,
        "since_id_str": "0",
        "since_id": 0
    }
}