{
    "statuses": [],
    "search_metadata": {
        "count": 100,
        "max_id": 803443079164239873,
        "max_id_str": "803443079164239873",
        "refresh_url": "?since_id=803443079164239873&q=from%3Adallasnews%20filter%3Alinks%20since%3A2016-11-26%20until%3A2016-11-27%20marihuana%20OR%20marijuana%20OR%20cannabis%20-%40dallasnews&include_entities=1",
        "query": "from%3Adallasnews+filter%3Alinks+since%3A2016-11-26+until%3A2016-11-27+marihuana+OR+marijuana+OR+cannabis+-%40dallasnews",
        "completed_in": 0.016,
        "since_id_str": "0",
        "since_id": 0
    }
}