{
    "statuses": [
        {
            "created_at": "Sat Nov 26 00:23:14 +0000 2016",
            "place": null,
            "source": "<a href=\"https://about.twitter.com/products/tweetdeck\" rel=\"nofollow\">TweetDeck</a>",
            "in_reply_to_user_id_str": null,
            "possibly_sensitive": false,
            "id_str": "802306683225587713",
            "favorite_count": 0,
            "entities": {
                "hashtags": [],
                "symbols": [],
                "urls": [
                    {
                        "expanded_url": "http://cin.ci/2gekkLi",
                        "url": "https://t.co/WMbJz3ELZi",
                        "display_url": "cin.ci/2gekkLi",
                        "indices": [
                            63,
                            86
                        ]
                    }
                ],
                "user_mentions": []
            },
            "in_reply_to_screen_name": null,
            "lang": "en",
            "favorited": false,
            "id": 802306683225587713,
            "retweet_count": 1,
            "in_reply_to_status_id": null,
            "truncated": false,
            "coordinates": null,
            "in_reply_to_user_id": null,
            "metadata": {
                "iso_language_code": "en",
                "result_type": "recent"
            },
            "contributors": null,
            "retweeted": false,
            "in_reply_to_status_id_str": null,
            "text": "10 arrested, 350 lbs of marijuana seized by sheriff in 2 days: https://t.co/WMbJz3ELZi",
            "user": {
                "created_at": "Fri Mar 07 17:03:25 +0000 2008",
                "time_zone": "Eastern Time (US & Canada)",
                "statuses_count": 93585,
                "follow_request_sent": false,
                "profile_image_url_https": "https://pbs.twimg.com/profile_images/526919376285728768/uSA-k8K3_normal.jpeg",
                "profile_image_url": "http://pbs.twimg.com/profile_images/526919376285728768/uSA-k8K3_normal.jpeg",
                "profile_link_color": "E81C4F",
                "notifications": false,
                "location": "Ohio and Kentucky",
                "id_str": "14095883",
                "is_translation_enabled": false,
                "entities": {
                    "description": {
                        "urls": [
                            {
                                "expanded_url": "http://Cincinnati.com",
                                "url": "https://t.co/mDBCcYYlHL",
                                "display_url": "Cincinnati.com",
                                "indices": [
                                    105,
                                    128
                                ]
                            }
                        ]
                    },
                    "url": {
                        "urls": [
                            {
                                "expanded_url": "http://www.cincinnati.com",
                                "url": "https://t.co/UGLPZYIS0f",
                                "display_url": "cincinnati.com",
                                "indices": [
                                    0,
                                    23
                                ]
                            }
                        ]
                    }
                },
                "verified": true,
                "translator_type": "none",
                "lang": "en",
                "contributors_enabled": false,
                "followers_count": 100722,
                "is_translator": false,
                "profile_background_image_url_https": "https://pbs.twimg.com/profile_background_images/378800000068221048/78f238160a5e9282b007257bc5d6df33.jpeg",
                "id": 14095883,
                "profile_sidebar_fill_color": "72DDF8",
                "listed_count": 1465,
                "profile_sidebar_border_color": "FFFFFF",
                "default_profile_image": false,
                "profile_use_background_image": true,
                "url": "https://t.co/UGLPZYIS0f",
                "profile_banner_url": "https://pbs.twimg.com/profile_banners/14095883/1478015514",
                "following": false,
                "default_profile": false,
                "description": "Your No. 1 source for breaking news, watchdog journalism, Reds, things to do and more. Brought to you by https://t.co/mDBCcYYlHL.",
                "protected": false,
                "favourites_count": 4855,
                "name": "Enquirer",
                "screen_name": "Enquirer",
                "friends_count": 1261,
                "profile_background_color": "000000",
                "profile_background_tile": true,
                "profile_background_image_url": "http://pbs.twimg.com/profile_background_images/378800000068221048/78f238160a5e9282b007257bc5d6df33.jpeg",
                "has_extended_profile": false,
                "utc_offset": -18000,
                "geo_enabled": true,
                "profile_text_color": "000000"
            },
            "geo": null,
            "is_quote_status": false
        }
    ],
    "search_metadata": {
        "count": 100,
        "max_id": 802306683225587713,
        "max_id_str": "802306683225587713",
        "refresh_url": "?since_id=802306683225587713&q=from%3AEnquirer%20filter%3Alinks%20since%3A2016-11-26%20until%3A2016-11-27%20marihuana%20OR%20marijuana%20OR%20cannabis%20-%40Enquirer&include_entities=1",
        "query": "from%3AEnquirer+filter%3Alinks+since%3A2016-11-26+until%3A2016-11-27+marihuana+OR+marijuana+OR+cannabis+-%40Enquirer",
        "completed_in": 0.028,
        "since_id_str": "0",
        "since_id": 0
    }
}