{
    "statuses": [
        {
            "created_at": "Sat Nov 26 22:56:20 +0000 2016",
            "place": null,
            "source": "<a href=\"https://about.twitter.com/products/tweetdeck\" rel=\"nofollow\">TweetDeck</a>",
            "in_reply_to_user_id_str": null,
            "possibly_sensitive": false,
            "id_str": "802647202011156480",
            "favorite_count": 3,
            "entities": {
                "hashtags": [
                    {
                        "indices": [
                            72,
                            89
                        ],
                        "text": "medicalmarijuana"
                    }
                ],
                "symbols": [],
                "urls": [
                    {
                        "expanded_url": "http://bit.ly/2fAEm4h",
                        "url": "https://t.co/CWm6g7mSXc",
                        "display_url": "bit.ly/2fAEm4h",
                        "indices": [
                            116,
                            139
                        ]
                    }
                ],
                "user_mentions": []
            },
            "in_reply_to_screen_name": null,
            "lang": "en",
            "favorited": false,
            "id": 802647202011156480,
            "retweet_count": 2,
            "in_reply_to_status_id": null,
            "truncated": false,
            "coordinates": null,
            "in_reply_to_user_id": null,
            "metadata": {
                "iso_language_code": "en",
                "result_type": "recent"
            },
            "contributors": null,
            "retweeted": false,
            "in_reply_to_status_id_str": null,
            "text": "Did you know there are more than 14,500 patients registered to purchase #medicalmarijuana in the state? More facts: https://t.co/CWm6g7mSXc",
            "user": {
                "created_at": "Fri Apr 24 15:38:22 +0000 2009",
                "time_zone": null,
                "statuses_count": 64703,
                "follow_request_sent": false,
                "profile_image_url_https": "https://pbs.twimg.com/profile_images/3760081022/298ec1da0ffea485a6b6a0cb6be7d04c_normal.jpeg",
                "profile_image_url": "http://pbs.twimg.com/profile_images/3760081022/298ec1da0ffea485a6b6a0cb6be7d04c_normal.jpeg",
                "profile_link_color": "080E11",
                "notifications": false,
                "location": "New Haven, Connecticut",
                "id_str": "34956062",
                "is_translation_enabled": false,
                "entities": {
                    "description": {
                        "urls": []
                    },
                    "url": {
                        "urls": [
                            {
                                "expanded_url": "http://www.nhregister.com/",
                                "url": "https://t.co/2cox044c9b",
                                "display_url": "nhregister.com",
                                "indices": [
                                    0,
                                    23
                                ]
                            }
                        ]
                    }
                },
                "verified": false,
                "translator_type": "none",
                "lang": "en",
                "contributors_enabled": false,
                "followers_count": 52107,
                "is_translator": false,
                "profile_background_image_url_https": "https://pbs.twimg.com/profile_background_images/24848102/CT_NHR.jpg",
                "id": 34956062,
                "profile_sidebar_fill_color": "D2120F",
                "listed_count": 905,
                "profile_sidebar_border_color": "FFFFFF",
                "default_profile_image": false,
                "profile_use_background_image": false,
                "url": "https://t.co/2cox044c9b",
                "following": false,
                "default_profile": false,
                "description": "A digital first multimedia news organization in Greater New Haven, Connecticut since 1812. Call in news tips: 203-789-5708",
                "protected": false,
                "favourites_count": 737,
                "name": "New Haven Register",
                "screen_name": "nhregister",
                "friends_count": 6170,
                "profile_background_color": "CFCFCF",
                "profile_background_tile": false,
                "profile_background_image_url": "http://pbs.twimg.com/profile_background_images/24848102/CT_NHR.jpg",
                "has_extended_profile": false,
                "utc_offset": null,
                "geo_enabled": true,
                "profile_text_color": "090707"
            },
            "geo": null,
            "is_quote_status": false
        },
        {
            "created_at": "Sat Nov 26 02:51:12 +0000 2016",
            "place": null,
            "source": "<a href=\"https://about.twitter.com/products/tweetdeck\" rel=\"nofollow\">TweetDeck</a>",
            "in_reply_to_user_id_str": null,
            "possibly_sensitive": false,
            "id_str": "802343922341203968",
            "favorite_count": 4,
            "entities": {
                "hashtags": [
                    {
                        "indices": [
                            23,
                            40
                        ],
                        "text": "medicalmarijuana"
                    }
                ],
                "symbols": [],
                "urls": [
                    {
                        "expanded_url": "http://bit.ly/2fAEm4h",
                        "url": "https://t.co/CWm6g7mSXc",
                        "display_url": "bit.ly/2fAEm4h",
                        "indices": [
                            56,
                            79
                        ]
                    }
                ],
                "user_mentions": []
            },
            "in_reply_to_screen_name": null,
            "lang": "en",
            "favorited": false,
            "id": 802343922341203968,
            "retweet_count": 1,
            "in_reply_to_status_id": null,
            "truncated": false,
            "coordinates": null,
            "in_reply_to_user_id": null,
            "metadata": {
                "iso_language_code": "en",
                "result_type": "recent"
            },
            "contributors": null,
            "retweeted": false,
            "in_reply_to_status_id_str": null,
            "text": "8 things to know about #medicalmarijuana in Connecticut https://t.co/CWm6g7mSXc",
            "user": {
                "created_at": "Fri Apr 24 15:38:22 +0000 2009",
                "time_zone": null,
                "statuses_count": 64703,
                "follow_request_sent": false,
                "profile_image_url_https": "https://pbs.twimg.com/profile_images/3760081022/298ec1da0ffea485a6b6a0cb6be7d04c_normal.jpeg",
                "profile_image_url": "http://pbs.twimg.com/profile_images/3760081022/298ec1da0ffea485a6b6a0cb6be7d04c_normal.jpeg",
                "profile_link_color": "080E11",
                "notifications": false,
                "location": "New Haven, Connecticut",
                "id_str": "34956062",
                "is_translation_enabled": false,
                "entities": {
                    "description": {
                        "urls": []
                    },
                    "url": {
                        "urls": [
                            {
                                "expanded_url": "http://www.nhregister.com/",
                                "url": "https://t.co/2cox044c9b",
                                "display_url": "nhregister.com",
                                "indices": [
                                    0,
                                    23
                                ]
                            }
                        ]
                    }
                },
                "verified": false,
                "translator_type": "none",
                "lang": "en",
                "contributors_enabled": false,
                "followers_count": 52107,
                "is_translator": false,
                "profile_background_image_url_https": "https://pbs.twimg.com/profile_background_images/24848102/CT_NHR.jpg",
                "id": 34956062,
                "profile_sidebar_fill_color": "D2120F",
                "listed_count": 905,
                "profile_sidebar_border_color": "FFFFFF",
                "default_profile_image": false,
                "profile_use_background_image": false,
                "url": "https://t.co/2cox044c9b",
                "following": false,
                "default_profile": false,
                "description": "A digital first multimedia news organization in Greater New Haven, Connecticut since 1812. Call in news tips: 203-789-5708",
                "protected": false,
                "favourites_count": 737,
                "name": "New Haven Register",
                "screen_name": "nhregister",
                "friends_count": 6170,
                "profile_background_color": "CFCFCF",
                "profile_background_tile": false,
                "profile_background_image_url": "http://pbs.twimg.com/profile_background_images/24848102/CT_NHR.jpg",
                "has_extended_profile": false,
                "utc_offset": null,
                "geo_enabled": true,
                "profile_text_color": "090707"
            },
            "geo": null,
            "is_quote_status": false
        }
    ],
    "search_metadata": {
        "count": 100,
        "max_id": 802647202011156480,
        "max_id_str": "802647202011156480",
        "refresh_url": "?since_id=802647202011156480&q=from%3Anhregister%20filter%3Alinks%20since%3A2016-11-26%20until%3A2016-11-27%20marihuana%20OR%20marijuana%20OR%20cannabis%20-%40nhregister&include_entities=1",
        "query": "from%3Anhregister+filter%3Alinks+since%3A2016-11-26+until%3A2016-11-27+marihuana+OR+marijuana+OR+cannabis+-%40nhregister",
        "completed_in": 0.062,
        "since_id_str": "0",
        "since_id": 0
    }
}