{
    "statuses": [
        {
            "created_at": "Sat Nov 26 02:56:15 +0000 2016",
            "place": null,
            "source": "<a href=\"http://www.socialflow.com\" rel=\"nofollow\">SocialFlow</a>",
            "in_reply_to_user_id_str": null,
            "possibly_sensitive": false,
            "id_str": "802345193655570432",
            "favorite_count": 11,
            "entities": {
                "media": [
                    {
                        "indices": [
                            99,
                            122
                        ],
                        "url": "https://t.co/hovK4jYMn6",
                        "media_url_https": "https://pbs.twimg.com/media/CyKAs1bXAAApe1Q.jpg",
                        "id": 802345191369801728,
                        "media_url": "http://pbs.twimg.com/media/CyKAs1bXAAApe1Q.jpg",
                        "expanded_url": "https://twitter.com/orlandosentinel/status/802345193655570432/photo/1",
                        "id_str": "802345191369801728",
                        "sizes": {
                            "medium": {
                                "h": 675,
                                "resize": "fit",
                                "w": 1200
                            },
                            "thumb": {
                                "h": 150,
                                "resize": "crop",
                                "w": 150
                            },
                            "small": {
                                "h": 383,
                                "resize": "fit",
                                "w": 680
                            },
                            "large": {
                                "h": 720,
                                "resize": "fit",
                                "w": 1280
                            }
                        },
                        "display_url": "pic.twitter.com/hovK4jYMn6",
                        "type": "photo"
                    }
                ],
                "hashtags": [],
                "symbols": [],
                "urls": [
                    {
                        "expanded_url": "http://thesent.nl/2guwwrW",
                        "url": "https://t.co/HbsbglOpWP",
                        "display_url": "thesent.nl/2guwwrW",
                        "indices": [
                            75,
                            98
                        ]
                    }
                ],
                "user_mentions": [
                    {
                        "name": "Scott Maxwell",
                        "id_str": "36473948",
                        "screen_name": "Scott_Maxwell",
                        "indices": [
                            59,
                            73
                        ],
                        "id": 36473948
                    }
                ]
            },
            "in_reply_to_screen_name": null,
            "lang": "en",
            "favorited": false,
            "id": 802345193655570432,
            "retweet_count": 3,
            "in_reply_to_status_id": null,
            "truncated": false,
            "coordinates": null,
            "in_reply_to_user_id": null,
            "metadata": {
                "iso_language_code": "en",
                "result_type": "recent"
            },
            "contributors": null,
            "retweeted": false,
            "extended_entities": {
                "media": [
                    {
                        "indices": [
                            99,
                            122
                        ],
                        "url": "https://t.co/hovK4jYMn6",
                        "media_url_https": "https://pbs.twimg.com/media/CyKAs1bXAAApe1Q.jpg",
                        "id": 802345191369801728,
                        "media_url": "http://pbs.twimg.com/media/CyKAs1bXAAApe1Q.jpg",
                        "expanded_url": "https://twitter.com/orlandosentinel/status/802345193655570432/photo/1",
                        "id_str": "802345191369801728",
                        "sizes": {
                            "medium": {
                                "h": 675,
                                "resize": "fit",
                                "w": 1200
                            },
                            "thumb": {
                                "h": 150,
                                "resize": "crop",
                                "w": 150
                            },
                            "small": {
                                "h": 383,
                                "resize": "fit",
                                "w": 680
                            },
                            "large": {
                                "h": 720,
                                "resize": "fit",
                                "w": 1280
                            }
                        },
                        "display_url": "pic.twitter.com/hovK4jYMn6",
                        "type": "photo"
                    }
                ]
            },
            "in_reply_to_status_id_str": null,
            "text": "Readers take on Trump, grits, pot and me, writes columnist @Scott_Maxwell \nhttps://t.co/HbsbglOpWP https://t.co/hovK4jYMn6",
            "user": {
                "created_at": "Sun Mar 18 18:02:20 +0000 2007",
                "time_zone": "Eastern Time (US & Canada)",
                "statuses_count": 114610,
                "follow_request_sent": false,
                "profile_image_url_https": "https://pbs.twimg.com/profile_images/511895715086225409/gkbtKjFU_normal.png",
                "profile_image_url": "http://pbs.twimg.com/profile_images/511895715086225409/gkbtKjFU_normal.png",
                "profile_link_color": "00B5CC",
                "notifications": false,
                "location": "Orlando, FL",
                "id_str": "1429761",
                "is_translation_enabled": false,
                "entities": {
                    "description": {
                        "urls": []
                    },
                    "url": {
                        "urls": [
                            {
                                "expanded_url": "http://www.orlandosentinel.com",
                                "url": "http://t.co/4aB05T4abC",
                                "display_url": "orlandosentinel.com",
                                "indices": [
                                    0,
                                    22
                                ]
                            }
                        ]
                    }
                },
                "verified": true,
                "translator_type": "none",
                "lang": "en",
                "contributors_enabled": false,
                "followers_count": 214495,
                "is_translator": false,
                "profile_background_image_url_https": "https://pbs.twimg.com/profile_background_images/378800000167425621/KsGhbXdn.jpeg",
                "id": 1429761,
                "profile_sidebar_fill_color": "A0C5C7",
                "listed_count": 3104,
                "profile_sidebar_border_color": "FFFFFF",
                "default_profile_image": false,
                "profile_use_background_image": false,
                "url": "http://t.co/4aB05T4abC",
                "profile_banner_url": "https://pbs.twimg.com/profile_banners/1429761/1429874320",
                "following": false,
                "default_profile": false,
                "description": "The Orlando Sentinel is the most comprehensive news source of the Central Florida region.",
                "protected": false,
                "favourites_count": 670,
                "name": "Orlando Sentinel",
                "screen_name": "orlandosentinel",
                "friends_count": 584,
                "profile_background_color": "F9ED2E",
                "profile_background_tile": false,
                "profile_background_image_url": "http://pbs.twimg.com/profile_background_images/378800000167425621/KsGhbXdn.jpeg",
                "has_extended_profile": false,
                "utc_offset": -18000,
                "geo_enabled": true,
                "profile_text_color": "333333"
            },
            "geo": null,
            "is_quote_status": false
        }
    ],
    "search_metadata": {
        "count": 100,
        "max_id": 802345193655570432,
        "max_id_str": "802345193655570432",
        "refresh_url": "?since_id=802345193655570432&q=from%3Aorlandosentinel%20filter%3Alinks%20since%3A2016-11-26%20until%3A2016-11-27%20marihuana%20OR%20marijuana%20OR%20cannabis%20-%40orlandosentinel&include_entities=1",
        "query": "from%3Aorlandosentinel+filter%3Alinks+since%3A2016-11-26+until%3A2016-11-27+marihuana+OR+marijuana+OR+cannabis+-%40orlandosentinel",
        "completed_in": 0.067,
        "since_id_str": "0",
        "since_id": 0
    }
}