{
    "statuses": [
        {
            "created_at": "Sat Nov 26 15:47:01 +0000 2016",
            "place": null,
            "source": "<a href=\"http://bufferapp.com\" rel=\"nofollow\">Buffer</a>",
            "in_reply_to_user_id_str": null,
            "possibly_sensitive": false,
            "id_str": "802539162486325248",
            "favorite_count": 1,
            "entities": {
                "hashtags": [
                    {
                        "indices": [
                            76,
                            87
                        ],
                        "text": "PortlandME"
                    }
                ],
                "symbols": [],
                "urls": [
                    {
                        "expanded_url": "http://buff.ly/2fS6uAK",
                        "url": "https://t.co/w25BXwHraE",
                        "display_url": "buff.ly/2fS6uAK",
                        "indices": [
                            88,
                            111
                        ]
                    }
                ],
                "user_mentions": []
            },
            "in_reply_to_screen_name": null,
            "lang": "en",
            "favorited": false,
            "id": 802539162486325248,
            "retweet_count": 0,
            "in_reply_to_status_id": null,
            "truncated": false,
            "coordinates": null,
            "in_reply_to_user_id": null,
            "metadata": {
                "iso_language_code": "en",
                "result_type": "recent"
            },
            "contributors": null,
            "retweeted": false,
            "in_reply_to_status_id_str": null,
            "text": "When will the recreational marijuana markets in Maine open up for business? #PortlandME https://t.co/w25BXwHraE",
            "user": {
                "created_at": "Wed Aug 20 19:40:38 +0000 2008",
                "time_zone": "Eastern Time (US & Canada)",
                "statuses_count": 6143,
                "follow_request_sent": false,
                "profile_image_url_https": "https://pbs.twimg.com/profile_images/801811963131006976/C62CRzBl_normal.jpg",
                "profile_image_url": "http://pbs.twimg.com/profile_images/801811963131006976/C62CRzBl_normal.jpg",
                "profile_link_color": "DD2E44",
                "notifications": false,
                "location": "Portland, ME",
                "id_str": "15922045",
                "is_translation_enabled": false,
                "entities": {
                    "description": {
                        "urls": []
                    },
                    "url": {
                        "urls": [
                            {
                                "expanded_url": "http://portlandphoenix.me",
                                "url": "http://t.co/o4FrhkIkMh",
                                "display_url": "portlandphoenix.me",
                                "indices": [
                                    0,
                                    22
                                ]
                            }
                        ]
                    }
                },
                "verified": false,
                "translator_type": "none",
                "lang": "en",
                "contributors_enabled": false,
                "followers_count": 6383,
                "is_translator": false,
                "profile_background_image_url_https": "https://abs.twimg.com/images/themes/theme1/bg.png",
                "id": 15922045,
                "profile_sidebar_fill_color": "000000",
                "listed_count": 238,
                "profile_sidebar_border_color": "000000",
                "default_profile_image": false,
                "profile_use_background_image": false,
                "url": "http://t.co/o4FrhkIkMh",
                "profile_banner_url": "https://pbs.twimg.com/profile_banners/15922045/1418855076",
                "following": false,
                "default_profile": false,
                "description": "Portland's News + Arts + Entertainment Authority",
                "protected": false,
                "favourites_count": 139,
                "name": "The Portland Phoenix",
                "screen_name": "PortlandPhoenix",
                "friends_count": 791,
                "profile_background_color": "000000",
                "profile_background_tile": false,
                "profile_background_image_url": "http://abs.twimg.com/images/themes/theme1/bg.png",
                "has_extended_profile": false,
                "utc_offset": -18000,
                "geo_enabled": false,
                "profile_text_color": "000000"
            },
            "geo": null,
            "is_quote_status": false
        }
    ],
    "search_metadata": {
        "count": 100,
        "max_id": 802539162486325248,
        "max_id_str": "802539162486325248",
        "refresh_url": "?since_id=802539162486325248&q=from%3APortlandPhoenix%20filter%3Alinks%20since%3A2016-11-26%20until%3A2016-11-27%20marihuana%20OR%20marijuana%20OR%20cannabis%20-%40PortlandPhoenix&include_entities=1",
        "query": "from%3APortlandPhoenix+filter%3Alinks+since%3A2016-11-26+until%3A2016-11-27+marihuana+OR+marijuana+OR+cannabis+-%40PortlandPhoenix",
        "completed_in": 0.067,
        "since_id_str": "0",
        "since_id": 0
    }
}