{
    "statuses": [],
    "search_metadata": {
        "count": 100,
        "max_id": 803443068900933632,
        "max_id_str": "803443068900933632",
        "refresh_url": "?since_id=803443068900933632&q=from%3Aprojo%20filter%3Alinks%20since%3A2016-11-26%20until%3A2016-11-27%20marihuana%20OR%20marijuana%20OR%20cannabis%20-%40projo&include_entities=1",
        "query": "from%3Aprojo+filter%3Alinks+since%3A2016-11-26+until%3A2016-11-27+marihuana+OR+marijuana+OR+cannabis+-%40projo",
        "completed_in": 0.043,
        "since_id_str": "0",
        "since_id": 0
    }
}