{
    "statuses": [],
    "search_metadata": {
        "count": 100,
        "max_id": 803443092091088896,
        "max_id_str": "803443092091088896",
        "refresh_url": "?since_id=803443092091088896&q=from%3Aseattletimes%20filter%3Alinks%20since%3A2016-11-26%20until%3A2016-11-27%20marihuana%20OR%20marijuana%20OR%20cannabis%20-%40seattletimes&include_entities=1",
        "query": "from%3Aseattletimes+filter%3Alinks+since%3A2016-11-26+until%3A2016-11-27+marihuana+OR+marijuana+OR+cannabis+-%40seattletimes",
        "completed_in": 0.032,
        "since_id_str": "0",
        "since_id": 0
    }
}