{
    "statuses": [
        {
            "created_at": "Sat Nov 26 23:30:01 +0000 2016",
            "place": null,
            "source": "<a href=\"https://about.twitter.com/products/tweetdeck\" rel=\"nofollow\">TweetDeck</a>",
            "in_reply_to_user_id_str": null,
            "possibly_sensitive": false,
            "id_str": "802655679831883778",
            "favorite_count": 3,
            "entities": {
                "hashtags": [
                    {
                        "indices": [
                            103,
                            110
                        ],
                        "text": "Prop64"
                    }
                ],
                "symbols": [],
                "urls": [
                    {
                        "expanded_url": "https://twitter.com/i/web/status/802655679831883778",
                        "url": "https://t.co/u34GEK8eAT",
                        "display_url": "twitter.com/i/web/status/8\u2026",
                        "indices": [
                            112,
                            135
                        ]
                    }
                ],
                "user_mentions": []
            },
            "in_reply_to_screen_name": null,
            "lang": "en",
            "favorited": false,
            "id": 802655679831883778,
            "retweet_count": 3,
            "in_reply_to_status_id": null,
            "truncated": true,
            "coordinates": null,
            "in_reply_to_user_id": null,
            "metadata": {
                "iso_language_code": "en",
                "result_type": "recent"
            },
            "contributors": null,
            "retweeted": false,
            "in_reply_to_status_id_str": null,
            "text": "\u201cIt was a sigh of relief\u201d -  Marijuana entrepreneur who plead down to one misdemeanor charge thanks to #Prop64\u2026 https://t.co/u34GEK8eAT",
            "user": {
                "created_at": "Wed Mar 10 00:44:07 +0000 2010",
                "time_zone": "Pacific Time (US & Canada)",
                "statuses_count": 47043,
                "follow_request_sent": false,
                "profile_image_url_https": "https://pbs.twimg.com/profile_images/695773573919543296/Q1mS960c_normal.jpg",
                "profile_image_url": "http://pbs.twimg.com/profile_images/695773573919543296/Q1mS960c_normal.jpg",
                "profile_link_color": "FA743E",
                "notifications": false,
                "location": "San Francisco, CA",
                "id_str": "121597316",
                "is_translation_enabled": false,
                "entities": {
                    "description": {
                        "urls": []
                    },
                    "url": {
                        "urls": [
                            {
                                "expanded_url": "http://SFChronicle.com",
                                "url": "https://t.co/CV0gqM16Hp",
                                "display_url": "SFChronicle.com",
                                "indices": [
                                    0,
                                    23
                                ]
                            }
                        ]
                    }
                },
                "verified": true,
                "translator_type": "none",
                "lang": "en",
                "contributors_enabled": false,
                "followers_count": 102235,
                "is_translator": false,
                "profile_background_image_url_https": "https://abs.twimg.com/images/themes/theme15/bg.png",
                "id": 121597316,
                "profile_sidebar_fill_color": "000000",
                "listed_count": 2178,
                "profile_sidebar_border_color": "000000",
                "default_profile_image": false,
                "profile_use_background_image": false,
                "url": "https://t.co/CV0gqM16Hp",
                "profile_banner_url": "https://pbs.twimg.com/profile_banners/121597316/1431378314",
                "following": false,
                "default_profile": false,
                "description": "The Voice of the West. The Voice of San Francisco and the Bay Area.",
                "protected": false,
                "favourites_count": 2575,
                "name": "SFChronicle",
                "screen_name": "sfchronicle",
                "friends_count": 157,
                "profile_background_color": "000000",
                "profile_background_tile": false,
                "profile_background_image_url": "http://abs.twimg.com/images/themes/theme15/bg.png",
                "has_extended_profile": false,
                "utc_offset": -28800,
                "geo_enabled": false,
                "profile_text_color": "000000"
            },
            "geo": null,
            "is_quote_status": false
        },
        {
            "created_at": "Sat Nov 26 18:30:01 +0000 2016",
            "place": null,
            "source": "<a href=\"https://about.twitter.com/products/tweetdeck\" rel=\"nofollow\">TweetDeck</a>",
            "in_reply_to_user_id_str": null,
            "possibly_sensitive": false,
            "id_str": "802580181764345857",
            "favorite_count": 2,
            "entities": {
                "hashtags": [
                    {
                        "indices": [
                            103,
                            110
                        ],
                        "text": "Prop64"
                    }
                ],
                "symbols": [],
                "urls": [
                    {
                        "expanded_url": "https://twitter.com/i/web/status/802580181764345857",
                        "url": "https://t.co/f3porKRzeo",
                        "display_url": "twitter.com/i/web/status/8\u2026",
                        "indices": [
                            112,
                            135
                        ]
                    }
                ],
                "user_mentions": []
            },
            "in_reply_to_screen_name": null,
            "lang": "en",
            "favorited": false,
            "id": 802580181764345857,
            "retweet_count": 2,
            "in_reply_to_status_id": null,
            "truncated": true,
            "coordinates": null,
            "in_reply_to_user_id": null,
            "metadata": {
                "iso_language_code": "en",
                "result_type": "recent"
            },
            "contributors": null,
            "retweeted": false,
            "in_reply_to_status_id_str": null,
            "text": "\u201cIt was a sigh of relief\u201d -  Marijuana entrepreneur who plead down to one misdemeanor charge thanks to #Prop64\u2026 https://t.co/f3porKRzeo",
            "user": {
                "created_at": "Wed Mar 10 00:44:07 +0000 2010",
                "time_zone": "Pacific Time (US & Canada)",
                "statuses_count": 47043,
                "follow_request_sent": false,
                "profile_image_url_https": "https://pbs.twimg.com/profile_images/695773573919543296/Q1mS960c_normal.jpg",
                "profile_image_url": "http://pbs.twimg.com/profile_images/695773573919543296/Q1mS960c_normal.jpg",
                "profile_link_color": "FA743E",
                "notifications": false,
                "location": "San Francisco, CA",
                "id_str": "121597316",
                "is_translation_enabled": false,
                "entities": {
                    "description": {
                        "urls": []
                    },
                    "url": {
                        "urls": [
                            {
                                "expanded_url": "http://SFChronicle.com",
                                "url": "https://t.co/CV0gqM16Hp",
                                "display_url": "SFChronicle.com",
                                "indices": [
                                    0,
                                    23
                                ]
                            }
                        ]
                    }
                },
                "verified": true,
                "translator_type": "none",
                "lang": "en",
                "contributors_enabled": false,
                "followers_count": 102235,
                "is_translator": false,
                "profile_background_image_url_https": "https://abs.twimg.com/images/themes/theme15/bg.png",
                "id": 121597316,
                "profile_sidebar_fill_color": "000000",
                "listed_count": 2178,
                "profile_sidebar_border_color": "000000",
                "default_profile_image": false,
                "profile_use_background_image": false,
                "url": "https://t.co/CV0gqM16Hp",
                "profile_banner_url": "https://pbs.twimg.com/profile_banners/121597316/1431378314",
                "following": false,
                "default_profile": false,
                "description": "The Voice of the West. The Voice of San Francisco and the Bay Area.",
                "protected": false,
                "favourites_count": 2575,
                "name": "SFChronicle",
                "screen_name": "sfchronicle",
                "friends_count": 157,
                "profile_background_color": "000000",
                "profile_background_tile": false,
                "profile_background_image_url": "http://abs.twimg.com/images/themes/theme15/bg.png",
                "has_extended_profile": false,
                "utc_offset": -28800,
                "geo_enabled": false,
                "profile_text_color": "000000"
            },
            "geo": null,
            "is_quote_status": false
        },
        {
            "created_at": "Sat Nov 26 14:00:00 +0000 2016",
            "place": null,
            "source": "<a href=\"https://about.twitter.com/products/tweetdeck\" rel=\"nofollow\">TweetDeck</a>",
            "in_reply_to_user_id_str": null,
            "possibly_sensitive": false,
            "id_str": "802512231866843137",
            "favorite_count": 144,
            "entities": {
                "hashtags": [
                    {
                        "indices": [
                            17,
                            24
                        ],
                        "text": "Prop64"
                    }
                ],
                "symbols": [],
                "urls": [
                    {
                        "expanded_url": "https://twitter.com/i/web/status/802512231866843137",
                        "url": "https://t.co/e4hvh3YxUU",
                        "display_url": "twitter.com/i/web/status/8\u2026",
                        "indices": [
                            105,
                            128
                        ]
                    }
                ],
                "user_mentions": []
            },
            "in_reply_to_screen_name": null,
            "lang": "en",
            "favorited": false,
            "id": 802512231866843137,
            "retweet_count": 65,
            "in_reply_to_status_id": null,
            "truncated": true,
            "coordinates": null,
            "in_reply_to_user_id": null,
            "metadata": {
                "iso_language_code": "en",
                "result_type": "recent"
            },
            "contributors": null,
            "retweeted": false,
            "in_reply_to_status_id_str": null,
            "text": "After passing of #Prop64, judges are setting free scores of people accused of small-time pot crimes via\u2026 https://t.co/e4hvh3YxUU",
            "user": {
                "created_at": "Wed Mar 10 00:44:07 +0000 2010",
                "time_zone": "Pacific Time (US & Canada)",
                "statuses_count": 47043,
                "follow_request_sent": false,
                "profile_image_url_https": "https://pbs.twimg.com/profile_images/695773573919543296/Q1mS960c_normal.jpg",
                "profile_image_url": "http://pbs.twimg.com/profile_images/695773573919543296/Q1mS960c_normal.jpg",
                "profile_link_color": "FA743E",
                "notifications": false,
                "location": "San Francisco, CA",
                "id_str": "121597316",
                "is_translation_enabled": false,
                "entities": {
                    "description": {
                        "urls": []
                    },
                    "url": {
                        "urls": [
                            {
                                "expanded_url": "http://SFChronicle.com",
                                "url": "https://t.co/CV0gqM16Hp",
                                "display_url": "SFChronicle.com",
                                "indices": [
                                    0,
                                    23
                                ]
                            }
                        ]
                    }
                },
                "verified": true,
                "translator_type": "none",
                "lang": "en",
                "contributors_enabled": false,
                "followers_count": 102235,
                "is_translator": false,
                "profile_background_image_url_https": "https://abs.twimg.com/images/themes/theme15/bg.png",
                "id": 121597316,
                "profile_sidebar_fill_color": "000000",
                "listed_count": 2178,
                "profile_sidebar_border_color": "000000",
                "default_profile_image": false,
                "profile_use_background_image": false,
                "url": "https://t.co/CV0gqM16Hp",
                "profile_banner_url": "https://pbs.twimg.com/profile_banners/121597316/1431378314",
                "following": false,
                "default_profile": false,
                "description": "The Voice of the West. The Voice of San Francisco and the Bay Area.",
                "protected": false,
                "favourites_count": 2575,
                "name": "SFChronicle",
                "screen_name": "sfchronicle",
                "friends_count": 157,
                "profile_background_color": "000000",
                "profile_background_tile": false,
                "profile_background_image_url": "http://abs.twimg.com/images/themes/theme15/bg.png",
                "has_extended_profile": false,
                "utc_offset": -28800,
                "geo_enabled": false,
                "profile_text_color": "000000"
            },
            "geo": null,
            "is_quote_status": false
        },
        {
            "created_at": "Sat Nov 26 05:30:00 +0000 2016",
            "place": null,
            "source": "<a href=\"https://about.twitter.com/products/tweetdeck\" rel=\"nofollow\">TweetDeck</a>",
            "in_reply_to_user_id_str": null,
            "possibly_sensitive": false,
            "id_str": "802383887141896192",
            "favorite_count": 28,
            "entities": {
                "hashtags": [
                    {
                        "indices": [
                            17,
                            24
                        ],
                        "text": "Prop64"
                    }
                ],
                "symbols": [],
                "urls": [
                    {
                        "expanded_url": "https://twitter.com/i/web/status/802383887141896192",
                        "url": "https://t.co/Lmorm6xxoD",
                        "display_url": "twitter.com/i/web/status/8\u2026",
                        "indices": [
                            105,
                            128
                        ]
                    }
                ],
                "user_mentions": []
            },
            "in_reply_to_screen_name": null,
            "lang": "en",
            "favorited": false,
            "id": 802383887141896192,
            "retweet_count": 25,
            "in_reply_to_status_id": null,
            "truncated": true,
            "coordinates": null,
            "in_reply_to_user_id": null,
            "metadata": {
                "iso_language_code": "en",
                "result_type": "recent"
            },
            "contributors": null,
            "retweeted": false,
            "in_reply_to_status_id_str": null,
            "text": "After passing of #Prop64, judges are setting free scores of people accused of small-time pot crimes via\u2026 https://t.co/Lmorm6xxoD",
            "user": {
                "created_at": "Wed Mar 10 00:44:07 +0000 2010",
                "time_zone": "Pacific Time (US & Canada)",
                "statuses_count": 47043,
                "follow_request_sent": false,
                "profile_image_url_https": "https://pbs.twimg.com/profile_images/695773573919543296/Q1mS960c_normal.jpg",
                "profile_image_url": "http://pbs.twimg.com/profile_images/695773573919543296/Q1mS960c_normal.jpg",
                "profile_link_color": "FA743E",
                "notifications": false,
                "location": "San Francisco, CA",
                "id_str": "121597316",
                "is_translation_enabled": false,
                "entities": {
                    "description": {
                        "urls": []
                    },
                    "url": {
                        "urls": [
                            {
                                "expanded_url": "http://SFChronicle.com",
                                "url": "https://t.co/CV0gqM16Hp",
                                "display_url": "SFChronicle.com",
                                "indices": [
                                    0,
                                    23
                                ]
                            }
                        ]
                    }
                },
                "verified": true,
                "translator_type": "none",
                "lang": "en",
                "contributors_enabled": false,
                "followers_count": 102235,
                "is_translator": false,
                "profile_background_image_url_https": "https://abs.twimg.com/images/themes/theme15/bg.png",
                "id": 121597316,
                "profile_sidebar_fill_color": "000000",
                "listed_count": 2178,
                "profile_sidebar_border_color": "000000",
                "default_profile_image": false,
                "profile_use_background_image": false,
                "url": "https://t.co/CV0gqM16Hp",
                "profile_banner_url": "https://pbs.twimg.com/profile_banners/121597316/1431378314",
                "following": false,
                "default_profile": false,
                "description": "The Voice of the West. The Voice of San Francisco and the Bay Area.",
                "protected": false,
                "favourites_count": 2575,
                "name": "SFChronicle",
                "screen_name": "sfchronicle",
                "friends_count": 157,
                "profile_background_color": "000000",
                "profile_background_tile": false,
                "profile_background_image_url": "http://abs.twimg.com/images/themes/theme15/bg.png",
                "has_extended_profile": false,
                "utc_offset": -28800,
                "geo_enabled": false,
                "profile_text_color": "000000"
            },
            "geo": null,
            "is_quote_status": false
        }
    ],
    "search_metadata": {
        "count": 100,
        "max_id": 802655679831883778,
        "max_id_str": "802655679831883778",
        "refresh_url": "?since_id=802655679831883778&q=from%3Asfchronicle%20filter%3Alinks%20since%3A2016-11-26%20until%3A2016-11-27%20marihuana%20OR%20marijuana%20OR%20cannabis%20-%40sfchronicle&include_entities=1",
        "query": "from%3Asfchronicle+filter%3Alinks+since%3A2016-11-26+until%3A2016-11-27+marihuana+OR+marijuana+OR+cannabis+-%40sfchronicle",
        "completed_in": 0.038,
        "since_id_str": "0",
        "since_id": 0
    }
}