{
    "search_metadata": {
        "since_id": 0,
        "completed_in": 0.035,
        "refresh_url": "?since_id=801004788959870976&q=Trump%20from%3Aajc%20since%3A2016-11-22%20until%3A2016-11-23%20filter%3Alinks%20-%40ajc&include_entities=1",
        "count": 100,
        "query": "Trump+from%3Aajc+since%3A2016-11-22+until%3A2016-11-23+filter%3Alinks+-%40ajc",
        "max_id_str": "801004788959870976",
        "since_id_str": "0",
        "max_id": 801004788959870976
    },
    "statuses": [
        {
            "favorite_count": 2,
            "id": 801004788959870976,
            "place": null,
            "is_quote_status": false,
            "id_str": "801004788959870976",
            "contributors": null,
            "metadata": {
                "iso_language_code": "en",
                "result_type": "recent"
            },
            "in_reply_to_user_id": null,
            "source": "<a href=\"http://www.socialflow.com\" rel=\"nofollow\">SocialFlow</a>",
            "in_reply_to_status_id": null,
            "in_reply_to_screen_name": null,
            "retweet_count": 2,
            "lang": "en",
            "coordinates": null,
            "in_reply_to_user_id_str": null,
            "favorited": false,
            "text": "WATCH: 'Hail Trump,' white nationalist leader cheers at alt-right conference https://t.co/jt4wKtoZEQ https://t.co/lQp6gzshbu",
            "created_at": "Tue Nov 22 10:09:58 +0000 2016",
            "possibly_sensitive": false,
            "geo": null,
            "user": {
                "profile_banner_url": "https://pbs.twimg.com/profile_banners/4170491/1425070056",
                "notifications": false,
                "profile_background_image_url_https": "https://pbs.twimg.com/profile_background_images/378800000091127693/6d3a47ce57110dc1a703b0110831c19e.jpeg",
                "friends_count": 58284,
                "profile_background_color": "00539B",
                "profile_link_color": "00539B",
                "profile_background_tile": false,
                "id": 4170491,
                "id_str": "4170491",
                "favourites_count": 336,
                "profile_sidebar_border_color": "FFFFFF",
                "utc_offset": -18000,
                "contributors_enabled": false,
                "description": "Atlanta's best source for news.",
                "is_translator": false,
                "follow_request_sent": false,
                "profile_use_background_image": false,
                "profile_image_url": "http://pbs.twimg.com/profile_images/667060822930145280/ZFty7bte_normal.jpg",
                "profile_text_color": "333333",
                "is_translation_enabled": false,
                "profile_sidebar_fill_color": "F0F5ED",
                "has_extended_profile": false,
                "listed_count": 4575,
                "url": "http://t.co/EvK8XZMw4P",
                "lang": "en",
                "statuses_count": 155955,
                "screen_name": "ajc",
                "protected": false,
                "name": "AJC",
                "translator_type": "regular",
                "following": false,
                "followers_count": 611749,
                "default_profile": false,
                "profile_background_image_url": "http://pbs.twimg.com/profile_background_images/378800000091127693/6d3a47ce57110dc1a703b0110831c19e.jpeg",
                "entities": {
                    "url": {
                        "urls": [
                            {
                                "expanded_url": "http://www.ajc.com",
                                "display_url": "ajc.com",
                                "url": "http://t.co/EvK8XZMw4P",
                                "indices": [
                                    0,
                                    22
                                ]
                            }
                        ]
                    },
                    "description": {
                        "urls": []
                    }
                },
                "verified": true,
                "location": "Atlanta, GA",
                "profile_image_url_https": "https://pbs.twimg.com/profile_images/667060822930145280/ZFty7bte_normal.jpg",
                "time_zone": "Eastern Time (US & Canada)",
                "created_at": "Wed Apr 11 12:50:15 +0000 2007",
                "geo_enabled": true,
                "default_profile_image": false
            },
            "entities": {
                "hashtags": [],
                "urls": [
                    {
                        "expanded_url": "http://on-ajc.com/2fmJycf",
                        "display_url": "on-ajc.com/2fmJycf",
                        "url": "https://t.co/jt4wKtoZEQ",
                        "indices": [
                            77,
                            100
                        ]
                    }
                ],
                "user_mentions": [],
                "symbols": [],
                "media": [
                    {
                        "id_str": "801004786757799936",
                        "expanded_url": "https://twitter.com/ajc/status/801004788959870976/photo/1",
                        "display_url": "pic.twitter.com/lQp6gzshbu",
                        "url": "https://t.co/lQp6gzshbu",
                        "sizes": {
                            "large": {
                                "h": 270,
                                "resize": "fit",
                                "w": 480
                            },
                            "small": {
                                "h": 270,
                                "resize": "fit",
                                "w": 480
                            },
                            "thumb": {
                                "h": 150,
                                "resize": "crop",
                                "w": 150
                            },
                            "medium": {
                                "h": 270,
                                "resize": "fit",
                                "w": 480
                            }
                        },
                        "media_url": "http://pbs.twimg.com/media/Cx29nBIWEAAb4Gw.jpg",
                        "media_url_https": "https://pbs.twimg.com/media/Cx29nBIWEAAb4Gw.jpg",
                        "id": 801004786757799936,
                        "type": "photo",
                        "indices": [
                            101,
                            124
                        ]
                    }
                ]
            },
            "extended_entities": {
                "media": [
                    {
                        "id_str": "801004786757799936",
                        "expanded_url": "https://twitter.com/ajc/status/801004788959870976/photo/1",
                        "display_url": "pic.twitter.com/lQp6gzshbu",
                        "url": "https://t.co/lQp6gzshbu",
                        "sizes": {
                            "large": {
                                "h": 270,
                                "resize": "fit",
                                "w": 480
                            },
                            "small": {
                                "h": 270,
                                "resize": "fit",
                                "w": 480
                            },
                            "thumb": {
                                "h": 150,
                                "resize": "crop",
                                "w": 150
                            },
                            "medium": {
                                "h": 270,
                                "resize": "fit",
                                "w": 480
                            }
                        },
                        "media_url": "http://pbs.twimg.com/media/Cx29nBIWEAAb4Gw.jpg",
                        "media_url_https": "https://pbs.twimg.com/media/Cx29nBIWEAAb4Gw.jpg",
                        "id": 801004786757799936,
                        "type": "photo",
                        "indices": [
                            101,
                            124
                        ]
                    }
                ]
            },
            "retweeted": false,
            "in_reply_to_status_id_str": null,
            "truncated": false
        },
        {
            "favorite_count": 0,
            "id": 800974199724482560,
            "place": null,
            "is_quote_status": false,
            "id_str": "800974199724482560",
            "contributors": null,
            "metadata": {
                "iso_language_code": "en",
                "result_type": "recent"
            },
            "in_reply_to_user_id": null,
            "source": "<a href=\"http://www.socialflow.com\" rel=\"nofollow\">SocialFlow</a>",
            "in_reply_to_status_id": null,
            "in_reply_to_screen_name": null,
            "retweet_count": 0,
            "lang": "en",
            "coordinates": null,
            "in_reply_to_user_id_str": null,
            "favorited": false,
            "text": "WATCH: Trump discusses transition, plans for first 100 days https://t.co/G1ZuZoaOyB https://t.co/Ny9kKCDTyi",
            "created_at": "Tue Nov 22 08:08:25 +0000 2016",
            "possibly_sensitive": false,
            "geo": null,
            "user": {
                "profile_banner_url": "https://pbs.twimg.com/profile_banners/4170491/1425070056",
                "notifications": false,
                "profile_background_image_url_https": "https://pbs.twimg.com/profile_background_images/378800000091127693/6d3a47ce57110dc1a703b0110831c19e.jpeg",
                "friends_count": 58284,
                "profile_background_color": "00539B",
                "profile_link_color": "00539B",
                "profile_background_tile": false,
                "id": 4170491,
                "id_str": "4170491",
                "favourites_count": 336,
                "profile_sidebar_border_color": "FFFFFF",
                "utc_offset": -18000,
                "contributors_enabled": false,
                "description": "Atlanta's best source for news.",
                "is_translator": false,
                "follow_request_sent": false,
                "profile_use_background_image": false,
                "profile_image_url": "http://pbs.twimg.com/profile_images/667060822930145280/ZFty7bte_normal.jpg",
                "profile_text_color": "333333",
                "is_translation_enabled": false,
                "profile_sidebar_fill_color": "F0F5ED",
                "has_extended_profile": false,
                "listed_count": 4575,
                "url": "http://t.co/EvK8XZMw4P",
                "lang": "en",
                "statuses_count": 155955,
                "screen_name": "ajc",
                "protected": false,
                "name": "AJC",
                "translator_type": "regular",
                "following": false,
                "followers_count": 611749,
                "default_profile": false,
                "profile_background_image_url": "http://pbs.twimg.com/profile_background_images/378800000091127693/6d3a47ce57110dc1a703b0110831c19e.jpeg",
                "entities": {
                    "url": {
                        "urls": [
                            {
                                "expanded_url": "http://www.ajc.com",
                                "display_url": "ajc.com",
                                "url": "http://t.co/EvK8XZMw4P",
                                "indices": [
                                    0,
                                    22
                                ]
                            }
                        ]
                    },
                    "description": {
                        "urls": []
                    }
                },
                "verified": true,
                "location": "Atlanta, GA",
                "profile_image_url_https": "https://pbs.twimg.com/profile_images/667060822930145280/ZFty7bte_normal.jpg",
                "time_zone": "Eastern Time (US & Canada)",
                "created_at": "Wed Apr 11 12:50:15 +0000 2007",
                "geo_enabled": true,
                "default_profile_image": false
            },
            "entities": {
                "hashtags": [],
                "urls": [
                    {
                        "expanded_url": "http://on-ajc.com/2fkgMFV",
                        "display_url": "on-ajc.com/2fkgMFV",
                        "url": "https://t.co/G1ZuZoaOyB",
                        "indices": [
                            60,
                            83
                        ]
                    }
                ],
                "user_mentions": [],
                "symbols": [],
                "media": [
                    {
                        "id_str": "800974197052669953",
                        "expanded_url": "https://twitter.com/ajc/status/800974199724482560/photo/1",
                        "display_url": "pic.twitter.com/Ny9kKCDTyi",
                        "url": "https://t.co/Ny9kKCDTyi",
                        "sizes": {
                            "large": {
                                "h": 70,
                                "resize": "fit",
                                "w": 292
                            },
                            "small": {
                                "h": 70,
                                "resize": "fit",
                                "w": 292
                            },
                            "thumb": {
                                "h": 70,
                                "resize": "crop",
                                "w": 70
                            },
                            "medium": {
                                "h": 70,
                                "resize": "fit",
                                "w": 292
                            }
                        },
                        "media_url": "http://pbs.twimg.com/media/Cx2hydmUAAEakIy.png",
                        "media_url_https": "https://pbs.twimg.com/media/Cx2hydmUAAEakIy.png",
                        "id": 800974197052669953,
                        "type": "photo",
                        "indices": [
                            84,
                            107
                        ]
                    }
                ]
            },
            "extended_entities": {
                "media": [
                    {
                        "id_str": "800974197052669953",
                        "expanded_url": "https://twitter.com/ajc/status/800974199724482560/photo/1",
                        "display_url": "pic.twitter.com/Ny9kKCDTyi",
                        "url": "https://t.co/Ny9kKCDTyi",
                        "sizes": {
                            "large": {
                                "h": 70,
                                "resize": "fit",
                                "w": 292
                            },
                            "small": {
                                "h": 70,
                                "resize": "fit",
                                "w": 292
                            },
                            "thumb": {
                                "h": 70,
                                "resize": "crop",
                                "w": 70
                            },
                            "medium": {
                                "h": 70,
                                "resize": "fit",
                                "w": 292
                            }
                        },
                        "media_url": "http://pbs.twimg.com/media/Cx2hydmUAAEakIy.png",
                        "media_url_https": "https://pbs.twimg.com/media/Cx2hydmUAAEakIy.png",
                        "id": 800974197052669953,
                        "type": "photo",
                        "indices": [
                            84,
                            107
                        ]
                    }
                ]
            },
            "retweeted": false,
            "in_reply_to_status_id_str": null,
            "truncated": false
        },
        {
            "favorite_count": 3,
            "id": 800932265756860416,
            "place": null,
            "is_quote_status": false,
            "id_str": "800932265756860416",
            "contributors": null,
            "metadata": {
                "iso_language_code": "en",
                "result_type": "recent"
            },
            "in_reply_to_user_id": null,
            "source": "<a href=\"http://www.socialflow.com\" rel=\"nofollow\">SocialFlow</a>",
            "in_reply_to_status_id": null,
            "in_reply_to_screen_name": null,
            "retweet_count": 1,
            "lang": "en",
            "coordinates": null,
            "in_reply_to_user_id_str": null,
            "favorited": false,
            "text": "Memoir details struggles with Trump https://t.co/bhw5q4gav7 https://t.co/Lh25Me3p1N",
            "created_at": "Tue Nov 22 05:21:47 +0000 2016",
            "possibly_sensitive": false,
            "geo": null,
            "user": {
                "profile_banner_url": "https://pbs.twimg.com/profile_banners/4170491/1425070056",
                "notifications": false,
                "profile_background_image_url_https": "https://pbs.twimg.com/profile_background_images/378800000091127693/6d3a47ce57110dc1a703b0110831c19e.jpeg",
                "friends_count": 58284,
                "profile_background_color": "00539B",
                "profile_link_color": "00539B",
                "profile_background_tile": false,
                "id": 4170491,
                "id_str": "4170491",
                "favourites_count": 336,
                "profile_sidebar_border_color": "FFFFFF",
                "utc_offset": -18000,
                "contributors_enabled": false,
                "description": "Atlanta's best source for news.",
                "is_translator": false,
                "follow_request_sent": false,
                "profile_use_background_image": false,
                "profile_image_url": "http://pbs.twimg.com/profile_images/667060822930145280/ZFty7bte_normal.jpg",
                "profile_text_color": "333333",
                "is_translation_enabled": false,
                "profile_sidebar_fill_color": "F0F5ED",
                "has_extended_profile": false,
                "listed_count": 4575,
                "url": "http://t.co/EvK8XZMw4P",
                "lang": "en",
                "statuses_count": 155955,
                "screen_name": "ajc",
                "protected": false,
                "name": "AJC",
                "translator_type": "regular",
                "following": false,
                "followers_count": 611749,
                "default_profile": false,
                "profile_background_image_url": "http://pbs.twimg.com/profile_background_images/378800000091127693/6d3a47ce57110dc1a703b0110831c19e.jpeg",
                "entities": {
                    "url": {
                        "urls": [
                            {
                                "expanded_url": "http://www.ajc.com",
                                "display_url": "ajc.com",
                                "url": "http://t.co/EvK8XZMw4P",
                                "indices": [
                                    0,
                                    22
                                ]
                            }
                        ]
                    },
                    "description": {
                        "urls": []
                    }
                },
                "verified": true,
                "location": "Atlanta, GA",
                "profile_image_url_https": "https://pbs.twimg.com/profile_images/667060822930145280/ZFty7bte_normal.jpg",
                "time_zone": "Eastern Time (US & Canada)",
                "created_at": "Wed Apr 11 12:50:15 +0000 2007",
                "geo_enabled": true,
                "default_profile_image": false
            },
            "entities": {
                "hashtags": [],
                "urls": [
                    {
                        "expanded_url": "http://on-ajc.com/2fk5Ms5",
                        "display_url": "on-ajc.com/2fk5Ms5",
                        "url": "https://t.co/bhw5q4gav7",
                        "indices": [
                            36,
                            59
                        ]
                    }
                ],
                "user_mentions": [],
                "symbols": [],
                "media": [
                    {
                        "id_str": "800932262711803904",
                        "expanded_url": "https://twitter.com/ajc/status/800932265756860416/photo/1",
                        "display_url": "pic.twitter.com/Lh25Me3p1N",
                        "url": "https://t.co/Lh25Me3p1N",
                        "sizes": {
                            "large": {
                                "h": 1536,
                                "resize": "fit",
                                "w": 1017
                            },
                            "small": {
                                "h": 680,
                                "resize": "fit",
                                "w": 450
                            },
                            "thumb": {
                                "h": 150,
                                "resize": "crop",
                                "w": 150
                            },
                            "medium": {
                                "h": 1200,
                                "resize": "fit",
                                "w": 795
                            }
                        },
                        "media_url": "http://pbs.twimg.com/media/Cx17pkAWQAAd4oj.jpg",
                        "media_url_https": "https://pbs.twimg.com/media/Cx17pkAWQAAd4oj.jpg",
                        "id": 800932262711803904,
                        "type": "photo",
                        "indices": [
                            60,
                            83
                        ]
                    }
                ]
            },
            "extended_entities": {
                "media": [
                    {
                        "id_str": "800932262711803904",
                        "expanded_url": "https://twitter.com/ajc/status/800932265756860416/photo/1",
                        "display_url": "pic.twitter.com/Lh25Me3p1N",
                        "url": "https://t.co/Lh25Me3p1N",
                        "sizes": {
                            "large": {
                                "h": 1536,
                                "resize": "fit",
                                "w": 1017
                            },
                            "small": {
                                "h": 680,
                                "resize": "fit",
                                "w": 450
                            },
                            "thumb": {
                                "h": 150,
                                "resize": "crop",
                                "w": 150
                            },
                            "medium": {
                                "h": 1200,
                                "resize": "fit",
                                "w": 795
                            }
                        },
                        "media_url": "http://pbs.twimg.com/media/Cx17pkAWQAAd4oj.jpg",
                        "media_url_https": "https://pbs.twimg.com/media/Cx17pkAWQAAd4oj.jpg",
                        "id": 800932262711803904,
                        "type": "photo",
                        "indices": [
                            60,
                            83
                        ]
                    }
                ]
            },
            "retweeted": false,
            "in_reply_to_status_id_str": null,
            "truncated": false
        },
        {
            "favorite_count": 2,
            "id": 800926339578687488,
            "place": null,
            "is_quote_status": false,
            "id_str": "800926339578687488",
            "contributors": null,
            "metadata": {
                "iso_language_code": "en",
                "result_type": "recent"
            },
            "in_reply_to_user_id": null,
            "source": "<a href=\"http://www.socialflow.com\" rel=\"nofollow\">SocialFlow</a>",
            "in_reply_to_status_id": null,
            "in_reply_to_screen_name": null,
            "retweet_count": 2,
            "lang": "en",
            "coordinates": null,
            "in_reply_to_user_id_str": null,
            "favorited": false,
            "text": "Rick Perry met with Trump Monday; Tuesday he\u2019s 'Dancing with the Stars\" https://t.co/lo9wTzZTp3 https://t.co/AeGoS4056s",
            "created_at": "Tue Nov 22 04:58:14 +0000 2016",
            "possibly_sensitive": false,
            "geo": null,
            "user": {
                "profile_banner_url": "https://pbs.twimg.com/profile_banners/4170491/1425070056",
                "notifications": false,
                "profile_background_image_url_https": "https://pbs.twimg.com/profile_background_images/378800000091127693/6d3a47ce57110dc1a703b0110831c19e.jpeg",
                "friends_count": 58284,
                "profile_background_color": "00539B",
                "profile_link_color": "00539B",
                "profile_background_tile": false,
                "id": 4170491,
                "id_str": "4170491",
                "favourites_count": 336,
                "profile_sidebar_border_color": "FFFFFF",
                "utc_offset": -18000,
                "contributors_enabled": false,
                "description": "Atlanta's best source for news.",
                "is_translator": false,
                "follow_request_sent": false,
                "profile_use_background_image": false,
                "profile_image_url": "http://pbs.twimg.com/profile_images/667060822930145280/ZFty7bte_normal.jpg",
                "profile_text_color": "333333",
                "is_translation_enabled": false,
                "profile_sidebar_fill_color": "F0F5ED",
                "has_extended_profile": false,
                "listed_count": 4575,
                "url": "http://t.co/EvK8XZMw4P",
                "lang": "en",
                "statuses_count": 155955,
                "screen_name": "ajc",
                "protected": false,
                "name": "AJC",
                "translator_type": "regular",
                "following": false,
                "followers_count": 611749,
                "default_profile": false,
                "profile_background_image_url": "http://pbs.twimg.com/profile_background_images/378800000091127693/6d3a47ce57110dc1a703b0110831c19e.jpeg",
                "entities": {
                    "url": {
                        "urls": [
                            {
                                "expanded_url": "http://www.ajc.com",
                                "display_url": "ajc.com",
                                "url": "http://t.co/EvK8XZMw4P",
                                "indices": [
                                    0,
                                    22
                                ]
                            }
                        ]
                    },
                    "description": {
                        "urls": []
                    }
                },
                "verified": true,
                "location": "Atlanta, GA",
                "profile_image_url_https": "https://pbs.twimg.com/profile_images/667060822930145280/ZFty7bte_normal.jpg",
                "time_zone": "Eastern Time (US & Canada)",
                "created_at": "Wed Apr 11 12:50:15 +0000 2007",
                "geo_enabled": true,
                "default_profile_image": false
            },
            "entities": {
                "hashtags": [],
                "urls": [
                    {
                        "expanded_url": "http://on-ajc.com/2fk4w8m",
                        "display_url": "on-ajc.com/2fk4w8m",
                        "url": "https://t.co/lo9wTzZTp3",
                        "indices": [
                            72,
                            95
                        ]
                    }
                ],
                "user_mentions": [],
                "symbols": [],
                "media": [
                    {
                        "id_str": "800926337531867137",
                        "expanded_url": "https://twitter.com/ajc/status/800926339578687488/photo/1",
                        "display_url": "pic.twitter.com/AeGoS4056s",
                        "url": "https://t.co/AeGoS4056s",
                        "sizes": {
                            "large": {
                                "h": 1152,
                                "resize": "fit",
                                "w": 2048
                            },
                            "small": {
                                "h": 382,
                                "resize": "fit",
                                "w": 680
                            },
                            "medium": {
                                "h": 675,
                                "resize": "fit",
                                "w": 1200
                            },
                            "thumb": {
                                "h": 150,
                                "resize": "crop",
                                "w": 150
                            }
                        },
                        "media_url": "http://pbs.twimg.com/media/Cx12Qq_XcAEYT8M.jpg",
                        "media_url_https": "https://pbs.twimg.com/media/Cx12Qq_XcAEYT8M.jpg",
                        "id": 800926337531867137,
                        "type": "photo",
                        "indices": [
                            96,
                            119
                        ]
                    }
                ]
            },
            "extended_entities": {
                "media": [
                    {
                        "id_str": "800926337531867137",
                        "expanded_url": "https://twitter.com/ajc/status/800926339578687488/photo/1",
                        "display_url": "pic.twitter.com/AeGoS4056s",
                        "url": "https://t.co/AeGoS4056s",
                        "sizes": {
                            "large": {
                                "h": 1152,
                                "resize": "fit",
                                "w": 2048
                            },
                            "small": {
                                "h": 382,
                                "resize": "fit",
                                "w": 680
                            },
                            "medium": {
                                "h": 675,
                                "resize": "fit",
                                "w": 1200
                            },
                            "thumb": {
                                "h": 150,
                                "resize": "crop",
                                "w": 150
                            }
                        },
                        "media_url": "http://pbs.twimg.com/media/Cx12Qq_XcAEYT8M.jpg",
                        "media_url_https": "https://pbs.twimg.com/media/Cx12Qq_XcAEYT8M.jpg",
                        "id": 800926337531867137,
                        "type": "photo",
                        "indices": [
                            96,
                            119
                        ]
                    }
                ]
            },
            "retweeted": false,
            "in_reply_to_status_id_str": null,
            "truncated": false
        },
        {
            "favorite_count": 2,
            "id": 800855298000977920,
            "place": null,
            "is_quote_status": false,
            "id_str": "800855298000977920",
            "contributors": null,
            "metadata": {
                "iso_language_code": "en",
                "result_type": "recent"
            },
            "in_reply_to_user_id": null,
            "source": "<a href=\"http://www.socialflow.com\" rel=\"nofollow\">SocialFlow</a>",
            "in_reply_to_status_id": null,
            "in_reply_to_screen_name": null,
            "retweet_count": 0,
            "lang": "en",
            "coordinates": null,
            "in_reply_to_user_id_str": null,
            "favorited": false,
            "text": "Trump releases video update on Presidential transition https://t.co/nr4ptM6viX",
            "created_at": "Tue Nov 22 00:15:56 +0000 2016",
            "possibly_sensitive": false,
            "geo": null,
            "user": {
                "profile_banner_url": "https://pbs.twimg.com/profile_banners/4170491/1425070056",
                "notifications": false,
                "profile_background_image_url_https": "https://pbs.twimg.com/profile_background_images/378800000091127693/6d3a47ce57110dc1a703b0110831c19e.jpeg",
                "friends_count": 58284,
                "profile_background_color": "00539B",
                "profile_link_color": "00539B",
                "profile_background_tile": false,
                "id": 4170491,
                "id_str": "4170491",
                "favourites_count": 336,
                "profile_sidebar_border_color": "FFFFFF",
                "utc_offset": -18000,
                "contributors_enabled": false,
                "description": "Atlanta's best source for news.",
                "is_translator": false,
                "follow_request_sent": false,
                "profile_use_background_image": false,
                "profile_image_url": "http://pbs.twimg.com/profile_images/667060822930145280/ZFty7bte_normal.jpg",
                "profile_text_color": "333333",
                "is_translation_enabled": false,
                "profile_sidebar_fill_color": "F0F5ED",
                "has_extended_profile": false,
                "listed_count": 4575,
                "url": "http://t.co/EvK8XZMw4P",
                "lang": "en",
                "statuses_count": 155955,
                "screen_name": "ajc",
                "protected": false,
                "name": "AJC",
                "translator_type": "regular",
                "following": false,
                "followers_count": 611749,
                "default_profile": false,
                "profile_background_image_url": "http://pbs.twimg.com/profile_background_images/378800000091127693/6d3a47ce57110dc1a703b0110831c19e.jpeg",
                "entities": {
                    "url": {
                        "urls": [
                            {
                                "expanded_url": "http://www.ajc.com",
                                "display_url": "ajc.com",
                                "url": "http://t.co/EvK8XZMw4P",
                                "indices": [
                                    0,
                                    22
                                ]
                            }
                        ]
                    },
                    "description": {
                        "urls": []
                    }
                },
                "verified": true,
                "location": "Atlanta, GA",
                "profile_image_url_https": "https://pbs.twimg.com/profile_images/667060822930145280/ZFty7bte_normal.jpg",
                "time_zone": "Eastern Time (US & Canada)",
                "created_at": "Wed Apr 11 12:50:15 +0000 2007",
                "geo_enabled": true,
                "default_profile_image": false
            },
            "entities": {
                "hashtags": [],
                "urls": [
                    {
                        "expanded_url": "http://on-ajc.com/2fltd7n",
                        "display_url": "on-ajc.com/2fltd7n",
                        "url": "https://t.co/nr4ptM6viX",
                        "indices": [
                            55,
                            78
                        ]
                    }
                ],
                "user_mentions": [],
                "symbols": []
            },
            "retweeted": false,
            "in_reply_to_status_id_str": null,
            "truncated": false
        }
    ]
}