{
    "search_metadata": {
        "since_id": 0,
        "completed_in": 0.016,
        "refresh_url": "?since_id=803052610727055360&q=Trump%20from%3Aarizonarepublic%20since%3A2016-11-22%20until%3A2016-11-23%20filter%3Alinks%20-%40arizonarepublic&include_entities=1",
        "count": 100,
        "query": "Trump+from%3Aarizonarepublic+since%3A2016-11-22+until%3A2016-11-23+filter%3Alinks+-%40arizonarepublic",
        "max_id_str": "803052610727055360",
        "since_id_str": "0",
        "max_id": 803052610727055360
    },
    "statuses": []
}