{
    "search_metadata": {
        "since_id": 0,
        "completed_in": 0.079,
        "refresh_url": "?since_id=801100595226669056&q=Trump%20from%3Acourierjournal%20since%3A2016-11-22%20until%3A2016-11-23%20filter%3Alinks%20-%40courierjournal&include_entities=1",
        "count": 100,
        "query": "Trump+from%3Acourierjournal+since%3A2016-11-22+until%3A2016-11-23+filter%3Alinks+-%40courierjournal",
        "max_id_str": "801100595226669056",
        "since_id_str": "0",
        "max_id": 801100595226669056
    },
    "statuses": [
        {
            "favorite_count": 1,
            "id": 801100595226669056,
            "place": null,
            "is_quote_status": false,
            "id_str": "801100595226669056",
            "contributors": null,
            "metadata": {
                "iso_language_code": "en",
                "result_type": "recent"
            },
            "in_reply_to_user_id": null,
            "source": "<a href=\"http://www.hootsuite.com\" rel=\"nofollow\">Hootsuite</a>",
            "in_reply_to_status_id": null,
            "in_reply_to_screen_name": null,
            "retweet_count": 1,
            "lang": "en",
            "coordinates": null,
            "in_reply_to_user_id_str": null,
            "favorited": false,
            "text": "Q&amp;A: @GovMattBevin discusses his recent conversation with President-elect @realDonaldTrump https://t.co/P1QJgsQywA",
            "created_at": "Tue Nov 22 16:30:40 +0000 2016",
            "possibly_sensitive": false,
            "geo": null,
            "user": {
                "profile_banner_url": "https://pbs.twimg.com/profile_banners/7972552/1447778586",
                "notifications": false,
                "profile_background_image_url_https": "https://pbs.twimg.com/profile_background_images/3504021/bkgd_main.gif",
                "friends_count": 671,
                "profile_background_color": "BBC89C",
                "profile_link_color": "0000FF",
                "profile_background_tile": true,
                "id": 7972552,
                "id_str": "7972552",
                "favourites_count": 3081,
                "profile_sidebar_border_color": "F9EFBE",
                "utc_offset": -18000,
                "contributors_enabled": false,
                "description": "Louisville, Ky: News and information from the Courier-Journal. Tweets from CJ digital staff. Subscribe: https://t.co/OjXfaUBmVQ",
                "is_translator": false,
                "follow_request_sent": false,
                "profile_use_background_image": true,
                "profile_image_url": "http://pbs.twimg.com/profile_images/666657747040141312/vZl7Zh2e_normal.jpg",
                "profile_text_color": "000000",
                "is_translation_enabled": false,
                "profile_sidebar_fill_color": "F9EFBE",
                "has_extended_profile": false,
                "listed_count": 1117,
                "url": "https://t.co/dnO4oxJQU0",
                "lang": "en",
                "statuses_count": 87679,
                "screen_name": "courierjournal",
                "protected": false,
                "name": "Courier-Journal.com",
                "translator_type": "none",
                "following": false,
                "followers_count": 56981,
                "default_profile": false,
                "profile_background_image_url": "http://pbs.twimg.com/profile_background_images/3504021/bkgd_main.gif",
                "entities": {
                    "url": {
                        "urls": [
                            {
                                "expanded_url": "http://www.courier-journal.com",
                                "display_url": "courier-journal.com",
                                "url": "https://t.co/dnO4oxJQU0",
                                "indices": [
                                    0,
                                    23
                                ]
                            }
                        ]
                    },
                    "description": {
                        "urls": [
                            {
                                "expanded_url": "http://cjky.it/1vjfJwL",
                                "display_url": "cjky.it/1vjfJwL",
                                "url": "https://t.co/OjXfaUBmVQ",
                                "indices": [
                                    104,
                                    127
                                ]
                            }
                        ]
                    }
                },
                "verified": true,
                "location": "Louisville, Ky",
                "profile_image_url_https": "https://pbs.twimg.com/profile_images/666657747040141312/vZl7Zh2e_normal.jpg",
                "time_zone": "Eastern Time (US & Canada)",
                "created_at": "Sun Aug 05 14:34:05 +0000 2007",
                "geo_enabled": true,
                "default_profile_image": false
            },
            "entities": {
                "hashtags": [],
                "urls": [
                    {
                        "expanded_url": "http://cjky.it/2gctf2C",
                        "display_url": "cjky.it/2gctf2C",
                        "url": "https://t.co/P1QJgsQywA",
                        "indices": [
                            95,
                            118
                        ]
                    }
                ],
                "user_mentions": [
                    {
                        "id_str": "3141213592",
                        "name": "Governor Matt Bevin",
                        "id": 3141213592,
                        "indices": [
                            9,
                            22
                        ],
                        "screen_name": "GovMattBevin"
                    },
                    {
                        "id_str": "25073877",
                        "name": "Donald J. Trump",
                        "id": 25073877,
                        "indices": [
                            78,
                            94
                        ],
                        "screen_name": "realDonaldTrump"
                    }
                ],
                "symbols": []
            },
            "retweeted": false,
            "in_reply_to_status_id_str": null,
            "truncated": false
        },
        {
            "favorite_count": 3,
            "id": 801051401493299201,
            "place": null,
            "is_quote_status": false,
            "id_str": "801051401493299201",
            "contributors": null,
            "metadata": {
                "iso_language_code": "en",
                "result_type": "recent"
            },
            "in_reply_to_user_id": null,
            "source": "<a href=\"http://www.hootsuite.com\" rel=\"nofollow\">Hootsuite</a>",
            "in_reply_to_status_id": null,
            "in_reply_to_screen_name": null,
            "retweet_count": 1,
            "lang": "en",
            "coordinates": null,
            "in_reply_to_user_id_str": null,
            "favorited": false,
            "text": "With an ugly election and opinions so varied, any mention of #Trump could really get scary https://t.co/mJuJqWUYR3",
            "created_at": "Tue Nov 22 13:15:11 +0000 2016",
            "possibly_sensitive": false,
            "geo": null,
            "user": {
                "profile_banner_url": "https://pbs.twimg.com/profile_banners/7972552/1447778586",
                "notifications": false,
                "profile_background_image_url_https": "https://pbs.twimg.com/profile_background_images/3504021/bkgd_main.gif",
                "friends_count": 671,
                "profile_background_color": "BBC89C",
                "profile_link_color": "0000FF",
                "profile_background_tile": true,
                "id": 7972552,
                "id_str": "7972552",
                "favourites_count": 3081,
                "profile_sidebar_border_color": "F9EFBE",
                "utc_offset": -18000,
                "contributors_enabled": false,
                "description": "Louisville, Ky: News and information from the Courier-Journal. Tweets from CJ digital staff. Subscribe: https://t.co/OjXfaUBmVQ",
                "is_translator": false,
                "follow_request_sent": false,
                "profile_use_background_image": true,
                "profile_image_url": "http://pbs.twimg.com/profile_images/666657747040141312/vZl7Zh2e_normal.jpg",
                "profile_text_color": "000000",
                "is_translation_enabled": false,
                "profile_sidebar_fill_color": "F9EFBE",
                "has_extended_profile": false,
                "listed_count": 1117,
                "url": "https://t.co/dnO4oxJQU0",
                "lang": "en",
                "statuses_count": 87679,
                "screen_name": "courierjournal",
                "protected": false,
                "name": "Courier-Journal.com",
                "translator_type": "none",
                "following": false,
                "followers_count": 56981,
                "default_profile": false,
                "profile_background_image_url": "http://pbs.twimg.com/profile_background_images/3504021/bkgd_main.gif",
                "entities": {
                    "url": {
                        "urls": [
                            {
                                "expanded_url": "http://www.courier-journal.com",
                                "display_url": "courier-journal.com",
                                "url": "https://t.co/dnO4oxJQU0",
                                "indices": [
                                    0,
                                    23
                                ]
                            }
                        ]
                    },
                    "description": {
                        "urls": [
                            {
                                "expanded_url": "http://cjky.it/1vjfJwL",
                                "display_url": "cjky.it/1vjfJwL",
                                "url": "https://t.co/OjXfaUBmVQ",
                                "indices": [
                                    104,
                                    127
                                ]
                            }
                        ]
                    }
                },
                "verified": true,
                "location": "Louisville, Ky",
                "profile_image_url_https": "https://pbs.twimg.com/profile_images/666657747040141312/vZl7Zh2e_normal.jpg",
                "time_zone": "Eastern Time (US & Canada)",
                "created_at": "Sun Aug 05 14:34:05 +0000 2007",
                "geo_enabled": true,
                "default_profile_image": false
            },
            "entities": {
                "hashtags": [
                    {
                        "text": "Trump",
                        "indices": [
                            61,
                            67
                        ]
                    }
                ],
                "urls": [
                    {
                        "expanded_url": "http://cjky.it/2ggcfXk",
                        "display_url": "cjky.it/2ggcfXk",
                        "url": "https://t.co/mJuJqWUYR3",
                        "indices": [
                            91,
                            114
                        ]
                    }
                ],
                "user_mentions": [],
                "symbols": []
            },
            "retweeted": false,
            "in_reply_to_status_id_str": null,
            "truncated": false
        }
    ]
}