{
    "search_metadata": {
        "since_id": 0,
        "completed_in": 0.045,
        "refresh_url": "?since_id=801129417934303232&q=Trump%20from%3ADMRegister%20since%3A2016-11-22%20until%3A2016-11-23%20filter%3Alinks%20-%40DMRegister&include_entities=1",
        "count": 100,
        "query": "Trump+from%3ADMRegister+since%3A2016-11-22+until%3A2016-11-23+filter%3Alinks+-%40DMRegister",
        "max_id_str": "801129417934303232",
        "since_id_str": "0",
        "max_id": 801129417934303232
    },
    "statuses": [
        {
            "favorite_count": 1,
            "id": 801129417934303232,
            "place": null,
            "is_quote_status": false,
            "id_str": "801129417934303232",
            "contributors": null,
            "metadata": {
                "iso_language_code": "en",
                "result_type": "recent"
            },
            "in_reply_to_user_id": null,
            "source": "<a href=\"http://www.hootsuite.com\" rel=\"nofollow\">Hootsuite</a>",
            "in_reply_to_status_id": null,
            "in_reply_to_screen_name": null,
            "retweet_count": 3,
            "lang": "en",
            "coordinates": null,
            "in_reply_to_user_id_str": null,
            "favorited": false,
            "text": "Along Texas border, #Trump's wall not welcome https://t.co/ETdDDhcZce",
            "created_at": "Tue Nov 22 18:25:12 +0000 2016",
            "possibly_sensitive": false,
            "geo": null,
            "user": {
                "profile_banner_url": "https://pbs.twimg.com/profile_banners/13657922/1398290852",
                "notifications": false,
                "profile_background_image_url_https": "https://pbs.twimg.com/profile_background_images/2548271/reglogo.jpg",
                "friends_count": 5104,
                "profile_background_color": "FFFFFF",
                "profile_link_color": "0000FF",
                "profile_background_tile": false,
                "id": 13657922,
                "id_str": "13657922",
                "favourites_count": 729,
                "profile_sidebar_border_color": "87BC44",
                "utc_offset": -21600,
                "contributors_enabled": false,
                "description": "Latest headlines from The Des Moines Register",
                "is_translator": false,
                "follow_request_sent": false,
                "profile_use_background_image": true,
                "profile_image_url": "http://pbs.twimg.com/profile_images/651111022976086016/52Fga2lp_normal.jpg",
                "profile_text_color": "000000",
                "is_translation_enabled": false,
                "profile_sidebar_fill_color": "E0FF92",
                "has_extended_profile": false,
                "listed_count": 2229,
                "url": "http://t.co/RmnjvtAsaP",
                "lang": "en",
                "statuses_count": 56892,
                "screen_name": "DMRegister",
                "protected": false,
                "name": "Des Moines Register",
                "translator_type": "none",
                "following": false,
                "followers_count": 120595,
                "default_profile": false,
                "profile_background_image_url": "http://pbs.twimg.com/profile_background_images/2548271/reglogo.jpg",
                "entities": {
                    "url": {
                        "urls": [
                            {
                                "expanded_url": "http://www.desmoinesregister.com",
                                "display_url": "desmoinesregister.com",
                                "url": "http://t.co/RmnjvtAsaP",
                                "indices": [
                                    0,
                                    22
                                ]
                            }
                        ]
                    },
                    "description": {
                        "urls": []
                    }
                },
                "verified": true,
                "location": "Des Moines, Iowa, USA",
                "profile_image_url_https": "https://pbs.twimg.com/profile_images/651111022976086016/52Fga2lp_normal.jpg",
                "time_zone": "Central Time (US & Canada)",
                "created_at": "Tue Feb 19 04:56:13 +0000 2008",
                "geo_enabled": true,
                "default_profile_image": false
            },
            "entities": {
                "hashtags": [
                    {
                        "text": "Trump",
                        "indices": [
                            20,
                            26
                        ]
                    }
                ],
                "urls": [
                    {
                        "expanded_url": "http://dmreg.co/2fNxIsj",
                        "display_url": "dmreg.co/2fNxIsj",
                        "url": "https://t.co/ETdDDhcZce",
                        "indices": [
                            46,
                            69
                        ]
                    }
                ],
                "user_mentions": [],
                "symbols": []
            },
            "retweeted": false,
            "in_reply_to_status_id_str": null,
            "truncated": false
        },
        {
            "favorite_count": 3,
            "id": 801119949469036544,
            "place": null,
            "is_quote_status": false,
            "id_str": "801119949469036544",
            "contributors": null,
            "metadata": {
                "iso_language_code": "en",
                "result_type": "recent"
            },
            "in_reply_to_user_id": null,
            "source": "<a href=\"http://www.hootsuite.com\" rel=\"nofollow\">Hootsuite</a>",
            "in_reply_to_status_id": null,
            "in_reply_to_screen_name": null,
            "retweet_count": 0,
            "lang": "en",
            "coordinates": null,
            "in_reply_to_user_id_str": null,
            "favorited": false,
            "text": "#Trump won't pursue #Clinton email case, aide says https://t.co/on9WzDNorY",
            "created_at": "Tue Nov 22 17:47:34 +0000 2016",
            "possibly_sensitive": false,
            "geo": null,
            "user": {
                "profile_banner_url": "https://pbs.twimg.com/profile_banners/13657922/1398290852",
                "notifications": false,
                "profile_background_image_url_https": "https://pbs.twimg.com/profile_background_images/2548271/reglogo.jpg",
                "friends_count": 5104,
                "profile_background_color": "FFFFFF",
                "profile_link_color": "0000FF",
                "profile_background_tile": false,
                "id": 13657922,
                "id_str": "13657922",
                "favourites_count": 729,
                "profile_sidebar_border_color": "87BC44",
                "utc_offset": -21600,
                "contributors_enabled": false,
                "description": "Latest headlines from The Des Moines Register",
                "is_translator": false,
                "follow_request_sent": false,
                "profile_use_background_image": true,
                "profile_image_url": "http://pbs.twimg.com/profile_images/651111022976086016/52Fga2lp_normal.jpg",
                "profile_text_color": "000000",
                "is_translation_enabled": false,
                "profile_sidebar_fill_color": "E0FF92",
                "has_extended_profile": false,
                "listed_count": 2229,
                "url": "http://t.co/RmnjvtAsaP",
                "lang": "en",
                "statuses_count": 56892,
                "screen_name": "DMRegister",
                "protected": false,
                "name": "Des Moines Register",
                "translator_type": "none",
                "following": false,
                "followers_count": 120595,
                "default_profile": false,
                "profile_background_image_url": "http://pbs.twimg.com/profile_background_images/2548271/reglogo.jpg",
                "entities": {
                    "url": {
                        "urls": [
                            {
                                "expanded_url": "http://www.desmoinesregister.com",
                                "display_url": "desmoinesregister.com",
                                "url": "http://t.co/RmnjvtAsaP",
                                "indices": [
                                    0,
                                    22
                                ]
                            }
                        ]
                    },
                    "description": {
                        "urls": []
                    }
                },
                "verified": true,
                "location": "Des Moines, Iowa, USA",
                "profile_image_url_https": "https://pbs.twimg.com/profile_images/651111022976086016/52Fga2lp_normal.jpg",
                "time_zone": "Central Time (US & Canada)",
                "created_at": "Tue Feb 19 04:56:13 +0000 2008",
                "geo_enabled": true,
                "default_profile_image": false
            },
            "entities": {
                "hashtags": [
                    {
                        "text": "Trump",
                        "indices": [
                            0,
                            6
                        ]
                    },
                    {
                        "text": "Clinton",
                        "indices": [
                            20,
                            28
                        ]
                    }
                ],
                "urls": [
                    {
                        "expanded_url": "http://dmreg.co/2giBacn",
                        "display_url": "dmreg.co/2giBacn",
                        "url": "https://t.co/on9WzDNorY",
                        "indices": [
                            51,
                            74
                        ]
                    }
                ],
                "user_mentions": [],
                "symbols": []
            },
            "retweeted": false,
            "in_reply_to_status_id_str": null,
            "truncated": false
        },
        {
            "favorite_count": 5,
            "id": 801119347196317696,
            "place": null,
            "is_quote_status": false,
            "id_str": "801119347196317696",
            "contributors": null,
            "metadata": {
                "iso_language_code": "en",
                "result_type": "recent"
            },
            "in_reply_to_user_id": null,
            "source": "<a href=\"http://www.hootsuite.com\" rel=\"nofollow\">Hootsuite</a>",
            "in_reply_to_status_id": null,
            "in_reply_to_screen_name": null,
            "retweet_count": 9,
            "lang": "en",
            "coordinates": null,
            "in_reply_to_user_id_str": null,
            "favorited": false,
            "text": "#Trump Foundation admits to self-dealing in filing to the government https://t.co/JEJSx3RVyH",
            "created_at": "Tue Nov 22 17:45:11 +0000 2016",
            "possibly_sensitive": false,
            "geo": null,
            "user": {
                "profile_banner_url": "https://pbs.twimg.com/profile_banners/13657922/1398290852",
                "notifications": false,
                "profile_background_image_url_https": "https://pbs.twimg.com/profile_background_images/2548271/reglogo.jpg",
                "friends_count": 5104,
                "profile_background_color": "FFFFFF",
                "profile_link_color": "0000FF",
                "profile_background_tile": false,
                "id": 13657922,
                "id_str": "13657922",
                "favourites_count": 729,
                "profile_sidebar_border_color": "87BC44",
                "utc_offset": -21600,
                "contributors_enabled": false,
                "description": "Latest headlines from The Des Moines Register",
                "is_translator": false,
                "follow_request_sent": false,
                "profile_use_background_image": true,
                "profile_image_url": "http://pbs.twimg.com/profile_images/651111022976086016/52Fga2lp_normal.jpg",
                "profile_text_color": "000000",
                "is_translation_enabled": false,
                "profile_sidebar_fill_color": "E0FF92",
                "has_extended_profile": false,
                "listed_count": 2229,
                "url": "http://t.co/RmnjvtAsaP",
                "lang": "en",
                "statuses_count": 56892,
                "screen_name": "DMRegister",
                "protected": false,
                "name": "Des Moines Register",
                "translator_type": "none",
                "following": false,
                "followers_count": 120595,
                "default_profile": false,
                "profile_background_image_url": "http://pbs.twimg.com/profile_background_images/2548271/reglogo.jpg",
                "entities": {
                    "url": {
                        "urls": [
                            {
                                "expanded_url": "http://www.desmoinesregister.com",
                                "display_url": "desmoinesregister.com",
                                "url": "http://t.co/RmnjvtAsaP",
                                "indices": [
                                    0,
                                    22
                                ]
                            }
                        ]
                    },
                    "description": {
                        "urls": []
                    }
                },
                "verified": true,
                "location": "Des Moines, Iowa, USA",
                "profile_image_url_https": "https://pbs.twimg.com/profile_images/651111022976086016/52Fga2lp_normal.jpg",
                "time_zone": "Central Time (US & Canada)",
                "created_at": "Tue Feb 19 04:56:13 +0000 2008",
                "geo_enabled": true,
                "default_profile_image": false
            },
            "entities": {
                "hashtags": [
                    {
                        "text": "Trump",
                        "indices": [
                            0,
                            6
                        ]
                    }
                ],
                "urls": [
                    {
                        "expanded_url": "http://dmreg.co/2fm4a10",
                        "display_url": "dmreg.co/2fm4a10",
                        "url": "https://t.co/JEJSx3RVyH",
                        "indices": [
                            69,
                            92
                        ]
                    }
                ],
                "user_mentions": [],
                "symbols": []
            },
            "retweeted": false,
            "in_reply_to_status_id_str": null,
            "truncated": false
        },
        {
            "favorite_count": 0,
            "id": 801072783291715585,
            "place": null,
            "is_quote_status": false,
            "id_str": "801072783291715585",
            "contributors": null,
            "metadata": {
                "iso_language_code": "en",
                "result_type": "recent"
            },
            "in_reply_to_user_id": null,
            "source": "<a href=\"http://www.hootsuite.com\" rel=\"nofollow\">Hootsuite</a>",
            "in_reply_to_status_id": null,
            "in_reply_to_screen_name": null,
            "retweet_count": 0,
            "lang": "en",
            "coordinates": null,
            "in_reply_to_user_id_str": null,
            "favorited": false,
            "text": "#Trump outlines priorities for first 100 days in video address https://t.co/rLnpWwqcij",
            "created_at": "Tue Nov 22 14:40:09 +0000 2016",
            "possibly_sensitive": false,
            "geo": null,
            "user": {
                "profile_banner_url": "https://pbs.twimg.com/profile_banners/13657922/1398290852",
                "notifications": false,
                "profile_background_image_url_https": "https://pbs.twimg.com/profile_background_images/2548271/reglogo.jpg",
                "friends_count": 5104,
                "profile_background_color": "FFFFFF",
                "profile_link_color": "0000FF",
                "profile_background_tile": false,
                "id": 13657922,
                "id_str": "13657922",
                "favourites_count": 729,
                "profile_sidebar_border_color": "87BC44",
                "utc_offset": -21600,
                "contributors_enabled": false,
                "description": "Latest headlines from The Des Moines Register",
                "is_translator": false,
                "follow_request_sent": false,
                "profile_use_background_image": true,
                "profile_image_url": "http://pbs.twimg.com/profile_images/651111022976086016/52Fga2lp_normal.jpg",
                "profile_text_color": "000000",
                "is_translation_enabled": false,
                "profile_sidebar_fill_color": "E0FF92",
                "has_extended_profile": false,
                "listed_count": 2229,
                "url": "http://t.co/RmnjvtAsaP",
                "lang": "en",
                "statuses_count": 56892,
                "screen_name": "DMRegister",
                "protected": false,
                "name": "Des Moines Register",
                "translator_type": "none",
                "following": false,
                "followers_count": 120595,
                "default_profile": false,
                "profile_background_image_url": "http://pbs.twimg.com/profile_background_images/2548271/reglogo.jpg",
                "entities": {
                    "url": {
                        "urls": [
                            {
                                "expanded_url": "http://www.desmoinesregister.com",
                                "display_url": "desmoinesregister.com",
                                "url": "http://t.co/RmnjvtAsaP",
                                "indices": [
                                    0,
                                    22
                                ]
                            }
                        ]
                    },
                    "description": {
                        "urls": []
                    }
                },
                "verified": true,
                "location": "Des Moines, Iowa, USA",
                "profile_image_url_https": "https://pbs.twimg.com/profile_images/651111022976086016/52Fga2lp_normal.jpg",
                "time_zone": "Central Time (US & Canada)",
                "created_at": "Tue Feb 19 04:56:13 +0000 2008",
                "geo_enabled": true,
                "default_profile_image": false
            },
            "entities": {
                "hashtags": [
                    {
                        "text": "Trump",
                        "indices": [
                            0,
                            6
                        ]
                    }
                ],
                "urls": [
                    {
                        "expanded_url": "http://dmreg.co/2ghzPCD",
                        "display_url": "dmreg.co/2ghzPCD",
                        "url": "https://t.co/rLnpWwqcij",
                        "indices": [
                            63,
                            86
                        ]
                    }
                ],
                "user_mentions": [],
                "symbols": []
            },
            "retweeted": false,
            "in_reply_to_status_id_str": null,
            "truncated": false
        },
        {
            "favorite_count": 14,
            "id": 801035029270896640,
            "place": null,
            "is_quote_status": false,
            "id_str": "801035029270896640",
            "contributors": null,
            "metadata": {
                "iso_language_code": "en",
                "result_type": "recent"
            },
            "in_reply_to_user_id": null,
            "source": "<a href=\"http://www.hootsuite.com\" rel=\"nofollow\">Hootsuite</a>",
            "in_reply_to_status_id": null,
            "in_reply_to_screen_name": null,
            "retweet_count": 7,
            "lang": "en",
            "coordinates": null,
            "in_reply_to_user_id_str": null,
            "favorited": false,
            "text": "Two weeks later, #HillaryClinton's popular vote lead grows as vote count continues https://t.co/oSNvInMtNJ",
            "created_at": "Tue Nov 22 12:10:08 +0000 2016",
            "possibly_sensitive": false,
            "geo": null,
            "user": {
                "profile_banner_url": "https://pbs.twimg.com/profile_banners/13657922/1398290852",
                "notifications": false,
                "profile_background_image_url_https": "https://pbs.twimg.com/profile_background_images/2548271/reglogo.jpg",
                "friends_count": 5104,
                "profile_background_color": "FFFFFF",
                "profile_link_color": "0000FF",
                "profile_background_tile": false,
                "id": 13657922,
                "id_str": "13657922",
                "favourites_count": 729,
                "profile_sidebar_border_color": "87BC44",
                "utc_offset": -21600,
                "contributors_enabled": false,
                "description": "Latest headlines from The Des Moines Register",
                "is_translator": false,
                "follow_request_sent": false,
                "profile_use_background_image": true,
                "profile_image_url": "http://pbs.twimg.com/profile_images/651111022976086016/52Fga2lp_normal.jpg",
                "profile_text_color": "000000",
                "is_translation_enabled": false,
                "profile_sidebar_fill_color": "E0FF92",
                "has_extended_profile": false,
                "listed_count": 2229,
                "url": "http://t.co/RmnjvtAsaP",
                "lang": "en",
                "statuses_count": 56892,
                "screen_name": "DMRegister",
                "protected": false,
                "name": "Des Moines Register",
                "translator_type": "none",
                "following": false,
                "followers_count": 120595,
                "default_profile": false,
                "profile_background_image_url": "http://pbs.twimg.com/profile_background_images/2548271/reglogo.jpg",
                "entities": {
                    "url": {
                        "urls": [
                            {
                                "expanded_url": "http://www.desmoinesregister.com",
                                "display_url": "desmoinesregister.com",
                                "url": "http://t.co/RmnjvtAsaP",
                                "indices": [
                                    0,
                                    22
                                ]
                            }
                        ]
                    },
                    "description": {
                        "urls": []
                    }
                },
                "verified": true,
                "location": "Des Moines, Iowa, USA",
                "profile_image_url_https": "https://pbs.twimg.com/profile_images/651111022976086016/52Fga2lp_normal.jpg",
                "time_zone": "Central Time (US & Canada)",
                "created_at": "Tue Feb 19 04:56:13 +0000 2008",
                "geo_enabled": true,
                "default_profile_image": false
            },
            "entities": {
                "hashtags": [
                    {
                        "text": "HillaryClinton",
                        "indices": [
                            17,
                            32
                        ]
                    }
                ],
                "urls": [
                    {
                        "expanded_url": "http://dmreg.co/2fkPpeA",
                        "display_url": "dmreg.co/2fkPpeA",
                        "url": "https://t.co/oSNvInMtNJ",
                        "indices": [
                            83,
                            106
                        ]
                    }
                ],
                "user_mentions": [],
                "symbols": []
            },
            "retweeted": false,
            "in_reply_to_status_id_str": null,
            "truncated": false
        }
    ]
}