{
    "search_metadata": {
        "since_id": 0,
        "completed_in": 0.05,
        "refresh_url": "?since_id=801133201968263168&q=Trump%20from%3ADoverpost%20since%3A2016-11-22%20until%3A2016-11-23%20filter%3Alinks%20-%40Doverpost&include_entities=1",
        "count": 100,
        "query": "Trump+from%3ADoverpost+since%3A2016-11-22+until%3A2016-11-23+filter%3Alinks+-%40Doverpost",
        "max_id_str": "801133201968263168",
        "since_id_str": "0",
        "max_id": 801133201968263168
    },
    "statuses": [
        {
            "favorite_count": 0,
            "id": 801133201968263168,
            "place": null,
            "is_quote_status": false,
            "id_str": "801133201968263168",
            "contributors": null,
            "metadata": {
                "iso_language_code": "en",
                "result_type": "recent"
            },
            "in_reply_to_user_id": null,
            "source": "<a href=\"http://bufferapp.com\" rel=\"nofollow\">Buffer</a>",
            "in_reply_to_status_id": null,
            "in_reply_to_screen_name": null,
            "retweet_count": 1,
            "lang": "en",
            "coordinates": null,
            "in_reply_to_user_id_str": null,
            "favorited": false,
            "text": "Uh-oh. Trump Foundation files IRS forms :: https://t.co/BFkOQLdfuD https://t.co/5En263w1lZ",
            "created_at": "Tue Nov 22 18:40:14 +0000 2016",
            "possibly_sensitive": false,
            "geo": null,
            "user": {
                "profile_banner_url": "https://pbs.twimg.com/profile_banners/25136092/1395591820",
                "notifications": false,
                "profile_background_image_url_https": "https://abs.twimg.com/images/themes/theme6/bg.gif",
                "friends_count": 295,
                "profile_background_color": "709397",
                "profile_link_color": "FF3300",
                "profile_background_tile": false,
                "id": 25136092,
                "id_str": "25136092",
                "favourites_count": 25,
                "profile_sidebar_border_color": "86A4A6",
                "utc_offset": -21600,
                "contributors_enabled": false,
                "description": "",
                "is_translator": false,
                "follow_request_sent": false,
                "profile_use_background_image": true,
                "profile_image_url": "http://pbs.twimg.com/profile_images/1213138331/twitter_normal.jpg",
                "profile_text_color": "333333",
                "is_translation_enabled": false,
                "profile_sidebar_fill_color": "A0C5C7",
                "has_extended_profile": false,
                "listed_count": 127,
                "url": "http://t.co/JxaM3KhDdK",
                "lang": "en",
                "statuses_count": 4610,
                "screen_name": "Doverpost",
                "protected": false,
                "name": "Dover Post",
                "translator_type": "none",
                "following": false,
                "followers_count": 3920,
                "default_profile": false,
                "profile_background_image_url": "http://abs.twimg.com/images/themes/theme6/bg.gif",
                "entities": {
                    "url": {
                        "urls": [
                            {
                                "expanded_url": "http://www.doverpost.com",
                                "display_url": "doverpost.com",
                                "url": "http://t.co/JxaM3KhDdK",
                                "indices": [
                                    0,
                                    22
                                ]
                            }
                        ]
                    },
                    "description": {
                        "urls": []
                    }
                },
                "verified": false,
                "location": "Dover, Delaware",
                "profile_image_url_https": "https://pbs.twimg.com/profile_images/1213138331/twitter_normal.jpg",
                "time_zone": "Central Time (US & Canada)",
                "created_at": "Wed Mar 18 19:35:35 +0000 2009",
                "geo_enabled": true,
                "default_profile_image": false
            },
            "entities": {
                "hashtags": [],
                "urls": [
                    {
                        "expanded_url": "http://buff.ly/2fCbQwM",
                        "display_url": "buff.ly/2fCbQwM",
                        "url": "https://t.co/BFkOQLdfuD",
                        "indices": [
                            43,
                            66
                        ]
                    }
                ],
                "user_mentions": [],
                "symbols": [],
                "media": [
                    {
                        "id_str": "801133199262969857",
                        "expanded_url": "https://twitter.com/Doverpost/status/801133201968263168/photo/1",
                        "display_url": "pic.twitter.com/5En263w1lZ",
                        "url": "https://t.co/5En263w1lZ",
                        "sizes": {
                            "large": {
                                "h": 1113,
                                "resize": "fit",
                                "w": 1484
                            },
                            "small": {
                                "h": 510,
                                "resize": "fit",
                                "w": 680
                            },
                            "thumb": {
                                "h": 150,
                                "resize": "crop",
                                "w": 150
                            },
                            "medium": {
                                "h": 900,
                                "resize": "fit",
                                "w": 1200
                            }
                        },
                        "media_url": "http://pbs.twimg.com/media/Cx4yZm_XcAEBKO_.jpg",
                        "media_url_https": "https://pbs.twimg.com/media/Cx4yZm_XcAEBKO_.jpg",
                        "id": 801133199262969857,
                        "type": "photo",
                        "indices": [
                            67,
                            90
                        ]
                    }
                ]
            },
            "extended_entities": {
                "media": [
                    {
                        "id_str": "801133199262969857",
                        "expanded_url": "https://twitter.com/Doverpost/status/801133201968263168/photo/1",
                        "display_url": "pic.twitter.com/5En263w1lZ",
                        "url": "https://t.co/5En263w1lZ",
                        "sizes": {
                            "large": {
                                "h": 1113,
                                "resize": "fit",
                                "w": 1484
                            },
                            "small": {
                                "h": 510,
                                "resize": "fit",
                                "w": 680
                            },
                            "thumb": {
                                "h": 150,
                                "resize": "crop",
                                "w": 150
                            },
                            "medium": {
                                "h": 900,
                                "resize": "fit",
                                "w": 1200
                            }
                        },
                        "media_url": "http://pbs.twimg.com/media/Cx4yZm_XcAEBKO_.jpg",
                        "media_url_https": "https://pbs.twimg.com/media/Cx4yZm_XcAEBKO_.jpg",
                        "id": 801133199262969857,
                        "type": "photo",
                        "indices": [
                            67,
                            90
                        ]
                    }
                ]
            },
            "retweeted": false,
            "in_reply_to_status_id_str": null,
            "truncated": false
        }
    ]
}