{
    "search_metadata": {
        "since_id": 0,
        "completed_in": 0.046,
        "refresh_url": "?since_id=801069642999599106&q=Trump%20from%3Afreep%20since%3A2016-11-22%20until%3A2016-11-23%20filter%3Alinks%20-%40freep&include_entities=1",
        "count": 100,
        "query": "Trump+from%3Afreep+since%3A2016-11-22+until%3A2016-11-23+filter%3Alinks+-%40freep",
        "max_id_str": "801069642999599106",
        "since_id_str": "0",
        "max_id": 801069642999599106
    },
    "statuses": [
        {
            "favorite_count": 0,
            "place": null,
            "id": 801069642999599106,
            "retweeted_status": {
                "favorite_count": 100,
                "id": 801067522023796736,
                "place": null,
                "is_quote_status": false,
                "id_str": "801067522023796736",
                "contributors": null,
                "metadata": {
                    "iso_language_code": "en",
                    "result_type": "recent"
                },
                "in_reply_to_user_id": null,
                "source": "<a href=\"http://www.usatoday.com\" rel=\"nofollow\">USA TODAY Breaking News</a>",
                "in_reply_to_status_id": null,
                "in_reply_to_screen_name": null,
                "retweet_count": 98,
                "lang": "en",
                "coordinates": null,
                "in_reply_to_user_id_str": null,
                "favorited": false,
                "text": "#BREAKING Trump won't pursue email case against Clinton, adviser says https://t.co/piXFeo4Fx0",
                "created_at": "Tue Nov 22 14:19:15 +0000 2016",
                "possibly_sensitive": false,
                "geo": null,
                "user": {
                    "profile_banner_url": "https://pbs.twimg.com/profile_banners/15754281/1453833768",
                    "notifications": false,
                    "profile_background_image_url_https": "https://pbs.twimg.com/profile_background_images/378800000089862470/7aa9f896147a89917aa047e30ab6ebc2.jpeg",
                    "friends_count": 933,
                    "profile_background_color": "0092D0",
                    "profile_link_color": "0000FF",
                    "profile_background_tile": false,
                    "id": 15754281,
                    "id_str": "15754281",
                    "favourites_count": 1715,
                    "profile_sidebar_border_color": "FFFFFF",
                    "utc_offset": -18000,
                    "contributors_enabled": false,
                    "description": "The latest news and most interesting stories from USA TODAY. News that's meant to be shared.",
                    "is_translator": false,
                    "follow_request_sent": false,
                    "profile_use_background_image": false,
                    "profile_image_url": "http://pbs.twimg.com/profile_images/761954996808286209/S15RXwx6_normal.jpg",
                    "profile_text_color": "000000",
                    "is_translation_enabled": false,
                    "profile_sidebar_fill_color": "FFFFFF",
                    "has_extended_profile": false,
                    "listed_count": 30009,
                    "url": "http://t.co/7xDl0vVHSt",
                    "lang": "en",
                    "statuses_count": 184999,
                    "screen_name": "USATODAY",
                    "protected": false,
                    "name": "USA TODAY",
                    "translator_type": "regular",
                    "following": false,
                    "followers_count": 2829721,
                    "default_profile": false,
                    "profile_background_image_url": "http://pbs.twimg.com/profile_background_images/378800000089862470/7aa9f896147a89917aa047e30ab6ebc2.jpeg",
                    "entities": {
                        "url": {
                            "urls": [
                                {
                                    "expanded_url": "http://www.usatoday.com",
                                    "display_url": "usatoday.com",
                                    "url": "http://t.co/7xDl0vVHSt",
                                    "indices": [
                                        0,
                                        22
                                    ]
                                }
                            ]
                        },
                        "description": {
                            "urls": []
                        }
                    },
                    "verified": true,
                    "location": "USA TODAY HQ, McLean, Va.",
                    "profile_image_url_https": "https://pbs.twimg.com/profile_images/761954996808286209/S15RXwx6_normal.jpg",
                    "time_zone": "Eastern Time (US & Canada)",
                    "created_at": "Wed Aug 06 19:55:31 +0000 2008",
                    "geo_enabled": false,
                    "default_profile_image": false
                },
                "entities": {
                    "hashtags": [
                        {
                            "text": "BREAKING",
                            "indices": [
                                0,
                                9
                            ]
                        }
                    ],
                    "urls": [
                        {
                            "expanded_url": "http://usat.ly/2fNQi3c",
                            "display_url": "usat.ly/2fNQi3c",
                            "url": "https://t.co/piXFeo4Fx0",
                            "indices": [
                                70,
                                93
                            ]
                        }
                    ],
                    "user_mentions": [],
                    "symbols": []
                },
                "retweeted": false,
                "in_reply_to_status_id_str": null,
                "truncated": false
            },
            "is_quote_status": false,
            "id_str": "801069642999599106",
            "contributors": null,
            "metadata": {
                "iso_language_code": "en",
                "result_type": "recent"
            },
            "in_reply_to_user_id": null,
            "source": "<a href=\"http://www.hootsuite.com\" rel=\"nofollow\">Hootsuite</a>",
            "in_reply_to_status_id": null,
            "in_reply_to_screen_name": null,
            "retweet_count": 98,
            "lang": "en",
            "coordinates": null,
            "in_reply_to_user_id_str": null,
            "favorited": false,
            "text": "RT @USATODAY: #BREAKING Trump won't pursue email case against Clinton, adviser says https://t.co/piXFeo4Fx0",
            "created_at": "Tue Nov 22 14:27:40 +0000 2016",
            "possibly_sensitive": false,
            "geo": null,
            "user": {
                "profile_banner_url": "https://pbs.twimg.com/profile_banners/8795772/1406564135",
                "notifications": false,
                "profile_background_image_url_https": "https://pbs.twimg.com/profile_background_images/662745333/ua0fr1vxqje8dgtrwv5x.jpeg",
                "friends_count": 3552,
                "profile_background_color": "496595",
                "profile_link_color": "5678A3",
                "profile_background_tile": true,
                "id": 8795772,
                "id_str": "8795772",
                "favourites_count": 3973,
                "profile_sidebar_border_color": "FFFFFF",
                "utc_offset": -18000,
                "contributors_enabled": false,
                "description": "News from Detroit. w/@aetmanshuschka, @Ash_Detroit @BrianManzullo, @lissa218 and the @Freep web team",
                "is_translator": false,
                "follow_request_sent": false,
                "profile_use_background_image": true,
                "profile_image_url": "http://pbs.twimg.com/profile_images/765605644254707712/MxgZ4fRN_normal.jpg",
                "profile_text_color": "000000",
                "is_translation_enabled": false,
                "profile_sidebar_fill_color": "FFFFFF",
                "has_extended_profile": false,
                "listed_count": 4176,
                "url": "http://t.co/QaxDeaxx0H",
                "lang": "en",
                "statuses_count": 152901,
                "screen_name": "freep",
                "protected": false,
                "name": "Detroit Free Press",
                "translator_type": "none",
                "following": false,
                "followers_count": 311774,
                "default_profile": false,
                "profile_background_image_url": "http://pbs.twimg.com/profile_background_images/662745333/ua0fr1vxqje8dgtrwv5x.jpeg",
                "entities": {
                    "url": {
                        "urls": [
                            {
                                "expanded_url": "http://www.freep.com",
                                "display_url": "freep.com",
                                "url": "http://t.co/QaxDeaxx0H",
                                "indices": [
                                    0,
                                    22
                                ]
                            }
                        ]
                    },
                    "description": {
                        "urls": []
                    }
                },
                "verified": true,
                "location": "Detroit",
                "profile_image_url_https": "https://pbs.twimg.com/profile_images/765605644254707712/MxgZ4fRN_normal.jpg",
                "time_zone": "Eastern Time (US & Canada)",
                "created_at": "Mon Sep 10 21:42:21 +0000 2007",
                "geo_enabled": true,
                "default_profile_image": false
            },
            "entities": {
                "hashtags": [
                    {
                        "text": "BREAKING",
                        "indices": [
                            14,
                            23
                        ]
                    }
                ],
                "urls": [
                    {
                        "expanded_url": "http://usat.ly/2fNQi3c",
                        "display_url": "usat.ly/2fNQi3c",
                        "url": "https://t.co/piXFeo4Fx0",
                        "indices": [
                            84,
                            107
                        ]
                    }
                ],
                "user_mentions": [
                    {
                        "id_str": "15754281",
                        "name": "USA TODAY",
                        "id": 15754281,
                        "indices": [
                            3,
                            12
                        ],
                        "screen_name": "USATODAY"
                    }
                ],
                "symbols": []
            },
            "retweeted": false,
            "in_reply_to_status_id_str": null,
            "truncated": false
        },
        {
            "favorite_count": 5,
            "id": 801058958723207172,
            "place": null,
            "is_quote_status": false,
            "id_str": "801058958723207172",
            "contributors": null,
            "metadata": {
                "iso_language_code": "en",
                "result_type": "recent"
            },
            "in_reply_to_user_id": null,
            "source": "<a href=\"http://www.hootsuite.com\" rel=\"nofollow\">Hootsuite</a>",
            "in_reply_to_status_id": null,
            "in_reply_to_screen_name": null,
            "retweet_count": 5,
            "lang": "en",
            "coordinates": null,
            "in_reply_to_user_id_str": null,
            "favorited": false,
            "text": "The presidential election of 2016 is over and done. Or is it? https://t.co/5nmHvUT4th",
            "created_at": "Tue Nov 22 13:45:13 +0000 2016",
            "possibly_sensitive": false,
            "geo": null,
            "user": {
                "profile_banner_url": "https://pbs.twimg.com/profile_banners/8795772/1406564135",
                "notifications": false,
                "profile_background_image_url_https": "https://pbs.twimg.com/profile_background_images/662745333/ua0fr1vxqje8dgtrwv5x.jpeg",
                "friends_count": 3552,
                "profile_background_color": "496595",
                "profile_link_color": "5678A3",
                "profile_background_tile": true,
                "id": 8795772,
                "id_str": "8795772",
                "favourites_count": 3973,
                "profile_sidebar_border_color": "FFFFFF",
                "utc_offset": -18000,
                "contributors_enabled": false,
                "description": "News from Detroit. w/@aetmanshuschka, @Ash_Detroit @BrianManzullo, @lissa218 and the @Freep web team",
                "is_translator": false,
                "follow_request_sent": false,
                "profile_use_background_image": true,
                "profile_image_url": "http://pbs.twimg.com/profile_images/765605644254707712/MxgZ4fRN_normal.jpg",
                "profile_text_color": "000000",
                "is_translation_enabled": false,
                "profile_sidebar_fill_color": "FFFFFF",
                "has_extended_profile": false,
                "listed_count": 4176,
                "url": "http://t.co/QaxDeaxx0H",
                "lang": "en",
                "statuses_count": 152901,
                "screen_name": "freep",
                "protected": false,
                "name": "Detroit Free Press",
                "translator_type": "none",
                "following": false,
                "followers_count": 311774,
                "default_profile": false,
                "profile_background_image_url": "http://pbs.twimg.com/profile_background_images/662745333/ua0fr1vxqje8dgtrwv5x.jpeg",
                "entities": {
                    "url": {
                        "urls": [
                            {
                                "expanded_url": "http://www.freep.com",
                                "display_url": "freep.com",
                                "url": "http://t.co/QaxDeaxx0H",
                                "indices": [
                                    0,
                                    22
                                ]
                            }
                        ]
                    },
                    "description": {
                        "urls": []
                    }
                },
                "verified": true,
                "location": "Detroit",
                "profile_image_url_https": "https://pbs.twimg.com/profile_images/765605644254707712/MxgZ4fRN_normal.jpg",
                "time_zone": "Eastern Time (US & Canada)",
                "created_at": "Mon Sep 10 21:42:21 +0000 2007",
                "geo_enabled": true,
                "default_profile_image": false
            },
            "entities": {
                "hashtags": [],
                "urls": [
                    {
                        "expanded_url": "http://on.freep.com/2fNMiQq",
                        "display_url": "on.freep.com/2fNMiQq",
                        "url": "https://t.co/5nmHvUT4th",
                        "indices": [
                            62,
                            85
                        ]
                    }
                ],
                "user_mentions": [],
                "symbols": []
            },
            "retweeted": false,
            "in_reply_to_status_id_str": null,
            "truncated": false
        },
        {
            "favorite_count": 12,
            "id": 801040111291006976,
            "place": null,
            "is_quote_status": false,
            "id_str": "801040111291006976",
            "contributors": null,
            "metadata": {
                "iso_language_code": "en",
                "result_type": "recent"
            },
            "in_reply_to_user_id": null,
            "source": "<a href=\"http://www.hootsuite.com\" rel=\"nofollow\">Hootsuite</a>",
            "in_reply_to_status_id": null,
            "in_reply_to_screen_name": null,
            "retweet_count": 12,
            "lang": "en",
            "coordinates": null,
            "in_reply_to_user_id_str": null,
            "favorited": false,
            "text": "Two weeks later, Hillary Clinton's popular vote lead grows as vote count continues https://t.co/VMoAcMrJo6",
            "created_at": "Tue Nov 22 12:30:19 +0000 2016",
            "possibly_sensitive": false,
            "geo": null,
            "user": {
                "profile_banner_url": "https://pbs.twimg.com/profile_banners/8795772/1406564135",
                "notifications": false,
                "profile_background_image_url_https": "https://pbs.twimg.com/profile_background_images/662745333/ua0fr1vxqje8dgtrwv5x.jpeg",
                "friends_count": 3552,
                "profile_background_color": "496595",
                "profile_link_color": "5678A3",
                "profile_background_tile": true,
                "id": 8795772,
                "id_str": "8795772",
                "favourites_count": 3973,
                "profile_sidebar_border_color": "FFFFFF",
                "utc_offset": -18000,
                "contributors_enabled": false,
                "description": "News from Detroit. w/@aetmanshuschka, @Ash_Detroit @BrianManzullo, @lissa218 and the @Freep web team",
                "is_translator": false,
                "follow_request_sent": false,
                "profile_use_background_image": true,
                "profile_image_url": "http://pbs.twimg.com/profile_images/765605644254707712/MxgZ4fRN_normal.jpg",
                "profile_text_color": "000000",
                "is_translation_enabled": false,
                "profile_sidebar_fill_color": "FFFFFF",
                "has_extended_profile": false,
                "listed_count": 4176,
                "url": "http://t.co/QaxDeaxx0H",
                "lang": "en",
                "statuses_count": 152901,
                "screen_name": "freep",
                "protected": false,
                "name": "Detroit Free Press",
                "translator_type": "none",
                "following": false,
                "followers_count": 311774,
                "default_profile": false,
                "profile_background_image_url": "http://pbs.twimg.com/profile_background_images/662745333/ua0fr1vxqje8dgtrwv5x.jpeg",
                "entities": {
                    "url": {
                        "urls": [
                            {
                                "expanded_url": "http://www.freep.com",
                                "display_url": "freep.com",
                                "url": "http://t.co/QaxDeaxx0H",
                                "indices": [
                                    0,
                                    22
                                ]
                            }
                        ]
                    },
                    "description": {
                        "urls": []
                    }
                },
                "verified": true,
                "location": "Detroit",
                "profile_image_url_https": "https://pbs.twimg.com/profile_images/765605644254707712/MxgZ4fRN_normal.jpg",
                "time_zone": "Eastern Time (US & Canada)",
                "created_at": "Mon Sep 10 21:42:21 +0000 2007",
                "geo_enabled": true,
                "default_profile_image": false
            },
            "entities": {
                "hashtags": [],
                "urls": [
                    {
                        "expanded_url": "http://on.freep.com/2gFWY5D",
                        "display_url": "on.freep.com/2gFWY5D",
                        "url": "https://t.co/VMoAcMrJo6",
                        "indices": [
                            83,
                            106
                        ]
                    }
                ],
                "user_mentions": [],
                "symbols": []
            },
            "retweeted": false,
            "in_reply_to_status_id_str": null,
            "truncated": false
        }
    ]
}