{
    "search_metadata": {
        "since_id": 0,
        "completed_in": 0.036,
        "refresh_url": "?since_id=801168562475925504&q=Trump%20from%3Aindystar%20since%3A2016-11-22%20until%3A2016-11-23%20filter%3Alinks%20-%40indystar&include_entities=1",
        "count": 100,
        "query": "Trump+from%3Aindystar+since%3A2016-11-22+until%3A2016-11-23+filter%3Alinks+-%40indystar",
        "max_id_str": "801168562475925504",
        "since_id_str": "0",
        "max_id": 801168562475925504
    },
    "statuses": [
        {
            "favorite_count": 3,
            "id": 801168562475925504,
            "place": null,
            "is_quote_status": false,
            "id_str": "801168562475925504",
            "contributors": null,
            "metadata": {
                "iso_language_code": "en",
                "result_type": "recent"
            },
            "in_reply_to_user_id": null,
            "source": "<a href=\"http://www.hootsuite.com\" rel=\"nofollow\">Hootsuite</a>",
            "in_reply_to_status_id": null,
            "in_reply_to_screen_name": null,
            "retweet_count": 1,
            "lang": "en",
            "coordinates": null,
            "in_reply_to_user_id_str": null,
            "favorited": false,
            "text": "Indiana health commissioner Dr. Jerome Adams meets with Donald Trump to discuss healthcare. https://t.co/KJ2Qxcc8bp",
            "created_at": "Tue Nov 22 21:00:44 +0000 2016",
            "possibly_sensitive": false,
            "geo": null,
            "user": {
                "profile_banner_url": "https://pbs.twimg.com/profile_banners/16550142/1415827321",
                "notifications": false,
                "profile_background_image_url_https": "https://pbs.twimg.com/profile_background_images/378800000123769352/f3a8ad0c9fe01151df8cf34eb18efb5c.jpeg",
                "friends_count": 414,
                "profile_background_color": "333333",
                "profile_link_color": "1373C0",
                "profile_background_tile": false,
                "id": 16550142,
                "id_str": "16550142",
                "favourites_count": 1462,
                "profile_sidebar_border_color": "FFFFFF",
                "utc_offset": -18000,
                "contributors_enabled": false,
                "description": "News that matters. Sports that thrill. A city that excites. Your IndyStar: Serving the greater good of Central Indiana with local journalism.",
                "is_translator": false,
                "follow_request_sent": false,
                "profile_use_background_image": true,
                "profile_image_url": "http://pbs.twimg.com/profile_images/557169583878963204/zW17iH7I_normal.jpeg",
                "profile_text_color": "000000",
                "is_translation_enabled": false,
                "profile_sidebar_fill_color": "E8E6D0",
                "has_extended_profile": false,
                "listed_count": 2687,
                "url": "http://t.co/AHcf6xQRJC",
                "lang": "en",
                "statuses_count": 150433,
                "screen_name": "indystar",
                "protected": false,
                "name": "IndyStar",
                "translator_type": "none",
                "following": false,
                "followers_count": 194082,
                "default_profile": false,
                "profile_background_image_url": "http://pbs.twimg.com/profile_background_images/378800000123769352/f3a8ad0c9fe01151df8cf34eb18efb5c.jpeg",
                "entities": {
                    "url": {
                        "urls": [
                            {
                                "expanded_url": "http://www.indystar.com/",
                                "display_url": "indystar.com",
                                "url": "http://t.co/AHcf6xQRJC",
                                "indices": [
                                    0,
                                    22
                                ]
                            }
                        ]
                    },
                    "description": {
                        "urls": []
                    }
                },
                "verified": true,
                "location": "Indianapolis, IN",
                "profile_image_url_https": "https://pbs.twimg.com/profile_images/557169583878963204/zW17iH7I_normal.jpeg",
                "time_zone": "Eastern Time (US & Canada)",
                "created_at": "Wed Oct 01 20:50:45 +0000 2008",
                "geo_enabled": true,
                "default_profile_image": false
            },
            "entities": {
                "hashtags": [],
                "urls": [
                    {
                        "expanded_url": "http://indy.st/2fZsirE",
                        "display_url": "indy.st/2fZsirE",
                        "url": "https://t.co/KJ2Qxcc8bp",
                        "indices": [
                            92,
                            115
                        ]
                    }
                ],
                "user_mentions": [],
                "symbols": []
            },
            "retweeted": false,
            "in_reply_to_status_id_str": null,
            "truncated": false
        },
        {
            "favorite_count": 3,
            "id": 801047891271782400,
            "place": null,
            "is_quote_status": false,
            "id_str": "801047891271782400",
            "contributors": null,
            "metadata": {
                "iso_language_code": "en",
                "result_type": "recent"
            },
            "in_reply_to_user_id": null,
            "source": "<a href=\"http://www.hootsuite.com\" rel=\"nofollow\">Hootsuite</a>",
            "in_reply_to_status_id": null,
            "in_reply_to_screen_name": null,
            "retweet_count": 1,
            "lang": "en",
            "coordinates": null,
            "in_reply_to_user_id_str": null,
            "favorited": false,
            "text": "Indiana voters wrote in some very interesting alternatives to Donald Trump and Hillary Clinton.\u2026 https://t.co/dllnhPwdQa",
            "created_at": "Tue Nov 22 13:01:14 +0000 2016",
            "possibly_sensitive": false,
            "geo": null,
            "user": {
                "profile_banner_url": "https://pbs.twimg.com/profile_banners/16550142/1415827321",
                "notifications": false,
                "profile_background_image_url_https": "https://pbs.twimg.com/profile_background_images/378800000123769352/f3a8ad0c9fe01151df8cf34eb18efb5c.jpeg",
                "friends_count": 414,
                "profile_background_color": "333333",
                "profile_link_color": "1373C0",
                "profile_background_tile": false,
                "id": 16550142,
                "id_str": "16550142",
                "favourites_count": 1462,
                "profile_sidebar_border_color": "FFFFFF",
                "utc_offset": -18000,
                "contributors_enabled": false,
                "description": "News that matters. Sports that thrill. A city that excites. Your IndyStar: Serving the greater good of Central Indiana with local journalism.",
                "is_translator": false,
                "follow_request_sent": false,
                "profile_use_background_image": true,
                "profile_image_url": "http://pbs.twimg.com/profile_images/557169583878963204/zW17iH7I_normal.jpeg",
                "profile_text_color": "000000",
                "is_translation_enabled": false,
                "profile_sidebar_fill_color": "E8E6D0",
                "has_extended_profile": false,
                "listed_count": 2687,
                "url": "http://t.co/AHcf6xQRJC",
                "lang": "en",
                "statuses_count": 150433,
                "screen_name": "indystar",
                "protected": false,
                "name": "IndyStar",
                "translator_type": "none",
                "following": false,
                "followers_count": 194082,
                "default_profile": false,
                "profile_background_image_url": "http://pbs.twimg.com/profile_background_images/378800000123769352/f3a8ad0c9fe01151df8cf34eb18efb5c.jpeg",
                "entities": {
                    "url": {
                        "urls": [
                            {
                                "expanded_url": "http://www.indystar.com/",
                                "display_url": "indystar.com",
                                "url": "http://t.co/AHcf6xQRJC",
                                "indices": [
                                    0,
                                    22
                                ]
                            }
                        ]
                    },
                    "description": {
                        "urls": []
                    }
                },
                "verified": true,
                "location": "Indianapolis, IN",
                "profile_image_url_https": "https://pbs.twimg.com/profile_images/557169583878963204/zW17iH7I_normal.jpeg",
                "time_zone": "Eastern Time (US & Canada)",
                "created_at": "Wed Oct 01 20:50:45 +0000 2008",
                "geo_enabled": true,
                "default_profile_image": false
            },
            "entities": {
                "hashtags": [],
                "urls": [
                    {
                        "expanded_url": "https://twitter.com/i/web/status/801047891271782400",
                        "display_url": "twitter.com/i/web/status/8\u2026",
                        "url": "https://t.co/dllnhPwdQa",
                        "indices": [
                            97,
                            120
                        ]
                    }
                ],
                "user_mentions": [],
                "symbols": []
            },
            "retweeted": false,
            "in_reply_to_status_id_str": null,
            "truncated": true
        },
        {
            "favorite_count": 0,
            "place": null,
            "id": 801042511699423233,
            "retweeted_status": {
                "favorite_count": 3,
                "id": 801039618711883776,
                "place": null,
                "is_quote_status": false,
                "id_str": "801039618711883776",
                "contributors": null,
                "metadata": {
                    "iso_language_code": "en",
                    "result_type": "recent"
                },
                "in_reply_to_user_id": null,
                "source": "<a href=\"http://twitter.com\" rel=\"nofollow\">Twitter Web Client</a>",
                "in_reply_to_status_id": null,
                "in_reply_to_screen_name": null,
                "retweet_count": 7,
                "lang": "en",
                "coordinates": null,
                "in_reply_to_user_id_str": null,
                "favorited": false,
                "text": "Indiana voters had some unique write-ins. Let's just say, Donny, you're out of your element! https://t.co/SIjM0EaMgC https://t.co/tRUejefIoR",
                "created_at": "Tue Nov 22 12:28:22 +0000 2016",
                "possibly_sensitive": false,
                "geo": null,
                "user": {
                    "profile_banner_url": "https://pbs.twimg.com/profile_banners/950485620/1435753807",
                    "notifications": false,
                    "profile_background_image_url_https": "https://pbs.twimg.com/profile_background_images/616221757746360320/dfEcAI1d.jpg",
                    "friends_count": 841,
                    "profile_background_color": "C3EBEB",
                    "profile_link_color": "0084B4",
                    "profile_background_tile": true,
                    "id": 950485620,
                    "id_str": "950485620",
                    "favourites_count": 763,
                    "profile_sidebar_border_color": "000000",
                    "utc_offset": -18000,
                    "contributors_enabled": false,
                    "description": "Digital Producer at IndyStar - sports fan, fantasy sports fanatic, entertainment, music, news and a good laugh",
                    "is_translator": false,
                    "follow_request_sent": false,
                    "profile_use_background_image": true,
                    "profile_image_url": "http://pbs.twimg.com/profile_images/662823948372021248/tbinpD5B_normal.jpg",
                    "profile_text_color": "333333",
                    "is_translation_enabled": false,
                    "profile_sidebar_fill_color": "DDEEF6",
                    "has_extended_profile": false,
                    "listed_count": 60,
                    "url": "https://t.co/cjlqgvNLJX",
                    "lang": "en",
                    "statuses_count": 3195,
                    "screen_name": "ChrisFSims",
                    "protected": false,
                    "name": "Chris Sims",
                    "translator_type": "none",
                    "following": false,
                    "followers_count": 1135,
                    "default_profile": false,
                    "profile_background_image_url": "http://pbs.twimg.com/profile_background_images/616221757746360320/dfEcAI1d.jpg",
                    "entities": {
                        "url": {
                            "urls": [
                                {
                                    "expanded_url": "http://www.indystar.com",
                                    "display_url": "indystar.com",
                                    "url": "https://t.co/cjlqgvNLJX",
                                    "indices": [
                                        0,
                                        23
                                    ]
                                }
                            ]
                        },
                        "description": {
                            "urls": []
                        }
                    },
                    "verified": true,
                    "location": "Indianapolis",
                    "profile_image_url_https": "https://pbs.twimg.com/profile_images/662823948372021248/tbinpD5B_normal.jpg",
                    "time_zone": "Eastern Time (US & Canada)",
                    "created_at": "Thu Nov 15 21:25:46 +0000 2012",
                    "geo_enabled": true,
                    "default_profile_image": false
                },
                "entities": {
                    "hashtags": [],
                    "urls": [
                        {
                            "expanded_url": "http://indy.st/2fL4LwW",
                            "display_url": "indy.st/2fL4LwW",
                            "url": "https://t.co/SIjM0EaMgC",
                            "indices": [
                                93,
                                116
                            ]
                        }
                    ],
                    "user_mentions": [],
                    "symbols": [],
                    "media": [
                        {
                            "id_str": "801039367703789568",
                            "expanded_url": "https://twitter.com/ChrisFSims/status/801039618711883776/photo/1",
                            "display_url": "pic.twitter.com/tRUejefIoR",
                            "url": "https://t.co/tRUejefIoR",
                            "sizes": {
                                "large": {
                                    "h": 562,
                                    "resize": "fit",
                                    "w": 1000
                                },
                                "small": {
                                    "h": 382,
                                    "resize": "fit",
                                    "w": 680
                                },
                                "thumb": {
                                    "h": 150,
                                    "resize": "crop",
                                    "w": 150
                                },
                                "medium": {
                                    "h": 562,
                                    "resize": "fit",
                                    "w": 1000
                                }
                            },
                            "media_url": "http://pbs.twimg.com/media/Cx3dD5MWgAAZYLE.jpg",
                            "media_url_https": "https://pbs.twimg.com/media/Cx3dD5MWgAAZYLE.jpg",
                            "id": 801039367703789568,
                            "type": "photo",
                            "indices": [
                                117,
                                140
                            ]
                        }
                    ]
                },
                "extended_entities": {
                    "media": [
                        {
                            "id_str": "801039367703789568",
                            "expanded_url": "https://twitter.com/ChrisFSims/status/801039618711883776/photo/1",
                            "display_url": "pic.twitter.com/tRUejefIoR",
                            "url": "https://t.co/tRUejefIoR",
                            "sizes": {
                                "large": {
                                    "h": 562,
                                    "resize": "fit",
                                    "w": 1000
                                },
                                "small": {
                                    "h": 382,
                                    "resize": "fit",
                                    "w": 680
                                },
                                "thumb": {
                                    "h": 150,
                                    "resize": "crop",
                                    "w": 150
                                },
                                "medium": {
                                    "h": 562,
                                    "resize": "fit",
                                    "w": 1000
                                }
                            },
                            "media_url": "http://pbs.twimg.com/media/Cx3dD5MWgAAZYLE.jpg",
                            "media_url_https": "https://pbs.twimg.com/media/Cx3dD5MWgAAZYLE.jpg",
                            "id": 801039367703789568,
                            "type": "photo",
                            "indices": [
                                117,
                                140
                            ]
                        }
                    ]
                },
                "retweeted": false,
                "in_reply_to_status_id_str": null,
                "truncated": false
            },
            "is_quote_status": false,
            "id_str": "801042511699423233",
            "contributors": null,
            "metadata": {
                "iso_language_code": "en",
                "result_type": "recent"
            },
            "in_reply_to_user_id": null,
            "source": "<a href=\"http://www.hootsuite.com\" rel=\"nofollow\">Hootsuite</a>",
            "in_reply_to_status_id": null,
            "in_reply_to_screen_name": null,
            "retweet_count": 7,
            "lang": "en",
            "coordinates": null,
            "in_reply_to_user_id_str": null,
            "favorited": false,
            "text": "RT @ChrisFSims: Indiana voters had some unique write-ins. Let's just say, Donny, you're out of your element! https://t.co/SIjM0EaMgC https:\u2026",
            "created_at": "Tue Nov 22 12:39:52 +0000 2016",
            "possibly_sensitive": false,
            "geo": null,
            "user": {
                "profile_banner_url": "https://pbs.twimg.com/profile_banners/16550142/1415827321",
                "notifications": false,
                "profile_background_image_url_https": "https://pbs.twimg.com/profile_background_images/378800000123769352/f3a8ad0c9fe01151df8cf34eb18efb5c.jpeg",
                "friends_count": 414,
                "profile_background_color": "333333",
                "profile_link_color": "1373C0",
                "profile_background_tile": false,
                "id": 16550142,
                "id_str": "16550142",
                "favourites_count": 1462,
                "profile_sidebar_border_color": "FFFFFF",
                "utc_offset": -18000,
                "contributors_enabled": false,
                "description": "News that matters. Sports that thrill. A city that excites. Your IndyStar: Serving the greater good of Central Indiana with local journalism.",
                "is_translator": false,
                "follow_request_sent": false,
                "profile_use_background_image": true,
                "profile_image_url": "http://pbs.twimg.com/profile_images/557169583878963204/zW17iH7I_normal.jpeg",
                "profile_text_color": "000000",
                "is_translation_enabled": false,
                "profile_sidebar_fill_color": "E8E6D0",
                "has_extended_profile": false,
                "listed_count": 2687,
                "url": "http://t.co/AHcf6xQRJC",
                "lang": "en",
                "statuses_count": 150433,
                "screen_name": "indystar",
                "protected": false,
                "name": "IndyStar",
                "translator_type": "none",
                "following": false,
                "followers_count": 194082,
                "default_profile": false,
                "profile_background_image_url": "http://pbs.twimg.com/profile_background_images/378800000123769352/f3a8ad0c9fe01151df8cf34eb18efb5c.jpeg",
                "entities": {
                    "url": {
                        "urls": [
                            {
                                "expanded_url": "http://www.indystar.com/",
                                "display_url": "indystar.com",
                                "url": "http://t.co/AHcf6xQRJC",
                                "indices": [
                                    0,
                                    22
                                ]
                            }
                        ]
                    },
                    "description": {
                        "urls": []
                    }
                },
                "verified": true,
                "location": "Indianapolis, IN",
                "profile_image_url_https": "https://pbs.twimg.com/profile_images/557169583878963204/zW17iH7I_normal.jpeg",
                "time_zone": "Eastern Time (US & Canada)",
                "created_at": "Wed Oct 01 20:50:45 +0000 2008",
                "geo_enabled": true,
                "default_profile_image": false
            },
            "entities": {
                "hashtags": [],
                "urls": [
                    {
                        "expanded_url": "http://indy.st/2fL4LwW",
                        "display_url": "indy.st/2fL4LwW",
                        "url": "https://t.co/SIjM0EaMgC",
                        "indices": [
                            109,
                            132
                        ]
                    }
                ],
                "user_mentions": [
                    {
                        "id_str": "950485620",
                        "name": "Chris Sims",
                        "id": 950485620,
                        "indices": [
                            3,
                            14
                        ],
                        "screen_name": "ChrisFSims"
                    }
                ],
                "symbols": []
            },
            "retweeted": false,
            "in_reply_to_status_id_str": null,
            "truncated": false
        },
        {
            "favorite_count": 22,
            "id": 800866550454558721,
            "place": null,
            "is_quote_status": false,
            "id_str": "800866550454558721",
            "contributors": null,
            "metadata": {
                "iso_language_code": "en",
                "result_type": "recent"
            },
            "in_reply_to_user_id": null,
            "source": "<a href=\"http://www.hootsuite.com\" rel=\"nofollow\">Hootsuite</a>",
            "in_reply_to_status_id": null,
            "in_reply_to_screen_name": null,
            "retweet_count": 1,
            "lang": "en",
            "coordinates": null,
            "in_reply_to_user_id_str": null,
            "favorited": false,
            "text": "The \"Hamilton\" actor added that Donald Trump and Mike Pence are welcome to meet with the cast at any time. https://t.co/5QhT6cygLp",
            "created_at": "Tue Nov 22 01:00:39 +0000 2016",
            "possibly_sensitive": false,
            "geo": null,
            "user": {
                "profile_banner_url": "https://pbs.twimg.com/profile_banners/16550142/1415827321",
                "notifications": false,
                "profile_background_image_url_https": "https://pbs.twimg.com/profile_background_images/378800000123769352/f3a8ad0c9fe01151df8cf34eb18efb5c.jpeg",
                "friends_count": 414,
                "profile_background_color": "333333",
                "profile_link_color": "1373C0",
                "profile_background_tile": false,
                "id": 16550142,
                "id_str": "16550142",
                "favourites_count": 1462,
                "profile_sidebar_border_color": "FFFFFF",
                "utc_offset": -18000,
                "contributors_enabled": false,
                "description": "News that matters. Sports that thrill. A city that excites. Your IndyStar: Serving the greater good of Central Indiana with local journalism.",
                "is_translator": false,
                "follow_request_sent": false,
                "profile_use_background_image": true,
                "profile_image_url": "http://pbs.twimg.com/profile_images/557169583878963204/zW17iH7I_normal.jpeg",
                "profile_text_color": "000000",
                "is_translation_enabled": false,
                "profile_sidebar_fill_color": "E8E6D0",
                "has_extended_profile": false,
                "listed_count": 2687,
                "url": "http://t.co/AHcf6xQRJC",
                "lang": "en",
                "statuses_count": 150433,
                "screen_name": "indystar",
                "protected": false,
                "name": "IndyStar",
                "translator_type": "none",
                "following": false,
                "followers_count": 194082,
                "default_profile": false,
                "profile_background_image_url": "http://pbs.twimg.com/profile_background_images/378800000123769352/f3a8ad0c9fe01151df8cf34eb18efb5c.jpeg",
                "entities": {
                    "url": {
                        "urls": [
                            {
                                "expanded_url": "http://www.indystar.com/",
                                "display_url": "indystar.com",
                                "url": "http://t.co/AHcf6xQRJC",
                                "indices": [
                                    0,
                                    22
                                ]
                            }
                        ]
                    },
                    "description": {
                        "urls": []
                    }
                },
                "verified": true,
                "location": "Indianapolis, IN",
                "profile_image_url_https": "https://pbs.twimg.com/profile_images/557169583878963204/zW17iH7I_normal.jpeg",
                "time_zone": "Eastern Time (US & Canada)",
                "created_at": "Wed Oct 01 20:50:45 +0000 2008",
                "geo_enabled": true,
                "default_profile_image": false
            },
            "entities": {
                "hashtags": [],
                "urls": [
                    {
                        "expanded_url": "http://indy.st/2guZwCN",
                        "display_url": "indy.st/2guZwCN",
                        "url": "https://t.co/5QhT6cygLp",
                        "indices": [
                            107,
                            130
                        ]
                    }
                ],
                "user_mentions": [],
                "symbols": []
            },
            "retweeted": false,
            "in_reply_to_status_id_str": null,
            "truncated": false
        }
    ]
}