{
    "search_metadata": {
        "since_id": 0,
        "completed_in": 0.058,
        "refresh_url": "?since_id=801060670431055872&q=Trump%20from%3Akansasdotcom%20since%3A2016-11-22%20until%3A2016-11-23%20filter%3Alinks%20-%40kansasdotcom&include_entities=1",
        "count": 100,
        "query": "Trump+from%3Akansasdotcom+since%3A2016-11-22+until%3A2016-11-23+filter%3Alinks+-%40kansasdotcom",
        "max_id_str": "801060670431055872",
        "since_id_str": "0",
        "max_id": 801060670431055872
    },
    "statuses": [
        {
            "favorite_count": 4,
            "id": 801060670431055872,
            "place": null,
            "is_quote_status": false,
            "id_str": "801060670431055872",
            "contributors": null,
            "metadata": {
                "iso_language_code": "en",
                "result_type": "recent"
            },
            "in_reply_to_user_id": null,
            "source": "<a href=\"https://about.twitter.com/products/tweetdeck\" rel=\"nofollow\">TweetDeck</a>",
            "in_reply_to_status_id": null,
            "in_reply_to_screen_name": null,
            "retweet_count": 9,
            "lang": "en",
            "coordinates": null,
            "in_reply_to_user_id_str": null,
            "favorited": false,
            "text": "Via @jessenewell: KU suspends cheerleader, investigating Snapchat photo that mentions KKK, Trump https://t.co/muU12jaZCe",
            "created_at": "Tue Nov 22 13:52:01 +0000 2016",
            "possibly_sensitive": false,
            "geo": null,
            "user": {
                "profile_banner_url": "https://pbs.twimg.com/profile_banners/12807482/1409767549",
                "notifications": false,
                "profile_background_image_url_https": "https://pbs.twimg.com/profile_background_images/237245474/keeperoftheplains.jpg",
                "friends_count": 3514,
                "profile_background_color": "145EA7",
                "profile_link_color": "145EA7",
                "profile_background_tile": false,
                "id": 12807482,
                "id_str": "12807482",
                "favourites_count": 481,
                "profile_sidebar_border_color": "C0DEED",
                "utc_offset": -21600,
                "contributors_enabled": false,
                "description": "I'm the latest news updates from The Wichita Eagle and http://t.co/89O1NpXlCv. Breaking Wichita news since 1872.",
                "is_translator": false,
                "follow_request_sent": false,
                "profile_use_background_image": true,
                "profile_image_url": "http://pbs.twimg.com/profile_images/1350739912/eagle_normal.jpg",
                "profile_text_color": "333333",
                "is_translation_enabled": false,
                "profile_sidebar_fill_color": "FFFFFF",
                "has_extended_profile": false,
                "listed_count": 770,
                "url": "http://t.co/qTYrZ5Me5n",
                "lang": "en",
                "statuses_count": 51907,
                "screen_name": "kansasdotcom",
                "protected": false,
                "name": "kansasdotcom",
                "translator_type": "none",
                "following": false,
                "followers_count": 47494,
                "default_profile": false,
                "profile_background_image_url": "http://pbs.twimg.com/profile_background_images/237245474/keeperoftheplains.jpg",
                "entities": {
                    "url": {
                        "urls": [
                            {
                                "expanded_url": "http://www.kansas.com",
                                "display_url": "kansas.com",
                                "url": "http://t.co/qTYrZ5Me5n",
                                "indices": [
                                    0,
                                    22
                                ]
                            }
                        ]
                    },
                    "description": {
                        "urls": [
                            {
                                "expanded_url": "http://www.Kansas.com",
                                "display_url": "Kansas.com",
                                "url": "http://t.co/89O1NpXlCv",
                                "indices": [
                                    55,
                                    77
                                ]
                            }
                        ]
                    }
                },
                "verified": true,
                "location": "Wichita, KS",
                "profile_image_url_https": "https://pbs.twimg.com/profile_images/1350739912/eagle_normal.jpg",
                "time_zone": "Central Time (US & Canada)",
                "created_at": "Tue Jan 29 00:08:08 +0000 2008",
                "geo_enabled": true,
                "default_profile_image": false
            },
            "entities": {
                "hashtags": [],
                "urls": [
                    {
                        "expanded_url": "http://www.kansas.com/sports/college/big-12/university-of-kansas/article116363133.html",
                        "display_url": "kansas.com/sports/college\u2026",
                        "url": "https://t.co/muU12jaZCe",
                        "indices": [
                            97,
                            120
                        ]
                    }
                ],
                "user_mentions": [
                    {
                        "id_str": "71838280",
                        "name": "Jesse Newell",
                        "id": 71838280,
                        "indices": [
                            4,
                            16
                        ],
                        "screen_name": "jessenewell"
                    }
                ],
                "symbols": []
            },
            "retweeted": false,
            "in_reply_to_status_id_str": null,
            "truncated": false
        },
        {
            "favorite_count": 0,
            "place": null,
            "id": 801048764718993408,
            "retweeted_status": {
                "favorite_count": 1,
                "id": 801048622016118784,
                "place": null,
                "is_quote_status": false,
                "id_str": "801048622016118784",
                "contributors": null,
                "metadata": {
                    "iso_language_code": "en",
                    "result_type": "recent"
                },
                "in_reply_to_user_id": null,
                "source": "<a href=\"http://twitter.com/download/iphone\" rel=\"nofollow\">Twitter for iPhone</a>",
                "in_reply_to_status_id": null,
                "in_reply_to_screen_name": null,
                "retweet_count": 3,
                "lang": "en",
                "coordinates": null,
                "in_reply_to_user_id_str": null,
                "favorited": false,
                "text": "ICYMI Kobach photo reveals plans to ask immigrants if they support Sharia law, build border wall, etc. https://t.co/4MSrsIk4bU #ksleg #Trump",
                "created_at": "Tue Nov 22 13:04:08 +0000 2016",
                "possibly_sensitive": false,
                "geo": null,
                "user": {
                    "profile_banner_url": "https://pbs.twimg.com/profile_banners/860712752/1425953100",
                    "notifications": false,
                    "profile_background_image_url_https": "https://pbs.twimg.com/profile_background_images/575114909165322240/mYfhfTFf.jpeg",
                    "friends_count": 2274,
                    "profile_background_color": "C0DEED",
                    "profile_link_color": "0084B4",
                    "profile_background_tile": false,
                    "id": 860712752,
                    "id_str": "860712752",
                    "favourites_count": 19115,
                    "profile_sidebar_border_color": "C0DEED",
                    "utc_offset": -21600,
                    "contributors_enabled": false,
                    "description": "Reporter for @kansasdotcom, covering state government & politics. Contribute to @kcstar. Caffeine/sarcasm addict.",
                    "is_translator": false,
                    "follow_request_sent": false,
                    "profile_use_background_image": false,
                    "profile_image_url": "http://pbs.twimg.com/profile_images/419242223696240640/9B8KNZS3_normal.jpeg",
                    "profile_text_color": "333333",
                    "is_translation_enabled": false,
                    "profile_sidebar_fill_color": "DDEEF6",
                    "has_extended_profile": false,
                    "listed_count": 265,
                    "url": "http://t.co/hLIiL6iaQm",
                    "lang": "en",
                    "statuses_count": 58730,
                    "screen_name": "BryanLowry3",
                    "protected": false,
                    "name": "Bryan Lowry",
                    "translator_type": "none",
                    "following": false,
                    "followers_count": 7149,
                    "default_profile": false,
                    "profile_background_image_url": "http://pbs.twimg.com/profile_background_images/575114909165322240/mYfhfTFf.jpeg",
                    "entities": {
                        "url": {
                            "urls": [
                                {
                                    "expanded_url": "http://Kansas.com",
                                    "display_url": "Kansas.com",
                                    "url": "http://t.co/hLIiL6iaQm",
                                    "indices": [
                                        0,
                                        22
                                    ]
                                }
                            ]
                        },
                        "description": {
                            "urls": []
                        }
                    },
                    "verified": false,
                    "location": "Eagle Topeka Bureau",
                    "profile_image_url_https": "https://pbs.twimg.com/profile_images/419242223696240640/9B8KNZS3_normal.jpeg",
                    "time_zone": "Central Time (US & Canada)",
                    "created_at": "Thu Oct 04 02:19:13 +0000 2012",
                    "geo_enabled": false,
                    "default_profile_image": false
                },
                "entities": {
                    "hashtags": [
                        {
                            "text": "ksleg",
                            "indices": [
                                127,
                                133
                            ]
                        },
                        {
                            "text": "Trump",
                            "indices": [
                                134,
                                140
                            ]
                        }
                    ],
                    "urls": [
                        {
                            "expanded_url": "http://www.kansas.com/news/politics-government/election/article116227188.html",
                            "display_url": "kansas.com/news/politics-\u2026",
                            "url": "https://t.co/4MSrsIk4bU",
                            "indices": [
                                103,
                                126
                            ]
                        }
                    ],
                    "user_mentions": [],
                    "symbols": []
                },
                "retweeted": false,
                "in_reply_to_status_id_str": null,
                "truncated": false
            },
            "is_quote_status": false,
            "id_str": "801048764718993408",
            "contributors": null,
            "metadata": {
                "iso_language_code": "en",
                "result_type": "recent"
            },
            "in_reply_to_user_id": null,
            "source": "<a href=\"https://about.twitter.com/products/tweetdeck\" rel=\"nofollow\">TweetDeck</a>",
            "in_reply_to_status_id": null,
            "in_reply_to_screen_name": null,
            "retweet_count": 3,
            "lang": "en",
            "coordinates": null,
            "in_reply_to_user_id_str": null,
            "favorited": false,
            "text": "RT @BryanLowry3: ICYMI Kobach photo reveals plans to ask immigrants if they support Sharia law, build border wall, etc. https://t.co/4MSrsI\u2026",
            "created_at": "Tue Nov 22 13:04:42 +0000 2016",
            "geo": null,
            "user": {
                "profile_banner_url": "https://pbs.twimg.com/profile_banners/12807482/1409767549",
                "notifications": false,
                "profile_background_image_url_https": "https://pbs.twimg.com/profile_background_images/237245474/keeperoftheplains.jpg",
                "friends_count": 3514,
                "profile_background_color": "145EA7",
                "profile_link_color": "145EA7",
                "profile_background_tile": false,
                "id": 12807482,
                "id_str": "12807482",
                "favourites_count": 481,
                "profile_sidebar_border_color": "C0DEED",
                "utc_offset": -21600,
                "contributors_enabled": false,
                "description": "I'm the latest news updates from The Wichita Eagle and http://t.co/89O1NpXlCv. Breaking Wichita news since 1872.",
                "is_translator": false,
                "follow_request_sent": false,
                "profile_use_background_image": true,
                "profile_image_url": "http://pbs.twimg.com/profile_images/1350739912/eagle_normal.jpg",
                "profile_text_color": "333333",
                "is_translation_enabled": false,
                "profile_sidebar_fill_color": "FFFFFF",
                "has_extended_profile": false,
                "listed_count": 770,
                "url": "http://t.co/qTYrZ5Me5n",
                "lang": "en",
                "statuses_count": 51907,
                "screen_name": "kansasdotcom",
                "protected": false,
                "name": "kansasdotcom",
                "translator_type": "none",
                "following": false,
                "followers_count": 47494,
                "default_profile": false,
                "profile_background_image_url": "http://pbs.twimg.com/profile_background_images/237245474/keeperoftheplains.jpg",
                "entities": {
                    "url": {
                        "urls": [
                            {
                                "expanded_url": "http://www.kansas.com",
                                "display_url": "kansas.com",
                                "url": "http://t.co/qTYrZ5Me5n",
                                "indices": [
                                    0,
                                    22
                                ]
                            }
                        ]
                    },
                    "description": {
                        "urls": [
                            {
                                "expanded_url": "http://www.Kansas.com",
                                "display_url": "Kansas.com",
                                "url": "http://t.co/89O1NpXlCv",
                                "indices": [
                                    55,
                                    77
                                ]
                            }
                        ]
                    }
                },
                "verified": true,
                "location": "Wichita, KS",
                "profile_image_url_https": "https://pbs.twimg.com/profile_images/1350739912/eagle_normal.jpg",
                "time_zone": "Central Time (US & Canada)",
                "created_at": "Tue Jan 29 00:08:08 +0000 2008",
                "geo_enabled": true,
                "default_profile_image": false
            },
            "entities": {
                "hashtags": [],
                "urls": [],
                "user_mentions": [
                    {
                        "id_str": "860712752",
                        "name": "Bryan Lowry",
                        "id": 860712752,
                        "indices": [
                            3,
                            15
                        ],
                        "screen_name": "BryanLowry3"
                    }
                ],
                "symbols": []
            },
            "retweeted": false,
            "in_reply_to_status_id_str": null,
            "truncated": false
        }
    ]
}