{
    "search_metadata": {
        "since_id": 0,
        "completed_in": 0.032,
        "refresh_url": "?since_id=801206126079541249&q=Trump%20from%3AMiamiHerald%20since%3A2016-11-22%20until%3A2016-11-23%20filter%3Alinks%20-%40MiamiHerald&include_entities=1",
        "count": 100,
        "query": "Trump+from%3AMiamiHerald+since%3A2016-11-22+until%3A2016-11-23+filter%3Alinks+-%40MiamiHerald",
        "max_id_str": "801206126079541249",
        "since_id_str": "0",
        "max_id": 801206126079541249
    },
    "statuses": [
        {
            "favorite_count": 1,
            "id": 801206126079541249,
            "place": null,
            "is_quote_status": false,
            "id_str": "801206126079541249",
            "contributors": null,
            "metadata": {
                "iso_language_code": "en",
                "result_type": "recent"
            },
            "in_reply_to_user_id": null,
            "source": "<a href=\"https://about.twitter.com/products/tweetdeck\" rel=\"nofollow\">TweetDeck</a>",
            "in_reply_to_status_id": null,
            "in_reply_to_screen_name": null,
            "retweet_count": 2,
            "lang": "en",
            "coordinates": null,
            "in_reply_to_user_id_str": null,
            "favorited": false,
            "text": "A conversation with God about Donald Trump and Thanksgiving. The latest from @LeonardPittsJr1:\u2026 https://t.co/dJIv3ywAXs",
            "created_at": "Tue Nov 22 23:30:00 +0000 2016",
            "possibly_sensitive": false,
            "geo": null,
            "user": {
                "profile_banner_url": "https://pbs.twimg.com/profile_banners/14085040/1401331083",
                "notifications": false,
                "profile_background_image_url_https": "https://pbs.twimg.com/profile_background_images/378800000013900789/a5a81b70f38bf7124af93439787031d0.jpeg",
                "friends_count": 804,
                "profile_background_color": "FFFFFF",
                "profile_link_color": "0060AF",
                "profile_background_tile": false,
                "id": 14085040,
                "id_str": "14085040",
                "favourites_count": 287,
                "profile_sidebar_border_color": "FFFFFF",
                "utc_offset": -18000,
                "contributors_enabled": false,
                "description": "The news. Every day. Your way.\nInstagram: https://t.co/EBuss8QhEl\nFacebook: https://t.co/C8sShSEs0S\nSnapchat: miamiherald",
                "is_translator": false,
                "follow_request_sent": false,
                "profile_use_background_image": true,
                "profile_image_url": "http://pbs.twimg.com/profile_images/528285037498609664/JCw0pEvY_normal.jpeg",
                "profile_text_color": "333333",
                "is_translation_enabled": false,
                "profile_sidebar_fill_color": "EBECED",
                "has_extended_profile": false,
                "listed_count": 5553,
                "url": "http://t.co/6KpRmDdPe2",
                "lang": "en",
                "statuses_count": 128319,
                "screen_name": "MiamiHerald",
                "protected": false,
                "name": "Miami Herald",
                "translator_type": "none",
                "following": false,
                "followers_count": 308945,
                "default_profile": false,
                "profile_background_image_url": "http://pbs.twimg.com/profile_background_images/378800000013900789/a5a81b70f38bf7124af93439787031d0.jpeg",
                "entities": {
                    "url": {
                        "urls": [
                            {
                                "expanded_url": "http://www.miamiherald.com",
                                "display_url": "miamiherald.com",
                                "url": "http://t.co/6KpRmDdPe2",
                                "indices": [
                                    0,
                                    22
                                ]
                            }
                        ]
                    },
                    "description": {
                        "urls": [
                            {
                                "expanded_url": "http://hrld.us/instagram",
                                "display_url": "hrld.us/instagram",
                                "url": "https://t.co/EBuss8QhEl",
                                "indices": [
                                    42,
                                    65
                                ]
                            },
                            {
                                "expanded_url": "http://hrld.us/facebook",
                                "display_url": "hrld.us/facebook",
                                "url": "https://t.co/C8sShSEs0S",
                                "indices": [
                                    76,
                                    99
                                ]
                            }
                        ]
                    }
                },
                "verified": true,
                "location": "Miami, FL",
                "profile_image_url_https": "https://pbs.twimg.com/profile_images/528285037498609664/JCw0pEvY_normal.jpeg",
                "time_zone": "Eastern Time (US & Canada)",
                "created_at": "Wed Mar 05 21:04:05 +0000 2008",
                "geo_enabled": true,
                "default_profile_image": false
            },
            "entities": {
                "hashtags": [],
                "urls": [
                    {
                        "expanded_url": "https://twitter.com/i/web/status/801206126079541249",
                        "display_url": "twitter.com/i/web/status/8\u2026",
                        "url": "https://t.co/dJIv3ywAXs",
                        "indices": [
                            96,
                            119
                        ]
                    }
                ],
                "user_mentions": [
                    {
                        "id_str": "1647619146",
                        "name": "Leonard Pitts, Jr.",
                        "id": 1647619146,
                        "indices": [
                            77,
                            93
                        ],
                        "screen_name": "LeonardPittsJr1"
                    }
                ],
                "symbols": []
            },
            "retweeted": false,
            "in_reply_to_status_id_str": null,
            "truncated": true
        },
        {
            "favorite_count": 9,
            "id": 801098849834115073,
            "place": null,
            "is_quote_status": false,
            "id_str": "801098849834115073",
            "contributors": null,
            "metadata": {
                "iso_language_code": "en",
                "result_type": "recent"
            },
            "in_reply_to_user_id": null,
            "source": "<a href=\"https://about.twitter.com/products/tweetdeck\" rel=\"nofollow\">TweetDeck</a>",
            "in_reply_to_status_id": null,
            "in_reply_to_screen_name": null,
            "retweet_count": 6,
            "lang": "en",
            "coordinates": null,
            "in_reply_to_user_id_str": null,
            "favorited": false,
            "text": "Trump adds Cuba embargo supporter to transition team https://t.co/8XRlgg5wMJ https://t.co/XGrOQzRXcw",
            "created_at": "Tue Nov 22 16:23:44 +0000 2016",
            "possibly_sensitive": false,
            "geo": null,
            "user": {
                "profile_banner_url": "https://pbs.twimg.com/profile_banners/14085040/1401331083",
                "notifications": false,
                "profile_background_image_url_https": "https://pbs.twimg.com/profile_background_images/378800000013900789/a5a81b70f38bf7124af93439787031d0.jpeg",
                "friends_count": 804,
                "profile_background_color": "FFFFFF",
                "profile_link_color": "0060AF",
                "profile_background_tile": false,
                "id": 14085040,
                "id_str": "14085040",
                "favourites_count": 287,
                "profile_sidebar_border_color": "FFFFFF",
                "utc_offset": -18000,
                "contributors_enabled": false,
                "description": "The news. Every day. Your way.\nInstagram: https://t.co/EBuss8QhEl\nFacebook: https://t.co/C8sShSEs0S\nSnapchat: miamiherald",
                "is_translator": false,
                "follow_request_sent": false,
                "profile_use_background_image": true,
                "profile_image_url": "http://pbs.twimg.com/profile_images/528285037498609664/JCw0pEvY_normal.jpeg",
                "profile_text_color": "333333",
                "is_translation_enabled": false,
                "profile_sidebar_fill_color": "EBECED",
                "has_extended_profile": false,
                "listed_count": 5553,
                "url": "http://t.co/6KpRmDdPe2",
                "lang": "en",
                "statuses_count": 128319,
                "screen_name": "MiamiHerald",
                "protected": false,
                "name": "Miami Herald",
                "translator_type": "none",
                "following": false,
                "followers_count": 308945,
                "default_profile": false,
                "profile_background_image_url": "http://pbs.twimg.com/profile_background_images/378800000013900789/a5a81b70f38bf7124af93439787031d0.jpeg",
                "entities": {
                    "url": {
                        "urls": [
                            {
                                "expanded_url": "http://www.miamiherald.com",
                                "display_url": "miamiherald.com",
                                "url": "http://t.co/6KpRmDdPe2",
                                "indices": [
                                    0,
                                    22
                                ]
                            }
                        ]
                    },
                    "description": {
                        "urls": [
                            {
                                "expanded_url": "http://hrld.us/instagram",
                                "display_url": "hrld.us/instagram",
                                "url": "https://t.co/EBuss8QhEl",
                                "indices": [
                                    42,
                                    65
                                ]
                            },
                            {
                                "expanded_url": "http://hrld.us/facebook",
                                "display_url": "hrld.us/facebook",
                                "url": "https://t.co/C8sShSEs0S",
                                "indices": [
                                    76,
                                    99
                                ]
                            }
                        ]
                    }
                },
                "verified": true,
                "location": "Miami, FL",
                "profile_image_url_https": "https://pbs.twimg.com/profile_images/528285037498609664/JCw0pEvY_normal.jpeg",
                "time_zone": "Eastern Time (US & Canada)",
                "created_at": "Wed Mar 05 21:04:05 +0000 2008",
                "geo_enabled": true,
                "default_profile_image": false
            },
            "entities": {
                "hashtags": [],
                "urls": [
                    {
                        "expanded_url": "http://hrld.us/2fz7JBC",
                        "display_url": "hrld.us/2fz7JBC",
                        "url": "https://t.co/8XRlgg5wMJ",
                        "indices": [
                            53,
                            76
                        ]
                    }
                ],
                "user_mentions": [],
                "symbols": [],
                "media": [
                    {
                        "id_str": "801098827591778304",
                        "expanded_url": "https://twitter.com/MiamiHerald/status/801098849834115073/photo/1",
                        "display_url": "pic.twitter.com/XGrOQzRXcw",
                        "url": "https://t.co/XGrOQzRXcw",
                        "sizes": {
                            "large": {
                                "h": 1439,
                                "resize": "fit",
                                "w": 960
                            },
                            "small": {
                                "h": 680,
                                "resize": "fit",
                                "w": 454
                            },
                            "medium": {
                                "h": 1200,
                                "resize": "fit",
                                "w": 801
                            },
                            "thumb": {
                                "h": 150,
                                "resize": "crop",
                                "w": 150
                            }
                        },
                        "media_url": "http://pbs.twimg.com/media/Cx4TI6iXAAAEneD.jpg",
                        "media_url_https": "https://pbs.twimg.com/media/Cx4TI6iXAAAEneD.jpg",
                        "id": 801098827591778304,
                        "type": "photo",
                        "indices": [
                            77,
                            100
                        ]
                    }
                ]
            },
            "extended_entities": {
                "media": [
                    {
                        "id_str": "801098827591778304",
                        "expanded_url": "https://twitter.com/MiamiHerald/status/801098849834115073/photo/1",
                        "display_url": "pic.twitter.com/XGrOQzRXcw",
                        "url": "https://t.co/XGrOQzRXcw",
                        "sizes": {
                            "large": {
                                "h": 1439,
                                "resize": "fit",
                                "w": 960
                            },
                            "small": {
                                "h": 680,
                                "resize": "fit",
                                "w": 454
                            },
                            "medium": {
                                "h": 1200,
                                "resize": "fit",
                                "w": 801
                            },
                            "thumb": {
                                "h": 150,
                                "resize": "crop",
                                "w": 150
                            }
                        },
                        "media_url": "http://pbs.twimg.com/media/Cx4TI6iXAAAEneD.jpg",
                        "media_url_https": "https://pbs.twimg.com/media/Cx4TI6iXAAAEneD.jpg",
                        "id": 801098827591778304,
                        "type": "photo",
                        "indices": [
                            77,
                            100
                        ]
                    }
                ]
            },
            "retweeted": false,
            "in_reply_to_status_id_str": null,
            "truncated": false
        },
        {
            "favorite_count": 4,
            "id": 801073338575650816,
            "place": null,
            "is_quote_status": false,
            "id_str": "801073338575650816",
            "contributors": null,
            "metadata": {
                "iso_language_code": "en",
                "result_type": "recent"
            },
            "in_reply_to_user_id": null,
            "source": "<a href=\"https://about.twitter.com/products/tweetdeck\" rel=\"nofollow\">TweetDeck</a>",
            "in_reply_to_status_id": null,
            "in_reply_to_screen_name": null,
            "retweet_count": 7,
            "lang": "en",
            "coordinates": null,
            "in_reply_to_user_id_str": null,
            "favorited": false,
            "text": "Trump breaks campaign pledge, won\u2019t prosecute Clinton https://t.co/zSAIJ3mghD https://t.co/JB1IMh5Wpv",
            "created_at": "Tue Nov 22 14:42:21 +0000 2016",
            "possibly_sensitive": false,
            "geo": null,
            "user": {
                "profile_banner_url": "https://pbs.twimg.com/profile_banners/14085040/1401331083",
                "notifications": false,
                "profile_background_image_url_https": "https://pbs.twimg.com/profile_background_images/378800000013900789/a5a81b70f38bf7124af93439787031d0.jpeg",
                "friends_count": 804,
                "profile_background_color": "FFFFFF",
                "profile_link_color": "0060AF",
                "profile_background_tile": false,
                "id": 14085040,
                "id_str": "14085040",
                "favourites_count": 287,
                "profile_sidebar_border_color": "FFFFFF",
                "utc_offset": -18000,
                "contributors_enabled": false,
                "description": "The news. Every day. Your way.\nInstagram: https://t.co/EBuss8QhEl\nFacebook: https://t.co/C8sShSEs0S\nSnapchat: miamiherald",
                "is_translator": false,
                "follow_request_sent": false,
                "profile_use_background_image": true,
                "profile_image_url": "http://pbs.twimg.com/profile_images/528285037498609664/JCw0pEvY_normal.jpeg",
                "profile_text_color": "333333",
                "is_translation_enabled": false,
                "profile_sidebar_fill_color": "EBECED",
                "has_extended_profile": false,
                "listed_count": 5553,
                "url": "http://t.co/6KpRmDdPe2",
                "lang": "en",
                "statuses_count": 128319,
                "screen_name": "MiamiHerald",
                "protected": false,
                "name": "Miami Herald",
                "translator_type": "none",
                "following": false,
                "followers_count": 308945,
                "default_profile": false,
                "profile_background_image_url": "http://pbs.twimg.com/profile_background_images/378800000013900789/a5a81b70f38bf7124af93439787031d0.jpeg",
                "entities": {
                    "url": {
                        "urls": [
                            {
                                "expanded_url": "http://www.miamiherald.com",
                                "display_url": "miamiherald.com",
                                "url": "http://t.co/6KpRmDdPe2",
                                "indices": [
                                    0,
                                    22
                                ]
                            }
                        ]
                    },
                    "description": {
                        "urls": [
                            {
                                "expanded_url": "http://hrld.us/instagram",
                                "display_url": "hrld.us/instagram",
                                "url": "https://t.co/EBuss8QhEl",
                                "indices": [
                                    42,
                                    65
                                ]
                            },
                            {
                                "expanded_url": "http://hrld.us/facebook",
                                "display_url": "hrld.us/facebook",
                                "url": "https://t.co/C8sShSEs0S",
                                "indices": [
                                    76,
                                    99
                                ]
                            }
                        ]
                    }
                },
                "verified": true,
                "location": "Miami, FL",
                "profile_image_url_https": "https://pbs.twimg.com/profile_images/528285037498609664/JCw0pEvY_normal.jpeg",
                "time_zone": "Eastern Time (US & Canada)",
                "created_at": "Wed Mar 05 21:04:05 +0000 2008",
                "geo_enabled": true,
                "default_profile_image": false
            },
            "entities": {
                "hashtags": [],
                "urls": [
                    {
                        "expanded_url": "http://hrld.us/2fBrQzn",
                        "display_url": "hrld.us/2fBrQzn",
                        "url": "https://t.co/zSAIJ3mghD",
                        "indices": [
                            54,
                            77
                        ]
                    }
                ],
                "user_mentions": [],
                "symbols": [],
                "media": [
                    {
                        "id_str": "801073330015137792",
                        "expanded_url": "https://twitter.com/MiamiHerald/status/801073338575650816/photo/1",
                        "display_url": "pic.twitter.com/JB1IMh5Wpv",
                        "url": "https://t.co/JB1IMh5Wpv",
                        "sizes": {
                            "large": {
                                "h": 765,
                                "resize": "fit",
                                "w": 960
                            },
                            "small": {
                                "h": 542,
                                "resize": "fit",
                                "w": 680
                            },
                            "thumb": {
                                "h": 150,
                                "resize": "crop",
                                "w": 150
                            },
                            "medium": {
                                "h": 765,
                                "resize": "fit",
                                "w": 960
                            }
                        },
                        "media_url": "http://pbs.twimg.com/media/Cx378wqXcAAQwha.jpg",
                        "media_url_https": "https://pbs.twimg.com/media/Cx378wqXcAAQwha.jpg",
                        "id": 801073330015137792,
                        "type": "photo",
                        "indices": [
                            78,
                            101
                        ]
                    }
                ]
            },
            "extended_entities": {
                "media": [
                    {
                        "id_str": "801073330015137792",
                        "expanded_url": "https://twitter.com/MiamiHerald/status/801073338575650816/photo/1",
                        "display_url": "pic.twitter.com/JB1IMh5Wpv",
                        "url": "https://t.co/JB1IMh5Wpv",
                        "sizes": {
                            "large": {
                                "h": 765,
                                "resize": "fit",
                                "w": 960
                            },
                            "small": {
                                "h": 542,
                                "resize": "fit",
                                "w": 680
                            },
                            "thumb": {
                                "h": 150,
                                "resize": "crop",
                                "w": 150
                            },
                            "medium": {
                                "h": 765,
                                "resize": "fit",
                                "w": 960
                            }
                        },
                        "media_url": "http://pbs.twimg.com/media/Cx378wqXcAAQwha.jpg",
                        "media_url_https": "https://pbs.twimg.com/media/Cx378wqXcAAQwha.jpg",
                        "id": 801073330015137792,
                        "type": "photo",
                        "indices": [
                            78,
                            101
                        ]
                    }
                ]
            },
            "retweeted": false,
            "in_reply_to_status_id_str": null,
            "truncated": false
        },
        {
            "favorite_count": 8,
            "id": 800884075104010240,
            "place": null,
            "is_quote_status": false,
            "id_str": "800884075104010240",
            "contributors": null,
            "metadata": {
                "iso_language_code": "en",
                "result_type": "recent"
            },
            "in_reply_to_user_id": null,
            "source": "<a href=\"https://about.twitter.com/products/tweetdeck\" rel=\"nofollow\">TweetDeck</a>",
            "in_reply_to_status_id": null,
            "in_reply_to_screen_name": null,
            "retweet_count": 11,
            "lang": "en",
            "coordinates": null,
            "in_reply_to_user_id_str": null,
            "favorited": false,
            "text": "VIDEO: President-elect Trump shares an update on the White House transition and his policy plans.\u2026 https://t.co/rYGFP8SeNj",
            "created_at": "Tue Nov 22 02:10:17 +0000 2016",
            "possibly_sensitive": false,
            "geo": null,
            "user": {
                "profile_banner_url": "https://pbs.twimg.com/profile_banners/14085040/1401331083",
                "notifications": false,
                "profile_background_image_url_https": "https://pbs.twimg.com/profile_background_images/378800000013900789/a5a81b70f38bf7124af93439787031d0.jpeg",
                "friends_count": 804,
                "profile_background_color": "FFFFFF",
                "profile_link_color": "0060AF",
                "profile_background_tile": false,
                "id": 14085040,
                "id_str": "14085040",
                "favourites_count": 287,
                "profile_sidebar_border_color": "FFFFFF",
                "utc_offset": -18000,
                "contributors_enabled": false,
                "description": "The news. Every day. Your way.\nInstagram: https://t.co/EBuss8QhEl\nFacebook: https://t.co/C8sShSEs0S\nSnapchat: miamiherald",
                "is_translator": false,
                "follow_request_sent": false,
                "profile_use_background_image": true,
                "profile_image_url": "http://pbs.twimg.com/profile_images/528285037498609664/JCw0pEvY_normal.jpeg",
                "profile_text_color": "333333",
                "is_translation_enabled": false,
                "profile_sidebar_fill_color": "EBECED",
                "has_extended_profile": false,
                "listed_count": 5553,
                "url": "http://t.co/6KpRmDdPe2",
                "lang": "en",
                "statuses_count": 128319,
                "screen_name": "MiamiHerald",
                "protected": false,
                "name": "Miami Herald",
                "translator_type": "none",
                "following": false,
                "followers_count": 308945,
                "default_profile": false,
                "profile_background_image_url": "http://pbs.twimg.com/profile_background_images/378800000013900789/a5a81b70f38bf7124af93439787031d0.jpeg",
                "entities": {
                    "url": {
                        "urls": [
                            {
                                "expanded_url": "http://www.miamiherald.com",
                                "display_url": "miamiherald.com",
                                "url": "http://t.co/6KpRmDdPe2",
                                "indices": [
                                    0,
                                    22
                                ]
                            }
                        ]
                    },
                    "description": {
                        "urls": [
                            {
                                "expanded_url": "http://hrld.us/instagram",
                                "display_url": "hrld.us/instagram",
                                "url": "https://t.co/EBuss8QhEl",
                                "indices": [
                                    42,
                                    65
                                ]
                            },
                            {
                                "expanded_url": "http://hrld.us/facebook",
                                "display_url": "hrld.us/facebook",
                                "url": "https://t.co/C8sShSEs0S",
                                "indices": [
                                    76,
                                    99
                                ]
                            }
                        ]
                    }
                },
                "verified": true,
                "location": "Miami, FL",
                "profile_image_url_https": "https://pbs.twimg.com/profile_images/528285037498609664/JCw0pEvY_normal.jpeg",
                "time_zone": "Eastern Time (US & Canada)",
                "created_at": "Wed Mar 05 21:04:05 +0000 2008",
                "geo_enabled": true,
                "default_profile_image": false
            },
            "entities": {
                "hashtags": [],
                "urls": [
                    {
                        "expanded_url": "https://twitter.com/i/web/status/800884075104010240",
                        "display_url": "twitter.com/i/web/status/8\u2026",
                        "url": "https://t.co/rYGFP8SeNj",
                        "indices": [
                            99,
                            122
                        ]
                    }
                ],
                "user_mentions": [],
                "symbols": []
            },
            "retweeted": false,
            "in_reply_to_status_id_str": null,
            "truncated": true
        },
        {
            "favorite_count": 4,
            "id": 800870469452922882,
            "place": null,
            "is_quote_status": false,
            "id_str": "800870469452922882",
            "contributors": null,
            "metadata": {
                "iso_language_code": "en",
                "result_type": "recent"
            },
            "in_reply_to_user_id": null,
            "source": "<a href=\"https://about.twitter.com/products/tweetdeck\" rel=\"nofollow\">TweetDeck</a>",
            "in_reply_to_status_id": null,
            "in_reply_to_screen_name": null,
            "retweet_count": 6,
            "lang": "en",
            "coordinates": null,
            "in_reply_to_user_id_str": null,
            "favorited": false,
            "text": "Trump outlines agenda for first 100 days in video, but key campaign promises missing\nhttps://t.co/oaJmGaIhqO https://t.co/MilCxgb0m7",
            "created_at": "Tue Nov 22 01:16:14 +0000 2016",
            "possibly_sensitive": false,
            "geo": null,
            "user": {
                "profile_banner_url": "https://pbs.twimg.com/profile_banners/14085040/1401331083",
                "notifications": false,
                "profile_background_image_url_https": "https://pbs.twimg.com/profile_background_images/378800000013900789/a5a81b70f38bf7124af93439787031d0.jpeg",
                "friends_count": 804,
                "profile_background_color": "FFFFFF",
                "profile_link_color": "0060AF",
                "profile_background_tile": false,
                "id": 14085040,
                "id_str": "14085040",
                "favourites_count": 287,
                "profile_sidebar_border_color": "FFFFFF",
                "utc_offset": -18000,
                "contributors_enabled": false,
                "description": "The news. Every day. Your way.\nInstagram: https://t.co/EBuss8QhEl\nFacebook: https://t.co/C8sShSEs0S\nSnapchat: miamiherald",
                "is_translator": false,
                "follow_request_sent": false,
                "profile_use_background_image": true,
                "profile_image_url": "http://pbs.twimg.com/profile_images/528285037498609664/JCw0pEvY_normal.jpeg",
                "profile_text_color": "333333",
                "is_translation_enabled": false,
                "profile_sidebar_fill_color": "EBECED",
                "has_extended_profile": false,
                "listed_count": 5553,
                "url": "http://t.co/6KpRmDdPe2",
                "lang": "en",
                "statuses_count": 128319,
                "screen_name": "MiamiHerald",
                "protected": false,
                "name": "Miami Herald",
                "translator_type": "none",
                "following": false,
                "followers_count": 308945,
                "default_profile": false,
                "profile_background_image_url": "http://pbs.twimg.com/profile_background_images/378800000013900789/a5a81b70f38bf7124af93439787031d0.jpeg",
                "entities": {
                    "url": {
                        "urls": [
                            {
                                "expanded_url": "http://www.miamiherald.com",
                                "display_url": "miamiherald.com",
                                "url": "http://t.co/6KpRmDdPe2",
                                "indices": [
                                    0,
                                    22
                                ]
                            }
                        ]
                    },
                    "description": {
                        "urls": [
                            {
                                "expanded_url": "http://hrld.us/instagram",
                                "display_url": "hrld.us/instagram",
                                "url": "https://t.co/EBuss8QhEl",
                                "indices": [
                                    42,
                                    65
                                ]
                            },
                            {
                                "expanded_url": "http://hrld.us/facebook",
                                "display_url": "hrld.us/facebook",
                                "url": "https://t.co/C8sShSEs0S",
                                "indices": [
                                    76,
                                    99
                                ]
                            }
                        ]
                    }
                },
                "verified": true,
                "location": "Miami, FL",
                "profile_image_url_https": "https://pbs.twimg.com/profile_images/528285037498609664/JCw0pEvY_normal.jpeg",
                "time_zone": "Eastern Time (US & Canada)",
                "created_at": "Wed Mar 05 21:04:05 +0000 2008",
                "geo_enabled": true,
                "default_profile_image": false
            },
            "entities": {
                "hashtags": [],
                "urls": [
                    {
                        "expanded_url": "http://hrld.us/2fzsi10",
                        "display_url": "hrld.us/2fzsi10",
                        "url": "https://t.co/oaJmGaIhqO",
                        "indices": [
                            85,
                            108
                        ]
                    }
                ],
                "user_mentions": [],
                "symbols": [],
                "media": [
                    {
                        "id_str": "800870440310833152",
                        "expanded_url": "https://twitter.com/MiamiHerald/status/800870469452922882/photo/1",
                        "display_url": "pic.twitter.com/MilCxgb0m7",
                        "url": "https://t.co/MilCxgb0m7",
                        "sizes": {
                            "large": {
                                "h": 691,
                                "resize": "fit",
                                "w": 960
                            },
                            "small": {
                                "h": 489,
                                "resize": "fit",
                                "w": 680
                            },
                            "medium": {
                                "h": 691,
                                "resize": "fit",
                                "w": 960
                            },
                            "thumb": {
                                "h": 150,
                                "resize": "crop",
                                "w": 150
                            }
                        },
                        "media_url": "http://pbs.twimg.com/media/Cx1DbBnWgAAku2-.jpg",
                        "media_url_https": "https://pbs.twimg.com/media/Cx1DbBnWgAAku2-.jpg",
                        "id": 800870440310833152,
                        "type": "photo",
                        "indices": [
                            109,
                            132
                        ]
                    }
                ]
            },
            "extended_entities": {
                "media": [
                    {
                        "id_str": "800870440310833152",
                        "expanded_url": "https://twitter.com/MiamiHerald/status/800870469452922882/photo/1",
                        "display_url": "pic.twitter.com/MilCxgb0m7",
                        "url": "https://t.co/MilCxgb0m7",
                        "sizes": {
                            "large": {
                                "h": 691,
                                "resize": "fit",
                                "w": 960
                            },
                            "small": {
                                "h": 489,
                                "resize": "fit",
                                "w": 680
                            },
                            "medium": {
                                "h": 691,
                                "resize": "fit",
                                "w": 960
                            },
                            "thumb": {
                                "h": 150,
                                "resize": "crop",
                                "w": 150
                            }
                        },
                        "media_url": "http://pbs.twimg.com/media/Cx1DbBnWgAAku2-.jpg",
                        "media_url_https": "https://pbs.twimg.com/media/Cx1DbBnWgAAku2-.jpg",
                        "id": 800870440310833152,
                        "type": "photo",
                        "indices": [
                            109,
                            132
                        ]
                    }
                ]
            },
            "retweeted": false,
            "in_reply_to_status_id_str": null,
            "truncated": false
        },
        {
            "favorite_count": 2,
            "id": 800861354596925448,
            "place": null,
            "is_quote_status": false,
            "id_str": "800861354596925448",
            "contributors": null,
            "metadata": {
                "iso_language_code": "en",
                "result_type": "recent"
            },
            "in_reply_to_user_id": null,
            "source": "<a href=\"https://about.twitter.com/products/tweetdeck\" rel=\"nofollow\">TweetDeck</a>",
            "in_reply_to_status_id": null,
            "in_reply_to_screen_name": null,
            "retweet_count": 4,
            "lang": "en",
            "coordinates": null,
            "in_reply_to_user_id_str": null,
            "favorited": false,
            "text": "Trump\u2019s financial disclosures obscure his foreign business interests https://t.co/axMICxorda https://t.co/l6aOjShIua",
            "created_at": "Tue Nov 22 00:40:00 +0000 2016",
            "possibly_sensitive": false,
            "geo": null,
            "user": {
                "profile_banner_url": "https://pbs.twimg.com/profile_banners/14085040/1401331083",
                "notifications": false,
                "profile_background_image_url_https": "https://pbs.twimg.com/profile_background_images/378800000013900789/a5a81b70f38bf7124af93439787031d0.jpeg",
                "friends_count": 804,
                "profile_background_color": "FFFFFF",
                "profile_link_color": "0060AF",
                "profile_background_tile": false,
                "id": 14085040,
                "id_str": "14085040",
                "favourites_count": 287,
                "profile_sidebar_border_color": "FFFFFF",
                "utc_offset": -18000,
                "contributors_enabled": false,
                "description": "The news. Every day. Your way.\nInstagram: https://t.co/EBuss8QhEl\nFacebook: https://t.co/C8sShSEs0S\nSnapchat: miamiherald",
                "is_translator": false,
                "follow_request_sent": false,
                "profile_use_background_image": true,
                "profile_image_url": "http://pbs.twimg.com/profile_images/528285037498609664/JCw0pEvY_normal.jpeg",
                "profile_text_color": "333333",
                "is_translation_enabled": false,
                "profile_sidebar_fill_color": "EBECED",
                "has_extended_profile": false,
                "listed_count": 5553,
                "url": "http://t.co/6KpRmDdPe2",
                "lang": "en",
                "statuses_count": 128319,
                "screen_name": "MiamiHerald",
                "protected": false,
                "name": "Miami Herald",
                "translator_type": "none",
                "following": false,
                "followers_count": 308945,
                "default_profile": false,
                "profile_background_image_url": "http://pbs.twimg.com/profile_background_images/378800000013900789/a5a81b70f38bf7124af93439787031d0.jpeg",
                "entities": {
                    "url": {
                        "urls": [
                            {
                                "expanded_url": "http://www.miamiherald.com",
                                "display_url": "miamiherald.com",
                                "url": "http://t.co/6KpRmDdPe2",
                                "indices": [
                                    0,
                                    22
                                ]
                            }
                        ]
                    },
                    "description": {
                        "urls": [
                            {
                                "expanded_url": "http://hrld.us/instagram",
                                "display_url": "hrld.us/instagram",
                                "url": "https://t.co/EBuss8QhEl",
                                "indices": [
                                    42,
                                    65
                                ]
                            },
                            {
                                "expanded_url": "http://hrld.us/facebook",
                                "display_url": "hrld.us/facebook",
                                "url": "https://t.co/C8sShSEs0S",
                                "indices": [
                                    76,
                                    99
                                ]
                            }
                        ]
                    }
                },
                "verified": true,
                "location": "Miami, FL",
                "profile_image_url_https": "https://pbs.twimg.com/profile_images/528285037498609664/JCw0pEvY_normal.jpeg",
                "time_zone": "Eastern Time (US & Canada)",
                "created_at": "Wed Mar 05 21:04:05 +0000 2008",
                "geo_enabled": true,
                "default_profile_image": false
            },
            "entities": {
                "hashtags": [],
                "urls": [
                    {
                        "expanded_url": "http://hrld.us/2gc0Ny9",
                        "display_url": "hrld.us/2gc0Ny9",
                        "url": "https://t.co/axMICxorda",
                        "indices": [
                            69,
                            92
                        ]
                    }
                ],
                "user_mentions": [],
                "symbols": [],
                "media": [
                    {
                        "id_str": "800856351111004160",
                        "expanded_url": "https://twitter.com/MiamiHerald/status/800861354596925448/photo/1",
                        "display_url": "pic.twitter.com/l6aOjShIua",
                        "url": "https://t.co/l6aOjShIua",
                        "sizes": {
                            "large": {
                                "h": 639,
                                "resize": "fit",
                                "w": 960
                            },
                            "small": {
                                "h": 453,
                                "resize": "fit",
                                "w": 680
                            },
                            "medium": {
                                "h": 639,
                                "resize": "fit",
                                "w": 960
                            },
                            "thumb": {
                                "h": 150,
                                "resize": "crop",
                                "w": 150
                            }
                        },
                        "media_url": "http://pbs.twimg.com/media/Cx02m7QWQAAxqxG.jpg",
                        "media_url_https": "https://pbs.twimg.com/media/Cx02m7QWQAAxqxG.jpg",
                        "id": 800856351111004160,
                        "type": "photo",
                        "indices": [
                            93,
                            116
                        ]
                    }
                ]
            },
            "extended_entities": {
                "media": [
                    {
                        "id_str": "800856351111004160",
                        "expanded_url": "https://twitter.com/MiamiHerald/status/800861354596925448/photo/1",
                        "display_url": "pic.twitter.com/l6aOjShIua",
                        "url": "https://t.co/l6aOjShIua",
                        "sizes": {
                            "large": {
                                "h": 639,
                                "resize": "fit",
                                "w": 960
                            },
                            "small": {
                                "h": 453,
                                "resize": "fit",
                                "w": 680
                            },
                            "medium": {
                                "h": 639,
                                "resize": "fit",
                                "w": 960
                            },
                            "thumb": {
                                "h": 150,
                                "resize": "crop",
                                "w": 150
                            }
                        },
                        "media_url": "http://pbs.twimg.com/media/Cx02m7QWQAAxqxG.jpg",
                        "media_url_https": "https://pbs.twimg.com/media/Cx02m7QWQAAxqxG.jpg",
                        "id": 800856351111004160,
                        "type": "photo",
                        "indices": [
                            93,
                            116
                        ]
                    }
                ]
            },
            "retweeted": false,
            "in_reply_to_status_id_str": null,
            "truncated": false
        }
    ]
}