{
    "search_metadata": {
        "since_id": 0,
        "completed_in": 0.038,
        "refresh_url": "?since_id=801178872288944128&q=Trump%20from%3Asfchronicle%20since%3A2016-11-22%20until%3A2016-11-23%20filter%3Alinks%20-%40sfchronicle&include_entities=1",
        "count": 100,
        "query": "Trump+from%3Asfchronicle+since%3A2016-11-22+until%3A2016-11-23+filter%3Alinks+-%40sfchronicle",
        "max_id_str": "801178872288944128",
        "since_id_str": "0",
        "max_id": 801178872288944128
    },
    "statuses": [
        {
            "favorite_count": 2,
            "id": 801178872288944128,
            "place": null,
            "is_quote_status": false,
            "id_str": "801178872288944128",
            "contributors": null,
            "metadata": {
                "iso_language_code": "en",
                "result_type": "recent"
            },
            "in_reply_to_user_id": null,
            "source": "<a href=\"https://about.twitter.com/products/tweetdeck\" rel=\"nofollow\">TweetDeck</a>",
            "in_reply_to_status_id": null,
            "in_reply_to_screen_name": null,
            "retweet_count": 1,
            "lang": "en",
            "coordinates": null,
            "in_reply_to_user_id_str": null,
            "favorited": false,
            "text": "Trump sits down with the NY Times: Here's the blow by blow.  https://t.co/12EsRDMmlG https://t.co/KlGEckpuVz",
            "created_at": "Tue Nov 22 21:41:42 +0000 2016",
            "possibly_sensitive": false,
            "geo": null,
            "user": {
                "profile_banner_url": "https://pbs.twimg.com/profile_banners/121597316/1431378314",
                "notifications": false,
                "profile_background_image_url_https": "https://abs.twimg.com/images/themes/theme15/bg.png",
                "friends_count": 156,
                "profile_background_color": "000000",
                "profile_link_color": "FA743E",
                "profile_background_tile": false,
                "id": 121597316,
                "id_str": "121597316",
                "favourites_count": 2576,
                "profile_sidebar_border_color": "000000",
                "utc_offset": -28800,
                "contributors_enabled": false,
                "description": "The Voice of the West. The Voice of San Francisco and the Bay Area.",
                "is_translator": false,
                "follow_request_sent": false,
                "profile_use_background_image": false,
                "profile_image_url": "http://pbs.twimg.com/profile_images/695773573919543296/Q1mS960c_normal.jpg",
                "profile_text_color": "000000",
                "is_translation_enabled": false,
                "profile_sidebar_fill_color": "000000",
                "has_extended_profile": false,
                "listed_count": 2172,
                "url": "https://t.co/CV0gqM16Hp",
                "lang": "en",
                "statuses_count": 46968,
                "screen_name": "sfchronicle",
                "protected": false,
                "name": "SFChronicle",
                "translator_type": "none",
                "following": false,
                "followers_count": 102128,
                "default_profile": false,
                "profile_background_image_url": "http://abs.twimg.com/images/themes/theme15/bg.png",
                "entities": {
                    "url": {
                        "urls": [
                            {
                                "expanded_url": "http://SFChronicle.com",
                                "display_url": "SFChronicle.com",
                                "url": "https://t.co/CV0gqM16Hp",
                                "indices": [
                                    0,
                                    23
                                ]
                            }
                        ]
                    },
                    "description": {
                        "urls": []
                    }
                },
                "verified": true,
                "location": "San Francisco, CA",
                "profile_image_url_https": "https://pbs.twimg.com/profile_images/695773573919543296/Q1mS960c_normal.jpg",
                "time_zone": "Pacific Time (US & Canada)",
                "created_at": "Wed Mar 10 00:44:07 +0000 2010",
                "geo_enabled": false,
                "default_profile_image": false
            },
            "entities": {
                "hashtags": [],
                "urls": [
                    {
                        "expanded_url": "http://www.sfchronicle.com/news/article/Trump-says-he-has-open-mind-on-climate-10630994.php?t=9e29520eee&cmpid=twitter-premium",
                        "display_url": "sfchronicle.com/news/article/T\u2026",
                        "url": "https://t.co/12EsRDMmlG",
                        "indices": [
                            61,
                            84
                        ]
                    }
                ],
                "user_mentions": [],
                "symbols": [],
                "media": [
                    {
                        "id_str": "801178862642032640",
                        "expanded_url": "https://twitter.com/sfchronicle/status/801178872288944128/photo/1",
                        "display_url": "pic.twitter.com/KlGEckpuVz",
                        "url": "https://t.co/KlGEckpuVz",
                        "sizes": {
                            "large": {
                                "h": 332,
                                "resize": "fit",
                                "w": 595
                            },
                            "small": {
                                "h": 332,
                                "resize": "fit",
                                "w": 595
                            },
                            "medium": {
                                "h": 332,
                                "resize": "fit",
                                "w": 595
                            },
                            "thumb": {
                                "h": 150,
                                "resize": "crop",
                                "w": 150
                            }
                        },
                        "media_url": "http://pbs.twimg.com/media/Cx5b7kVUcAAP66Q.jpg",
                        "media_url_https": "https://pbs.twimg.com/media/Cx5b7kVUcAAP66Q.jpg",
                        "id": 801178862642032640,
                        "type": "photo",
                        "indices": [
                            85,
                            108
                        ]
                    }
                ]
            },
            "extended_entities": {
                "media": [
                    {
                        "id_str": "801178862642032640",
                        "expanded_url": "https://twitter.com/sfchronicle/status/801178872288944128/photo/1",
                        "display_url": "pic.twitter.com/KlGEckpuVz",
                        "url": "https://t.co/KlGEckpuVz",
                        "sizes": {
                            "large": {
                                "h": 332,
                                "resize": "fit",
                                "w": 595
                            },
                            "small": {
                                "h": 332,
                                "resize": "fit",
                                "w": 595
                            },
                            "medium": {
                                "h": 332,
                                "resize": "fit",
                                "w": 595
                            },
                            "thumb": {
                                "h": 150,
                                "resize": "crop",
                                "w": 150
                            }
                        },
                        "media_url": "http://pbs.twimg.com/media/Cx5b7kVUcAAP66Q.jpg",
                        "media_url_https": "https://pbs.twimg.com/media/Cx5b7kVUcAAP66Q.jpg",
                        "id": 801178862642032640,
                        "type": "photo",
                        "indices": [
                            85,
                            108
                        ]
                    }
                ]
            },
            "retweeted": false,
            "in_reply_to_status_id_str": null,
            "truncated": false
        },
        {
            "favorite_count": 3,
            "id": 801123085797695488,
            "place": null,
            "is_quote_status": false,
            "id_str": "801123085797695488",
            "contributors": null,
            "metadata": {
                "iso_language_code": "en",
                "result_type": "recent"
            },
            "in_reply_to_user_id": null,
            "source": "<a href=\"https://about.twitter.com/products/tweetdeck\" rel=\"nofollow\">TweetDeck</a>",
            "in_reply_to_status_id": null,
            "in_reply_to_screen_name": null,
            "retweet_count": 2,
            "lang": "en",
            "coordinates": null,
            "in_reply_to_user_id_str": null,
            "favorited": false,
            "text": "#Trump\u2019s #CIA pick would reinstate US collection of phone data. #surveillance https://t.co/Jnkdf7exRu via @egelko https://t.co/65Dojmp0su",
            "created_at": "Tue Nov 22 18:00:02 +0000 2016",
            "possibly_sensitive": false,
            "geo": null,
            "user": {
                "profile_banner_url": "https://pbs.twimg.com/profile_banners/121597316/1431378314",
                "notifications": false,
                "profile_background_image_url_https": "https://abs.twimg.com/images/themes/theme15/bg.png",
                "friends_count": 156,
                "profile_background_color": "000000",
                "profile_link_color": "FA743E",
                "profile_background_tile": false,
                "id": 121597316,
                "id_str": "121597316",
                "favourites_count": 2576,
                "profile_sidebar_border_color": "000000",
                "utc_offset": -28800,
                "contributors_enabled": false,
                "description": "The Voice of the West. The Voice of San Francisco and the Bay Area.",
                "is_translator": false,
                "follow_request_sent": false,
                "profile_use_background_image": false,
                "profile_image_url": "http://pbs.twimg.com/profile_images/695773573919543296/Q1mS960c_normal.jpg",
                "profile_text_color": "000000",
                "is_translation_enabled": false,
                "profile_sidebar_fill_color": "000000",
                "has_extended_profile": false,
                "listed_count": 2172,
                "url": "https://t.co/CV0gqM16Hp",
                "lang": "en",
                "statuses_count": 46968,
                "screen_name": "sfchronicle",
                "protected": false,
                "name": "SFChronicle",
                "translator_type": "none",
                "following": false,
                "followers_count": 102128,
                "default_profile": false,
                "profile_background_image_url": "http://abs.twimg.com/images/themes/theme15/bg.png",
                "entities": {
                    "url": {
                        "urls": [
                            {
                                "expanded_url": "http://SFChronicle.com",
                                "display_url": "SFChronicle.com",
                                "url": "https://t.co/CV0gqM16Hp",
                                "indices": [
                                    0,
                                    23
                                ]
                            }
                        ]
                    },
                    "description": {
                        "urls": []
                    }
                },
                "verified": true,
                "location": "San Francisco, CA",
                "profile_image_url_https": "https://pbs.twimg.com/profile_images/695773573919543296/Q1mS960c_normal.jpg",
                "time_zone": "Pacific Time (US & Canada)",
                "created_at": "Wed Mar 10 00:44:07 +0000 2010",
                "geo_enabled": false,
                "default_profile_image": false
            },
            "entities": {
                "hashtags": [
                    {
                        "text": "Trump",
                        "indices": [
                            0,
                            6
                        ]
                    },
                    {
                        "text": "CIA",
                        "indices": [
                            9,
                            13
                        ]
                    },
                    {
                        "text": "surveillance",
                        "indices": [
                            64,
                            77
                        ]
                    }
                ],
                "urls": [
                    {
                        "expanded_url": "http://www.sfchronicle.com/nation/article/Trump-s-CIA-pick-would-reinstate-US-collection-10628986.php?t=ac7b4f3db9&cmpid=twitter-premium",
                        "display_url": "sfchronicle.com/nation/article\u2026",
                        "url": "https://t.co/Jnkdf7exRu",
                        "indices": [
                            78,
                            101
                        ]
                    }
                ],
                "user_mentions": [
                    {
                        "id_str": "1531505672",
                        "name": "Bob Egelko",
                        "id": 1531505672,
                        "indices": [
                            106,
                            113
                        ],
                        "screen_name": "egelko"
                    }
                ],
                "symbols": [],
                "media": [
                    {
                        "id_str": "800851486594854912",
                        "expanded_url": "https://twitter.com/sfchronicle/status/801123085797695488/photo/1",
                        "display_url": "pic.twitter.com/65Dojmp0su",
                        "url": "https://t.co/65Dojmp0su",
                        "sizes": {
                            "large": {
                                "h": 630,
                                "resize": "fit",
                                "w": 1200
                            },
                            "small": {
                                "h": 357,
                                "resize": "fit",
                                "w": 680
                            },
                            "medium": {
                                "h": 630,
                                "resize": "fit",
                                "w": 1200
                            },
                            "thumb": {
                                "h": 150,
                                "resize": "crop",
                                "w": 150
                            }
                        },
                        "media_url": "http://pbs.twimg.com/media/Cx0yLxhUcAAptdF.jpg",
                        "media_url_https": "https://pbs.twimg.com/media/Cx0yLxhUcAAptdF.jpg",
                        "id": 800851486594854912,
                        "type": "photo",
                        "indices": [
                            114,
                            137
                        ]
                    }
                ]
            },
            "extended_entities": {
                "media": [
                    {
                        "id_str": "800851486594854912",
                        "expanded_url": "https://twitter.com/sfchronicle/status/801123085797695488/photo/1",
                        "display_url": "pic.twitter.com/65Dojmp0su",
                        "url": "https://t.co/65Dojmp0su",
                        "sizes": {
                            "large": {
                                "h": 630,
                                "resize": "fit",
                                "w": 1200
                            },
                            "small": {
                                "h": 357,
                                "resize": "fit",
                                "w": 680
                            },
                            "medium": {
                                "h": 630,
                                "resize": "fit",
                                "w": 1200
                            },
                            "thumb": {
                                "h": 150,
                                "resize": "crop",
                                "w": 150
                            }
                        },
                        "media_url": "http://pbs.twimg.com/media/Cx0yLxhUcAAptdF.jpg",
                        "media_url_https": "https://pbs.twimg.com/media/Cx0yLxhUcAAptdF.jpg",
                        "id": 800851486594854912,
                        "type": "photo",
                        "indices": [
                            114,
                            137
                        ]
                    }
                ]
            },
            "retweeted": false,
            "in_reply_to_status_id_str": null,
            "truncated": false
        },
        {
            "favorite_count": 3,
            "id": 801024937205108737,
            "place": null,
            "is_quote_status": false,
            "id_str": "801024937205108737",
            "contributors": null,
            "metadata": {
                "iso_language_code": "en",
                "result_type": "recent"
            },
            "in_reply_to_user_id": null,
            "source": "<a href=\"https://about.twitter.com/products/tweetdeck\" rel=\"nofollow\">TweetDeck</a>",
            "in_reply_to_status_id": null,
            "in_reply_to_screen_name": null,
            "retweet_count": 5,
            "lang": "en",
            "coordinates": null,
            "in_reply_to_user_id_str": null,
            "favorited": false,
            "text": "Editorial: Will #Congress be a watchdog over #Trump\u2019s conflicts of interest? https://t.co/yDysVxYUPL https://t.co/If5v7njdxe",
            "created_at": "Tue Nov 22 11:30:02 +0000 2016",
            "possibly_sensitive": false,
            "geo": null,
            "user": {
                "profile_banner_url": "https://pbs.twimg.com/profile_banners/121597316/1431378314",
                "notifications": false,
                "profile_background_image_url_https": "https://abs.twimg.com/images/themes/theme15/bg.png",
                "friends_count": 156,
                "profile_background_color": "000000",
                "profile_link_color": "FA743E",
                "profile_background_tile": false,
                "id": 121597316,
                "id_str": "121597316",
                "favourites_count": 2576,
                "profile_sidebar_border_color": "000000",
                "utc_offset": -28800,
                "contributors_enabled": false,
                "description": "The Voice of the West. The Voice of San Francisco and the Bay Area.",
                "is_translator": false,
                "follow_request_sent": false,
                "profile_use_background_image": false,
                "profile_image_url": "http://pbs.twimg.com/profile_images/695773573919543296/Q1mS960c_normal.jpg",
                "profile_text_color": "000000",
                "is_translation_enabled": false,
                "profile_sidebar_fill_color": "000000",
                "has_extended_profile": false,
                "listed_count": 2172,
                "url": "https://t.co/CV0gqM16Hp",
                "lang": "en",
                "statuses_count": 46968,
                "screen_name": "sfchronicle",
                "protected": false,
                "name": "SFChronicle",
                "translator_type": "none",
                "following": false,
                "followers_count": 102128,
                "default_profile": false,
                "profile_background_image_url": "http://abs.twimg.com/images/themes/theme15/bg.png",
                "entities": {
                    "url": {
                        "urls": [
                            {
                                "expanded_url": "http://SFChronicle.com",
                                "display_url": "SFChronicle.com",
                                "url": "https://t.co/CV0gqM16Hp",
                                "indices": [
                                    0,
                                    23
                                ]
                            }
                        ]
                    },
                    "description": {
                        "urls": []
                    }
                },
                "verified": true,
                "location": "San Francisco, CA",
                "profile_image_url_https": "https://pbs.twimg.com/profile_images/695773573919543296/Q1mS960c_normal.jpg",
                "time_zone": "Pacific Time (US & Canada)",
                "created_at": "Wed Mar 10 00:44:07 +0000 2010",
                "geo_enabled": false,
                "default_profile_image": false
            },
            "entities": {
                "hashtags": [
                    {
                        "text": "Congress",
                        "indices": [
                            16,
                            25
                        ]
                    },
                    {
                        "text": "Trump",
                        "indices": [
                            45,
                            51
                        ]
                    }
                ],
                "urls": [
                    {
                        "expanded_url": "http://www.sfchronicle.com/opinion/editorials/article/Will-Congress-be-a-watchdog-over-Trump-s-10629138.php?t=fc68a8f2a1&cmpid=twitter-premium",
                        "display_url": "sfchronicle.com/opinion/editor\u2026",
                        "url": "https://t.co/yDysVxYUPL",
                        "indices": [
                            77,
                            100
                        ]
                    }
                ],
                "user_mentions": [],
                "symbols": [],
                "media": [
                    {
                        "id_str": "800881049756528643",
                        "expanded_url": "https://twitter.com/sfchronicle/status/801024937205108737/photo/1",
                        "display_url": "pic.twitter.com/If5v7njdxe",
                        "url": "https://t.co/If5v7njdxe",
                        "sizes": {
                            "large": {
                                "h": 518,
                                "resize": "fit",
                                "w": 922
                            },
                            "small": {
                                "h": 382,
                                "resize": "fit",
                                "w": 680
                            },
                            "thumb": {
                                "h": 150,
                                "resize": "crop",
                                "w": 150
                            },
                            "medium": {
                                "h": 518,
                                "resize": "fit",
                                "w": 922
                            }
                        },
                        "media_url": "http://pbs.twimg.com/media/Cx1NEk4UcAM9fxJ.jpg",
                        "media_url_https": "https://pbs.twimg.com/media/Cx1NEk4UcAM9fxJ.jpg",
                        "id": 800881049756528643,
                        "type": "photo",
                        "indices": [
                            101,
                            124
                        ]
                    }
                ]
            },
            "extended_entities": {
                "media": [
                    {
                        "id_str": "800881049756528643",
                        "expanded_url": "https://twitter.com/sfchronicle/status/801024937205108737/photo/1",
                        "display_url": "pic.twitter.com/If5v7njdxe",
                        "url": "https://t.co/If5v7njdxe",
                        "sizes": {
                            "large": {
                                "h": 518,
                                "resize": "fit",
                                "w": 922
                            },
                            "small": {
                                "h": 382,
                                "resize": "fit",
                                "w": 680
                            },
                            "thumb": {
                                "h": 150,
                                "resize": "crop",
                                "w": 150
                            },
                            "medium": {
                                "h": 518,
                                "resize": "fit",
                                "w": 922
                            }
                        },
                        "media_url": "http://pbs.twimg.com/media/Cx1NEk4UcAM9fxJ.jpg",
                        "media_url_https": "https://pbs.twimg.com/media/Cx1NEk4UcAM9fxJ.jpg",
                        "id": 800881049756528643,
                        "type": "photo",
                        "indices": [
                            101,
                            124
                        ]
                    }
                ]
            },
            "retweeted": false,
            "in_reply_to_status_id_str": null,
            "truncated": false
        },
        {
            "favorite_count": 1,
            "id": 800987188863242240,
            "place": null,
            "is_quote_status": false,
            "id_str": "800987188863242240",
            "contributors": null,
            "metadata": {
                "iso_language_code": "en",
                "result_type": "recent"
            },
            "in_reply_to_user_id": null,
            "source": "<a href=\"https://about.twitter.com/products/tweetdeck\" rel=\"nofollow\">TweetDeck</a>",
            "in_reply_to_status_id": null,
            "in_reply_to_screen_name": null,
            "retweet_count": 2,
            "lang": "en",
            "coordinates": null,
            "in_reply_to_user_id_str": null,
            "favorited": false,
            "text": "#Trump\u2019s #CIA pick would reinstate US collection of phone data. #surveillance https://t.co/Jnkdf7w8J2 via @egelko https://t.co/qTv8rLUMyc",
            "created_at": "Tue Nov 22 09:00:02 +0000 2016",
            "possibly_sensitive": false,
            "geo": null,
            "user": {
                "profile_banner_url": "https://pbs.twimg.com/profile_banners/121597316/1431378314",
                "notifications": false,
                "profile_background_image_url_https": "https://abs.twimg.com/images/themes/theme15/bg.png",
                "friends_count": 156,
                "profile_background_color": "000000",
                "profile_link_color": "FA743E",
                "profile_background_tile": false,
                "id": 121597316,
                "id_str": "121597316",
                "favourites_count": 2576,
                "profile_sidebar_border_color": "000000",
                "utc_offset": -28800,
                "contributors_enabled": false,
                "description": "The Voice of the West. The Voice of San Francisco and the Bay Area.",
                "is_translator": false,
                "follow_request_sent": false,
                "profile_use_background_image": false,
                "profile_image_url": "http://pbs.twimg.com/profile_images/695773573919543296/Q1mS960c_normal.jpg",
                "profile_text_color": "000000",
                "is_translation_enabled": false,
                "profile_sidebar_fill_color": "000000",
                "has_extended_profile": false,
                "listed_count": 2172,
                "url": "https://t.co/CV0gqM16Hp",
                "lang": "en",
                "statuses_count": 46968,
                "screen_name": "sfchronicle",
                "protected": false,
                "name": "SFChronicle",
                "translator_type": "none",
                "following": false,
                "followers_count": 102128,
                "default_profile": false,
                "profile_background_image_url": "http://abs.twimg.com/images/themes/theme15/bg.png",
                "entities": {
                    "url": {
                        "urls": [
                            {
                                "expanded_url": "http://SFChronicle.com",
                                "display_url": "SFChronicle.com",
                                "url": "https://t.co/CV0gqM16Hp",
                                "indices": [
                                    0,
                                    23
                                ]
                            }
                        ]
                    },
                    "description": {
                        "urls": []
                    }
                },
                "verified": true,
                "location": "San Francisco, CA",
                "profile_image_url_https": "https://pbs.twimg.com/profile_images/695773573919543296/Q1mS960c_normal.jpg",
                "time_zone": "Pacific Time (US & Canada)",
                "created_at": "Wed Mar 10 00:44:07 +0000 2010",
                "geo_enabled": false,
                "default_profile_image": false
            },
            "entities": {
                "hashtags": [
                    {
                        "text": "Trump",
                        "indices": [
                            0,
                            6
                        ]
                    },
                    {
                        "text": "CIA",
                        "indices": [
                            9,
                            13
                        ]
                    },
                    {
                        "text": "surveillance",
                        "indices": [
                            64,
                            77
                        ]
                    }
                ],
                "urls": [
                    {
                        "expanded_url": "http://www.sfchronicle.com/nation/article/Trump-s-CIA-pick-would-reinstate-US-collection-10628986.php?t=ac7b4f3db9&cmpid=twitter-premium",
                        "display_url": "sfchronicle.com/nation/article\u2026",
                        "url": "https://t.co/Jnkdf7w8J2",
                        "indices": [
                            78,
                            101
                        ]
                    }
                ],
                "user_mentions": [
                    {
                        "id_str": "1531505672",
                        "name": "Bob Egelko",
                        "id": 1531505672,
                        "indices": [
                            106,
                            113
                        ],
                        "screen_name": "egelko"
                    }
                ],
                "symbols": [],
                "media": [
                    {
                        "id_str": "800851419016282112",
                        "expanded_url": "https://twitter.com/sfchronicle/status/800987188863242240/photo/1",
                        "display_url": "pic.twitter.com/qTv8rLUMyc",
                        "url": "https://t.co/qTv8rLUMyc",
                        "sizes": {
                            "large": {
                                "h": 630,
                                "resize": "fit",
                                "w": 1200
                            },
                            "small": {
                                "h": 357,
                                "resize": "fit",
                                "w": 680
                            },
                            "medium": {
                                "h": 630,
                                "resize": "fit",
                                "w": 1200
                            },
                            "thumb": {
                                "h": 150,
                                "resize": "crop",
                                "w": 150
                            }
                        },
                        "media_url": "http://pbs.twimg.com/media/Cx0yH1xVQAAlF18.jpg",
                        "media_url_https": "https://pbs.twimg.com/media/Cx0yH1xVQAAlF18.jpg",
                        "id": 800851419016282112,
                        "type": "photo",
                        "indices": [
                            114,
                            137
                        ]
                    }
                ]
            },
            "extended_entities": {
                "media": [
                    {
                        "id_str": "800851419016282112",
                        "expanded_url": "https://twitter.com/sfchronicle/status/800987188863242240/photo/1",
                        "display_url": "pic.twitter.com/qTv8rLUMyc",
                        "url": "https://t.co/qTv8rLUMyc",
                        "sizes": {
                            "large": {
                                "h": 630,
                                "resize": "fit",
                                "w": 1200
                            },
                            "small": {
                                "h": 357,
                                "resize": "fit",
                                "w": 680
                            },
                            "medium": {
                                "h": 630,
                                "resize": "fit",
                                "w": 1200
                            },
                            "thumb": {
                                "h": 150,
                                "resize": "crop",
                                "w": 150
                            }
                        },
                        "media_url": "http://pbs.twimg.com/media/Cx0yH1xVQAAlF18.jpg",
                        "media_url_https": "https://pbs.twimg.com/media/Cx0yH1xVQAAlF18.jpg",
                        "id": 800851419016282112,
                        "type": "photo",
                        "indices": [
                            114,
                            137
                        ]
                    }
                ]
            },
            "retweeted": false,
            "in_reply_to_status_id_str": null,
            "truncated": false
        },
        {
            "favorite_count": 1,
            "id": 800911686848937984,
            "place": null,
            "is_quote_status": false,
            "id_str": "800911686848937984",
            "contributors": null,
            "metadata": {
                "iso_language_code": "en",
                "result_type": "recent"
            },
            "in_reply_to_user_id": null,
            "source": "<a href=\"https://about.twitter.com/products/tweetdeck\" rel=\"nofollow\">TweetDeck</a>",
            "in_reply_to_status_id": null,
            "in_reply_to_screen_name": null,
            "retweet_count": 7,
            "lang": "en",
            "coordinates": null,
            "in_reply_to_user_id_str": null,
            "favorited": false,
            "text": "#Trump\u2019s #CIA pick would reinstate US collection of phone data. #surveillance https://t.co/Jnkdf7exRu via @egelko https://t.co/Ygvh5R5RWi",
            "created_at": "Tue Nov 22 04:00:01 +0000 2016",
            "possibly_sensitive": false,
            "geo": null,
            "user": {
                "profile_banner_url": "https://pbs.twimg.com/profile_banners/121597316/1431378314",
                "notifications": false,
                "profile_background_image_url_https": "https://abs.twimg.com/images/themes/theme15/bg.png",
                "friends_count": 156,
                "profile_background_color": "000000",
                "profile_link_color": "FA743E",
                "profile_background_tile": false,
                "id": 121597316,
                "id_str": "121597316",
                "favourites_count": 2576,
                "profile_sidebar_border_color": "000000",
                "utc_offset": -28800,
                "contributors_enabled": false,
                "description": "The Voice of the West. The Voice of San Francisco and the Bay Area.",
                "is_translator": false,
                "follow_request_sent": false,
                "profile_use_background_image": false,
                "profile_image_url": "http://pbs.twimg.com/profile_images/695773573919543296/Q1mS960c_normal.jpg",
                "profile_text_color": "000000",
                "is_translation_enabled": false,
                "profile_sidebar_fill_color": "000000",
                "has_extended_profile": false,
                "listed_count": 2172,
                "url": "https://t.co/CV0gqM16Hp",
                "lang": "en",
                "statuses_count": 46968,
                "screen_name": "sfchronicle",
                "protected": false,
                "name": "SFChronicle",
                "translator_type": "none",
                "following": false,
                "followers_count": 102128,
                "default_profile": false,
                "profile_background_image_url": "http://abs.twimg.com/images/themes/theme15/bg.png",
                "entities": {
                    "url": {
                        "urls": [
                            {
                                "expanded_url": "http://SFChronicle.com",
                                "display_url": "SFChronicle.com",
                                "url": "https://t.co/CV0gqM16Hp",
                                "indices": [
                                    0,
                                    23
                                ]
                            }
                        ]
                    },
                    "description": {
                        "urls": []
                    }
                },
                "verified": true,
                "location": "San Francisco, CA",
                "profile_image_url_https": "https://pbs.twimg.com/profile_images/695773573919543296/Q1mS960c_normal.jpg",
                "time_zone": "Pacific Time (US & Canada)",
                "created_at": "Wed Mar 10 00:44:07 +0000 2010",
                "geo_enabled": false,
                "default_profile_image": false
            },
            "entities": {
                "hashtags": [
                    {
                        "text": "Trump",
                        "indices": [
                            0,
                            6
                        ]
                    },
                    {
                        "text": "CIA",
                        "indices": [
                            9,
                            13
                        ]
                    },
                    {
                        "text": "surveillance",
                        "indices": [
                            64,
                            77
                        ]
                    }
                ],
                "urls": [
                    {
                        "expanded_url": "http://www.sfchronicle.com/nation/article/Trump-s-CIA-pick-would-reinstate-US-collection-10628986.php?t=ac7b4f3db9&cmpid=twitter-premium",
                        "display_url": "sfchronicle.com/nation/article\u2026",
                        "url": "https://t.co/Jnkdf7exRu",
                        "indices": [
                            78,
                            101
                        ]
                    }
                ],
                "user_mentions": [
                    {
                        "id_str": "1531505672",
                        "name": "Bob Egelko",
                        "id": 1531505672,
                        "indices": [
                            106,
                            113
                        ],
                        "screen_name": "egelko"
                    }
                ],
                "symbols": [],
                "media": [
                    {
                        "id_str": "800851298794938368",
                        "expanded_url": "https://twitter.com/sfchronicle/status/800911686848937984/photo/1",
                        "display_url": "pic.twitter.com/Ygvh5R5RWi",
                        "url": "https://t.co/Ygvh5R5RWi",
                        "sizes": {
                            "large": {
                                "h": 630,
                                "resize": "fit",
                                "w": 1200
                            },
                            "small": {
                                "h": 357,
                                "resize": "fit",
                                "w": 680
                            },
                            "medium": {
                                "h": 630,
                                "resize": "fit",
                                "w": 1200
                            },
                            "thumb": {
                                "h": 150,
                                "resize": "crop",
                                "w": 150
                            }
                        },
                        "media_url": "http://pbs.twimg.com/media/Cx0yA16VIAAZsTW.jpg",
                        "media_url_https": "https://pbs.twimg.com/media/Cx0yA16VIAAZsTW.jpg",
                        "id": 800851298794938368,
                        "type": "photo",
                        "indices": [
                            114,
                            137
                        ]
                    }
                ]
            },
            "extended_entities": {
                "media": [
                    {
                        "id_str": "800851298794938368",
                        "expanded_url": "https://twitter.com/sfchronicle/status/800911686848937984/photo/1",
                        "display_url": "pic.twitter.com/Ygvh5R5RWi",
                        "url": "https://t.co/Ygvh5R5RWi",
                        "sizes": {
                            "large": {
                                "h": 630,
                                "resize": "fit",
                                "w": 1200
                            },
                            "small": {
                                "h": 357,
                                "resize": "fit",
                                "w": 680
                            },
                            "medium": {
                                "h": 630,
                                "resize": "fit",
                                "w": 1200
                            },
                            "thumb": {
                                "h": 150,
                                "resize": "crop",
                                "w": 150
                            }
                        },
                        "media_url": "http://pbs.twimg.com/media/Cx0yA16VIAAZsTW.jpg",
                        "media_url_https": "https://pbs.twimg.com/media/Cx0yA16VIAAZsTW.jpg",
                        "id": 800851298794938368,
                        "type": "photo",
                        "indices": [
                            114,
                            137
                        ]
                    }
                ]
            },
            "retweeted": false,
            "in_reply_to_status_id_str": null,
            "truncated": false
        },
        {
            "favorite_count": 6,
            "id": 800896589657206784,
            "place": null,
            "is_quote_status": false,
            "id_str": "800896589657206784",
            "contributors": null,
            "metadata": {
                "iso_language_code": "en",
                "result_type": "recent"
            },
            "in_reply_to_user_id": null,
            "source": "<a href=\"https://about.twitter.com/products/tweetdeck\" rel=\"nofollow\">TweetDeck</a>",
            "in_reply_to_status_id": null,
            "in_reply_to_screen_name": null,
            "retweet_count": 5,
            "lang": "en",
            "coordinates": null,
            "in_reply_to_user_id_str": null,
            "favorited": false,
            "text": "Editorial: Will #Congress be a watchdog over #Trump\u2019s conflicts of interest? https://t.co/yDysVxYUPL https://t.co/zLrCpgBnW6",
            "created_at": "Tue Nov 22 03:00:01 +0000 2016",
            "possibly_sensitive": false,
            "geo": null,
            "user": {
                "profile_banner_url": "https://pbs.twimg.com/profile_banners/121597316/1431378314",
                "notifications": false,
                "profile_background_image_url_https": "https://abs.twimg.com/images/themes/theme15/bg.png",
                "friends_count": 156,
                "profile_background_color": "000000",
                "profile_link_color": "FA743E",
                "profile_background_tile": false,
                "id": 121597316,
                "id_str": "121597316",
                "favourites_count": 2576,
                "profile_sidebar_border_color": "000000",
                "utc_offset": -28800,
                "contributors_enabled": false,
                "description": "The Voice of the West. The Voice of San Francisco and the Bay Area.",
                "is_translator": false,
                "follow_request_sent": false,
                "profile_use_background_image": false,
                "profile_image_url": "http://pbs.twimg.com/profile_images/695773573919543296/Q1mS960c_normal.jpg",
                "profile_text_color": "000000",
                "is_translation_enabled": false,
                "profile_sidebar_fill_color": "000000",
                "has_extended_profile": false,
                "listed_count": 2172,
                "url": "https://t.co/CV0gqM16Hp",
                "lang": "en",
                "statuses_count": 46968,
                "screen_name": "sfchronicle",
                "protected": false,
                "name": "SFChronicle",
                "translator_type": "none",
                "following": false,
                "followers_count": 102128,
                "default_profile": false,
                "profile_background_image_url": "http://abs.twimg.com/images/themes/theme15/bg.png",
                "entities": {
                    "url": {
                        "urls": [
                            {
                                "expanded_url": "http://SFChronicle.com",
                                "display_url": "SFChronicle.com",
                                "url": "https://t.co/CV0gqM16Hp",
                                "indices": [
                                    0,
                                    23
                                ]
                            }
                        ]
                    },
                    "description": {
                        "urls": []
                    }
                },
                "verified": true,
                "location": "San Francisco, CA",
                "profile_image_url_https": "https://pbs.twimg.com/profile_images/695773573919543296/Q1mS960c_normal.jpg",
                "time_zone": "Pacific Time (US & Canada)",
                "created_at": "Wed Mar 10 00:44:07 +0000 2010",
                "geo_enabled": false,
                "default_profile_image": false
            },
            "entities": {
                "hashtags": [
                    {
                        "text": "Congress",
                        "indices": [
                            16,
                            25
                        ]
                    },
                    {
                        "text": "Trump",
                        "indices": [
                            45,
                            51
                        ]
                    }
                ],
                "urls": [
                    {
                        "expanded_url": "http://www.sfchronicle.com/opinion/editorials/article/Will-Congress-be-a-watchdog-over-Trump-s-10629138.php?t=fc68a8f2a1&cmpid=twitter-premium",
                        "display_url": "sfchronicle.com/opinion/editor\u2026",
                        "url": "https://t.co/yDysVxYUPL",
                        "indices": [
                            77,
                            100
                        ]
                    }
                ],
                "user_mentions": [],
                "symbols": [],
                "media": [
                    {
                        "id_str": "800880876473040896",
                        "expanded_url": "https://twitter.com/sfchronicle/status/800896589657206784/photo/1",
                        "display_url": "pic.twitter.com/zLrCpgBnW6",
                        "url": "https://t.co/zLrCpgBnW6",
                        "sizes": {
                            "large": {
                                "h": 518,
                                "resize": "fit",
                                "w": 922
                            },
                            "small": {
                                "h": 382,
                                "resize": "fit",
                                "w": 680
                            },
                            "thumb": {
                                "h": 150,
                                "resize": "crop",
                                "w": 150
                            },
                            "medium": {
                                "h": 518,
                                "resize": "fit",
                                "w": 922
                            }
                        },
                        "media_url": "http://pbs.twimg.com/media/Cx1M6fWUQAA1CYw.jpg",
                        "media_url_https": "https://pbs.twimg.com/media/Cx1M6fWUQAA1CYw.jpg",
                        "id": 800880876473040896,
                        "type": "photo",
                        "indices": [
                            101,
                            124
                        ]
                    }
                ]
            },
            "extended_entities": {
                "media": [
                    {
                        "id_str": "800880876473040896",
                        "expanded_url": "https://twitter.com/sfchronicle/status/800896589657206784/photo/1",
                        "display_url": "pic.twitter.com/zLrCpgBnW6",
                        "url": "https://t.co/zLrCpgBnW6",
                        "sizes": {
                            "large": {
                                "h": 518,
                                "resize": "fit",
                                "w": 922
                            },
                            "small": {
                                "h": 382,
                                "resize": "fit",
                                "w": 680
                            },
                            "thumb": {
                                "h": 150,
                                "resize": "crop",
                                "w": 150
                            },
                            "medium": {
                                "h": 518,
                                "resize": "fit",
                                "w": 922
                            }
                        },
                        "media_url": "http://pbs.twimg.com/media/Cx1M6fWUQAA1CYw.jpg",
                        "media_url_https": "https://pbs.twimg.com/media/Cx1M6fWUQAA1CYw.jpg",
                        "id": 800880876473040896,
                        "type": "photo",
                        "indices": [
                            101,
                            124
                        ]
                    }
                ]
            },
            "retweeted": false,
            "in_reply_to_status_id_str": null,
            "truncated": false
        }
    ]
}