{
    "search_metadata": {
        "since_id": 0,
        "completed_in": 0.042,
        "refresh_url": "?since_id=801076788788985856&q=Trump%20from%3Astltoday%20since%3A2016-11-22%20until%3A2016-11-23%20filter%3Alinks%20-%40stltoday&include_entities=1",
        "count": 100,
        "query": "Trump+from%3Astltoday+since%3A2016-11-22+until%3A2016-11-23+filter%3Alinks+-%40stltoday",
        "max_id_str": "801076788788985856",
        "since_id_str": "0",
        "max_id": 801076788788985856
    },
    "statuses": [
        {
            "favorite_count": 0,
            "id": 801076788788985856,
            "place": null,
            "is_quote_status": false,
            "id_str": "801076788788985856",
            "contributors": null,
            "metadata": {
                "iso_language_code": "en",
                "result_type": "recent"
            },
            "in_reply_to_user_id": null,
            "source": "<a href=\"http://dlvr.it\" rel=\"nofollow\">dlvr.it</a>",
            "in_reply_to_status_id": null,
            "in_reply_to_screen_name": null,
            "retweet_count": 1,
            "lang": "en",
            "coordinates": null,
            "in_reply_to_user_id_str": null,
            "favorited": false,
            "text": "The Latest: Trump aide suggests he wants no Clinton probe https://t.co/u0Qhb6MlTi",
            "created_at": "Tue Nov 22 14:56:04 +0000 2016",
            "possibly_sensitive": false,
            "geo": null,
            "user": {
                "profile_banner_url": "https://pbs.twimg.com/profile_banners/6039302/1414685197",
                "notifications": false,
                "profile_background_image_url_https": "https://pbs.twimg.com/profile_background_images/120432356/twitter-stltodayMain.jpg",
                "friends_count": 130,
                "profile_background_color": "990000",
                "profile_link_color": "990000",
                "profile_background_tile": false,
                "id": 6039302,
                "id_str": "6039302",
                "favourites_count": 1383,
                "profile_sidebar_border_color": "000000",
                "utc_offset": -21600,
                "contributors_enabled": false,
                "description": "St. Louis Post-Dispatch news, sports, business, features, blogs, photos and video. @Weatherbird is the Twitter ambassador for the P-D.",
                "is_translator": false,
                "follow_request_sent": false,
                "profile_use_background_image": false,
                "profile_image_url": "http://pbs.twimg.com/profile_images/766662678819373056/G64e6PTO_normal.jpg",
                "profile_text_color": "000000",
                "is_translation_enabled": false,
                "profile_sidebar_fill_color": "FFFFFF",
                "has_extended_profile": false,
                "listed_count": 2469,
                "url": "http://t.co/Z1ZQ0mDZMD",
                "lang": "en",
                "statuses_count": 114660,
                "screen_name": "stltoday",
                "protected": false,
                "name": "STLtoday",
                "translator_type": "none",
                "following": false,
                "followers_count": 170403,
                "default_profile": false,
                "profile_background_image_url": "http://pbs.twimg.com/profile_background_images/120432356/twitter-stltodayMain.jpg",
                "entities": {
                    "url": {
                        "urls": [
                            {
                                "expanded_url": "http://www.stltoday.com",
                                "display_url": "stltoday.com",
                                "url": "http://t.co/Z1ZQ0mDZMD",
                                "indices": [
                                    0,
                                    22
                                ]
                            }
                        ]
                    },
                    "description": {
                        "urls": []
                    }
                },
                "verified": true,
                "location": "St. Louis, Mo.",
                "profile_image_url_https": "https://pbs.twimg.com/profile_images/766662678819373056/G64e6PTO_normal.jpg",
                "time_zone": "Central Time (US & Canada)",
                "created_at": "Mon May 14 17:51:34 +0000 2007",
                "geo_enabled": false,
                "default_profile_image": false
            },
            "entities": {
                "hashtags": [],
                "urls": [
                    {
                        "expanded_url": "http://www.stltoday.com/news/national/govt-and-politics/the-latest-trump-aide-suggests-he-wants-no-clinton-probe/article_bbf9d529-459a-5c59-aabf-99e89a43a4d4.html?utm_source=dlvr.it&utm_medium=twitter",
                        "display_url": "stltoday.com/news/national/\u2026",
                        "url": "https://t.co/u0Qhb6MlTi",
                        "indices": [
                            58,
                            81
                        ]
                    }
                ],
                "user_mentions": [],
                "symbols": []
            },
            "retweeted": false,
            "in_reply_to_status_id_str": null,
            "truncated": false
        },
        {
            "favorite_count": 2,
            "id": 801057699416813569,
            "place": null,
            "is_quote_status": false,
            "id_str": "801057699416813569",
            "contributors": null,
            "metadata": {
                "iso_language_code": "en",
                "result_type": "recent"
            },
            "in_reply_to_user_id": null,
            "source": "<a href=\"http://dlvr.it\" rel=\"nofollow\">dlvr.it</a>",
            "in_reply_to_status_id": null,
            "in_reply_to_screen_name": null,
            "retweet_count": 0,
            "lang": "en",
            "coordinates": null,
            "in_reply_to_user_id_str": null,
            "favorited": false,
            "text": "Trump's outline for the first 100 days https://t.co/4XIuQ9i1rE https://t.co/vkLOOijJ2B",
            "created_at": "Tue Nov 22 13:40:13 +0000 2016",
            "possibly_sensitive": false,
            "geo": null,
            "user": {
                "profile_banner_url": "https://pbs.twimg.com/profile_banners/6039302/1414685197",
                "notifications": false,
                "profile_background_image_url_https": "https://pbs.twimg.com/profile_background_images/120432356/twitter-stltodayMain.jpg",
                "friends_count": 130,
                "profile_background_color": "990000",
                "profile_link_color": "990000",
                "profile_background_tile": false,
                "id": 6039302,
                "id_str": "6039302",
                "favourites_count": 1383,
                "profile_sidebar_border_color": "000000",
                "utc_offset": -21600,
                "contributors_enabled": false,
                "description": "St. Louis Post-Dispatch news, sports, business, features, blogs, photos and video. @Weatherbird is the Twitter ambassador for the P-D.",
                "is_translator": false,
                "follow_request_sent": false,
                "profile_use_background_image": false,
                "profile_image_url": "http://pbs.twimg.com/profile_images/766662678819373056/G64e6PTO_normal.jpg",
                "profile_text_color": "000000",
                "is_translation_enabled": false,
                "profile_sidebar_fill_color": "FFFFFF",
                "has_extended_profile": false,
                "listed_count": 2469,
                "url": "http://t.co/Z1ZQ0mDZMD",
                "lang": "en",
                "statuses_count": 114660,
                "screen_name": "stltoday",
                "protected": false,
                "name": "STLtoday",
                "translator_type": "none",
                "following": false,
                "followers_count": 170403,
                "default_profile": false,
                "profile_background_image_url": "http://pbs.twimg.com/profile_background_images/120432356/twitter-stltodayMain.jpg",
                "entities": {
                    "url": {
                        "urls": [
                            {
                                "expanded_url": "http://www.stltoday.com",
                                "display_url": "stltoday.com",
                                "url": "http://t.co/Z1ZQ0mDZMD",
                                "indices": [
                                    0,
                                    22
                                ]
                            }
                        ]
                    },
                    "description": {
                        "urls": []
                    }
                },
                "verified": true,
                "location": "St. Louis, Mo.",
                "profile_image_url_https": "https://pbs.twimg.com/profile_images/766662678819373056/G64e6PTO_normal.jpg",
                "time_zone": "Central Time (US & Canada)",
                "created_at": "Mon May 14 17:51:34 +0000 2007",
                "geo_enabled": false,
                "default_profile_image": false
            },
            "entities": {
                "hashtags": [],
                "urls": [
                    {
                        "expanded_url": "http://www.stltoday.com/news/national/govt-and-politics/trump-s-outline-for-the-first-days/html_155a5f50-6560-59d8-8461-454d0f5ef07b.html?utm_source=dlvr.it&utm_medium=twitter",
                        "display_url": "stltoday.com/news/national/\u2026",
                        "url": "https://t.co/4XIuQ9i1rE",
                        "indices": [
                            39,
                            62
                        ]
                    }
                ],
                "user_mentions": [],
                "symbols": [],
                "media": [
                    {
                        "id_str": "801057695549640705",
                        "expanded_url": "https://twitter.com/stltoday/status/801057699416813569/photo/1",
                        "display_url": "pic.twitter.com/vkLOOijJ2B",
                        "url": "https://t.co/vkLOOijJ2B",
                        "sizes": {
                            "large": {
                                "h": 369,
                                "resize": "fit",
                                "w": 492
                            },
                            "small": {
                                "h": 369,
                                "resize": "fit",
                                "w": 492
                            },
                            "thumb": {
                                "h": 150,
                                "resize": "crop",
                                "w": 150
                            },
                            "medium": {
                                "h": 369,
                                "resize": "fit",
                                "w": 492
                            }
                        },
                        "media_url": "http://pbs.twimg.com/media/Cx3tutvUUAE4W0-.jpg",
                        "media_url_https": "https://pbs.twimg.com/media/Cx3tutvUUAE4W0-.jpg",
                        "id": 801057695549640705,
                        "type": "photo",
                        "indices": [
                            63,
                            86
                        ]
                    }
                ]
            },
            "extended_entities": {
                "media": [
                    {
                        "id_str": "801057695549640705",
                        "expanded_url": "https://twitter.com/stltoday/status/801057699416813569/photo/1",
                        "display_url": "pic.twitter.com/vkLOOijJ2B",
                        "url": "https://t.co/vkLOOijJ2B",
                        "sizes": {
                            "large": {
                                "h": 369,
                                "resize": "fit",
                                "w": 492
                            },
                            "small": {
                                "h": 369,
                                "resize": "fit",
                                "w": 492
                            },
                            "thumb": {
                                "h": 150,
                                "resize": "crop",
                                "w": 150
                            },
                            "medium": {
                                "h": 369,
                                "resize": "fit",
                                "w": 492
                            }
                        },
                        "media_url": "http://pbs.twimg.com/media/Cx3tutvUUAE4W0-.jpg",
                        "media_url_https": "https://pbs.twimg.com/media/Cx3tutvUUAE4W0-.jpg",
                        "id": 801057695549640705,
                        "type": "photo",
                        "indices": [
                            63,
                            86
                        ]
                    }
                ]
            },
            "retweeted": false,
            "in_reply_to_status_id_str": null,
            "truncated": false
        },
        {
            "favorite_count": 1,
            "id": 801057688117354497,
            "place": null,
            "is_quote_status": false,
            "id_str": "801057688117354497",
            "contributors": null,
            "metadata": {
                "iso_language_code": "en",
                "result_type": "recent"
            },
            "in_reply_to_user_id": null,
            "source": "<a href=\"http://dlvr.it\" rel=\"nofollow\">dlvr.it</a>",
            "in_reply_to_status_id": null,
            "in_reply_to_screen_name": null,
            "retweet_count": 0,
            "lang": "en",
            "coordinates": null,
            "in_reply_to_user_id_str": null,
            "favorited": false,
            "text": "Your daily 6: Restaurant's apology over Nazi salute, Trump's media war and woman wins 'right to starve'\u2026 https://t.co/3QWZf2guoQ",
            "created_at": "Tue Nov 22 13:40:10 +0000 2016",
            "possibly_sensitive": false,
            "geo": null,
            "user": {
                "profile_banner_url": "https://pbs.twimg.com/profile_banners/6039302/1414685197",
                "notifications": false,
                "profile_background_image_url_https": "https://pbs.twimg.com/profile_background_images/120432356/twitter-stltodayMain.jpg",
                "friends_count": 130,
                "profile_background_color": "990000",
                "profile_link_color": "990000",
                "profile_background_tile": false,
                "id": 6039302,
                "id_str": "6039302",
                "favourites_count": 1383,
                "profile_sidebar_border_color": "000000",
                "utc_offset": -21600,
                "contributors_enabled": false,
                "description": "St. Louis Post-Dispatch news, sports, business, features, blogs, photos and video. @Weatherbird is the Twitter ambassador for the P-D.",
                "is_translator": false,
                "follow_request_sent": false,
                "profile_use_background_image": false,
                "profile_image_url": "http://pbs.twimg.com/profile_images/766662678819373056/G64e6PTO_normal.jpg",
                "profile_text_color": "000000",
                "is_translation_enabled": false,
                "profile_sidebar_fill_color": "FFFFFF",
                "has_extended_profile": false,
                "listed_count": 2469,
                "url": "http://t.co/Z1ZQ0mDZMD",
                "lang": "en",
                "statuses_count": 114660,
                "screen_name": "stltoday",
                "protected": false,
                "name": "STLtoday",
                "translator_type": "none",
                "following": false,
                "followers_count": 170403,
                "default_profile": false,
                "profile_background_image_url": "http://pbs.twimg.com/profile_background_images/120432356/twitter-stltodayMain.jpg",
                "entities": {
                    "url": {
                        "urls": [
                            {
                                "expanded_url": "http://www.stltoday.com",
                                "display_url": "stltoday.com",
                                "url": "http://t.co/Z1ZQ0mDZMD",
                                "indices": [
                                    0,
                                    22
                                ]
                            }
                        ]
                    },
                    "description": {
                        "urls": []
                    }
                },
                "verified": true,
                "location": "St. Louis, Mo.",
                "profile_image_url_https": "https://pbs.twimg.com/profile_images/766662678819373056/G64e6PTO_normal.jpg",
                "time_zone": "Central Time (US & Canada)",
                "created_at": "Mon May 14 17:51:34 +0000 2007",
                "geo_enabled": false,
                "default_profile_image": false
            },
            "entities": {
                "hashtags": [],
                "urls": [
                    {
                        "expanded_url": "https://twitter.com/i/web/status/801057688117354497",
                        "display_url": "twitter.com/i/web/status/8\u2026",
                        "url": "https://t.co/3QWZf2guoQ",
                        "indices": [
                            105,
                            128
                        ]
                    }
                ],
                "user_mentions": [],
                "symbols": []
            },
            "retweeted": false,
            "in_reply_to_status_id_str": null,
            "truncated": true
        },
        {
            "favorite_count": 17,
            "id": 801056280152449024,
            "place": null,
            "is_quote_status": false,
            "id_str": "801056280152449024",
            "contributors": null,
            "metadata": {
                "iso_language_code": "en",
                "result_type": "recent"
            },
            "in_reply_to_user_id": null,
            "source": "<a href=\"http://dlvr.it\" rel=\"nofollow\">dlvr.it</a>",
            "in_reply_to_status_id": null,
            "in_reply_to_screen_name": null,
            "retweet_count": 8,
            "lang": "en",
            "coordinates": null,
            "in_reply_to_user_id_str": null,
            "favorited": false,
            "text": "Trump's favorability rating jumps; most Americans think he'll do a good job as president https://t.co/JFfQ27NOYY",
            "created_at": "Tue Nov 22 13:34:34 +0000 2016",
            "possibly_sensitive": false,
            "geo": null,
            "user": {
                "profile_banner_url": "https://pbs.twimg.com/profile_banners/6039302/1414685197",
                "notifications": false,
                "profile_background_image_url_https": "https://pbs.twimg.com/profile_background_images/120432356/twitter-stltodayMain.jpg",
                "friends_count": 130,
                "profile_background_color": "990000",
                "profile_link_color": "990000",
                "profile_background_tile": false,
                "id": 6039302,
                "id_str": "6039302",
                "favourites_count": 1383,
                "profile_sidebar_border_color": "000000",
                "utc_offset": -21600,
                "contributors_enabled": false,
                "description": "St. Louis Post-Dispatch news, sports, business, features, blogs, photos and video. @Weatherbird is the Twitter ambassador for the P-D.",
                "is_translator": false,
                "follow_request_sent": false,
                "profile_use_background_image": false,
                "profile_image_url": "http://pbs.twimg.com/profile_images/766662678819373056/G64e6PTO_normal.jpg",
                "profile_text_color": "000000",
                "is_translation_enabled": false,
                "profile_sidebar_fill_color": "FFFFFF",
                "has_extended_profile": false,
                "listed_count": 2469,
                "url": "http://t.co/Z1ZQ0mDZMD",
                "lang": "en",
                "statuses_count": 114660,
                "screen_name": "stltoday",
                "protected": false,
                "name": "STLtoday",
                "translator_type": "none",
                "following": false,
                "followers_count": 170403,
                "default_profile": false,
                "profile_background_image_url": "http://pbs.twimg.com/profile_background_images/120432356/twitter-stltodayMain.jpg",
                "entities": {
                    "url": {
                        "urls": [
                            {
                                "expanded_url": "http://www.stltoday.com",
                                "display_url": "stltoday.com",
                                "url": "http://t.co/Z1ZQ0mDZMD",
                                "indices": [
                                    0,
                                    22
                                ]
                            }
                        ]
                    },
                    "description": {
                        "urls": []
                    }
                },
                "verified": true,
                "location": "St. Louis, Mo.",
                "profile_image_url_https": "https://pbs.twimg.com/profile_images/766662678819373056/G64e6PTO_normal.jpg",
                "time_zone": "Central Time (US & Canada)",
                "created_at": "Mon May 14 17:51:34 +0000 2007",
                "geo_enabled": false,
                "default_profile_image": false
            },
            "entities": {
                "hashtags": [],
                "urls": [
                    {
                        "expanded_url": "http://www.stltoday.com/news/local/govt-and-politics/trump-s-favorability-rating-jumps-most-americans-think-he-ll/article_977a7032-d7d5-5df1-9b56-47c8a78de56a.html?utm_source=dlvr.it&utm_medium=twitter",
                        "display_url": "stltoday.com/news/local/gov\u2026",
                        "url": "https://t.co/JFfQ27NOYY",
                        "indices": [
                            89,
                            112
                        ]
                    }
                ],
                "user_mentions": [],
                "symbols": []
            },
            "retweeted": false,
            "in_reply_to_status_id_str": null,
            "truncated": false
        },
        {
            "favorite_count": 1,
            "id": 800940015396134912,
            "place": null,
            "is_quote_status": false,
            "id_str": "800940015396134912",
            "contributors": null,
            "metadata": {
                "iso_language_code": "en",
                "result_type": "recent"
            },
            "in_reply_to_user_id": null,
            "source": "<a href=\"http://dlvr.it\" rel=\"nofollow\">dlvr.it</a>",
            "in_reply_to_status_id": null,
            "in_reply_to_screen_name": null,
            "retweet_count": 1,
            "lang": "en",
            "coordinates": null,
            "in_reply_to_user_id_str": null,
            "favorited": false,
            "text": "Trump auditions Cabinet prospects high above Manhattan https://t.co/BsZ0w61F4v https://t.co/boSGyiipYI",
            "created_at": "Tue Nov 22 05:52:35 +0000 2016",
            "possibly_sensitive": false,
            "geo": null,
            "user": {
                "profile_banner_url": "https://pbs.twimg.com/profile_banners/6039302/1414685197",
                "notifications": false,
                "profile_background_image_url_https": "https://pbs.twimg.com/profile_background_images/120432356/twitter-stltodayMain.jpg",
                "friends_count": 130,
                "profile_background_color": "990000",
                "profile_link_color": "990000",
                "profile_background_tile": false,
                "id": 6039302,
                "id_str": "6039302",
                "favourites_count": 1383,
                "profile_sidebar_border_color": "000000",
                "utc_offset": -21600,
                "contributors_enabled": false,
                "description": "St. Louis Post-Dispatch news, sports, business, features, blogs, photos and video. @Weatherbird is the Twitter ambassador for the P-D.",
                "is_translator": false,
                "follow_request_sent": false,
                "profile_use_background_image": false,
                "profile_image_url": "http://pbs.twimg.com/profile_images/766662678819373056/G64e6PTO_normal.jpg",
                "profile_text_color": "000000",
                "is_translation_enabled": false,
                "profile_sidebar_fill_color": "FFFFFF",
                "has_extended_profile": false,
                "listed_count": 2469,
                "url": "http://t.co/Z1ZQ0mDZMD",
                "lang": "en",
                "statuses_count": 114660,
                "screen_name": "stltoday",
                "protected": false,
                "name": "STLtoday",
                "translator_type": "none",
                "following": false,
                "followers_count": 170403,
                "default_profile": false,
                "profile_background_image_url": "http://pbs.twimg.com/profile_background_images/120432356/twitter-stltodayMain.jpg",
                "entities": {
                    "url": {
                        "urls": [
                            {
                                "expanded_url": "http://www.stltoday.com",
                                "display_url": "stltoday.com",
                                "url": "http://t.co/Z1ZQ0mDZMD",
                                "indices": [
                                    0,
                                    22
                                ]
                            }
                        ]
                    },
                    "description": {
                        "urls": []
                    }
                },
                "verified": true,
                "location": "St. Louis, Mo.",
                "profile_image_url_https": "https://pbs.twimg.com/profile_images/766662678819373056/G64e6PTO_normal.jpg",
                "time_zone": "Central Time (US & Canada)",
                "created_at": "Mon May 14 17:51:34 +0000 2007",
                "geo_enabled": false,
                "default_profile_image": false
            },
            "entities": {
                "hashtags": [],
                "urls": [
                    {
                        "expanded_url": "http://www.stltoday.com/news/national/govt-and-politics/trump-auditions-cabinet-prospects-high-above-manhattan/article_19c43169-d6e9-5ac3-86c0-0fdf98a4656f.html?utm_source=dlvr.it&utm_medium=twitter",
                        "display_url": "stltoday.com/news/national/\u2026",
                        "url": "https://t.co/BsZ0w61F4v",
                        "indices": [
                            55,
                            78
                        ]
                    }
                ],
                "user_mentions": [],
                "symbols": [],
                "media": [
                    {
                        "id_str": "800940012330024961",
                        "expanded_url": "https://twitter.com/stltoday/status/800940015396134912/photo/1",
                        "display_url": "pic.twitter.com/boSGyiipYI",
                        "url": "https://t.co/boSGyiipYI",
                        "sizes": {
                            "large": {
                                "h": 362,
                                "resize": "fit",
                                "w": 483
                            },
                            "small": {
                                "h": 362,
                                "resize": "fit",
                                "w": 483
                            },
                            "thumb": {
                                "h": 150,
                                "resize": "crop",
                                "w": 150
                            },
                            "medium": {
                                "h": 362,
                                "resize": "fit",
                                "w": 483
                            }
                        },
                        "media_url": "http://pbs.twimg.com/media/Cx2CsplUAAEVLug.jpg",
                        "media_url_https": "https://pbs.twimg.com/media/Cx2CsplUAAEVLug.jpg",
                        "id": 800940012330024961,
                        "type": "photo",
                        "indices": [
                            79,
                            102
                        ]
                    }
                ]
            },
            "extended_entities": {
                "media": [
                    {
                        "id_str": "800940012330024961",
                        "expanded_url": "https://twitter.com/stltoday/status/800940015396134912/photo/1",
                        "display_url": "pic.twitter.com/boSGyiipYI",
                        "url": "https://t.co/boSGyiipYI",
                        "sizes": {
                            "large": {
                                "h": 362,
                                "resize": "fit",
                                "w": 483
                            },
                            "small": {
                                "h": 362,
                                "resize": "fit",
                                "w": 483
                            },
                            "thumb": {
                                "h": 150,
                                "resize": "crop",
                                "w": 150
                            },
                            "medium": {
                                "h": 362,
                                "resize": "fit",
                                "w": 483
                            }
                        },
                        "media_url": "http://pbs.twimg.com/media/Cx2CsplUAAEVLug.jpg",
                        "media_url_https": "https://pbs.twimg.com/media/Cx2CsplUAAEVLug.jpg",
                        "id": 800940012330024961,
                        "type": "photo",
                        "indices": [
                            79,
                            102
                        ]
                    }
                ]
            },
            "retweeted": false,
            "in_reply_to_status_id_str": null,
            "truncated": false
        }
    ]
}