{
    "search_metadata": {
        "since_id": 0,
        "completed_in": 0.023,
        "refresh_url": "?since_id=801184743299682304&q=Trump%20from%3ASuntimes%20since%3A2016-11-22%20until%3A2016-11-23%20filter%3Alinks%20-%40Suntimes&include_entities=1",
        "count": 100,
        "query": "Trump+from%3ASuntimes+since%3A2016-11-22+until%3A2016-11-23+filter%3Alinks+-%40Suntimes",
        "max_id_str": "801184743299682304",
        "since_id_str": "0",
        "max_id": 801184743299682304
    },
    "statuses": [
        {
            "favorite_count": 2,
            "id": 801184743299682304,
            "place": null,
            "is_quote_status": false,
            "id_str": "801184743299682304",
            "contributors": null,
            "metadata": {
                "iso_language_code": "en",
                "result_type": "recent"
            },
            "in_reply_to_user_id": null,
            "source": "<a href=\"https://about.twitter.com/products/tweetdeck\" rel=\"nofollow\">TweetDeck</a>",
            "in_reply_to_status_id": null,
            "in_reply_to_screen_name": null,
            "retweet_count": 5,
            "lang": "en",
            "coordinates": null,
            "in_reply_to_user_id_str": null,
            "favorited": false,
            "text": "Rauner clarifies talk with Trump, says he called the pres-elect - and Rauner says he explained to Trump who he was.\u2026 https://t.co/PT71W4R1R4",
            "created_at": "Tue Nov 22 22:05:02 +0000 2016",
            "possibly_sensitive": false,
            "geo": null,
            "user": {
                "profile_banner_url": "https://pbs.twimg.com/profile_banners/12811952/1441736339",
                "notifications": false,
                "profile_background_image_url_https": "https://pbs.twimg.com/profile_background_images/378800000119561429/8f57893c5f014bffec1871f0b76eb7d2.jpeg",
                "friends_count": 14898,
                "profile_background_color": "FFFFFF",
                "profile_link_color": "3B94D9",
                "profile_background_tile": false,
                "id": 12811952,
                "id_str": "12811952",
                "favourites_count": 4468,
                "profile_sidebar_border_color": "FFFFFF",
                "utc_offset": -21600,
                "contributors_enabled": false,
                "description": "Grab a copy of your new Chicago Sun-Times! More Chicago. More national. More of what matters to you. Tell us what you think: CSTfeedback@suntimes.com",
                "is_translator": false,
                "follow_request_sent": false,
                "profile_use_background_image": false,
                "profile_image_url": "http://pbs.twimg.com/profile_images/575531934157119488/9TaaXkIc_normal.jpeg",
                "profile_text_color": "333333",
                "is_translation_enabled": false,
                "profile_sidebar_fill_color": "EFEFEF",
                "has_extended_profile": false,
                "listed_count": 5737,
                "url": "http://t.co/XmojOL5kOD",
                "lang": "en",
                "statuses_count": 98429,
                "screen_name": "Suntimes",
                "protected": false,
                "name": "Chicago Sun-Times",
                "translator_type": "none",
                "following": false,
                "followers_count": 329377,
                "default_profile": false,
                "profile_background_image_url": "http://pbs.twimg.com/profile_background_images/378800000119561429/8f57893c5f014bffec1871f0b76eb7d2.jpeg",
                "entities": {
                    "url": {
                        "urls": [
                            {
                                "expanded_url": "http://chicago.suntimes.com",
                                "display_url": "chicago.suntimes.com",
                                "url": "http://t.co/XmojOL5kOD",
                                "indices": [
                                    0,
                                    22
                                ]
                            }
                        ]
                    },
                    "description": {
                        "urls": []
                    }
                },
                "verified": true,
                "location": "Chicago, IL",
                "profile_image_url_https": "https://pbs.twimg.com/profile_images/575531934157119488/9TaaXkIc_normal.jpeg",
                "time_zone": "Central Time (US & Canada)",
                "created_at": "Tue Jan 29 02:38:26 +0000 2008",
                "geo_enabled": true,
                "default_profile_image": false
            },
            "entities": {
                "hashtags": [],
                "urls": [
                    {
                        "expanded_url": "https://twitter.com/i/web/status/801184743299682304",
                        "display_url": "twitter.com/i/web/status/8\u2026",
                        "url": "https://t.co/PT71W4R1R4",
                        "indices": [
                            117,
                            140
                        ]
                    }
                ],
                "user_mentions": [],
                "symbols": []
            },
            "retweeted": false,
            "in_reply_to_status_id_str": null,
            "truncated": true
        },
        {
            "favorite_count": 0,
            "place": null,
            "id": 801073070710652928,
            "retweeted_status": {
                "favorite_count": 8,
                "id": 801069145211174912,
                "place": null,
                "is_quote_status": false,
                "id_str": "801069145211174912",
                "contributors": null,
                "metadata": {
                    "iso_language_code": "en",
                    "result_type": "recent"
                },
                "in_reply_to_user_id": null,
                "source": "<a href=\"http://twitter.com/download/iphone\" rel=\"nofollow\">Twitter for iPhone</a>",
                "in_reply_to_status_id": null,
                "in_reply_to_screen_name": null,
                "retweet_count": 5,
                "lang": "en",
                "coordinates": null,
                "in_reply_to_user_id_str": null,
                "favorited": false,
                "text": "Editorial: #DonaldTrump \u2019s new team is designed to take the low road https://t.co/XLVOXoFmKb https://t.co/Vy7rQFtWbE",
                "created_at": "Tue Nov 22 14:25:42 +0000 2016",
                "possibly_sensitive": false,
                "geo": null,
                "user": {
                    "profile_banner_url": "https://pbs.twimg.com/profile_banners/35633666/1362591794",
                    "notifications": false,
                    "profile_background_image_url_https": "https://pbs.twimg.com/profile_background_images/809713864/b8539f067f57c89cab0f47aff35abdbd.jpeg",
                    "friends_count": 1629,
                    "profile_background_color": "C0DEED",
                    "profile_link_color": "8600B3",
                    "profile_background_tile": false,
                    "id": 35633666,
                    "id_str": "35633666",
                    "favourites_count": 78,
                    "profile_sidebar_border_color": "FFFFFF",
                    "utc_offset": -21600,
                    "contributors_enabled": false,
                    "description": "Editorial writer for Chicago Sun-Times, politics, public issues, local and Illinois government. I also tweet at @CSTeditorials and @BiblioFile_SMA",
                    "is_translator": false,
                    "follow_request_sent": false,
                    "profile_use_background_image": true,
                    "profile_image_url": "http://pbs.twimg.com/profile_images/1055742002/Thomas_Frisbie3j_normal.jpg",
                    "profile_text_color": "333333",
                    "is_translation_enabled": false,
                    "profile_sidebar_fill_color": "DDEEF6",
                    "has_extended_profile": false,
                    "listed_count": 177,
                    "url": "http://t.co/qj3QaBIJ3z",
                    "lang": "en",
                    "statuses_count": 5188,
                    "screen_name": "thomasfrisbie",
                    "protected": false,
                    "name": "Thomas Frisbie",
                    "translator_type": "none",
                    "following": false,
                    "followers_count": 2150,
                    "default_profile": false,
                    "profile_background_image_url": "http://pbs.twimg.com/profile_background_images/809713864/b8539f067f57c89cab0f47aff35abdbd.jpeg",
                    "entities": {
                        "url": {
                            "urls": [
                                {
                                    "expanded_url": "http://www.suntimes.com/opinions/index.html",
                                    "display_url": "suntimes.com/opinions/index\u2026",
                                    "url": "http://t.co/qj3QaBIJ3z",
                                    "indices": [
                                        0,
                                        22
                                    ]
                                }
                            ]
                        },
                        "description": {
                            "urls": []
                        }
                    },
                    "verified": false,
                    "location": "Chicago",
                    "profile_image_url_https": "https://pbs.twimg.com/profile_images/1055742002/Thomas_Frisbie3j_normal.jpg",
                    "time_zone": "Central Time (US & Canada)",
                    "created_at": "Mon Apr 27 01:53:49 +0000 2009",
                    "geo_enabled": false,
                    "default_profile_image": false
                },
                "entities": {
                    "hashtags": [
                        {
                            "text": "DonaldTrump",
                            "indices": [
                                11,
                                23
                            ]
                        }
                    ],
                    "urls": [
                        {
                            "expanded_url": "http://chicago.suntimes.com/opinion/editorial-trump-cabinet-plays-to-his-worst-instincts/",
                            "display_url": "chicago.suntimes.com/opinion/editor\u2026",
                            "url": "https://t.co/XLVOXoFmKb",
                            "indices": [
                                69,
                                92
                            ]
                        }
                    ],
                    "user_mentions": [],
                    "symbols": [],
                    "media": [
                        {
                            "id_str": "801069140840710144",
                            "expanded_url": "https://twitter.com/thomasfrisbie/status/801069145211174912/photo/1",
                            "display_url": "pic.twitter.com/Vy7rQFtWbE",
                            "url": "https://t.co/Vy7rQFtWbE",
                            "sizes": {
                                "large": {
                                    "h": 503,
                                    "resize": "fit",
                                    "w": 670
                                },
                                "small": {
                                    "h": 503,
                                    "resize": "fit",
                                    "w": 670
                                },
                                "medium": {
                                    "h": 503,
                                    "resize": "fit",
                                    "w": 670
                                },
                                "thumb": {
                                    "h": 150,
                                    "resize": "crop",
                                    "w": 150
                                }
                            },
                            "media_url": "http://pbs.twimg.com/media/Cx34I6xWgAA8nys.jpg",
                            "media_url_https": "https://pbs.twimg.com/media/Cx34I6xWgAA8nys.jpg",
                            "id": 801069140840710144,
                            "type": "photo",
                            "indices": [
                                93,
                                116
                            ]
                        }
                    ]
                },
                "extended_entities": {
                    "media": [
                        {
                            "id_str": "801069140840710144",
                            "expanded_url": "https://twitter.com/thomasfrisbie/status/801069145211174912/photo/1",
                            "display_url": "pic.twitter.com/Vy7rQFtWbE",
                            "url": "https://t.co/Vy7rQFtWbE",
                            "sizes": {
                                "large": {
                                    "h": 503,
                                    "resize": "fit",
                                    "w": 670
                                },
                                "small": {
                                    "h": 503,
                                    "resize": "fit",
                                    "w": 670
                                },
                                "medium": {
                                    "h": 503,
                                    "resize": "fit",
                                    "w": 670
                                },
                                "thumb": {
                                    "h": 150,
                                    "resize": "crop",
                                    "w": 150
                                }
                            },
                            "media_url": "http://pbs.twimg.com/media/Cx34I6xWgAA8nys.jpg",
                            "media_url_https": "https://pbs.twimg.com/media/Cx34I6xWgAA8nys.jpg",
                            "id": 801069140840710144,
                            "type": "photo",
                            "indices": [
                                93,
                                116
                            ]
                        }
                    ]
                },
                "retweeted": false,
                "in_reply_to_status_id_str": null,
                "truncated": false
            },
            "is_quote_status": false,
            "id_str": "801073070710652928",
            "contributors": null,
            "metadata": {
                "iso_language_code": "en",
                "result_type": "recent"
            },
            "in_reply_to_user_id": null,
            "source": "<a href=\"http://twitter.com/download/iphone\" rel=\"nofollow\">Twitter for iPhone</a>",
            "in_reply_to_status_id": null,
            "in_reply_to_screen_name": null,
            "retweet_count": 5,
            "lang": "en",
            "coordinates": null,
            "in_reply_to_user_id_str": null,
            "favorited": false,
            "text": "RT @thomasfrisbie: Editorial: #DonaldTrump \u2019s new team is designed to take the low road https://t.co/XLVOXoFmKb https://t.co/Vy7rQFtWbE",
            "created_at": "Tue Nov 22 14:41:17 +0000 2016",
            "possibly_sensitive": false,
            "geo": null,
            "user": {
                "profile_banner_url": "https://pbs.twimg.com/profile_banners/12811952/1441736339",
                "notifications": false,
                "profile_background_image_url_https": "https://pbs.twimg.com/profile_background_images/378800000119561429/8f57893c5f014bffec1871f0b76eb7d2.jpeg",
                "friends_count": 14898,
                "profile_background_color": "FFFFFF",
                "profile_link_color": "3B94D9",
                "profile_background_tile": false,
                "id": 12811952,
                "id_str": "12811952",
                "favourites_count": 4468,
                "profile_sidebar_border_color": "FFFFFF",
                "utc_offset": -21600,
                "contributors_enabled": false,
                "description": "Grab a copy of your new Chicago Sun-Times! More Chicago. More national. More of what matters to you. Tell us what you think: CSTfeedback@suntimes.com",
                "is_translator": false,
                "follow_request_sent": false,
                "profile_use_background_image": false,
                "profile_image_url": "http://pbs.twimg.com/profile_images/575531934157119488/9TaaXkIc_normal.jpeg",
                "profile_text_color": "333333",
                "is_translation_enabled": false,
                "profile_sidebar_fill_color": "EFEFEF",
                "has_extended_profile": false,
                "listed_count": 5737,
                "url": "http://t.co/XmojOL5kOD",
                "lang": "en",
                "statuses_count": 98429,
                "screen_name": "Suntimes",
                "protected": false,
                "name": "Chicago Sun-Times",
                "translator_type": "none",
                "following": false,
                "followers_count": 329377,
                "default_profile": false,
                "profile_background_image_url": "http://pbs.twimg.com/profile_background_images/378800000119561429/8f57893c5f014bffec1871f0b76eb7d2.jpeg",
                "entities": {
                    "url": {
                        "urls": [
                            {
                                "expanded_url": "http://chicago.suntimes.com",
                                "display_url": "chicago.suntimes.com",
                                "url": "http://t.co/XmojOL5kOD",
                                "indices": [
                                    0,
                                    22
                                ]
                            }
                        ]
                    },
                    "description": {
                        "urls": []
                    }
                },
                "verified": true,
                "location": "Chicago, IL",
                "profile_image_url_https": "https://pbs.twimg.com/profile_images/575531934157119488/9TaaXkIc_normal.jpeg",
                "time_zone": "Central Time (US & Canada)",
                "created_at": "Tue Jan 29 02:38:26 +0000 2008",
                "geo_enabled": true,
                "default_profile_image": false
            },
            "entities": {
                "hashtags": [
                    {
                        "text": "DonaldTrump",
                        "indices": [
                            30,
                            42
                        ]
                    }
                ],
                "urls": [
                    {
                        "expanded_url": "http://chicago.suntimes.com/opinion/editorial-trump-cabinet-plays-to-his-worst-instincts/",
                        "display_url": "chicago.suntimes.com/opinion/editor\u2026",
                        "url": "https://t.co/XLVOXoFmKb",
                        "indices": [
                            88,
                            111
                        ]
                    }
                ],
                "user_mentions": [
                    {
                        "id_str": "35633666",
                        "name": "Thomas Frisbie",
                        "id": 35633666,
                        "indices": [
                            3,
                            17
                        ],
                        "screen_name": "thomasfrisbie"
                    }
                ],
                "symbols": [],
                "media": [
                    {
                        "expanded_url": "https://twitter.com/thomasfrisbie/status/801069145211174912/photo/1",
                        "display_url": "pic.twitter.com/Vy7rQFtWbE",
                        "url": "https://t.co/Vy7rQFtWbE",
                        "source_user_id": 35633666,
                        "media_url": "http://pbs.twimg.com/media/Cx34I6xWgAA8nys.jpg",
                        "id": 801069140840710144,
                        "source_user_id_str": "35633666",
                        "id_str": "801069140840710144",
                        "source_status_id": 801069145211174912,
                        "source_status_id_str": "801069145211174912",
                        "media_url_https": "https://pbs.twimg.com/media/Cx34I6xWgAA8nys.jpg",
                        "sizes": {
                            "large": {
                                "h": 503,
                                "resize": "fit",
                                "w": 670
                            },
                            "small": {
                                "h": 503,
                                "resize": "fit",
                                "w": 670
                            },
                            "medium": {
                                "h": 503,
                                "resize": "fit",
                                "w": 670
                            },
                            "thumb": {
                                "h": 150,
                                "resize": "crop",
                                "w": 150
                            }
                        },
                        "type": "photo",
                        "indices": [
                            112,
                            135
                        ]
                    }
                ]
            },
            "extended_entities": {
                "media": [
                    {
                        "expanded_url": "https://twitter.com/thomasfrisbie/status/801069145211174912/photo/1",
                        "display_url": "pic.twitter.com/Vy7rQFtWbE",
                        "url": "https://t.co/Vy7rQFtWbE",
                        "source_user_id": 35633666,
                        "media_url": "http://pbs.twimg.com/media/Cx34I6xWgAA8nys.jpg",
                        "id": 801069140840710144,
                        "source_user_id_str": "35633666",
                        "id_str": "801069140840710144",
                        "source_status_id": 801069145211174912,
                        "source_status_id_str": "801069145211174912",
                        "media_url_https": "https://pbs.twimg.com/media/Cx34I6xWgAA8nys.jpg",
                        "sizes": {
                            "large": {
                                "h": 503,
                                "resize": "fit",
                                "w": 670
                            },
                            "small": {
                                "h": 503,
                                "resize": "fit",
                                "w": 670
                            },
                            "medium": {
                                "h": 503,
                                "resize": "fit",
                                "w": 670
                            },
                            "thumb": {
                                "h": 150,
                                "resize": "crop",
                                "w": 150
                            }
                        },
                        "type": "photo",
                        "indices": [
                            112,
                            135
                        ]
                    }
                ]
            },
            "retweeted": false,
            "in_reply_to_status_id_str": null,
            "truncated": false
        }
    ]
}