{
    "search_metadata": {
        "since_id": 0,
        "completed_in": 0.028,
        "refresh_url": "?since_id=801091609744044032&q=Trump%20from%3Atheadvocatebr%20since%3A2016-11-22%20until%3A2016-11-23%20filter%3Alinks%20-%40theadvocatebr&include_entities=1",
        "count": 100,
        "query": "Trump+from%3Atheadvocatebr+since%3A2016-11-22+until%3A2016-11-23+filter%3Alinks+-%40theadvocatebr",
        "max_id_str": "801091609744044032",
        "since_id_str": "0",
        "max_id": 801091609744044032
    },
    "statuses": [
        {
            "favorite_count": 3,
            "id": 801091609744044032,
            "place": null,
            "is_quote_status": false,
            "id_str": "801091609744044032",
            "contributors": null,
            "metadata": {
                "iso_language_code": "en",
                "result_type": "recent"
            },
            "in_reply_to_user_id": null,
            "source": "<a href=\"https://about.twitter.com/products/tweetdeck\" rel=\"nofollow\">TweetDeck</a>",
            "in_reply_to_status_id": null,
            "in_reply_to_screen_name": null,
            "retweet_count": 1,
            "lang": "en",
            "coordinates": null,
            "in_reply_to_user_id_str": null,
            "favorited": false,
            "text": "Donald Trump \"doesn't wish to pursue\" probe into Hillary Clinton emails, adviser says https://t.co/vPxmzKtHUj",
            "created_at": "Tue Nov 22 15:54:57 +0000 2016",
            "possibly_sensitive": false,
            "geo": null,
            "user": {
                "profile_banner_url": "https://pbs.twimg.com/profile_banners/3983511/1471736454",
                "notifications": false,
                "profile_background_image_url_https": "https://pbs.twimg.com/profile_background_images/681940932950765568/P91Q7-k6.jpg",
                "friends_count": 384,
                "profile_background_color": "BD2012",
                "profile_link_color": "731212",
                "profile_background_tile": false,
                "id": 3983511,
                "id_str": "3983511",
                "favourites_count": 50,
                "profile_sidebar_border_color": "FFFFFF",
                "utc_offset": -21600,
                "contributors_enabled": false,
                "description": "Breaking News and updates for South Louisiana and the Baton Rouge area powered by The Advocate newspaper and http://t.co/jdm4tF8XPc",
                "is_translator": false,
                "follow_request_sent": false,
                "profile_use_background_image": true,
                "profile_image_url": "http://pbs.twimg.com/profile_images/1827534749/AdvocateAppIcon_normal.jpg",
                "profile_text_color": "333333",
                "is_translation_enabled": false,
                "profile_sidebar_fill_color": "FAFAFA",
                "has_extended_profile": false,
                "listed_count": 864,
                "url": "http://t.co/bLKAtqmwi2",
                "lang": "en",
                "statuses_count": 55772,
                "screen_name": "theadvocatebr",
                "protected": false,
                "name": "The Advocate",
                "translator_type": "none",
                "following": false,
                "followers_count": 64906,
                "default_profile": false,
                "profile_background_image_url": "http://pbs.twimg.com/profile_background_images/681940932950765568/P91Q7-k6.jpg",
                "entities": {
                    "url": {
                        "urls": [
                            {
                                "expanded_url": "http://theadvocate.com/",
                                "display_url": "theadvocate.com",
                                "url": "http://t.co/bLKAtqmwi2",
                                "indices": [
                                    0,
                                    22
                                ]
                            }
                        ]
                    },
                    "description": {
                        "urls": [
                            {
                                "expanded_url": "http://theadvocate.com",
                                "display_url": "theadvocate.com",
                                "url": "http://t.co/jdm4tF8XPc",
                                "indices": [
                                    109,
                                    131
                                ]
                            }
                        ]
                    }
                },
                "verified": true,
                "location": "Baton Rouge, LA",
                "profile_image_url_https": "https://pbs.twimg.com/profile_images/1827534749/AdvocateAppIcon_normal.jpg",
                "time_zone": "Central Time (US & Canada)",
                "created_at": "Tue Apr 10 04:37:30 +0000 2007",
                "geo_enabled": false,
                "default_profile_image": false
            },
            "entities": {
                "hashtags": [],
                "urls": [
                    {
                        "expanded_url": "http://bit.ly/2flzc92",
                        "display_url": "bit.ly/2flzc92",
                        "url": "https://t.co/vPxmzKtHUj",
                        "indices": [
                            86,
                            109
                        ]
                    }
                ],
                "user_mentions": [],
                "symbols": []
            },
            "retweeted": false,
            "in_reply_to_status_id_str": null,
            "truncated": false
        },
        {
            "favorite_count": 2,
            "id": 800906954809966593,
            "place": null,
            "is_quote_status": false,
            "id_str": "800906954809966593",
            "contributors": null,
            "metadata": {
                "iso_language_code": "en",
                "result_type": "recent"
            },
            "in_reply_to_user_id": null,
            "source": "<a href=\"http://www.hootsuite.com\" rel=\"nofollow\">Hootsuite</a>",
            "in_reply_to_status_id": null,
            "in_reply_to_screen_name": null,
            "retweet_count": 5,
            "lang": "en",
            "coordinates": null,
            "in_reply_to_user_id_str": null,
            "favorited": false,
            "text": "Video via @TheAtlantic: Neo-Nazi \u2018alt-right\u2019 crowd cheering Trump with \u2018Hail Trump,\u2019 Nazi salutes during speech https://t.co/o4eJnuuBka",
            "created_at": "Tue Nov 22 03:41:12 +0000 2016",
            "possibly_sensitive": false,
            "geo": null,
            "user": {
                "profile_banner_url": "https://pbs.twimg.com/profile_banners/3983511/1471736454",
                "notifications": false,
                "profile_background_image_url_https": "https://pbs.twimg.com/profile_background_images/681940932950765568/P91Q7-k6.jpg",
                "friends_count": 384,
                "profile_background_color": "BD2012",
                "profile_link_color": "731212",
                "profile_background_tile": false,
                "id": 3983511,
                "id_str": "3983511",
                "favourites_count": 50,
                "profile_sidebar_border_color": "FFFFFF",
                "utc_offset": -21600,
                "contributors_enabled": false,
                "description": "Breaking News and updates for South Louisiana and the Baton Rouge area powered by The Advocate newspaper and http://t.co/jdm4tF8XPc",
                "is_translator": false,
                "follow_request_sent": false,
                "profile_use_background_image": true,
                "profile_image_url": "http://pbs.twimg.com/profile_images/1827534749/AdvocateAppIcon_normal.jpg",
                "profile_text_color": "333333",
                "is_translation_enabled": false,
                "profile_sidebar_fill_color": "FAFAFA",
                "has_extended_profile": false,
                "listed_count": 864,
                "url": "http://t.co/bLKAtqmwi2",
                "lang": "en",
                "statuses_count": 55772,
                "screen_name": "theadvocatebr",
                "protected": false,
                "name": "The Advocate",
                "translator_type": "none",
                "following": false,
                "followers_count": 64906,
                "default_profile": false,
                "profile_background_image_url": "http://pbs.twimg.com/profile_background_images/681940932950765568/P91Q7-k6.jpg",
                "entities": {
                    "url": {
                        "urls": [
                            {
                                "expanded_url": "http://theadvocate.com/",
                                "display_url": "theadvocate.com",
                                "url": "http://t.co/bLKAtqmwi2",
                                "indices": [
                                    0,
                                    22
                                ]
                            }
                        ]
                    },
                    "description": {
                        "urls": [
                            {
                                "expanded_url": "http://theadvocate.com",
                                "display_url": "theadvocate.com",
                                "url": "http://t.co/jdm4tF8XPc",
                                "indices": [
                                    109,
                                    131
                                ]
                            }
                        ]
                    }
                },
                "verified": true,
                "location": "Baton Rouge, LA",
                "profile_image_url_https": "https://pbs.twimg.com/profile_images/1827534749/AdvocateAppIcon_normal.jpg",
                "time_zone": "Central Time (US & Canada)",
                "created_at": "Tue Apr 10 04:37:30 +0000 2007",
                "geo_enabled": false,
                "default_profile_image": false
            },
            "entities": {
                "hashtags": [],
                "urls": [
                    {
                        "expanded_url": "http://ow.ly/wGxg306p1vK",
                        "display_url": "ow.ly/wGxg306p1vK",
                        "url": "https://t.co/o4eJnuuBka",
                        "indices": [
                            112,
                            135
                        ]
                    }
                ],
                "user_mentions": [
                    {
                        "id_str": "35773039",
                        "name": "The Atlantic",
                        "id": 35773039,
                        "indices": [
                            10,
                            22
                        ],
                        "screen_name": "TheAtlantic"
                    }
                ],
                "symbols": []
            },
            "retweeted": false,
            "in_reply_to_status_id_str": null,
            "truncated": false
        }
    ]
}