{
    "search_metadata": {
        "count": 100,
        "query": "from%3Abillingsgazette+filter%3Alinks+since%3A2016-11-23+until%3A2016-11-24+marihuana+OR+marijuana+OR+cannabis+-%40billingsgazette",
        "since_id": 0,
        "max_id": 801272313148829696,
        "since_id_str": "0",
        "max_id_str": "801272313148829696",
        "refresh_url": "?since_id=801272313148829696&q=from%3Abillingsgazette%20filter%3Alinks%20since%3A2016-11-23%20until%3A2016-11-24%20marihuana%20OR%20marijuana%20OR%20cannabis%20-%40billingsgazette&include_entities=1",
        "completed_in": 0.022
    },
    "statuses": [
        {
            "truncated": false,
            "retweeted": false,
            "metadata": {
                "result_type": "recent",
                "iso_language_code": "en"
            },
            "retweet_count": 0,
            "created_at": "Wed Nov 23 03:53:01 +0000 2016",
            "in_reply_to_user_id": null,
            "place": null,
            "source": "<a href=\"http://bufferapp.com\" rel=\"nofollow\">Buffer</a>",
            "contributors": null,
            "in_reply_to_status_id_str": null,
            "coordinates": null,
            "is_quote_status": false,
            "user": {
                "notifications": false,
                "translator_type": "none",
                "id": 21243049,
                "profile_background_tile": false,
                "is_translation_enabled": false,
                "screen_name": "billingsgazette",
                "name": "Billings Gazette",
                "followers_count": 25084,
                "profile_sidebar_border_color": "FFFFFF",
                "profile_background_image_url_https": "https://pbs.twimg.com/profile_background_images/208516685/new-twitter-bg-2.png",
                "profile_link_color": "1270C7",
                "is_translator": false,
                "profile_background_color": "231F20",
                "created_at": "Wed Feb 18 21:28:54 +0000 2009",
                "profile_image_url": "http://pbs.twimg.com/profile_images/735542206145003520/jNOWPqD__normal.jpg",
                "profile_banner_url": "https://pbs.twimg.com/profile_banners/21243049/1347984421",
                "default_profile": false,
                "location": "Billings, MT",
                "default_profile_image": false,
                "following": false,
                "profile_use_background_image": true,
                "follow_request_sent": false,
                "protected": false,
                "profile_text_color": "333333",
                "has_extended_profile": false,
                "verified": false,
                "utc_offset": -25200,
                "profile_image_url_https": "https://pbs.twimg.com/profile_images/735542206145003520/jNOWPqD__normal.jpg",
                "friends_count": 697,
                "profile_sidebar_fill_color": "FFFFFF",
                "favourites_count": 556,
                "description": "Montana and Northern Wyoming's largest information provider.",
                "lang": "en",
                "contributors_enabled": false,
                "geo_enabled": true,
                "time_zone": "Mountain Time (US & Canada)",
                "id_str": "21243049",
                "url": "http://t.co/zHuQuiSC2N",
                "statuses_count": 51710,
                "profile_background_image_url": "http://pbs.twimg.com/profile_background_images/208516685/new-twitter-bg-2.png",
                "entities": {
                    "description": {
                        "urls": []
                    },
                    "url": {
                        "urls": [
                            {
                                "indices": [
                                    0,
                                    22
                                ],
                                "expanded_url": "http://www.billingsgazette.com",
                                "display_url": "billingsgazette.com",
                                "url": "http://t.co/zHuQuiSC2N"
                            }
                        ]
                    }
                },
                "listed_count": 452
            },
            "possibly_sensitive": false,
            "in_reply_to_user_id_str": null,
            "in_reply_to_screen_name": null,
            "text": "Lawyer files to implement I-182 immediately to restore access to marijuana patients https://t.co/Xfs2yWlPA8 #mtnews https://t.co/Iksf3b8lrP",
            "id_str": "801272313148829696",
            "id": 801272313148829696,
            "lang": "en",
            "geo": null,
            "favorited": false,
            "in_reply_to_status_id": null,
            "extended_entities": {
                "media": [
                    {
                        "expanded_url": "https://twitter.com/billingsgazette/status/801272313148829696/photo/1",
                        "sizes": {
                            "medium": {
                                "resize": "fit",
                                "w": 640,
                                "h": 360
                            },
                            "thumb": {
                                "resize": "crop",
                                "w": 150,
                                "h": 150
                            },
                            "large": {
                                "resize": "fit",
                                "w": 640,
                                "h": 360
                            },
                            "small": {
                                "resize": "fit",
                                "w": 640,
                                "h": 360
                            }
                        },
                        "media_url": "http://pbs.twimg.com/media/Cx6w6-NWQAALiPf.jpg",
                        "url": "https://t.co/Iksf3b8lrP",
                        "indices": [
                            116,
                            139
                        ],
                        "id": 801272310896410624,
                        "id_str": "801272310896410624",
                        "display_url": "pic.twitter.com/Iksf3b8lrP",
                        "media_url_https": "https://pbs.twimg.com/media/Cx6w6-NWQAALiPf.jpg",
                        "type": "photo"
                    }
                ]
            },
            "entities": {
                "media": [
                    {
                        "expanded_url": "https://twitter.com/billingsgazette/status/801272313148829696/photo/1",
                        "sizes": {
                            "medium": {
                                "resize": "fit",
                                "w": 640,
                                "h": 360
                            },
                            "thumb": {
                                "resize": "crop",
                                "w": 150,
                                "h": 150
                            },
                            "large": {
                                "resize": "fit",
                                "w": 640,
                                "h": 360
                            },
                            "small": {
                                "resize": "fit",
                                "w": 640,
                                "h": 360
                            }
                        },
                        "media_url": "http://pbs.twimg.com/media/Cx6w6-NWQAALiPf.jpg",
                        "url": "https://t.co/Iksf3b8lrP",
                        "indices": [
                            116,
                            139
                        ],
                        "id": 801272310896410624,
                        "id_str": "801272310896410624",
                        "display_url": "pic.twitter.com/Iksf3b8lrP",
                        "media_url_https": "https://pbs.twimg.com/media/Cx6w6-NWQAALiPf.jpg",
                        "type": "photo"
                    }
                ],
                "user_mentions": [],
                "symbols": [],
                "hashtags": [
                    {
                        "text": "mtnews",
                        "indices": [
                            108,
                            115
                        ]
                    }
                ],
                "urls": [
                    {
                        "indices": [
                            84,
                            107
                        ],
                        "expanded_url": "http://buff.ly/2fPg47d",
                        "display_url": "buff.ly/2fPg47d",
                        "url": "https://t.co/Xfs2yWlPA8"
                    }
                ]
            },
            "favorite_count": 1
        }
    ]
}