{
    "search_metadata": {
        "count": 100,
        "query": "from%3ABostonGlobe+filter%3Alinks+since%3A2016-11-23+until%3A2016-11-24+marihuana+OR+marijuana+OR+cannabis+-%40BostonGlobe",
        "since_id": 0,
        "max_id": 801560473527341057,
        "since_id_str": "0",
        "max_id_str": "801560473527341057",
        "refresh_url": "?since_id=801560473527341057&q=from%3ABostonGlobe%20filter%3Alinks%20since%3A2016-11-23%20until%3A2016-11-24%20marihuana%20OR%20marijuana%20OR%20cannabis%20-%40BostonGlobe&include_entities=1",
        "completed_in": 0.037
    },
    "statuses": [
        {
            "truncated": true,
            "retweeted": false,
            "metadata": {
                "result_type": "recent",
                "iso_language_code": "en"
            },
            "retweet_count": 7,
            "created_at": "Wed Nov 23 22:58:03 +0000 2016",
            "in_reply_to_user_id": null,
            "place": null,
            "source": "<a href=\"http://www.socialflow.com\" rel=\"nofollow\">SocialFlow</a>",
            "contributors": null,
            "in_reply_to_status_id_str": null,
            "coordinates": null,
            "is_quote_status": false,
            "user": {
                "notifications": false,
                "translator_type": "regular",
                "id": 95431448,
                "profile_background_tile": false,
                "is_translation_enabled": false,
                "screen_name": "BostonGlobe",
                "name": "The Boston Globe",
                "followers_count": 562193,
                "profile_sidebar_border_color": "FFFFFF",
                "profile_background_image_url_https": "https://pbs.twimg.com/profile_background_images/378800000003877254/c79663e95d0e284ce165db703dffd474.jpeg",
                "profile_link_color": "050505",
                "is_translator": false,
                "profile_background_color": "EDECE9",
                "created_at": "Tue Dec 08 14:33:38 +0000 2009",
                "profile_image_url": "http://pbs.twimg.com/profile_images/586570157734019072/Qxz1LIIM_normal.png",
                "profile_banner_url": "https://pbs.twimg.com/profile_banners/95431448/1466441870",
                "default_profile": false,
                "location": "Boston, MA",
                "default_profile_image": false,
                "following": false,
                "profile_use_background_image": true,
                "follow_request_sent": false,
                "protected": false,
                "profile_text_color": "000000",
                "has_extended_profile": false,
                "verified": true,
                "utc_offset": -18000,
                "profile_image_url_https": "https://pbs.twimg.com/profile_images/586570157734019072/Qxz1LIIM_normal.png",
                "friends_count": 1240,
                "profile_sidebar_fill_color": "FFFFFF",
                "favourites_count": 228,
                "description": "Boston and New England's leading source for breaking news and analysis, with coverage from across the world. Follow our journalists: https://t.co/KPOiZTQG87",
                "lang": "en",
                "contributors_enabled": false,
                "geo_enabled": true,
                "time_zone": "Eastern Time (US & Canada)",
                "id_str": "95431448",
                "url": "http://t.co/g2XphqdJIo",
                "statuses_count": 206494,
                "profile_background_image_url": "http://pbs.twimg.com/profile_background_images/378800000003877254/c79663e95d0e284ce165db703dffd474.jpeg",
                "entities": {
                    "description": {
                        "urls": [
                            {
                                "indices": [
                                    133,
                                    156
                                ],
                                "expanded_url": "https://twitter.com/BostonGlobe/lists/globe-journalists",
                                "display_url": "twitter.com/BostonGlobe/li\u2026",
                                "url": "https://t.co/KPOiZTQG87"
                            }
                        ]
                    },
                    "url": {
                        "urls": [
                            {
                                "indices": [
                                    0,
                                    22
                                ],
                                "expanded_url": "http://bostonglobe.com",
                                "display_url": "bostonglobe.com",
                                "url": "http://t.co/g2XphqdJIo"
                            }
                        ]
                    }
                },
                "listed_count": 9207
            },
            "possibly_sensitive": false,
            "in_reply_to_user_id_str": null,
            "in_reply_to_screen_name": null,
            "text": "Marijuana is set to become legal in Mass. on Dec. 15, but don't expect to partake at any of the state's casinos\u2026 https://t.co/81y1zi6u2o",
            "id_str": "801560473527341057",
            "id": 801560473527341057,
            "lang": "en",
            "geo": null,
            "favorited": false,
            "in_reply_to_status_id": null,
            "entities": {
                "user_mentions": [],
                "symbols": [],
                "hashtags": [],
                "urls": [
                    {
                        "indices": [
                            113,
                            136
                        ],
                        "expanded_url": "https://twitter.com/i/web/status/801560473527341057",
                        "display_url": "twitter.com/i/web/status/8\u2026",
                        "url": "https://t.co/81y1zi6u2o"
                    }
                ]
            },
            "favorite_count": 13
        },
        {
            "truncated": false,
            "retweeted": false,
            "metadata": {
                "result_type": "recent",
                "iso_language_code": "en"
            },
            "retweet_count": 2,
            "created_at": "Wed Nov 23 18:05:24 +0000 2016",
            "in_reply_to_user_id": null,
            "place": null,
            "source": "<a href=\"http://www.socialflow.com\" rel=\"nofollow\">SocialFlow</a>",
            "contributors": null,
            "in_reply_to_status_id_str": null,
            "coordinates": null,
            "is_quote_status": false,
            "user": {
                "notifications": false,
                "translator_type": "regular",
                "id": 95431448,
                "profile_background_tile": false,
                "is_translation_enabled": false,
                "screen_name": "BostonGlobe",
                "name": "The Boston Globe",
                "followers_count": 562193,
                "profile_sidebar_border_color": "FFFFFF",
                "profile_background_image_url_https": "https://pbs.twimg.com/profile_background_images/378800000003877254/c79663e95d0e284ce165db703dffd474.jpeg",
                "profile_link_color": "050505",
                "is_translator": false,
                "profile_background_color": "EDECE9",
                "created_at": "Tue Dec 08 14:33:38 +0000 2009",
                "profile_image_url": "http://pbs.twimg.com/profile_images/586570157734019072/Qxz1LIIM_normal.png",
                "profile_banner_url": "https://pbs.twimg.com/profile_banners/95431448/1466441870",
                "default_profile": false,
                "location": "Boston, MA",
                "default_profile_image": false,
                "following": false,
                "profile_use_background_image": true,
                "follow_request_sent": false,
                "protected": false,
                "profile_text_color": "000000",
                "has_extended_profile": false,
                "verified": true,
                "utc_offset": -18000,
                "profile_image_url_https": "https://pbs.twimg.com/profile_images/586570157734019072/Qxz1LIIM_normal.png",
                "friends_count": 1240,
                "profile_sidebar_fill_color": "FFFFFF",
                "favourites_count": 228,
                "description": "Boston and New England's leading source for breaking news and analysis, with coverage from across the world. Follow our journalists: https://t.co/KPOiZTQG87",
                "lang": "en",
                "contributors_enabled": false,
                "geo_enabled": true,
                "time_zone": "Eastern Time (US & Canada)",
                "id_str": "95431448",
                "url": "http://t.co/g2XphqdJIo",
                "statuses_count": 206494,
                "profile_background_image_url": "http://pbs.twimg.com/profile_background_images/378800000003877254/c79663e95d0e284ce165db703dffd474.jpeg",
                "entities": {
                    "description": {
                        "urls": [
                            {
                                "indices": [
                                    133,
                                    156
                                ],
                                "expanded_url": "https://twitter.com/BostonGlobe/lists/globe-journalists",
                                "display_url": "twitter.com/BostonGlobe/li\u2026",
                                "url": "https://t.co/KPOiZTQG87"
                            }
                        ]
                    },
                    "url": {
                        "urls": [
                            {
                                "indices": [
                                    0,
                                    22
                                ],
                                "expanded_url": "http://bostonglobe.com",
                                "display_url": "bostonglobe.com",
                                "url": "http://t.co/g2XphqdJIo"
                            }
                        ]
                    }
                },
                "listed_count": 9207
            },
            "possibly_sensitive": false,
            "in_reply_to_user_id_str": null,
            "in_reply_to_screen_name": null,
            "text": "No marijuana smoking in casinos, at least for now\nhttps://t.co/PjXXJVThID",
            "id_str": "801486823134523392",
            "id": 801486823134523392,
            "lang": "en",
            "geo": null,
            "favorited": false,
            "in_reply_to_status_id": null,
            "entities": {
                "user_mentions": [],
                "symbols": [],
                "hashtags": [],
                "urls": [
                    {
                        "indices": [
                            50,
                            73
                        ],
                        "expanded_url": "http://bos.gl/M44icya",
                        "display_url": "bos.gl/M44icya",
                        "url": "https://t.co/PjXXJVThID"
                    }
                ]
            },
            "favorite_count": 7
        }
    ]
}