{
    "search_metadata": {
        "count": 100,
        "query": "from%3Adenverpost+filter%3Alinks+since%3A2016-11-23+until%3A2016-11-24+marihuana+OR+marijuana+OR+cannabis+-%40denverpost",
        "since_id": 0,
        "max_id": 801251427842568193,
        "since_id_str": "0",
        "max_id_str": "801251427842568193",
        "refresh_url": "?since_id=801251427842568193&q=from%3Adenverpost%20filter%3Alinks%20since%3A2016-11-23%20until%3A2016-11-24%20marihuana%20OR%20marijuana%20OR%20cannabis%20-%40denverpost&include_entities=1",
        "completed_in": 0.019
    },
    "statuses": [
        {
            "truncated": true,
            "retweeted": false,
            "metadata": {
                "result_type": "recent",
                "iso_language_code": "en"
            },
            "retweet_count": 3,
            "created_at": "Wed Nov 23 02:30:01 +0000 2016",
            "in_reply_to_user_id": null,
            "place": null,
            "source": "<a href=\"https://about.twitter.com/products/tweetdeck\" rel=\"nofollow\">TweetDeck</a>",
            "contributors": null,
            "in_reply_to_status_id_str": null,
            "coordinates": null,
            "is_quote_status": false,
            "user": {
                "notifications": false,
                "translator_type": "regular",
                "id": 8216772,
                "profile_background_tile": false,
                "is_translation_enabled": false,
                "screen_name": "denverpost",
                "name": "The Denver Post",
                "followers_count": 304516,
                "profile_sidebar_border_color": "000000",
                "profile_background_image_url_https": "https://pbs.twimg.com/profile_background_images/601920030/usz02cw4o5h6j9wgkdca.jpeg",
                "profile_link_color": "257DDB",
                "is_translator": false,
                "profile_background_color": "000000",
                "created_at": "Thu Aug 16 04:20:09 +0000 2007",
                "profile_image_url": "http://pbs.twimg.com/profile_images/696779704150335488/yF8sCXSN_normal.jpg",
                "profile_banner_url": "https://pbs.twimg.com/profile_banners/8216772/1398475184",
                "default_profile": false,
                "location": "Denver, CO",
                "default_profile_image": false,
                "following": false,
                "profile_use_background_image": true,
                "follow_request_sent": false,
                "protected": false,
                "profile_text_color": "626262",
                "has_extended_profile": true,
                "verified": true,
                "utc_offset": -25200,
                "profile_image_url_https": "https://pbs.twimg.com/profile_images/696779704150335488/yF8sCXSN_normal.jpg",
                "friends_count": 631,
                "profile_sidebar_fill_color": "003459",
                "favourites_count": 1131,
                "description": "Colorado's source for breaking news and information. Tweets by @francieswidler @kourtneygeers @ericjlubbers @danielpetty. Send tips here or tips@denverpost.com.",
                "lang": "en",
                "contributors_enabled": false,
                "geo_enabled": true,
                "time_zone": "Mountain Time (US & Canada)",
                "id_str": "8216772",
                "url": "http://t.co/HvDYiwfHFX",
                "statuses_count": 143892,
                "profile_background_image_url": "http://pbs.twimg.com/profile_background_images/601920030/usz02cw4o5h6j9wgkdca.jpeg",
                "entities": {
                    "description": {
                        "urls": []
                    },
                    "url": {
                        "urls": [
                            {
                                "indices": [
                                    0,
                                    22
                                ],
                                "expanded_url": "http://www.denverpost.com/",
                                "display_url": "denverpost.com",
                                "url": "http://t.co/HvDYiwfHFX"
                            }
                        ]
                    }
                },
                "listed_count": 5488
            },
            "possibly_sensitive": false,
            "in_reply_to_user_id_str": null,
            "in_reply_to_screen_name": null,
            "text": "Cooking with marijuana this #Thanksgiving? Here's how to make a gagic marinade for your THC turkey\u2026 https://t.co/33pxyJYGxw",
            "id_str": "801251427842568193",
            "id": 801251427842568193,
            "lang": "en",
            "geo": null,
            "favorited": false,
            "in_reply_to_status_id": null,
            "entities": {
                "user_mentions": [],
                "symbols": [],
                "hashtags": [
                    {
                        "text": "Thanksgiving",
                        "indices": [
                            28,
                            41
                        ]
                    }
                ],
                "urls": [
                    {
                        "indices": [
                            100,
                            123
                        ],
                        "expanded_url": "https://twitter.com/i/web/status/801251427842568193",
                        "display_url": "twitter.com/i/web/status/8\u2026",
                        "url": "https://t.co/33pxyJYGxw"
                    }
                ]
            },
            "favorite_count": 12
        }
    ]
}