{
    "search_metadata": {
        "since_id": 0,
        "since_id_str": "0",
        "count": 100,
        "completed_in": 0.018,
        "query": "from%3AGbrValleyWV+filter%3Alinks+since%3A2016-11-23+until%3A2016-11-24+marihuana+OR+marijuana+OR+cannabis+-%40GbrValleyWV",
        "max_id_str": "803434749989687296",
        "max_id": 803434749989687296,
        "refresh_url": "?since_id=803434749989687296&q=from%3AGbrValleyWV%20filter%3Alinks%20since%3A2016-11-23%20until%3A2016-11-24%20marihuana%20OR%20marijuana%20OR%20cannabis%20-%40GbrValleyWV&include_entities=1"
    },
    "statuses": []
}