{
    "search_metadata": {
        "since_id": 0,
        "since_id_str": "0",
        "count": 100,
        "completed_in": 0.04,
        "query": "from%3AGFTribune+filter%3Alinks+since%3A2016-11-23+until%3A2016-11-24+marihuana+OR+marijuana+OR+cannabis+-%40GFTribune",
        "max_id_str": "801234852351594496",
        "max_id": 801234852351594496,
        "refresh_url": "?since_id=801234852351594496&q=from%3AGFTribune%20filter%3Alinks%20since%3A2016-11-23%20until%3A2016-11-24%20marihuana%20OR%20marijuana%20OR%20cannabis%20-%40GFTribune&include_entities=1"
    },
    "statuses": [
        {
            "retweet_count": 0,
            "lang": "en",
            "geo": null,
            "in_reply_to_status_id_str": null,
            "metadata": {
                "result_type": "recent",
                "iso_language_code": "en"
            },
            "truncated": false,
            "contributors": null,
            "user": {
                "following": false,
                "profile_image_url": "http://pbs.twimg.com/profile_images/658120737174220800/YLo8xAkw_normal.jpg",
                "default_profile": false,
                "profile_link_color": "0084B4",
                "location": "Great Falls Tribune",
                "favourites_count": 632,
                "is_translator": false,
                "profile_banner_url": "https://pbs.twimg.com/profile_banners/36708793/1401986615",
                "profile_sidebar_fill_color": "C0DFEC",
                "name": "Great Falls Tribune",
                "utc_offset": -25200,
                "verified": true,
                "follow_request_sent": false,
                "is_translation_enabled": false,
                "followers_count": 8560,
                "time_zone": "Mountain Time (US & Canada)",
                "notifications": false,
                "profile_background_image_url": "http://pbs.twimg.com/profile_background_images/385314280/Twitter-back3.jpg",
                "profile_text_color": "333333",
                "entities": {
                    "description": {
                        "urls": [
                            {
                                "expanded_url": "http://gftrib.com",
                                "display_url": "gftrib.com",
                                "url": "http://t.co/FqK74V9w9P",
                                "indices": [
                                    60,
                                    82
                                ]
                            }
                        ]
                    },
                    "url": {
                        "urls": [
                            {
                                "expanded_url": "http://www.gftrib.com",
                                "display_url": "gftrib.com",
                                "url": "http://t.co/ArtDKSwjHb",
                                "indices": [
                                    0,
                                    22
                                ]
                            }
                        ]
                    }
                },
                "screen_name": "GFTribune",
                "statuses_count": 69368,
                "protected": false,
                "has_extended_profile": false,
                "profile_background_color": "022330",
                "profile_image_url_https": "https://pbs.twimg.com/profile_images/658120737174220800/YLo8xAkw_normal.jpg",
                "friends_count": 247,
                "profile_background_tile": true,
                "lang": "en",
                "translator_type": "none",
                "listed_count": 237,
                "id": 36708793,
                "default_profile_image": false,
                "description": "Montana's leading news source since 1885. Find us online at http://t.co/FqK74V9w9P, on mobile and tablet, and each day in print.",
                "id_str": "36708793",
                "profile_background_image_url_https": "https://pbs.twimg.com/profile_background_images/385314280/Twitter-back3.jpg",
                "created_at": "Thu Apr 30 16:47:04 +0000 2009",
                "profile_sidebar_border_color": "A8C7F7",
                "profile_use_background_image": true,
                "contributors_enabled": false,
                "url": "http://t.co/ArtDKSwjHb",
                "geo_enabled": true
            },
            "retweeted": false,
            "is_quote_status": false,
            "favorited": false,
            "entities": {
                "symbols": [],
                "user_mentions": [],
                "hashtags": [
                    {
                        "indices": [
                            89,
                            96
                        ],
                        "text": "mtnews"
                    }
                ],
                "urls": [
                    {
                        "expanded_url": "http://gftrib.com/2g1e7lU",
                        "display_url": "gftrib.com/2g1e7lU",
                        "url": "https://t.co/OE2MGiCz3B",
                        "indices": [
                            65,
                            88
                        ]
                    }
                ]
            },
            "possibly_sensitive": false,
            "source": "<a href=\"http://dlvr.it\" rel=\"nofollow\">dlvr.it</a>",
            "favorite_count": 0,
            "in_reply_to_status_id": null,
            "id": 801234852351594496,
            "id_str": "801234852351594496",
            "text": "Second lawsuit seeks to fix initiative medical marijuana mistake https://t.co/OE2MGiCz3B #mtnews",
            "created_at": "Wed Nov 23 01:24:09 +0000 2016",
            "in_reply_to_screen_name": null,
            "place": null,
            "in_reply_to_user_id": null,
            "coordinates": null,
            "in_reply_to_user_id_str": null
        },
        {
            "retweet_count": 0,
            "lang": "en",
            "geo": null,
            "in_reply_to_status_id_str": null,
            "metadata": {
                "result_type": "recent",
                "iso_language_code": "en"
            },
            "truncated": false,
            "contributors": null,
            "user": {
                "following": false,
                "profile_image_url": "http://pbs.twimg.com/profile_images/658120737174220800/YLo8xAkw_normal.jpg",
                "default_profile": false,
                "profile_link_color": "0084B4",
                "location": "Great Falls Tribune",
                "favourites_count": 632,
                "is_translator": false,
                "profile_banner_url": "https://pbs.twimg.com/profile_banners/36708793/1401986615",
                "profile_sidebar_fill_color": "C0DFEC",
                "name": "Great Falls Tribune",
                "utc_offset": -25200,
                "verified": true,
                "follow_request_sent": false,
                "is_translation_enabled": false,
                "followers_count": 8560,
                "time_zone": "Mountain Time (US & Canada)",
                "notifications": false,
                "profile_background_image_url": "http://pbs.twimg.com/profile_background_images/385314280/Twitter-back3.jpg",
                "profile_text_color": "333333",
                "entities": {
                    "description": {
                        "urls": [
                            {
                                "expanded_url": "http://gftrib.com",
                                "display_url": "gftrib.com",
                                "url": "http://t.co/FqK74V9w9P",
                                "indices": [
                                    60,
                                    82
                                ]
                            }
                        ]
                    },
                    "url": {
                        "urls": [
                            {
                                "expanded_url": "http://www.gftrib.com",
                                "display_url": "gftrib.com",
                                "url": "http://t.co/ArtDKSwjHb",
                                "indices": [
                                    0,
                                    22
                                ]
                            }
                        ]
                    }
                },
                "screen_name": "GFTribune",
                "statuses_count": 69368,
                "protected": false,
                "has_extended_profile": false,
                "profile_background_color": "022330",
                "profile_image_url_https": "https://pbs.twimg.com/profile_images/658120737174220800/YLo8xAkw_normal.jpg",
                "friends_count": 247,
                "profile_background_tile": true,
                "lang": "en",
                "translator_type": "none",
                "listed_count": 237,
                "id": 36708793,
                "default_profile_image": false,
                "description": "Montana's leading news source since 1885. Find us online at http://t.co/FqK74V9w9P, on mobile and tablet, and each day in print.",
                "id_str": "36708793",
                "profile_background_image_url_https": "https://pbs.twimg.com/profile_background_images/385314280/Twitter-back3.jpg",
                "created_at": "Thu Apr 30 16:47:04 +0000 2009",
                "profile_sidebar_border_color": "A8C7F7",
                "profile_use_background_image": true,
                "contributors_enabled": false,
                "url": "http://t.co/ArtDKSwjHb",
                "geo_enabled": true
            },
            "retweeted": false,
            "is_quote_status": false,
            "favorited": false,
            "entities": {
                "symbols": [],
                "user_mentions": [],
                "hashtags": [
                    {
                        "indices": [
                            89,
                            95
                        ],
                        "text": "mtpol"
                    }
                ],
                "urls": [
                    {
                        "expanded_url": "http://gftrib.com/2gImIhJ",
                        "display_url": "gftrib.com/2gImIhJ",
                        "url": "https://t.co/WkDzunieof",
                        "indices": [
                            65,
                            88
                        ]
                    }
                ]
            },
            "possibly_sensitive": false,
            "source": "<a href=\"http://dlvr.it\" rel=\"nofollow\">dlvr.it</a>",
            "favorite_count": 1,
            "in_reply_to_status_id": null,
            "id": 801233084821557249,
            "id_str": "801233084821557249",
            "text": "Second lawsuit seeks to fix initiative medical marijuana mistake https://t.co/WkDzunieof #mtpol",
            "created_at": "Wed Nov 23 01:17:08 +0000 2016",
            "in_reply_to_screen_name": null,
            "place": null,
            "in_reply_to_user_id": null,
            "coordinates": null,
            "in_reply_to_user_id_str": null
        }
    ]
}