{
    "search_metadata": {
        "since_id": 0,
        "since_id_str": "0",
        "count": 100,
        "completed_in": 0.026,
        "query": "from%3AHoustonChron+filter%3Alinks+since%3A2016-11-23+until%3A2016-11-24+marihuana+OR+marijuana+OR+cannabis+-%40HoustonChron",
        "max_id_str": "803434740296646656",
        "max_id": 803434740296646656,
        "refresh_url": "?since_id=803434740296646656&q=from%3AHoustonChron%20filter%3Alinks%20since%3A2016-11-23%20until%3A2016-11-24%20marihuana%20OR%20marijuana%20OR%20cannabis%20-%40HoustonChron&include_entities=1"
    },
    "statuses": []
}