{
    "search_metadata": {
        "since_id": 0,
        "since_id_str": "0",
        "count": 100,
        "completed_in": 0.04,
        "query": "from%3ALasVegasSun+filter%3Alinks+since%3A2016-11-23+until%3A2016-11-24+marihuana+OR+marijuana+OR+cannabis+-%40LasVegasSun",
        "max_id_str": "801516782422921217",
        "max_id": 801516782422921217,
        "refresh_url": "?since_id=801516782422921217&q=from%3ALasVegasSun%20filter%3Alinks%20since%3A2016-11-23%20until%3A2016-11-24%20marihuana%20OR%20marijuana%20OR%20cannabis%20-%40LasVegasSun&include_entities=1"
    },
    "statuses": [
        {
            "source": "<a href=\"https://about.twitter.com/products/tweetdeck\" rel=\"nofollow\">TweetDeck</a>",
            "lang": "en",
            "geo": null,
            "coordinates": null,
            "metadata": {
                "result_type": "recent",
                "iso_language_code": "en"
            },
            "truncated": false,
            "contributors": null,
            "user": {
                "following": false,
                "profile_image_url": "http://pbs.twimg.com/profile_images/43663402/twittericon_normal.png",
                "default_profile": false,
                "profile_link_color": "DF620C",
                "location": "Las Vegas, NV",
                "favourites_count": 405,
                "is_translator": false,
                "profile_banner_url": "https://pbs.twimg.com/profile_banners/12055942/1398203842",
                "profile_sidebar_fill_color": "EBEBEB",
                "name": "Las Vegas Sun",
                "utc_offset": -28800,
                "verified": true,
                "follow_request_sent": false,
                "is_translation_enabled": false,
                "followers_count": 173840,
                "time_zone": "Pacific Time (US & Canada)",
                "notifications": false,
                "profile_background_image_url": "http://pbs.twimg.com/profile_background_images/1711362/twitterbg.png",
                "profile_text_color": "464646",
                "entities": {
                    "description": {
                        "urls": []
                    },
                    "url": {
                        "urls": [
                            {
                                "expanded_url": "http://www.lasvegassun.com",
                                "display_url": "lasvegassun.com",
                                "url": "http://t.co/Vgbb8zHEUQ",
                                "indices": [
                                    0,
                                    22
                                ]
                            }
                        ]
                    }
                },
                "screen_name": "LasVegasSun",
                "statuses_count": 60865,
                "protected": false,
                "has_extended_profile": false,
                "profile_background_color": "DFDFDF",
                "profile_image_url_https": "https://pbs.twimg.com/profile_images/43663402/twittericon_normal.png",
                "friends_count": 21258,
                "profile_background_tile": false,
                "lang": "en",
                "translator_type": "none",
                "listed_count": 1990,
                "id": 12055942,
                "default_profile_image": false,
                "description": "Southern Nevada\u2019s award-winning source for news, sports, politics, entertainment and opinion; locally owned and independent since 1950",
                "id_str": "12055942",
                "profile_background_image_url_https": "https://pbs.twimg.com/profile_background_images/1711362/twitterbg.png",
                "created_at": "Thu Jan 10 03:04:11 +0000 2008",
                "profile_sidebar_border_color": "000000",
                "profile_use_background_image": true,
                "contributors_enabled": false,
                "url": "http://t.co/Vgbb8zHEUQ",
                "geo_enabled": true
            },
            "retweeted": false,
            "in_reply_to_status_id": null,
            "entities": {
                "symbols": [],
                "media": [
                    {
                        "id": 801516746410598400,
                        "sizes": {
                            "large": {
                                "h": 435,
                                "w": 653,
                                "resize": "fit"
                            },
                            "medium": {
                                "h": 435,
                                "w": 653,
                                "resize": "fit"
                            },
                            "thumb": {
                                "h": 150,
                                "w": 150,
                                "resize": "crop"
                            },
                            "small": {
                                "h": 435,
                                "w": 653,
                                "resize": "fit"
                            }
                        },
                        "media_url": "http://pbs.twimg.com/media/Cx-PO_dUoAAN9ve.jpg",
                        "id_str": "801516746410598400",
                        "expanded_url": "https://twitter.com/LasVegasSun/status/801516782422921217/photo/1",
                        "indices": [
                            83,
                            106
                        ],
                        "media_url_https": "https://pbs.twimg.com/media/Cx-PO_dUoAAN9ve.jpg",
                        "display_url": "pic.twitter.com/7kjNHH3CUE",
                        "url": "https://t.co/7kjNHH3CUE",
                        "type": "photo"
                    }
                ],
                "user_mentions": [],
                "hashtags": [],
                "urls": [
                    {
                        "expanded_url": "http://bit.ly/2fpARKM",
                        "display_url": "bit.ly/2fpARKM",
                        "url": "https://t.co/IwBAaeghk0",
                        "indices": [
                            59,
                            82
                        ]
                    }
                ]
            },
            "possibly_sensitive": false,
            "in_reply_to_status_id_str": null,
            "retweet_count": 1,
            "favorite_count": 2,
            "extended_entities": {
                "media": [
                    {
                        "id": 801516746410598400,
                        "sizes": {
                            "large": {
                                "h": 435,
                                "w": 653,
                                "resize": "fit"
                            },
                            "medium": {
                                "h": 435,
                                "w": 653,
                                "resize": "fit"
                            },
                            "thumb": {
                                "h": 150,
                                "w": 150,
                                "resize": "crop"
                            },
                            "small": {
                                "h": 435,
                                "w": 653,
                                "resize": "fit"
                            }
                        },
                        "media_url": "http://pbs.twimg.com/media/Cx-PO_dUoAAN9ve.jpg",
                        "id_str": "801516746410598400",
                        "expanded_url": "https://twitter.com/LasVegasSun/status/801516782422921217/photo/1",
                        "indices": [
                            83,
                            106
                        ],
                        "media_url_https": "https://pbs.twimg.com/media/Cx-PO_dUoAAN9ve.jpg",
                        "display_url": "pic.twitter.com/7kjNHH3CUE",
                        "url": "https://t.co/7kjNHH3CUE",
                        "type": "photo"
                    }
                ]
            },
            "is_quote_status": false,
            "id": 801516782422921217,
            "id_str": "801516782422921217",
            "text": "Where marijuana is the doctor\u2019s orders, will insurers pay?\nhttps://t.co/IwBAaeghk0 https://t.co/7kjNHH3CUE",
            "created_at": "Wed Nov 23 20:04:27 +0000 2016",
            "in_reply_to_screen_name": null,
            "place": null,
            "in_reply_to_user_id": null,
            "favorited": false,
            "in_reply_to_user_id_str": null
        }
    ]
}