{
    "search_metadata": {
        "count": 100,
        "query": "from%3AMidWeekHawaii+filter%3Alinks+since%3A2016-11-23+until%3A2016-11-24+marihuana+OR+marijuana+OR+cannabis+-%40MidWeekHawaii",
        "since_id": 0,
        "max_id": 803429488507883520,
        "since_id_str": "0",
        "max_id_str": "803429488507883520",
        "refresh_url": "?since_id=803429488507883520&q=from%3AMidWeekHawaii%20filter%3Alinks%20since%3A2016-11-23%20until%3A2016-11-24%20marihuana%20OR%20marijuana%20OR%20cannabis%20-%40MidWeekHawaii&include_entities=1",
        "completed_in": 0.041
    },
    "statuses": []
}