{
    "statuses": [],
    "search_metadata": {
        "max_id_str": "803438077381201920",
        "query": "from%3APhillyDailyNews+filter%3Alinks+since%3A2016-11-22+until%3A2016-11-23+marihuana+OR+marijuana+OR+cannabis+-%40PhillyDailyNews",
        "completed_in": 0.02,
        "count": 100,
        "refresh_url": "?since_id=803438077381201920&q=from%3APhillyDailyNews%20filter%3Alinks%20since%3A2016-11-22%20until%3A2016-11-23%20marihuana%20OR%20marijuana%20OR%20cannabis%20-%40PhillyDailyNews&include_entities=1",
        "since_id_str": "0",
        "since_id": 0,
        "max_id": 803438077381201920
    }
}