{
    "statuses": [],
    "search_metadata": {
        "max_id_str": "803438084113080320",
        "query": "from%3Apostandcourier+filter%3Alinks+since%3A2016-11-22+until%3A2016-11-23+marihuana+OR+marijuana+OR+cannabis+-%40postandcourier",
        "completed_in": 0.022,
        "count": 100,
        "refresh_url": "?since_id=803438084113080320&q=from%3Apostandcourier%20filter%3Alinks%20since%3A2016-11-22%20until%3A2016-11-23%20marihuana%20OR%20marijuana%20OR%20cannabis%20-%40postandcourier&include_entities=1",
        "since_id_str": "0",
        "since_id": 0,
        "max_id": 803438084113080320
    }
}