{
    "search_metadata": {
        "count": 100,
        "query": "from%3Atheadvocatebr+filter%3Alinks+since%3A2016-11-23+until%3A2016-11-24+marihuana+OR+marijuana+OR+cannabis+-%40theadvocatebr",
        "since_id": 0,
        "max_id": 801561775657324544,
        "since_id_str": "0",
        "max_id_str": "801561775657324544",
        "refresh_url": "?since_id=801561775657324544&q=from%3Atheadvocatebr%20filter%3Alinks%20since%3A2016-11-23%20until%3A2016-11-24%20marihuana%20OR%20marijuana%20OR%20cannabis%20-%40theadvocatebr&include_entities=1",
        "completed_in": 0.061
    },
    "statuses": [
        {
            "truncated": false,
            "retweeted": false,
            "metadata": {
                "result_type": "recent",
                "iso_language_code": "en"
            },
            "retweet_count": 2,
            "created_at": "Wed Nov 23 23:03:14 +0000 2016",
            "in_reply_to_user_id": null,
            "place": null,
            "source": "<a href=\"http://www.hootsuite.com\" rel=\"nofollow\">Hootsuite</a>",
            "contributors": null,
            "in_reply_to_status_id_str": null,
            "coordinates": null,
            "is_quote_status": false,
            "user": {
                "notifications": false,
                "translator_type": "none",
                "id": 3983511,
                "profile_background_tile": false,
                "is_translation_enabled": false,
                "screen_name": "theadvocatebr",
                "name": "The Advocate",
                "followers_count": 64978,
                "profile_sidebar_border_color": "FFFFFF",
                "profile_background_image_url_https": "https://pbs.twimg.com/profile_background_images/681940932950765568/P91Q7-k6.jpg",
                "profile_link_color": "731212",
                "is_translator": false,
                "profile_background_color": "BD2012",
                "created_at": "Tue Apr 10 04:37:30 +0000 2007",
                "profile_image_url": "http://pbs.twimg.com/profile_images/1827534749/AdvocateAppIcon_normal.jpg",
                "profile_banner_url": "https://pbs.twimg.com/profile_banners/3983511/1471736454",
                "default_profile": false,
                "location": "Baton Rouge, LA",
                "default_profile_image": false,
                "following": false,
                "profile_use_background_image": true,
                "follow_request_sent": false,
                "protected": false,
                "profile_text_color": "333333",
                "has_extended_profile": false,
                "verified": true,
                "utc_offset": -21600,
                "profile_image_url_https": "https://pbs.twimg.com/profile_images/1827534749/AdvocateAppIcon_normal.jpg",
                "friends_count": 383,
                "profile_sidebar_fill_color": "FAFAFA",
                "favourites_count": 50,
                "description": "Breaking News and updates for South Louisiana and the Baton Rouge area powered by The Advocate newspaper and http://t.co/jdm4tF8XPc",
                "lang": "en",
                "contributors_enabled": false,
                "geo_enabled": false,
                "time_zone": "Central Time (US & Canada)",
                "id_str": "3983511",
                "url": "http://t.co/bLKAtqmwi2",
                "statuses_count": 55807,
                "profile_background_image_url": "http://pbs.twimg.com/profile_background_images/681940932950765568/P91Q7-k6.jpg",
                "entities": {
                    "description": {
                        "urls": [
                            {
                                "indices": [
                                    109,
                                    131
                                ],
                                "expanded_url": "http://theadvocate.com",
                                "display_url": "theadvocate.com",
                                "url": "http://t.co/jdm4tF8XPc"
                            }
                        ]
                    },
                    "url": {
                        "urls": [
                            {
                                "indices": [
                                    0,
                                    22
                                ],
                                "expanded_url": "http://theadvocate.com/",
                                "display_url": "theadvocate.com",
                                "url": "http://t.co/bLKAtqmwi2"
                            }
                        ]
                    }
                },
                "listed_count": 862
            },
            "possibly_sensitive": false,
            "in_reply_to_user_id_str": null,
            "in_reply_to_screen_name": null,
            "text": "Could Baton Rouge case involving marijuana-stuffed salmon wind up before Supreme Court? https://t.co/FnFodlajsf https://t.co/ArReNbttdl",
            "id_str": "801561775657324544",
            "id": 801561775657324544,
            "lang": "en",
            "geo": null,
            "favorited": false,
            "in_reply_to_status_id": null,
            "extended_entities": {
                "media": [
                    {
                        "expanded_url": "https://twitter.com/theadvocatebr/status/801561775657324544/photo/1",
                        "sizes": {
                            "medium": {
                                "resize": "fit",
                                "w": 1200,
                                "h": 746
                            },
                            "thumb": {
                                "resize": "crop",
                                "w": 150,
                                "h": 150
                            },
                            "large": {
                                "resize": "fit",
                                "w": 1200,
                                "h": 746
                            },
                            "small": {
                                "resize": "fit",
                                "w": 680,
                                "h": 423
                            }
                        },
                        "media_url": "http://pbs.twimg.com/media/Cx-4L6aXUAI6PuK.jpg",
                        "url": "https://t.co/ArReNbttdl",
                        "indices": [
                            112,
                            135
                        ],
                        "id": 801561773493145602,
                        "id_str": "801561773493145602",
                        "display_url": "pic.twitter.com/ArReNbttdl",
                        "media_url_https": "https://pbs.twimg.com/media/Cx-4L6aXUAI6PuK.jpg",
                        "type": "photo"
                    }
                ]
            },
            "entities": {
                "media": [
                    {
                        "expanded_url": "https://twitter.com/theadvocatebr/status/801561775657324544/photo/1",
                        "sizes": {
                            "medium": {
                                "resize": "fit",
                                "w": 1200,
                                "h": 746
                            },
                            "thumb": {
                                "resize": "crop",
                                "w": 150,
                                "h": 150
                            },
                            "large": {
                                "resize": "fit",
                                "w": 1200,
                                "h": 746
                            },
                            "small": {
                                "resize": "fit",
                                "w": 680,
                                "h": 423
                            }
                        },
                        "media_url": "http://pbs.twimg.com/media/Cx-4L6aXUAI6PuK.jpg",
                        "url": "https://t.co/ArReNbttdl",
                        "indices": [
                            112,
                            135
                        ],
                        "id": 801561773493145602,
                        "id_str": "801561773493145602",
                        "display_url": "pic.twitter.com/ArReNbttdl",
                        "media_url_https": "https://pbs.twimg.com/media/Cx-4L6aXUAI6PuK.jpg",
                        "type": "photo"
                    }
                ],
                "user_mentions": [],
                "symbols": [],
                "hashtags": [],
                "urls": [
                    {
                        "indices": [
                            88,
                            111
                        ],
                        "expanded_url": "http://ow.ly/86Ac306tp1k",
                        "display_url": "ow.ly/86Ac306tp1k",
                        "url": "https://t.co/FnFodlajsf"
                    }
                ]
            },
            "favorite_count": 1
        },
        {
            "truncated": false,
            "retweeted": false,
            "metadata": {
                "result_type": "recent",
                "iso_language_code": "en"
            },
            "retweet_count": 3,
            "created_at": "Wed Nov 23 19:59:54 +0000 2016",
            "in_reply_to_user_id": null,
            "place": null,
            "source": "<a href=\"http://www.hootsuite.com\" rel=\"nofollow\">Hootsuite</a>",
            "contributors": null,
            "in_reply_to_status_id_str": null,
            "coordinates": null,
            "is_quote_status": false,
            "user": {
                "notifications": false,
                "translator_type": "none",
                "id": 3983511,
                "profile_background_tile": false,
                "is_translation_enabled": false,
                "screen_name": "theadvocatebr",
                "name": "The Advocate",
                "followers_count": 64978,
                "profile_sidebar_border_color": "FFFFFF",
                "profile_background_image_url_https": "https://pbs.twimg.com/profile_background_images/681940932950765568/P91Q7-k6.jpg",
                "profile_link_color": "731212",
                "is_translator": false,
                "profile_background_color": "BD2012",
                "created_at": "Tue Apr 10 04:37:30 +0000 2007",
                "profile_image_url": "http://pbs.twimg.com/profile_images/1827534749/AdvocateAppIcon_normal.jpg",
                "profile_banner_url": "https://pbs.twimg.com/profile_banners/3983511/1471736454",
                "default_profile": false,
                "location": "Baton Rouge, LA",
                "default_profile_image": false,
                "following": false,
                "profile_use_background_image": true,
                "follow_request_sent": false,
                "protected": false,
                "profile_text_color": "333333",
                "has_extended_profile": false,
                "verified": true,
                "utc_offset": -21600,
                "profile_image_url_https": "https://pbs.twimg.com/profile_images/1827534749/AdvocateAppIcon_normal.jpg",
                "friends_count": 383,
                "profile_sidebar_fill_color": "FAFAFA",
                "favourites_count": 50,
                "description": "Breaking News and updates for South Louisiana and the Baton Rouge area powered by The Advocate newspaper and http://t.co/jdm4tF8XPc",
                "lang": "en",
                "contributors_enabled": false,
                "geo_enabled": false,
                "time_zone": "Central Time (US & Canada)",
                "id_str": "3983511",
                "url": "http://t.co/bLKAtqmwi2",
                "statuses_count": 55807,
                "profile_background_image_url": "http://pbs.twimg.com/profile_background_images/681940932950765568/P91Q7-k6.jpg",
                "entities": {
                    "description": {
                        "urls": [
                            {
                                "indices": [
                                    109,
                                    131
                                ],
                                "expanded_url": "http://theadvocate.com",
                                "display_url": "theadvocate.com",
                                "url": "http://t.co/jdm4tF8XPc"
                            }
                        ]
                    },
                    "url": {
                        "urls": [
                            {
                                "indices": [
                                    0,
                                    22
                                ],
                                "expanded_url": "http://theadvocate.com/",
                                "display_url": "theadvocate.com",
                                "url": "http://t.co/bLKAtqmwi2"
                            }
                        ]
                    }
                },
                "listed_count": 862
            },
            "possibly_sensitive": false,
            "in_reply_to_user_id_str": null,
            "in_reply_to_screen_name": null,
            "text": "RT @elizabethcrisp: Could Baton Rouge case involving marijuana-stuffed salmon wind up before Supreme Court? https://t.co/kZcRYTUh8Z via @th\u2026",
            "id_str": "801515641140346884",
            "id": 801515641140346884,
            "retweeted_status": {
                "truncated": false,
                "retweeted": false,
                "metadata": {
                    "result_type": "recent",
                    "iso_language_code": "en"
                },
                "retweet_count": 3,
                "created_at": "Wed Nov 23 19:39:19 +0000 2016",
                "in_reply_to_user_id": null,
                "place": null,
                "source": "<a href=\"http://twitter.com\" rel=\"nofollow\">Twitter Web Client</a>",
                "contributors": null,
                "in_reply_to_status_id_str": null,
                "coordinates": null,
                "is_quote_status": false,
                "user": {
                    "notifications": false,
                    "translator_type": "none",
                    "id": 29277366,
                    "profile_background_tile": true,
                    "is_translation_enabled": false,
                    "screen_name": "elizabethcrisp",
                    "name": "Elizabeth Crisp",
                    "followers_count": 8379,
                    "profile_sidebar_border_color": "D93664",
                    "profile_background_image_url_https": "https://pbs.twimg.com/profile_background_images/165311882/xa5130777ef336d7b1c03337e54cfedc.png",
                    "profile_link_color": "550FA1",
                    "is_translator": false,
                    "profile_background_color": "4710C7",
                    "created_at": "Mon Apr 06 19:51:33 +0000 2009",
                    "profile_image_url": "http://pbs.twimg.com/profile_images/681915813444505600/5yQwOASH_normal.jpg",
                    "profile_banner_url": "https://pbs.twimg.com/profile_banners/29277366/1400887027",
                    "default_profile": false,
                    "location": "Baton Rouge, La.",
                    "default_profile_image": false,
                    "following": false,
                    "profile_use_background_image": true,
                    "follow_request_sent": false,
                    "protected": false,
                    "profile_text_color": "B7A66D",
                    "has_extended_profile": true,
                    "verified": true,
                    "utc_offset": -21600,
                    "profile_image_url_https": "https://pbs.twimg.com/profile_images/681915813444505600/5yQwOASH_normal.jpg",
                    "friends_count": 1851,
                    "profile_sidebar_fill_color": "271338",
                    "favourites_count": 7164,
                    "description": "Capitol reporter for @TheAdvocateBR \u2022 Covering Louisiana Legislature (#lalege), @LouisianaGov, elections & other politics. ecrisp@theadvocate.com",
                    "lang": "en",
                    "contributors_enabled": false,
                    "geo_enabled": true,
                    "time_zone": "Central Time (US & Canada)",
                    "id_str": "29277366",
                    "url": "http://t.co/MRFCxFjsJy",
                    "statuses_count": 35817,
                    "profile_background_image_url": "http://pbs.twimg.com/profile_background_images/165311882/xa5130777ef336d7b1c03337e54cfedc.png",
                    "entities": {
                        "description": {
                            "urls": []
                        },
                        "url": {
                            "urls": [
                                {
                                    "indices": [
                                        0,
                                        22
                                    ],
                                    "expanded_url": "http://www.theadvocate.com",
                                    "display_url": "theadvocate.com",
                                    "url": "http://t.co/MRFCxFjsJy"
                                }
                            ]
                        }
                    },
                    "listed_count": 439
                },
                "possibly_sensitive": false,
                "in_reply_to_user_id_str": null,
                "in_reply_to_screen_name": null,
                "text": "Could Baton Rouge case involving marijuana-stuffed salmon wind up before Supreme Court? https://t.co/kZcRYTUh8Z via @theadvocatebr",
                "id_str": "801510459522355200",
                "id": 801510459522355200,
                "lang": "en",
                "geo": null,
                "favorited": false,
                "in_reply_to_status_id": null,
                "entities": {
                    "user_mentions": [
                        {
                            "name": "The Advocate",
                            "id_str": "3983511",
                            "indices": [
                                116,
                                130
                            ],
                            "screen_name": "theadvocatebr",
                            "id": 3983511
                        }
                    ],
                    "symbols": [],
                    "hashtags": [],
                    "urls": [
                        {
                            "indices": [
                                88,
                                111
                            ],
                            "expanded_url": "http://www.theadvocate.com/baton_rouge/news/courts/article_242f5ff4-b0c9-11e6-bdbf-4b649b7e0b79.html?utm_medium=social&utm_source=twitter&utm_campaign=user-share",
                            "display_url": "theadvocate.com/baton_rouge/ne\u2026",
                            "url": "https://t.co/kZcRYTUh8Z"
                        }
                    ]
                },
                "favorite_count": 3
            },
            "lang": "en",
            "geo": null,
            "favorited": false,
            "in_reply_to_status_id": null,
            "entities": {
                "user_mentions": [
                    {
                        "name": "Elizabeth Crisp",
                        "id_str": "29277366",
                        "indices": [
                            3,
                            18
                        ],
                        "screen_name": "elizabethcrisp",
                        "id": 29277366
                    }
                ],
                "symbols": [],
                "hashtags": [],
                "urls": [
                    {
                        "indices": [
                            108,
                            131
                        ],
                        "expanded_url": "http://www.theadvocate.com/baton_rouge/news/courts/article_242f5ff4-b0c9-11e6-bdbf-4b649b7e0b79.html?utm_medium=social&utm_source=twitter&utm_campaign=user-share",
                        "display_url": "theadvocate.com/baton_rouge/ne\u2026",
                        "url": "https://t.co/kZcRYTUh8Z"
                    }
                ]
            },
            "favorite_count": 0
        }
    ]
}