{
    "search_metadata": {
        "since_id": 0,
        "since_id_str": "0",
        "count": 100,
        "completed_in": 0.046,
        "query": "from%3Athenewstribune+filter%3Alinks+since%3A2016-11-23+until%3A2016-11-24+marihuana+OR+marijuana+OR+cannabis+-%40thenewstribune",
        "max_id_str": "801455774643929090",
        "max_id": 801455774643929090,
        "refresh_url": "?since_id=801455774643929090&q=from%3Athenewstribune%20filter%3Alinks%20since%3A2016-11-23%20until%3A2016-11-24%20marihuana%20OR%20marijuana%20OR%20cannabis%20-%40thenewstribune&include_entities=1"
    },
    "statuses": [
        {
            "retweet_count": 1,
            "lang": "en",
            "geo": null,
            "in_reply_to_status_id_str": null,
            "metadata": {
                "result_type": "recent",
                "iso_language_code": "en"
            },
            "truncated": true,
            "contributors": null,
            "user": {
                "following": false,
                "profile_image_url": "http://pbs.twimg.com/profile_images/378800000499565076/504ac1b14f133f0b59728df6dd295b37_normal.png",
                "default_profile": false,
                "profile_link_color": "0000FF",
                "location": "Tacoma, WA",
                "favourites_count": 797,
                "is_translator": false,
                "profile_banner_url": "https://pbs.twimg.com/profile_banners/8983922/1398277459",
                "profile_sidebar_fill_color": "E0FF92",
                "name": "Tacoma News Tribune",
                "utc_offset": -28800,
                "verified": true,
                "follow_request_sent": false,
                "is_translation_enabled": false,
                "followers_count": 58356,
                "time_zone": "Pacific Time (US & Canada)",
                "notifications": false,
                "profile_background_image_url": "http://pbs.twimg.com/profile_background_images/163693258/twitter.jpg",
                "profile_text_color": "000000",
                "entities": {
                    "description": {
                        "urls": []
                    },
                    "url": {
                        "urls": [
                            {
                                "expanded_url": "http://www.thenewstribune.com",
                                "display_url": "thenewstribune.com",
                                "url": "http://t.co/aLgPaeM45o",
                                "indices": [
                                    0,
                                    22
                                ]
                            }
                        ]
                    }
                },
                "screen_name": "thenewstribune",
                "statuses_count": 71193,
                "protected": false,
                "has_extended_profile": false,
                "profile_background_color": "035781",
                "profile_image_url_https": "https://pbs.twimg.com/profile_images/378800000499565076/504ac1b14f133f0b59728df6dd295b37_normal.png",
                "friends_count": 407,
                "profile_background_tile": false,
                "lang": "en",
                "translator_type": "none",
                "listed_count": 1194,
                "id": 8983922,
                "default_profile_image": false,
                "description": "The leading online news and information source for Tacoma, Washington and the South Puget Sound.",
                "id_str": "8983922",
                "profile_background_image_url_https": "https://pbs.twimg.com/profile_background_images/163693258/twitter.jpg",
                "created_at": "Wed Sep 19 22:32:29 +0000 2007",
                "profile_sidebar_border_color": "87BC44",
                "profile_use_background_image": true,
                "contributors_enabled": false,
                "url": "http://t.co/aLgPaeM45o",
                "geo_enabled": true
            },
            "retweeted": false,
            "is_quote_status": false,
            "favorited": false,
            "entities": {
                "symbols": [],
                "user_mentions": [],
                "hashtags": [
                    {
                        "indices": [
                            96,
                            106
                        ],
                        "text": "marijuana"
                    }
                ],
                "urls": [
                    {
                        "expanded_url": "http://bit.ly/2gKZqYH",
                        "display_url": "bit.ly/2gKZqYH",
                        "url": "https://t.co/2VMJtfUDY8",
                        "indices": [
                            72,
                            95
                        ]
                    },
                    {
                        "expanded_url": "https://twitter.com/i/web/status/801455774643929090",
                        "display_url": "twitter.com/i/web/status/8\u2026",
                        "url": "https://t.co/ABn7AbpOWN",
                        "indices": [
                            108,
                            131
                        ]
                    }
                ]
            },
            "possibly_sensitive": false,
            "source": "<a href=\"https://about.twitter.com/products/tweetdeck\" rel=\"nofollow\">TweetDeck</a>",
            "favorite_count": 1,
            "in_reply_to_status_id": null,
            "id": 801455774643929090,
            "id_str": "801455774643929090",
            "text": "Have some THC with your turkey: Local pot shops roll out holiday sales: https://t.co/2VMJtfUDY8 #marijuana\u2026 https://t.co/ABn7AbpOWN",
            "created_at": "Wed Nov 23 16:02:01 +0000 2016",
            "in_reply_to_screen_name": null,
            "place": null,
            "in_reply_to_user_id": null,
            "coordinates": null,
            "in_reply_to_user_id_str": null
        }
    ]
}