{
    "search_metadata": {
        "since_id": 0,
        "since_id_str": "0",
        "count": 100,
        "completed_in": 0.051,
        "query": "from%3AWSJ+filter%3Alinks+since%3A2016-11-23+until%3A2016-11-24+marihuana+OR+marijuana+OR+cannabis+-%40WSJ",
        "max_id_str": "803434730938994690",
        "max_id": 803434730938994690,
        "refresh_url": "?since_id=803434730938994690&q=from%3AWSJ%20filter%3Alinks%20since%3A2016-11-23%20until%3A2016-11-24%20marihuana%20OR%20marijuana%20OR%20cannabis%20-%40WSJ&include_entities=1"
    },
    "statuses": []
}