{
    "statuses": [
        {
            "in_reply_to_user_id_str": null,
            "in_reply_to_screen_name": null,
            "lang": "en",
            "user": {
                "is_translator": false,
                "profile_background_image_url": "http://pbs.twimg.com/profile_background_images/378800000091127693/6d3a47ce57110dc1a703b0110831c19e.jpeg",
                "friends_count": 58284,
                "profile_banner_url": "https://pbs.twimg.com/profile_banners/4170491/1425070056",
                "lang": "en",
                "screen_name": "ajc",
                "follow_request_sent": false,
                "geo_enabled": true,
                "profile_image_url": "http://pbs.twimg.com/profile_images/667060822930145280/ZFty7bte_normal.jpg",
                "protected": false,
                "notifications": false,
                "default_profile_image": false,
                "listed_count": 4576,
                "description": "Atlanta's best source for news.",
                "profile_sidebar_border_color": "FFFFFF",
                "has_extended_profile": false,
                "id": 4170491,
                "profile_use_background_image": false,
                "location": "Atlanta, GA",
                "url": "http://t.co/EvK8XZMw4P",
                "statuses_count": 155956,
                "profile_image_url_https": "https://pbs.twimg.com/profile_images/667060822930145280/ZFty7bte_normal.jpg",
                "profile_link_color": "00539B",
                "id_str": "4170491",
                "translator_type": "regular",
                "followers_count": 611759,
                "utc_offset": -18000,
                "default_profile": false,
                "profile_text_color": "333333",
                "is_translation_enabled": false,
                "profile_background_tile": false,
                "favourites_count": 336,
                "profile_background_color": "00539B",
                "verified": true,
                "profile_sidebar_fill_color": "F0F5ED",
                "name": "AJC",
                "following": false,
                "profile_background_image_url_https": "https://pbs.twimg.com/profile_background_images/378800000091127693/6d3a47ce57110dc1a703b0110831c19e.jpeg",
                "contributors_enabled": false,
                "created_at": "Wed Apr 11 12:50:15 +0000 2007",
                "entities": {
                    "description": {
                        "urls": []
                    },
                    "url": {
                        "urls": [
                            {
                                "display_url": "ajc.com",
                                "indices": [
                                    0,
                                    22
                                ],
                                "expanded_url": "http://www.ajc.com",
                                "url": "http://t.co/EvK8XZMw4P"
                            }
                        ]
                    }
                },
                "time_zone": "Eastern Time (US & Canada)"
            },
            "contributors": null,
            "metadata": {
                "result_type": "recent",
                "iso_language_code": "en"
            },
            "retweet_count": 1,
            "id": 801519745342246916,
            "geo": null,
            "id_str": "801519745342246916",
            "place": null,
            "source": "<a href=\"http://www.socialflow.com\" rel=\"nofollow\">SocialFlow</a>",
            "in_reply_to_user_id": null,
            "is_quote_status": false,
            "text": "Atlanta Mayor Kasim Reed, others seek Trump support on environment https://t.co/7ASimzK0Vc https://t.co/HFHUIczDkv",
            "retweeted": false,
            "truncated": false,
            "in_reply_to_status_id_str": null,
            "extended_entities": {
                "media": [
                    {
                        "display_url": "pic.twitter.com/HFHUIczDkv",
                        "indices": [
                            91,
                            114
                        ],
                        "expanded_url": "https://twitter.com/ajc/status/801519745342246916/photo/1",
                        "media_url": "http://pbs.twimg.com/media/Cx-R9TgXgAAmAhC.jpg",
                        "url": "https://t.co/HFHUIczDkv",
                        "id": 801519741089316864,
                        "sizes": {
                            "small": {
                                "w": 680,
                                "resize": "fit",
                                "h": 477
                            },
                            "medium": {
                                "w": 1200,
                                "resize": "fit",
                                "h": 842
                            },
                            "large": {
                                "w": 2048,
                                "resize": "fit",
                                "h": 1438
                            },
                            "thumb": {
                                "w": 150,
                                "resize": "crop",
                                "h": 150
                            }
                        },
                        "id_str": "801519741089316864",
                        "type": "photo",
                        "media_url_https": "https://pbs.twimg.com/media/Cx-R9TgXgAAmAhC.jpg"
                    }
                ]
            },
            "in_reply_to_status_id": null,
            "favorited": false,
            "favorite_count": 7,
            "created_at": "Wed Nov 23 20:16:13 +0000 2016",
            "coordinates": null,
            "possibly_sensitive": false,
            "entities": {
                "media": [
                    {
                        "display_url": "pic.twitter.com/HFHUIczDkv",
                        "indices": [
                            91,
                            114
                        ],
                        "expanded_url": "https://twitter.com/ajc/status/801519745342246916/photo/1",
                        "media_url": "http://pbs.twimg.com/media/Cx-R9TgXgAAmAhC.jpg",
                        "url": "https://t.co/HFHUIczDkv",
                        "id": 801519741089316864,
                        "sizes": {
                            "small": {
                                "w": 680,
                                "resize": "fit",
                                "h": 477
                            },
                            "medium": {
                                "w": 1200,
                                "resize": "fit",
                                "h": 842
                            },
                            "large": {
                                "w": 2048,
                                "resize": "fit",
                                "h": 1438
                            },
                            "thumb": {
                                "w": 150,
                                "resize": "crop",
                                "h": 150
                            }
                        },
                        "id_str": "801519741089316864",
                        "type": "photo",
                        "media_url_https": "https://pbs.twimg.com/media/Cx-R9TgXgAAmAhC.jpg"
                    }
                ],
                "user_mentions": [],
                "urls": [
                    {
                        "display_url": "on-ajc.com/2f7GBNU",
                        "indices": [
                            67,
                            90
                        ],
                        "expanded_url": "http://on-ajc.com/2f7GBNU",
                        "url": "https://t.co/7ASimzK0Vc"
                    }
                ],
                "hashtags": [],
                "symbols": []
            }
        },
        {
            "in_reply_to_user_id_str": null,
            "in_reply_to_screen_name": null,
            "lang": "en",
            "user": {
                "is_translator": false,
                "profile_background_image_url": "http://pbs.twimg.com/profile_background_images/378800000091127693/6d3a47ce57110dc1a703b0110831c19e.jpeg",
                "friends_count": 58284,
                "profile_banner_url": "https://pbs.twimg.com/profile_banners/4170491/1425070056",
                "lang": "en",
                "screen_name": "ajc",
                "follow_request_sent": false,
                "geo_enabled": true,
                "profile_image_url": "http://pbs.twimg.com/profile_images/667060822930145280/ZFty7bte_normal.jpg",
                "protected": false,
                "notifications": false,
                "default_profile_image": false,
                "listed_count": 4576,
                "description": "Atlanta's best source for news.",
                "profile_sidebar_border_color": "FFFFFF",
                "has_extended_profile": false,
                "id": 4170491,
                "profile_use_background_image": false,
                "location": "Atlanta, GA",
                "url": "http://t.co/EvK8XZMw4P",
                "statuses_count": 155956,
                "profile_image_url_https": "https://pbs.twimg.com/profile_images/667060822930145280/ZFty7bte_normal.jpg",
                "profile_link_color": "00539B",
                "id_str": "4170491",
                "translator_type": "regular",
                "followers_count": 611759,
                "utc_offset": -18000,
                "default_profile": false,
                "profile_text_color": "333333",
                "is_translation_enabled": false,
                "profile_background_tile": false,
                "favourites_count": 336,
                "profile_background_color": "00539B",
                "verified": true,
                "profile_sidebar_fill_color": "F0F5ED",
                "name": "AJC",
                "following": false,
                "profile_background_image_url_https": "https://pbs.twimg.com/profile_background_images/378800000091127693/6d3a47ce57110dc1a703b0110831c19e.jpeg",
                "contributors_enabled": false,
                "created_at": "Wed Apr 11 12:50:15 +0000 2007",
                "entities": {
                    "description": {
                        "urls": []
                    },
                    "url": {
                        "urls": [
                            {
                                "display_url": "ajc.com",
                                "indices": [
                                    0,
                                    22
                                ],
                                "expanded_url": "http://www.ajc.com",
                                "url": "http://t.co/EvK8XZMw4P"
                            }
                        ]
                    }
                },
                "time_zone": "Eastern Time (US & Canada)"
            },
            "contributors": null,
            "metadata": {
                "result_type": "recent",
                "iso_language_code": "en"
            },
            "retweet_count": 0,
            "id": 801461667947311104,
            "geo": null,
            "id_str": "801461667947311104",
            "favorite_count": 8,
            "source": "<a href=\"http://www.socialflow.com\" rel=\"nofollow\">SocialFlow</a>",
            "in_reply_to_user_id": null,
            "is_quote_status": false,
            "retweeted": false,
            "truncated": true,
            "in_reply_to_status_id_str": null,
            "text": "Should Emory and other colleges offer sanctuary to students in light of Trump\u2019s deportation threats?\u2026 https://t.co/iTcwUmgjyc",
            "in_reply_to_status_id": null,
            "favorited": false,
            "place": null,
            "created_at": "Wed Nov 23 16:25:26 +0000 2016",
            "coordinates": null,
            "possibly_sensitive": false,
            "entities": {
                "user_mentions": [],
                "urls": [
                    {
                        "display_url": "twitter.com/i/web/status/8\u2026",
                        "indices": [
                            102,
                            125
                        ],
                        "expanded_url": "https://twitter.com/i/web/status/801461667947311104",
                        "url": "https://t.co/iTcwUmgjyc"
                    }
                ],
                "hashtags": [],
                "symbols": []
            }
        },
        {
            "in_reply_to_user_id_str": null,
            "in_reply_to_screen_name": null,
            "lang": "en",
            "user": {
                "is_translator": false,
                "profile_background_image_url": "http://pbs.twimg.com/profile_background_images/378800000091127693/6d3a47ce57110dc1a703b0110831c19e.jpeg",
                "friends_count": 58284,
                "profile_banner_url": "https://pbs.twimg.com/profile_banners/4170491/1425070056",
                "lang": "en",
                "screen_name": "ajc",
                "follow_request_sent": false,
                "geo_enabled": true,
                "profile_image_url": "http://pbs.twimg.com/profile_images/667060822930145280/ZFty7bte_normal.jpg",
                "protected": false,
                "notifications": false,
                "default_profile_image": false,
                "listed_count": 4576,
                "description": "Atlanta's best source for news.",
                "profile_sidebar_border_color": "FFFFFF",
                "has_extended_profile": false,
                "id": 4170491,
                "profile_use_background_image": false,
                "location": "Atlanta, GA",
                "url": "http://t.co/EvK8XZMw4P",
                "statuses_count": 155956,
                "profile_image_url_https": "https://pbs.twimg.com/profile_images/667060822930145280/ZFty7bte_normal.jpg",
                "profile_link_color": "00539B",
                "id_str": "4170491",
                "translator_type": "regular",
                "followers_count": 611759,
                "utc_offset": -18000,
                "default_profile": false,
                "profile_text_color": "333333",
                "is_translation_enabled": false,
                "profile_background_tile": false,
                "favourites_count": 336,
                "profile_background_color": "00539B",
                "verified": true,
                "profile_sidebar_fill_color": "F0F5ED",
                "name": "AJC",
                "following": false,
                "profile_background_image_url_https": "https://pbs.twimg.com/profile_background_images/378800000091127693/6d3a47ce57110dc1a703b0110831c19e.jpeg",
                "contributors_enabled": false,
                "created_at": "Wed Apr 11 12:50:15 +0000 2007",
                "entities": {
                    "description": {
                        "urls": []
                    },
                    "url": {
                        "urls": [
                            {
                                "display_url": "ajc.com",
                                "indices": [
                                    0,
                                    22
                                ],
                                "expanded_url": "http://www.ajc.com",
                                "url": "http://t.co/EvK8XZMw4P"
                            }
                        ]
                    }
                },
                "time_zone": "Eastern Time (US & Canada)"
            },
            "contributors": null,
            "metadata": {
                "result_type": "recent",
                "iso_language_code": "en"
            },
            "retweet_count": 3,
            "id": 801342344914227201,
            "geo": null,
            "id_str": "801342344914227201",
            "place": null,
            "source": "<a href=\"http://www.socialflow.com\" rel=\"nofollow\">SocialFlow</a>",
            "in_reply_to_user_id": null,
            "is_quote_status": false,
            "text": "Donald Trump reportedly calls son of slain San Antonio police officer https://t.co/W8aZDO6QuX https://t.co/NEuU47k6E6",
            "retweeted": false,
            "truncated": false,
            "in_reply_to_status_id_str": null,
            "extended_entities": {
                "media": [
                    {
                        "display_url": "pic.twitter.com/NEuU47k6E6",
                        "indices": [
                            94,
                            117
                        ],
                        "expanded_url": "https://twitter.com/ajc/status/801342344914227201/photo/1",
                        "media_url": "http://pbs.twimg.com/media/Cx7wnTxXcAAM-AY.jpg",
                        "url": "https://t.co/NEuU47k6E6",
                        "id": 801342341831421952,
                        "sizes": {
                            "small": {
                                "w": 495,
                                "resize": "fit",
                                "h": 622
                            },
                            "thumb": {
                                "w": 150,
                                "resize": "crop",
                                "h": 150
                            },
                            "large": {
                                "w": 495,
                                "resize": "fit",
                                "h": 622
                            },
                            "medium": {
                                "w": 495,
                                "resize": "fit",
                                "h": 622
                            }
                        },
                        "id_str": "801342341831421952",
                        "type": "photo",
                        "media_url_https": "https://pbs.twimg.com/media/Cx7wnTxXcAAM-AY.jpg"
                    }
                ]
            },
            "in_reply_to_status_id": null,
            "favorited": false,
            "favorite_count": 2,
            "created_at": "Wed Nov 23 08:31:17 +0000 2016",
            "coordinates": null,
            "possibly_sensitive": false,
            "entities": {
                "media": [
                    {
                        "display_url": "pic.twitter.com/NEuU47k6E6",
                        "indices": [
                            94,
                            117
                        ],
                        "expanded_url": "https://twitter.com/ajc/status/801342344914227201/photo/1",
                        "media_url": "http://pbs.twimg.com/media/Cx7wnTxXcAAM-AY.jpg",
                        "url": "https://t.co/NEuU47k6E6",
                        "id": 801342341831421952,
                        "sizes": {
                            "small": {
                                "w": 495,
                                "resize": "fit",
                                "h": 622
                            },
                            "thumb": {
                                "w": 150,
                                "resize": "crop",
                                "h": 150
                            },
                            "large": {
                                "w": 495,
                                "resize": "fit",
                                "h": 622
                            },
                            "medium": {
                                "w": 495,
                                "resize": "fit",
                                "h": 622
                            }
                        },
                        "id_str": "801342341831421952",
                        "type": "photo",
                        "media_url_https": "https://pbs.twimg.com/media/Cx7wnTxXcAAM-AY.jpg"
                    }
                ],
                "user_mentions": [],
                "urls": [
                    {
                        "display_url": "on-ajc.com/2fnOyKc",
                        "indices": [
                            70,
                            93
                        ],
                        "expanded_url": "http://on-ajc.com/2fnOyKc",
                        "url": "https://t.co/W8aZDO6QuX"
                    }
                ],
                "hashtags": [],
                "symbols": []
            }
        },
        {
            "in_reply_to_user_id_str": null,
            "in_reply_to_screen_name": null,
            "lang": "en",
            "user": {
                "is_translator": false,
                "profile_background_image_url": "http://pbs.twimg.com/profile_background_images/378800000091127693/6d3a47ce57110dc1a703b0110831c19e.jpeg",
                "friends_count": 58284,
                "profile_banner_url": "https://pbs.twimg.com/profile_banners/4170491/1425070056",
                "lang": "en",
                "screen_name": "ajc",
                "follow_request_sent": false,
                "geo_enabled": true,
                "profile_image_url": "http://pbs.twimg.com/profile_images/667060822930145280/ZFty7bte_normal.jpg",
                "protected": false,
                "notifications": false,
                "default_profile_image": false,
                "listed_count": 4576,
                "description": "Atlanta's best source for news.",
                "profile_sidebar_border_color": "FFFFFF",
                "has_extended_profile": false,
                "id": 4170491,
                "profile_use_background_image": false,
                "location": "Atlanta, GA",
                "url": "http://t.co/EvK8XZMw4P",
                "statuses_count": 155956,
                "profile_image_url_https": "https://pbs.twimg.com/profile_images/667060822930145280/ZFty7bte_normal.jpg",
                "profile_link_color": "00539B",
                "id_str": "4170491",
                "translator_type": "regular",
                "followers_count": 611759,
                "utc_offset": -18000,
                "default_profile": false,
                "profile_text_color": "333333",
                "is_translation_enabled": false,
                "profile_background_tile": false,
                "favourites_count": 336,
                "profile_background_color": "00539B",
                "verified": true,
                "profile_sidebar_fill_color": "F0F5ED",
                "name": "AJC",
                "following": false,
                "profile_background_image_url_https": "https://pbs.twimg.com/profile_background_images/378800000091127693/6d3a47ce57110dc1a703b0110831c19e.jpeg",
                "contributors_enabled": false,
                "created_at": "Wed Apr 11 12:50:15 +0000 2007",
                "entities": {
                    "description": {
                        "urls": []
                    },
                    "url": {
                        "urls": [
                            {
                                "display_url": "ajc.com",
                                "indices": [
                                    0,
                                    22
                                ],
                                "expanded_url": "http://www.ajc.com",
                                "url": "http://t.co/EvK8XZMw4P"
                            }
                        ]
                    }
                },
                "time_zone": "Eastern Time (US & Canada)"
            },
            "contributors": null,
            "metadata": {
                "result_type": "recent",
                "iso_language_code": "en"
            },
            "retweet_count": 1,
            "id": 801319792162570241,
            "geo": null,
            "id_str": "801319792162570241",
            "place": null,
            "source": "<a href=\"http://www.socialflow.com\" rel=\"nofollow\">SocialFlow</a>",
            "in_reply_to_user_id": null,
            "is_quote_status": false,
            "text": "So many options, yet Trump picks ugly ones https://t.co/rE3PTtbj9h https://t.co/NzinaAKyqs",
            "retweeted": false,
            "truncated": false,
            "in_reply_to_status_id_str": null,
            "extended_entities": {
                "media": [
                    {
                        "display_url": "pic.twitter.com/NzinaAKyqs",
                        "indices": [
                            67,
                            90
                        ],
                        "expanded_url": "https://twitter.com/ajc/status/801319792162570241/photo/1",
                        "media_url": "http://pbs.twimg.com/media/Cx7cGoFWQAAD-Wy.jpg",
                        "url": "https://t.co/NzinaAKyqs",
                        "id": 801319790115700736,
                        "sizes": {
                            "thumb": {
                                "w": 150,
                                "resize": "crop",
                                "h": 150
                            },
                            "small": {
                                "w": 200,
                                "resize": "fit",
                                "h": 200
                            },
                            "large": {
                                "w": 200,
                                "resize": "fit",
                                "h": 200
                            },
                            "medium": {
                                "w": 200,
                                "resize": "fit",
                                "h": 200
                            }
                        },
                        "id_str": "801319790115700736",
                        "type": "photo",
                        "media_url_https": "https://pbs.twimg.com/media/Cx7cGoFWQAAD-Wy.jpg"
                    }
                ]
            },
            "in_reply_to_status_id": null,
            "favorited": false,
            "favorite_count": 2,
            "created_at": "Wed Nov 23 07:01:40 +0000 2016",
            "coordinates": null,
            "possibly_sensitive": false,
            "entities": {
                "media": [
                    {
                        "display_url": "pic.twitter.com/NzinaAKyqs",
                        "indices": [
                            67,
                            90
                        ],
                        "expanded_url": "https://twitter.com/ajc/status/801319792162570241/photo/1",
                        "media_url": "http://pbs.twimg.com/media/Cx7cGoFWQAAD-Wy.jpg",
                        "url": "https://t.co/NzinaAKyqs",
                        "id": 801319790115700736,
                        "sizes": {
                            "thumb": {
                                "w": 150,
                                "resize": "crop",
                                "h": 150
                            },
                            "small": {
                                "w": 200,
                                "resize": "fit",
                                "h": 200
                            },
                            "large": {
                                "w": 200,
                                "resize": "fit",
                                "h": 200
                            },
                            "medium": {
                                "w": 200,
                                "resize": "fit",
                                "h": 200
                            }
                        },
                        "id_str": "801319790115700736",
                        "type": "photo",
                        "media_url_https": "https://pbs.twimg.com/media/Cx7cGoFWQAAD-Wy.jpg"
                    }
                ],
                "user_mentions": [],
                "urls": [
                    {
                        "display_url": "on-ajc.com/2fnDGw2",
                        "indices": [
                            43,
                            66
                        ],
                        "expanded_url": "http://on-ajc.com/2fnDGw2",
                        "url": "https://t.co/rE3PTtbj9h"
                    }
                ],
                "hashtags": [],
                "symbols": []
            }
        }
    ],
    "search_metadata": {
        "completed_in": 0.075,
        "refresh_url": "?since_id=801519745342246916&q=Trump%20from%3Aajc%20since%3A2016-11-23%20until%3A2016-11-24%20filter%3Alinks%20-%40ajc&include_entities=1",
        "since_id_str": "0",
        "max_id": 801519745342246916,
        "query": "Trump+from%3Aajc+since%3A2016-11-23+until%3A2016-11-24+filter%3Alinks+-%40ajc",
        "count": 100,
        "since_id": 0,
        "max_id_str": "801519745342246916"
    }
}