{
    "statuses": [
        {
            "in_reply_to_user_id_str": null,
            "in_reply_to_screen_name": null,
            "lang": "en",
            "user": {
                "is_translator": false,
                "profile_background_image_url": "http://pbs.twimg.com/profile_background_images/245679812/bsunlow.jpg",
                "friends_count": 12470,
                "profile_banner_url": "https://pbs.twimg.com/profile_banners/8861752/1414186163",
                "lang": "en",
                "screen_name": "baltimoresun",
                "follow_request_sent": false,
                "geo_enabled": true,
                "profile_image_url": "http://pbs.twimg.com/profile_images/520989247491166209/blL63-Iz_normal.jpeg",
                "protected": false,
                "notifications": false,
                "default_profile_image": false,
                "listed_count": 3622,
                "description": "Light for all. For customer service, customersatisfaction@baltsun.com. For our journalists: http://t.co/NrQDTYSV3V",
                "profile_sidebar_border_color": "C6E2EE",
                "has_extended_profile": false,
                "id": 8861752,
                "profile_use_background_image": true,
                "location": "Baltimore, Maryland",
                "url": "http://t.co/9qupGo3R00",
                "statuses_count": 126209,
                "profile_image_url_https": "https://pbs.twimg.com/profile_images/520989247491166209/blL63-Iz_normal.jpeg",
                "profile_link_color": "15225E",
                "id_str": "8861752",
                "translator_type": "regular",
                "followers_count": 222852,
                "utc_offset": -18000,
                "default_profile": false,
                "profile_text_color": "663B12",
                "is_translation_enabled": false,
                "profile_background_tile": false,
                "favourites_count": 1843,
                "profile_background_color": "75CBF0",
                "verified": true,
                "profile_sidebar_fill_color": "FFE600",
                "name": "The Baltimore Sun",
                "following": false,
                "profile_background_image_url_https": "https://pbs.twimg.com/profile_background_images/245679812/bsunlow.jpg",
                "contributors_enabled": false,
                "created_at": "Thu Sep 13 20:21:39 +0000 2007",
                "entities": {
                    "description": {
                        "urls": [
                            {
                                "display_url": "bsun.md/staff",
                                "indices": [
                                    92,
                                    114
                                ],
                                "expanded_url": "http://bsun.md/staff",
                                "url": "http://t.co/NrQDTYSV3V"
                            }
                        ]
                    },
                    "url": {
                        "urls": [
                            {
                                "display_url": "baltimoresun.com",
                                "indices": [
                                    0,
                                    22
                                ],
                                "expanded_url": "http://baltimoresun.com",
                                "url": "http://t.co/9qupGo3R00"
                            }
                        ]
                    }
                },
                "time_zone": "Eastern Time (US & Canada)"
            },
            "contributors": null,
            "metadata": {
                "result_type": "recent",
                "iso_language_code": "en"
            },
            "retweet_count": 6,
            "id": 801496545791246345,
            "geo": null,
            "id_str": "801496545791246345",
            "favorite_count": 1,
            "source": "<a href=\"http://twitter.com\" rel=\"nofollow\">Twitter Web Client</a>",
            "in_reply_to_user_id": null,
            "is_quote_status": false,
            "retweeted": false,
            "truncated": false,
            "in_reply_to_status_id_str": null,
            "text": "Trump nominates charter school advocate Betsy DeVos for education secretary, S.C. Gov. Nikki Haley for UN ambassador https://t.co/oSrC9o3BjU",
            "in_reply_to_status_id": null,
            "favorited": false,
            "place": null,
            "created_at": "Wed Nov 23 18:44:02 +0000 2016",
            "coordinates": null,
            "possibly_sensitive": false,
            "entities": {
                "user_mentions": [],
                "urls": [
                    {
                        "display_url": "bsun.md/2gBCzh9",
                        "indices": [
                            117,
                            140
                        ],
                        "expanded_url": "http://bsun.md/2gBCzh9",
                        "url": "https://t.co/oSrC9o3BjU"
                    }
                ],
                "hashtags": [],
                "symbols": []
            }
        },
        {
            "in_reply_to_user_id_str": null,
            "in_reply_to_screen_name": null,
            "lang": "en",
            "user": {
                "is_translator": false,
                "profile_background_image_url": "http://pbs.twimg.com/profile_background_images/245679812/bsunlow.jpg",
                "friends_count": 12470,
                "profile_banner_url": "https://pbs.twimg.com/profile_banners/8861752/1414186163",
                "lang": "en",
                "screen_name": "baltimoresun",
                "follow_request_sent": false,
                "geo_enabled": true,
                "profile_image_url": "http://pbs.twimg.com/profile_images/520989247491166209/blL63-Iz_normal.jpeg",
                "protected": false,
                "notifications": false,
                "default_profile_image": false,
                "listed_count": 3622,
                "description": "Light for all. For customer service, customersatisfaction@baltsun.com. For our journalists: http://t.co/NrQDTYSV3V",
                "profile_sidebar_border_color": "C6E2EE",
                "has_extended_profile": false,
                "id": 8861752,
                "profile_use_background_image": true,
                "location": "Baltimore, Maryland",
                "url": "http://t.co/9qupGo3R00",
                "statuses_count": 126209,
                "profile_image_url_https": "https://pbs.twimg.com/profile_images/520989247491166209/blL63-Iz_normal.jpeg",
                "profile_link_color": "15225E",
                "id_str": "8861752",
                "translator_type": "regular",
                "followers_count": 222852,
                "utc_offset": -18000,
                "default_profile": false,
                "profile_text_color": "663B12",
                "is_translation_enabled": false,
                "profile_background_tile": false,
                "favourites_count": 1843,
                "profile_background_color": "75CBF0",
                "verified": true,
                "profile_sidebar_fill_color": "FFE600",
                "name": "The Baltimore Sun",
                "following": false,
                "profile_background_image_url_https": "https://pbs.twimg.com/profile_background_images/245679812/bsunlow.jpg",
                "contributors_enabled": false,
                "created_at": "Thu Sep 13 20:21:39 +0000 2007",
                "entities": {
                    "description": {
                        "urls": [
                            {
                                "display_url": "bsun.md/staff",
                                "indices": [
                                    92,
                                    114
                                ],
                                "expanded_url": "http://bsun.md/staff",
                                "url": "http://t.co/NrQDTYSV3V"
                            }
                        ]
                    },
                    "url": {
                        "urls": [
                            {
                                "display_url": "baltimoresun.com",
                                "indices": [
                                    0,
                                    22
                                ],
                                "expanded_url": "http://baltimoresun.com",
                                "url": "http://t.co/9qupGo3R00"
                            }
                        ]
                    }
                },
                "time_zone": "Eastern Time (US & Canada)"
            },
            "contributors": null,
            "metadata": {
                "result_type": "recent",
                "iso_language_code": "en"
            },
            "retweet_count": 7,
            "id": 801458137794486272,
            "geo": null,
            "id_str": "801458137794486272",
            "favorite_count": 13,
            "source": "<a href=\"http://twitter.com\" rel=\"nofollow\">Twitter Web Client</a>",
            "in_reply_to_user_id": null,
            "is_quote_status": false,
            "retweeted": false,
            "truncated": false,
            "in_reply_to_status_id_str": null,
            "text": "EDITORIAL: Baltimore needs police reform before Trump takes office. https://t.co/zYbp7QTDKq",
            "in_reply_to_status_id": null,
            "favorited": false,
            "place": null,
            "created_at": "Wed Nov 23 16:11:25 +0000 2016",
            "coordinates": null,
            "possibly_sensitive": false,
            "entities": {
                "user_mentions": [],
                "urls": [
                    {
                        "display_url": "bsun.md/2g3BawB",
                        "indices": [
                            68,
                            91
                        ],
                        "expanded_url": "http://bsun.md/2g3BawB",
                        "url": "https://t.co/zYbp7QTDKq"
                    }
                ],
                "hashtags": [],
                "symbols": []
            }
        },
        {
            "in_reply_to_user_id_str": null,
            "in_reply_to_screen_name": null,
            "lang": "en",
            "user": {
                "is_translator": false,
                "profile_background_image_url": "http://pbs.twimg.com/profile_background_images/245679812/bsunlow.jpg",
                "friends_count": 12470,
                "profile_banner_url": "https://pbs.twimg.com/profile_banners/8861752/1414186163",
                "lang": "en",
                "screen_name": "baltimoresun",
                "follow_request_sent": false,
                "geo_enabled": true,
                "profile_image_url": "http://pbs.twimg.com/profile_images/520989247491166209/blL63-Iz_normal.jpeg",
                "protected": false,
                "notifications": false,
                "default_profile_image": false,
                "listed_count": 3622,
                "description": "Light for all. For customer service, customersatisfaction@baltsun.com. For our journalists: http://t.co/NrQDTYSV3V",
                "profile_sidebar_border_color": "C6E2EE",
                "has_extended_profile": false,
                "id": 8861752,
                "profile_use_background_image": true,
                "location": "Baltimore, Maryland",
                "url": "http://t.co/9qupGo3R00",
                "statuses_count": 126209,
                "profile_image_url_https": "https://pbs.twimg.com/profile_images/520989247491166209/blL63-Iz_normal.jpeg",
                "profile_link_color": "15225E",
                "id_str": "8861752",
                "translator_type": "regular",
                "followers_count": 222852,
                "utc_offset": -18000,
                "default_profile": false,
                "profile_text_color": "663B12",
                "is_translation_enabled": false,
                "profile_background_tile": false,
                "favourites_count": 1843,
                "profile_background_color": "75CBF0",
                "verified": true,
                "profile_sidebar_fill_color": "FFE600",
                "name": "The Baltimore Sun",
                "following": false,
                "profile_background_image_url_https": "https://pbs.twimg.com/profile_background_images/245679812/bsunlow.jpg",
                "contributors_enabled": false,
                "created_at": "Thu Sep 13 20:21:39 +0000 2007",
                "entities": {
                    "description": {
                        "urls": [
                            {
                                "display_url": "bsun.md/staff",
                                "indices": [
                                    92,
                                    114
                                ],
                                "expanded_url": "http://bsun.md/staff",
                                "url": "http://t.co/NrQDTYSV3V"
                            }
                        ]
                    },
                    "url": {
                        "urls": [
                            {
                                "display_url": "baltimoresun.com",
                                "indices": [
                                    0,
                                    22
                                ],
                                "expanded_url": "http://baltimoresun.com",
                                "url": "http://t.co/9qupGo3R00"
                            }
                        ]
                    }
                },
                "time_zone": "Eastern Time (US & Canada)"
            },
            "contributors": null,
            "metadata": {
                "result_type": "recent",
                "iso_language_code": "en"
            },
            "retweet_count": 3,
            "id": 801289174905196544,
            "geo": null,
            "id_str": "801289174905196544",
            "favorite_count": 2,
            "source": "<a href=\"https://about.twitter.com/products/tweetdeck\" rel=\"nofollow\">TweetDeck</a>",
            "in_reply_to_user_id": null,
            "is_quote_status": false,
            "retweeted": false,
            "truncated": false,
            "in_reply_to_status_id_str": null,
            "text": "Becoming an American in the time of Trump. via @DanRodricks https://t.co/dVWMXC2XiM",
            "in_reply_to_status_id": null,
            "favorited": false,
            "place": null,
            "created_at": "Wed Nov 23 05:00:01 +0000 2016",
            "coordinates": null,
            "possibly_sensitive": false,
            "entities": {
                "user_mentions": [
                    {
                        "name": "Dan Rodricks",
                        "id_str": "26458435",
                        "id": 26458435,
                        "indices": [
                            47,
                            59
                        ],
                        "screen_name": "DanRodricks"
                    }
                ],
                "urls": [
                    {
                        "display_url": "bsun.md/2gesWkl",
                        "indices": [
                            60,
                            83
                        ],
                        "expanded_url": "http://bsun.md/2gesWkl",
                        "url": "https://t.co/dVWMXC2XiM"
                    }
                ],
                "hashtags": [],
                "symbols": []
            }
        }
    ],
    "search_metadata": {
        "completed_in": 0.026,
        "refresh_url": "?since_id=801496545791246345&q=Trump%20from%3Abaltimoresun%20since%3A2016-11-23%20until%3A2016-11-24%20filter%3Alinks%20-%40baltimoresun&include_entities=1",
        "since_id_str": "0",
        "max_id": 801496545791246345,
        "query": "Trump+from%3Abaltimoresun+since%3A2016-11-23+until%3A2016-11-24+filter%3Alinks+-%40baltimoresun",
        "count": 100,
        "since_id": 0,
        "max_id_str": "801496545791246345"
    }
}