{
    "statuses": [
        {
            "in_reply_to_user_id_str": null,
            "in_reply_to_screen_name": null,
            "lang": "en",
            "user": {
                "is_translator": false,
                "profile_background_image_url": "http://pbs.twimg.com/profile_background_images/5394756/cj_twitter.jpg",
                "friends_count": 418,
                "profile_banner_url": "https://pbs.twimg.com/profile_banners/16429852/1470244073",
                "lang": "en",
                "screen_name": "CJOnline",
                "follow_request_sent": false,
                "geo_enabled": false,
                "profile_image_url": "http://pbs.twimg.com/profile_images/103555401/cj_twitter_icon_normal.jpg",
                "protected": false,
                "notifications": false,
                "default_profile_image": false,
                "listed_count": 423,
                "description": "The Topeka Capital-Journal is the oldest & largest media outlet in NE Kansas. News tip? DM us on Twitter, call at 7852951240 or email at webmaster@cjonline.com",
                "profile_sidebar_border_color": "000000",
                "has_extended_profile": false,
                "id": 16429852,
                "profile_use_background_image": true,
                "location": "Topeka, KS",
                "url": "http://t.co/g75dldPoDh",
                "statuses_count": 101874,
                "profile_image_url_https": "https://pbs.twimg.com/profile_images/103555401/cj_twitter_icon_normal.jpg",
                "profile_link_color": "58595B",
                "id_str": "16429852",
                "translator_type": "none",
                "followers_count": 20620,
                "utc_offset": -21600,
                "default_profile": false,
                "profile_text_color": "000000",
                "is_translation_enabled": false,
                "profile_background_tile": false,
                "favourites_count": 51,
                "profile_background_color": "0066CC",
                "verified": false,
                "profile_sidebar_fill_color": "D2D9DF",
                "name": "CJOnline",
                "following": false,
                "profile_background_image_url_https": "https://pbs.twimg.com/profile_background_images/5394756/cj_twitter.jpg",
                "contributors_enabled": false,
                "created_at": "Wed Sep 24 03:14:14 +0000 2008",
                "entities": {
                    "description": {
                        "urls": []
                    },
                    "url": {
                        "urls": [
                            {
                                "display_url": "cjonline.com",
                                "indices": [
                                    0,
                                    22
                                ],
                                "expanded_url": "http://www.cjonline.com",
                                "url": "http://t.co/g75dldPoDh"
                            }
                        ]
                    }
                },
                "time_zone": "Central Time (US & Canada)"
            },
            "contributors": null,
            "metadata": {
                "result_type": "recent",
                "iso_language_code": "en"
            },
            "retweet_count": 0,
            "id": 801403174053498881,
            "geo": null,
            "id_str": "801403174053498881",
            "favorite_count": 0,
            "source": "<a href=\"https://about.twitter.com/products/tweetdeck\" rel=\"nofollow\">TweetDeck</a>",
            "in_reply_to_user_id": null,
            "is_quote_status": false,
            "retweeted": false,
            "truncated": false,
            "in_reply_to_status_id_str": null,
            "text": "South Carolina Gov. Nikki Haley tapped to be Trump\u2019s U.N. ambassador\nhttps://t.co/ZKgHMs5Ide",
            "in_reply_to_status_id": null,
            "favorited": false,
            "place": null,
            "created_at": "Wed Nov 23 12:33:00 +0000 2016",
            "coordinates": null,
            "possibly_sensitive": false,
            "entities": {
                "user_mentions": [],
                "urls": [
                    {
                        "display_url": "cjonline.com/news/2016-11-2\u2026",
                        "indices": [
                            69,
                            92
                        ],
                        "expanded_url": "http://cjonline.com/news/2016-11-23/south-carolina-gov-nikki-haley-tapped-be-trump-s-un-ambassador",
                        "url": "https://t.co/ZKgHMs5Ide"
                    }
                ],
                "hashtags": [],
                "symbols": []
            }
        },
        {
            "in_reply_to_user_id_str": null,
            "in_reply_to_screen_name": null,
            "lang": "en",
            "user": {
                "is_translator": false,
                "profile_background_image_url": "http://pbs.twimg.com/profile_background_images/5394756/cj_twitter.jpg",
                "friends_count": 418,
                "profile_banner_url": "https://pbs.twimg.com/profile_banners/16429852/1470244073",
                "lang": "en",
                "screen_name": "CJOnline",
                "follow_request_sent": false,
                "geo_enabled": false,
                "profile_image_url": "http://pbs.twimg.com/profile_images/103555401/cj_twitter_icon_normal.jpg",
                "protected": false,
                "notifications": false,
                "default_profile_image": false,
                "listed_count": 423,
                "description": "The Topeka Capital-Journal is the oldest & largest media outlet in NE Kansas. News tip? DM us on Twitter, call at 7852951240 or email at webmaster@cjonline.com",
                "profile_sidebar_border_color": "000000",
                "has_extended_profile": false,
                "id": 16429852,
                "profile_use_background_image": true,
                "location": "Topeka, KS",
                "url": "http://t.co/g75dldPoDh",
                "statuses_count": 101874,
                "profile_image_url_https": "https://pbs.twimg.com/profile_images/103555401/cj_twitter_icon_normal.jpg",
                "profile_link_color": "58595B",
                "id_str": "16429852",
                "translator_type": "none",
                "followers_count": 20620,
                "utc_offset": -21600,
                "default_profile": false,
                "profile_text_color": "000000",
                "is_translation_enabled": false,
                "profile_background_tile": false,
                "favourites_count": 51,
                "profile_background_color": "0066CC",
                "verified": false,
                "profile_sidebar_fill_color": "D2D9DF",
                "name": "CJOnline",
                "following": false,
                "profile_background_image_url_https": "https://pbs.twimg.com/profile_background_images/5394756/cj_twitter.jpg",
                "contributors_enabled": false,
                "created_at": "Wed Sep 24 03:14:14 +0000 2008",
                "entities": {
                    "description": {
                        "urls": []
                    },
                    "url": {
                        "urls": [
                            {
                                "display_url": "cjonline.com",
                                "indices": [
                                    0,
                                    22
                                ],
                                "expanded_url": "http://www.cjonline.com",
                                "url": "http://t.co/g75dldPoDh"
                            }
                        ]
                    }
                },
                "time_zone": "Central Time (US & Canada)"
            },
            "contributors": null,
            "metadata": {
                "result_type": "recent",
                "iso_language_code": "en"
            },
            "retweet_count": 1,
            "id": 801388572913893376,
            "geo": null,
            "id_str": "801388572913893376",
            "favorite_count": 2,
            "source": "<a href=\"https://about.twitter.com/products/tweetdeck\" rel=\"nofollow\">TweetDeck</a>",
            "in_reply_to_user_id": null,
            "is_quote_status": false,
            "retweeted": false,
            "truncated": false,
            "in_reply_to_status_id_str": null,
            "text": "South Carolina Gov. Nikki Haley tapped to be Trump\u2019s U.N. ambassador\nhttps://t.co/ZKgHMsnjBO",
            "in_reply_to_status_id": null,
            "favorited": false,
            "place": null,
            "created_at": "Wed Nov 23 11:34:59 +0000 2016",
            "coordinates": null,
            "possibly_sensitive": false,
            "entities": {
                "user_mentions": [],
                "urls": [
                    {
                        "display_url": "cjonline.com/news/2016-11-2\u2026",
                        "indices": [
                            69,
                            92
                        ],
                        "expanded_url": "http://cjonline.com/news/2016-11-23/south-carolina-gov-nikki-haley-tapped-be-trump-s-un-ambassador",
                        "url": "https://t.co/ZKgHMsnjBO"
                    }
                ],
                "hashtags": [],
                "symbols": []
            }
        }
    ],
    "search_metadata": {
        "completed_in": 0.035,
        "refresh_url": "?since_id=801403174053498881&q=Trump%20from%3ACJOnline%20since%3A2016-11-23%20until%3A2016-11-24%20filter%3Alinks%20-%40CJOnline&include_entities=1",
        "since_id_str": "0",
        "max_id": 801403174053498881,
        "query": "Trump+from%3ACJOnline+since%3A2016-11-23+until%3A2016-11-24+filter%3Alinks+-%40CJOnline",
        "count": 100,
        "since_id": 0,
        "max_id_str": "801403174053498881"
    }
}