{
    "statuses": [
        {
            "in_reply_to_user_id_str": null,
            "in_reply_to_screen_name": null,
            "lang": "en",
            "user": {
                "is_translator": false,
                "profile_background_image_url": "http://abs.twimg.com/images/themes/theme15/bg.png",
                "friends_count": 801,
                "profile_banner_url": "https://pbs.twimg.com/profile_banners/13877002/1475603134",
                "lang": "en",
                "screen_name": "clarionledger",
                "follow_request_sent": false,
                "geo_enabled": true,
                "profile_image_url": "http://pbs.twimg.com/profile_images/723264108263550976/AAAwQXU7_normal.jpg",
                "protected": false,
                "notifications": false,
                "default_profile_image": false,
                "listed_count": 989,
                "description": "Mississippi's largest newspaper, The Clarion-Ledger, part of the USA Today Network. We tell Mississippi's story across the state, nation and globe.",
                "profile_sidebar_border_color": "A8C7F7",
                "has_extended_profile": false,
                "id": 13877002,
                "profile_use_background_image": true,
                "location": "Jackson, Mississippi",
                "url": "https://t.co/hkQBGuEfu0",
                "statuses_count": 118307,
                "profile_image_url_https": "https://pbs.twimg.com/profile_images/723264108263550976/AAAwQXU7_normal.jpg",
                "profile_link_color": "0084B4",
                "id_str": "13877002",
                "translator_type": "none",
                "followers_count": 107227,
                "utc_offset": -21600,
                "default_profile": false,
                "profile_text_color": "333333",
                "is_translation_enabled": false,
                "profile_background_tile": false,
                "favourites_count": 778,
                "profile_background_color": "022330",
                "verified": true,
                "profile_sidebar_fill_color": "C0DFEC",
                "name": "The Clarion-Ledger",
                "following": false,
                "profile_background_image_url_https": "https://abs.twimg.com/images/themes/theme15/bg.png",
                "contributors_enabled": false,
                "created_at": "Sat Feb 23 20:19:53 +0000 2008",
                "entities": {
                    "description": {
                        "urls": []
                    },
                    "url": {
                        "urls": [
                            {
                                "display_url": "clarionledger.com",
                                "indices": [
                                    0,
                                    23
                                ],
                                "expanded_url": "http://www.clarionledger.com",
                                "url": "https://t.co/hkQBGuEfu0"
                            }
                        ]
                    }
                },
                "time_zone": "Central Time (US & Canada)"
            },
            "contributors": null,
            "metadata": {
                "result_type": "recent",
                "iso_language_code": "en"
            },
            "retweet_count": 0,
            "id": 801513315767898114,
            "geo": null,
            "id_str": "801513315767898114",
            "favorite_count": 0,
            "source": "<a href=\"http://twitter.com\" rel=\"nofollow\">Twitter Web Client</a>",
            "in_reply_to_user_id": null,
            "is_quote_status": false,
            "retweeted": false,
            "truncated": false,
            "in_reply_to_status_id_str": null,
            "text": "Trump selects businesswoman, charter school advocate Betsy DeVos as Secretary of Education https://t.co/s0uCmmY0iZ via @USATODAY",
            "in_reply_to_status_id": null,
            "favorited": false,
            "place": null,
            "created_at": "Wed Nov 23 19:50:40 +0000 2016",
            "coordinates": null,
            "possibly_sensitive": false,
            "entities": {
                "user_mentions": [
                    {
                        "name": "USA TODAY",
                        "id_str": "15754281",
                        "id": 15754281,
                        "indices": [
                            119,
                            128
                        ],
                        "screen_name": "USATODAY"
                    }
                ],
                "urls": [
                    {
                        "display_url": "on.thec-l.com/2gBXBMX",
                        "indices": [
                            91,
                            114
                        ],
                        "expanded_url": "http://on.thec-l.com/2gBXBMX",
                        "url": "https://t.co/s0uCmmY0iZ"
                    }
                ],
                "hashtags": [],
                "symbols": []
            }
        },
        {
            "in_reply_to_user_id_str": null,
            "in_reply_to_screen_name": null,
            "lang": "en",
            "user": {
                "is_translator": false,
                "profile_background_image_url": "http://abs.twimg.com/images/themes/theme15/bg.png",
                "friends_count": 801,
                "profile_banner_url": "https://pbs.twimg.com/profile_banners/13877002/1475603134",
                "lang": "en",
                "screen_name": "clarionledger",
                "follow_request_sent": false,
                "geo_enabled": true,
                "profile_image_url": "http://pbs.twimg.com/profile_images/723264108263550976/AAAwQXU7_normal.jpg",
                "protected": false,
                "notifications": false,
                "default_profile_image": false,
                "listed_count": 989,
                "description": "Mississippi's largest newspaper, The Clarion-Ledger, part of the USA Today Network. We tell Mississippi's story across the state, nation and globe.",
                "profile_sidebar_border_color": "A8C7F7",
                "has_extended_profile": false,
                "id": 13877002,
                "profile_use_background_image": true,
                "location": "Jackson, Mississippi",
                "url": "https://t.co/hkQBGuEfu0",
                "statuses_count": 118307,
                "profile_image_url_https": "https://pbs.twimg.com/profile_images/723264108263550976/AAAwQXU7_normal.jpg",
                "profile_link_color": "0084B4",
                "id_str": "13877002",
                "translator_type": "none",
                "followers_count": 107227,
                "utc_offset": -21600,
                "default_profile": false,
                "profile_text_color": "333333",
                "is_translation_enabled": false,
                "profile_background_tile": false,
                "favourites_count": 778,
                "profile_background_color": "022330",
                "verified": true,
                "profile_sidebar_fill_color": "C0DFEC",
                "name": "The Clarion-Ledger",
                "following": false,
                "profile_background_image_url_https": "https://abs.twimg.com/images/themes/theme15/bg.png",
                "contributors_enabled": false,
                "created_at": "Sat Feb 23 20:19:53 +0000 2008",
                "entities": {
                    "description": {
                        "urls": []
                    },
                    "url": {
                        "urls": [
                            {
                                "display_url": "clarionledger.com",
                                "indices": [
                                    0,
                                    23
                                ],
                                "expanded_url": "http://www.clarionledger.com",
                                "url": "https://t.co/hkQBGuEfu0"
                            }
                        ]
                    }
                },
                "time_zone": "Central Time (US & Canada)"
            },
            "contributors": null,
            "metadata": {
                "result_type": "recent",
                "iso_language_code": "en"
            },
            "retweet_count": 0,
            "id": 801413315616501760,
            "geo": null,
            "id_str": "801413315616501760",
            "favorite_count": 1,
            "source": "<a href=\"http://twitter.com\" rel=\"nofollow\">Twitter Web Client</a>",
            "in_reply_to_user_id": null,
            "is_quote_status": false,
            "retweeted": false,
            "truncated": false,
            "in_reply_to_status_id_str": null,
            "text": "Trump to tap S.C. Gov. Nikki Haley as U.N. ambassador https://t.co/xLzrKGl2MJ",
            "in_reply_to_status_id": null,
            "favorited": false,
            "place": null,
            "created_at": "Wed Nov 23 13:13:18 +0000 2016",
            "coordinates": null,
            "possibly_sensitive": false,
            "entities": {
                "user_mentions": [],
                "urls": [
                    {
                        "display_url": "on.thec-l.com/2gKtnbq",
                        "indices": [
                            54,
                            77
                        ],
                        "expanded_url": "http://on.thec-l.com/2gKtnbq",
                        "url": "https://t.co/xLzrKGl2MJ"
                    }
                ],
                "hashtags": [],
                "symbols": []
            }
        }
    ],
    "search_metadata": {
        "completed_in": 0.037,
        "refresh_url": "?since_id=801513315767898114&q=Trump%20from%3Aclarionledger%20since%3A2016-11-23%20until%3A2016-11-24%20filter%3Alinks%20-%40clarionledger&include_entities=1",
        "since_id_str": "0",
        "max_id": 801513315767898114,
        "query": "Trump+from%3Aclarionledger+since%3A2016-11-23+until%3A2016-11-24+filter%3Alinks+-%40clarionledger",
        "count": 100,
        "since_id": 0,
        "max_id_str": "801513315767898114"
    }
}