{
    "statuses": [
        {
            "in_reply_to_user_id_str": null,
            "in_reply_to_screen_name": null,
            "lang": "en",
            "user": {
                "is_translator": false,
                "profile_background_image_url": "http://pbs.twimg.com/profile_background_images/3504021/bkgd_main.gif",
                "friends_count": 671,
                "profile_banner_url": "https://pbs.twimg.com/profile_banners/7972552/1447778586",
                "lang": "en",
                "screen_name": "courierjournal",
                "follow_request_sent": false,
                "geo_enabled": true,
                "profile_image_url": "http://pbs.twimg.com/profile_images/666657747040141312/vZl7Zh2e_normal.jpg",
                "protected": false,
                "notifications": false,
                "default_profile_image": false,
                "listed_count": 1117,
                "description": "Louisville, Ky: News and information from the Courier-Journal. Tweets from CJ digital staff. Subscribe: https://t.co/OjXfaUBmVQ",
                "profile_sidebar_border_color": "F9EFBE",
                "has_extended_profile": false,
                "id": 7972552,
                "profile_use_background_image": true,
                "location": "Louisville, Ky",
                "url": "https://t.co/dnO4oxJQU0",
                "statuses_count": 87679,
                "profile_image_url_https": "https://pbs.twimg.com/profile_images/666657747040141312/vZl7Zh2e_normal.jpg",
                "profile_link_color": "0000FF",
                "id_str": "7972552",
                "translator_type": "none",
                "followers_count": 56980,
                "utc_offset": -18000,
                "default_profile": false,
                "profile_text_color": "000000",
                "is_translation_enabled": false,
                "profile_background_tile": true,
                "favourites_count": 3081,
                "profile_background_color": "BBC89C",
                "verified": true,
                "profile_sidebar_fill_color": "F9EFBE",
                "name": "Courier-Journal.com",
                "following": false,
                "profile_background_image_url_https": "https://pbs.twimg.com/profile_background_images/3504021/bkgd_main.gif",
                "contributors_enabled": false,
                "created_at": "Sun Aug 05 14:34:05 +0000 2007",
                "entities": {
                    "description": {
                        "urls": [
                            {
                                "display_url": "cjky.it/1vjfJwL",
                                "indices": [
                                    104,
                                    127
                                ],
                                "expanded_url": "http://cjky.it/1vjfJwL",
                                "url": "https://t.co/OjXfaUBmVQ"
                            }
                        ]
                    },
                    "url": {
                        "urls": [
                            {
                                "display_url": "courier-journal.com",
                                "indices": [
                                    0,
                                    23
                                ],
                                "expanded_url": "http://www.courier-journal.com",
                                "url": "https://t.co/dnO4oxJQU0"
                            }
                        ]
                    }
                },
                "time_zone": "Eastern Time (US & Canada)"
            },
            "contributors": null,
            "metadata": {
                "result_type": "recent",
                "iso_language_code": "en"
            },
            "retweet_count": 2,
            "id": 801436473690062848,
            "geo": null,
            "id_str": "801436473690062848",
            "favorite_count": 1,
            "source": "<a href=\"http://www.hootsuite.com\" rel=\"nofollow\">Hootsuite</a>",
            "in_reply_to_user_id": null,
            "is_quote_status": false,
            "retweeted": false,
            "truncated": false,
            "in_reply_to_status_id_str": null,
            "text": "Louisville's Muslim community seeks support after unrest around Trump win https://t.co/I6s4oFD500",
            "in_reply_to_status_id": null,
            "favorited": false,
            "place": null,
            "created_at": "Wed Nov 23 14:45:19 +0000 2016",
            "coordinates": null,
            "possibly_sensitive": false,
            "entities": {
                "user_mentions": [],
                "urls": [
                    {
                        "display_url": "cjky.it/2glsZMD",
                        "indices": [
                            74,
                            97
                        ],
                        "expanded_url": "http://cjky.it/2glsZMD",
                        "url": "https://t.co/I6s4oFD500"
                    }
                ],
                "hashtags": [],
                "symbols": []
            }
        },
        {
            "in_reply_to_user_id_str": null,
            "in_reply_to_screen_name": null,
            "lang": "en",
            "user": {
                "is_translator": false,
                "profile_background_image_url": "http://pbs.twimg.com/profile_background_images/3504021/bkgd_main.gif",
                "friends_count": 671,
                "profile_banner_url": "https://pbs.twimg.com/profile_banners/7972552/1447778586",
                "lang": "en",
                "screen_name": "courierjournal",
                "follow_request_sent": false,
                "geo_enabled": true,
                "profile_image_url": "http://pbs.twimg.com/profile_images/666657747040141312/vZl7Zh2e_normal.jpg",
                "protected": false,
                "notifications": false,
                "default_profile_image": false,
                "listed_count": 1117,
                "description": "Louisville, Ky: News and information from the Courier-Journal. Tweets from CJ digital staff. Subscribe: https://t.co/OjXfaUBmVQ",
                "profile_sidebar_border_color": "F9EFBE",
                "has_extended_profile": false,
                "id": 7972552,
                "profile_use_background_image": true,
                "location": "Louisville, Ky",
                "url": "https://t.co/dnO4oxJQU0",
                "statuses_count": 87679,
                "profile_image_url_https": "https://pbs.twimg.com/profile_images/666657747040141312/vZl7Zh2e_normal.jpg",
                "profile_link_color": "0000FF",
                "id_str": "7972552",
                "translator_type": "none",
                "followers_count": 56980,
                "utc_offset": -18000,
                "default_profile": false,
                "profile_text_color": "000000",
                "is_translation_enabled": false,
                "profile_background_tile": true,
                "favourites_count": 3081,
                "profile_background_color": "BBC89C",
                "verified": true,
                "profile_sidebar_fill_color": "F9EFBE",
                "name": "Courier-Journal.com",
                "following": false,
                "profile_background_image_url_https": "https://pbs.twimg.com/profile_background_images/3504021/bkgd_main.gif",
                "contributors_enabled": false,
                "created_at": "Sun Aug 05 14:34:05 +0000 2007",
                "entities": {
                    "description": {
                        "urls": [
                            {
                                "display_url": "cjky.it/1vjfJwL",
                                "indices": [
                                    104,
                                    127
                                ],
                                "expanded_url": "http://cjky.it/1vjfJwL",
                                "url": "https://t.co/OjXfaUBmVQ"
                            }
                        ]
                    },
                    "url": {
                        "urls": [
                            {
                                "display_url": "courier-journal.com",
                                "indices": [
                                    0,
                                    23
                                ],
                                "expanded_url": "http://www.courier-journal.com",
                                "url": "https://t.co/dnO4oxJQU0"
                            }
                        ]
                    }
                },
                "time_zone": "Eastern Time (US & Canada)"
            },
            "contributors": null,
            "metadata": {
                "result_type": "recent",
                "iso_language_code": "en"
            },
            "retweet_count": 1,
            "id": 801415235404005376,
            "geo": null,
            "id_str": "801415235404005376",
            "favorite_count": 1,
            "source": "<a href=\"http://www.hootsuite.com\" rel=\"nofollow\">Hootsuite</a>",
            "in_reply_to_user_id": null,
            "is_quote_status": false,
            "retweeted": false,
            "truncated": false,
            "in_reply_to_status_id_str": null,
            "text": "Trump to tap South Carolina Gov. Nikki Haley as U.N. ambassador https://t.co/6F4Njq5qT0",
            "in_reply_to_status_id": null,
            "favorited": false,
            "place": null,
            "created_at": "Wed Nov 23 13:20:56 +0000 2016",
            "coordinates": null,
            "possibly_sensitive": false,
            "entities": {
                "user_mentions": [],
                "urls": [
                    {
                        "display_url": "cjky.it/2f6dYkw",
                        "indices": [
                            64,
                            87
                        ],
                        "expanded_url": "http://cjky.it/2f6dYkw",
                        "url": "https://t.co/6F4Njq5qT0"
                    }
                ],
                "hashtags": [],
                "symbols": []
            }
        }
    ],
    "search_metadata": {
        "completed_in": 0.073,
        "refresh_url": "?since_id=801436473690062848&q=Trump%20from%3Acourierjournal%20since%3A2016-11-23%20until%3A2016-11-24%20filter%3Alinks%20-%40courierjournal&include_entities=1",
        "since_id_str": "0",
        "max_id": 801436473690062848,
        "query": "Trump+from%3Acourierjournal+since%3A2016-11-23+until%3A2016-11-24+filter%3Alinks+-%40courierjournal",
        "count": 100,
        "since_id": 0,
        "max_id_str": "801436473690062848"
    }
}