{
    "statuses": [
        {
            "in_reply_to_user_id_str": null,
            "in_reply_to_screen_name": null,
            "lang": "en",
            "user": {
                "is_translator": false,
                "profile_background_image_url": "http://pbs.twimg.com/profile_background_images/377647659/twitter-detnews4.jpg",
                "friends_count": 2311,
                "profile_banner_url": "https://pbs.twimg.com/profile_banners/16543775/1480021089",
                "lang": "en",
                "screen_name": "detroitnews",
                "follow_request_sent": false,
                "geo_enabled": true,
                "profile_image_url": "http://pbs.twimg.com/profile_images/512551439021768704/yKZZwFHJ_normal.jpeg",
                "protected": false,
                "notifications": false,
                "default_profile_image": false,
                "listed_count": 2945,
                "description": "Detroit's best source for news and information. You can reach The Detroit News at online(at)detroitnews(dot)com. https://t.co/gma4B8adFW",
                "profile_sidebar_border_color": "181A1E",
                "has_extended_profile": false,
                "id": 16543775,
                "profile_use_background_image": false,
                "location": "Detroit,MI USA",
                "url": "https://t.co/gma4B8adFW",
                "statuses_count": 143230,
                "profile_image_url_https": "https://pbs.twimg.com/profile_images/512551439021768704/yKZZwFHJ_normal.jpeg",
                "profile_link_color": "2FC2EF",
                "id_str": "16543775",
                "translator_type": "none",
                "followers_count": 196577,
                "utc_offset": -18000,
                "default_profile": false,
                "profile_text_color": "666666",
                "is_translation_enabled": false,
                "profile_background_tile": false,
                "favourites_count": 913,
                "profile_background_color": "1A1B1F",
                "verified": true,
                "profile_sidebar_fill_color": "252429",
                "name": "The Detroit News",
                "following": false,
                "profile_background_image_url_https": "https://pbs.twimg.com/profile_background_images/377647659/twitter-detnews4.jpg",
                "contributors_enabled": false,
                "created_at": "Wed Oct 01 13:36:49 +0000 2008",
                "entities": {
                    "description": {
                        "urls": [
                            {
                                "display_url": "detroitnews.com",
                                "indices": [
                                    113,
                                    136
                                ],
                                "expanded_url": "http://www.detroitnews.com",
                                "url": "https://t.co/gma4B8adFW"
                            }
                        ]
                    },
                    "url": {
                        "urls": [
                            {
                                "display_url": "detroitnews.com",
                                "indices": [
                                    0,
                                    23
                                ],
                                "expanded_url": "http://www.detroitnews.com",
                                "url": "https://t.co/gma4B8adFW"
                            }
                        ]
                    }
                },
                "time_zone": "Eastern Time (US & Canada)"
            },
            "contributors": null,
            "metadata": {
                "result_type": "recent",
                "iso_language_code": "en"
            },
            "retweet_count": 112,
            "id": 801522655098732545,
            "geo": null,
            "id_str": "801522655098732545",
            "place": null,
            "source": "<a href=\"https://about.twitter.com/products/tweetdeck\" rel=\"nofollow\">TweetDeck</a>",
            "in_reply_to_user_id": null,
            "is_quote_status": false,
            "retweeted": false,
            "retweeted_status": {
                "in_reply_to_user_id_str": null,
                "in_reply_to_screen_name": null,
                "lang": "en",
                "user": {
                    "is_translator": false,
                    "profile_background_image_url": "http://pbs.twimg.com/profile_background_images/794959980/ca691b5b5b6bfa79e9d03b70ea25787a.png",
                    "friends_count": 5176,
                    "profile_banner_url": "https://pbs.twimg.com/profile_banners/23545095/1464043389",
                    "lang": "en",
                    "screen_name": "ChadLivengood",
                    "follow_request_sent": false,
                    "geo_enabled": true,
                    "profile_image_url": "http://pbs.twimg.com/profile_images/587983333897932800/hQo539Rn_normal.jpg",
                    "protected": false,
                    "notifications": false,
                    "default_profile_image": false,
                    "listed_count": 657,
                    "description": "Political Reporter for The Detroit News @detroitnews | O: 517-371-3661 | C: 517-420-6831| clivengood@detroitnews.com | https://t.co/1USojGsfP4",
                    "profile_sidebar_border_color": "FFFFFF",
                    "has_extended_profile": false,
                    "id": 23545095,
                    "profile_use_background_image": true,
                    "location": "Lansing, Michigan",
                    "url": "https://t.co/hegEm9qhV3",
                    "statuses_count": 50942,
                    "profile_image_url_https": "https://pbs.twimg.com/profile_images/587983333897932800/hQo539Rn_normal.jpg",
                    "profile_link_color": "0084B4",
                    "id_str": "23545095",
                    "translator_type": "none",
                    "followers_count": 11873,
                    "utc_offset": -18000,
                    "default_profile": false,
                    "profile_text_color": "333333",
                    "is_translation_enabled": false,
                    "profile_background_tile": true,
                    "favourites_count": 1591,
                    "profile_background_color": "9AE4E8",
                    "verified": true,
                    "profile_sidebar_fill_color": "DDFFCC",
                    "name": "Chad Livengood",
                    "following": false,
                    "profile_background_image_url_https": "https://pbs.twimg.com/profile_background_images/794959980/ca691b5b5b6bfa79e9d03b70ea25787a.png",
                    "contributors_enabled": false,
                    "created_at": "Tue Mar 10 02:34:09 +0000 2009",
                    "entities": {
                        "description": {
                            "urls": [
                                {
                                    "display_url": "facebook.com/chad.livengood",
                                    "indices": [
                                        119,
                                        142
                                    ],
                                    "expanded_url": "http://facebook.com/chad.livengood",
                                    "url": "https://t.co/1USojGsfP4"
                                }
                            ]
                        },
                        "url": {
                            "urls": [
                                {
                                    "display_url": "detroitnews.com/staff/27965/ch\u2026",
                                    "indices": [
                                        0,
                                        23
                                    ],
                                    "expanded_url": "http://www.detroitnews.com/staff/27965/chad-livengood/",
                                    "url": "https://t.co/hegEm9qhV3"
                                }
                            ]
                        }
                    },
                    "time_zone": "Eastern Time (US & Canada)"
                },
                "contributors": null,
                "metadata": {
                    "result_type": "recent",
                    "iso_language_code": "en"
                },
                "retweet_count": 112,
                "id": 801522202915065856,
                "geo": null,
                "id_str": "801522202915065856",
                "favorite_count": 174,
                "source": "<a href=\"http://twitter.com/download/iphone\" rel=\"nofollow\">Twitter for iPhone</a>",
                "in_reply_to_user_id": null,
                "is_quote_status": false,
                "retweeted": false,
                "truncated": true,
                "in_reply_to_status_id_str": null,
                "text": ".@RepMoolenaar, R-Midland, on Trump picking @BetsyDeVos for ed secretary: \"I can think of no greater champion for s\u2026 https://t.co/7vD6KQwiiR",
                "in_reply_to_status_id": null,
                "favorited": false,
                "place": {
                    "country": "United States",
                    "name": "Ypsilanti",
                    "full_name": "Ypsilanti, MI",
                    "id": "0049088b1906e51b",
                    "country_code": "US",
                    "place_type": "city",
                    "url": "https://api.twitter.com/1.1/geo/id/0049088b1906e51b.json",
                    "contained_within": [],
                    "bounding_box": {
                        "coordinates": [
                            [
                                [
                                    -83.661476,
                                    42.165629
                                ],
                                [
                                    -83.542129,
                                    42.165629
                                ],
                                [
                                    -83.542129,
                                    42.3257971
                                ],
                                [
                                    -83.661476,
                                    42.3257971
                                ]
                            ]
                        ],
                        "type": "Polygon"
                    },
                    "attributes": {}
                },
                "created_at": "Wed Nov 23 20:25:59 +0000 2016",
                "coordinates": null,
                "possibly_sensitive": false,
                "entities": {
                    "user_mentions": [
                        {
                            "name": "Rep. John Moolenaar",
                            "id_str": "2696643955",
                            "id": 2696643955,
                            "indices": [
                                1,
                                14
                            ],
                            "screen_name": "RepMoolenaar"
                        },
                        {
                            "name": "Betsy DeVos",
                            "id_str": "599530439",
                            "id": 599530439,
                            "indices": [
                                44,
                                55
                            ],
                            "screen_name": "BetsyDeVos"
                        }
                    ],
                    "urls": [
                        {
                            "display_url": "twitter.com/i/web/status/8\u2026",
                            "indices": [
                                117,
                                140
                            ],
                            "expanded_url": "https://twitter.com/i/web/status/801522202915065856",
                            "url": "https://t.co/7vD6KQwiiR"
                        }
                    ],
                    "hashtags": [],
                    "symbols": []
                }
            },
            "truncated": false,
            "in_reply_to_status_id_str": null,
            "text": "RT @ChadLivengood: .@RepMoolenaar, R-Midland, on Trump picking @BetsyDeVos for ed secretary: \"I can think of no greater champion for studen\u2026",
            "in_reply_to_status_id": null,
            "favorited": false,
            "favorite_count": 0,
            "created_at": "Wed Nov 23 20:27:47 +0000 2016",
            "coordinates": null,
            "entities": {
                "user_mentions": [
                    {
                        "name": "Chad Livengood",
                        "id_str": "23545095",
                        "id": 23545095,
                        "indices": [
                            3,
                            17
                        ],
                        "screen_name": "ChadLivengood"
                    },
                    {
                        "name": "Rep. John Moolenaar",
                        "id_str": "2696643955",
                        "id": 2696643955,
                        "indices": [
                            20,
                            33
                        ],
                        "screen_name": "RepMoolenaar"
                    },
                    {
                        "name": "Betsy DeVos",
                        "id_str": "599530439",
                        "id": 599530439,
                        "indices": [
                            63,
                            74
                        ],
                        "screen_name": "BetsyDeVos"
                    }
                ],
                "urls": [],
                "hashtags": [],
                "symbols": []
            }
        },
        {
            "in_reply_to_user_id_str": null,
            "in_reply_to_screen_name": null,
            "lang": "en",
            "user": {
                "is_translator": false,
                "profile_background_image_url": "http://pbs.twimg.com/profile_background_images/377647659/twitter-detnews4.jpg",
                "friends_count": 2311,
                "profile_banner_url": "https://pbs.twimg.com/profile_banners/16543775/1480021089",
                "lang": "en",
                "screen_name": "detroitnews",
                "follow_request_sent": false,
                "geo_enabled": true,
                "profile_image_url": "http://pbs.twimg.com/profile_images/512551439021768704/yKZZwFHJ_normal.jpeg",
                "protected": false,
                "notifications": false,
                "default_profile_image": false,
                "listed_count": 2945,
                "description": "Detroit's best source for news and information. You can reach The Detroit News at online(at)detroitnews(dot)com. https://t.co/gma4B8adFW",
                "profile_sidebar_border_color": "181A1E",
                "has_extended_profile": false,
                "id": 16543775,
                "profile_use_background_image": false,
                "location": "Detroit,MI USA",
                "url": "https://t.co/gma4B8adFW",
                "statuses_count": 143230,
                "profile_image_url_https": "https://pbs.twimg.com/profile_images/512551439021768704/yKZZwFHJ_normal.jpeg",
                "profile_link_color": "2FC2EF",
                "id_str": "16543775",
                "translator_type": "none",
                "followers_count": 196577,
                "utc_offset": -18000,
                "default_profile": false,
                "profile_text_color": "666666",
                "is_translation_enabled": false,
                "profile_background_tile": false,
                "favourites_count": 913,
                "profile_background_color": "1A1B1F",
                "verified": true,
                "profile_sidebar_fill_color": "252429",
                "name": "The Detroit News",
                "following": false,
                "profile_background_image_url_https": "https://pbs.twimg.com/profile_background_images/377647659/twitter-detnews4.jpg",
                "contributors_enabled": false,
                "created_at": "Wed Oct 01 13:36:49 +0000 2008",
                "entities": {
                    "description": {
                        "urls": [
                            {
                                "display_url": "detroitnews.com",
                                "indices": [
                                    113,
                                    136
                                ],
                                "expanded_url": "http://www.detroitnews.com",
                                "url": "https://t.co/gma4B8adFW"
                            }
                        ]
                    },
                    "url": {
                        "urls": [
                            {
                                "display_url": "detroitnews.com",
                                "indices": [
                                    0,
                                    23
                                ],
                                "expanded_url": "http://www.detroitnews.com",
                                "url": "https://t.co/gma4B8adFW"
                            }
                        ]
                    }
                },
                "time_zone": "Eastern Time (US & Canada)"
            },
            "contributors": null,
            "metadata": {
                "result_type": "recent",
                "iso_language_code": "en"
            },
            "retweet_count": 4,
            "id": 801416763535544320,
            "geo": null,
            "id_str": "801416763535544320",
            "place": null,
            "source": "<a href=\"https://about.twitter.com/products/tweetdeck\" rel=\"nofollow\">TweetDeck</a>",
            "in_reply_to_user_id": null,
            "is_quote_status": false,
            "text": "Survey: Trump\u2019s lead in Michigan cut by 517 votes. https://t.co/iZjcdLSXUt https://t.co/yBdUPkO0Yg",
            "retweeted": false,
            "truncated": false,
            "in_reply_to_status_id_str": null,
            "extended_entities": {
                "media": [
                    {
                        "display_url": "pic.twitter.com/yBdUPkO0Yg",
                        "indices": [
                            75,
                            98
                        ],
                        "expanded_url": "https://twitter.com/detroitnews/status/801416763535544320/photo/1",
                        "media_url": "http://pbs.twimg.com/media/Cx8xvKIWQAAhEb6.jpg",
                        "url": "https://t.co/yBdUPkO0Yg",
                        "id": 801413944938217472,
                        "sizes": {
                            "thumb": {
                                "w": 150,
                                "resize": "crop",
                                "h": 150
                            },
                            "medium": {
                                "w": 1000,
                                "resize": "fit",
                                "h": 363
                            },
                            "large": {
                                "w": 1000,
                                "resize": "fit",
                                "h": 363
                            },
                            "small": {
                                "w": 680,
                                "resize": "fit",
                                "h": 247
                            }
                        },
                        "id_str": "801413944938217472",
                        "type": "photo",
                        "media_url_https": "https://pbs.twimg.com/media/Cx8xvKIWQAAhEb6.jpg"
                    }
                ]
            },
            "in_reply_to_status_id": null,
            "favorited": false,
            "favorite_count": 2,
            "created_at": "Wed Nov 23 13:27:00 +0000 2016",
            "coordinates": null,
            "possibly_sensitive": false,
            "entities": {
                "media": [
                    {
                        "display_url": "pic.twitter.com/yBdUPkO0Yg",
                        "indices": [
                            75,
                            98
                        ],
                        "expanded_url": "https://twitter.com/detroitnews/status/801416763535544320/photo/1",
                        "media_url": "http://pbs.twimg.com/media/Cx8xvKIWQAAhEb6.jpg",
                        "url": "https://t.co/yBdUPkO0Yg",
                        "id": 801413944938217472,
                        "sizes": {
                            "thumb": {
                                "w": 150,
                                "resize": "crop",
                                "h": 150
                            },
                            "medium": {
                                "w": 1000,
                                "resize": "fit",
                                "h": 363
                            },
                            "large": {
                                "w": 1000,
                                "resize": "fit",
                                "h": 363
                            },
                            "small": {
                                "w": 680,
                                "resize": "fit",
                                "h": 247
                            }
                        },
                        "id_str": "801413944938217472",
                        "type": "photo",
                        "media_url_https": "https://pbs.twimg.com/media/Cx8xvKIWQAAhEb6.jpg"
                    }
                ],
                "user_mentions": [],
                "urls": [
                    {
                        "display_url": "detne.ws/2fPIGNZ",
                        "indices": [
                            51,
                            74
                        ],
                        "expanded_url": "http://detne.ws/2fPIGNZ",
                        "url": "https://t.co/iZjcdLSXUt"
                    }
                ],
                "hashtags": [],
                "symbols": []
            }
        },
        {
            "in_reply_to_user_id_str": null,
            "in_reply_to_screen_name": null,
            "lang": "und",
            "user": {
                "is_translator": false,
                "profile_background_image_url": "http://pbs.twimg.com/profile_background_images/377647659/twitter-detnews4.jpg",
                "friends_count": 2311,
                "profile_banner_url": "https://pbs.twimg.com/profile_banners/16543775/1480021089",
                "lang": "en",
                "screen_name": "detroitnews",
                "follow_request_sent": false,
                "geo_enabled": true,
                "profile_image_url": "http://pbs.twimg.com/profile_images/512551439021768704/yKZZwFHJ_normal.jpeg",
                "protected": false,
                "notifications": false,
                "default_profile_image": false,
                "listed_count": 2945,
                "description": "Detroit's best source for news and information. You can reach The Detroit News at online(at)detroitnews(dot)com. https://t.co/gma4B8adFW",
                "profile_sidebar_border_color": "181A1E",
                "has_extended_profile": false,
                "id": 16543775,
                "profile_use_background_image": false,
                "location": "Detroit,MI USA",
                "url": "https://t.co/gma4B8adFW",
                "statuses_count": 143230,
                "profile_image_url_https": "https://pbs.twimg.com/profile_images/512551439021768704/yKZZwFHJ_normal.jpeg",
                "profile_link_color": "2FC2EF",
                "id_str": "16543775",
                "translator_type": "none",
                "followers_count": 196577,
                "utc_offset": -18000,
                "default_profile": false,
                "profile_text_color": "666666",
                "is_translation_enabled": false,
                "profile_background_tile": false,
                "favourites_count": 913,
                "profile_background_color": "1A1B1F",
                "verified": true,
                "profile_sidebar_fill_color": "252429",
                "name": "The Detroit News",
                "following": false,
                "profile_background_image_url_https": "https://pbs.twimg.com/profile_background_images/377647659/twitter-detnews4.jpg",
                "contributors_enabled": false,
                "created_at": "Wed Oct 01 13:36:49 +0000 2008",
                "entities": {
                    "description": {
                        "urls": [
                            {
                                "display_url": "detroitnews.com",
                                "indices": [
                                    113,
                                    136
                                ],
                                "expanded_url": "http://www.detroitnews.com",
                                "url": "https://t.co/gma4B8adFW"
                            }
                        ]
                    },
                    "url": {
                        "urls": [
                            {
                                "display_url": "detroitnews.com",
                                "indices": [
                                    0,
                                    23
                                ],
                                "expanded_url": "http://www.detroitnews.com",
                                "url": "https://t.co/gma4B8adFW"
                            }
                        ]
                    }
                },
                "time_zone": "Eastern Time (US & Canada)"
            },
            "contributors": null,
            "metadata": {
                "result_type": "recent",
                "iso_language_code": "und"
            },
            "retweet_count": 1,
            "id": 801414595705524225,
            "geo": null,
            "id_str": "801414595705524225",
            "place": null,
            "source": "<a href=\"https://about.twitter.com/products/tweetdeck\" rel=\"nofollow\">TweetDeck</a>",
            "in_reply_to_user_id": null,
            "is_quote_status": false,
            "text": "RT @dn_nation_world: Report: Trump taps Gov. Nikki Haley for UN ambassador. https://t.co/Xk6P3xNxzt https://t.co/JsNg2kQB7q",
            "retweeted": false,
            "retweeted_status": {
                "in_reply_to_user_id_str": null,
                "in_reply_to_screen_name": null,
                "lang": "und",
                "user": {
                    "is_translator": false,
                    "profile_background_image_url": "http://abs.twimg.com/images/themes/theme1/bg.png",
                    "friends_count": 35,
                    "profile_banner_url": "https://pbs.twimg.com/profile_banners/3152644679/1430312034",
                    "lang": "en",
                    "screen_name": "dn_nation_world",
                    "follow_request_sent": false,
                    "geo_enabled": false,
                    "profile_image_url": "http://pbs.twimg.com/profile_images/593397673236963329/GJr35NIU_normal.jpg",
                    "protected": false,
                    "notifications": false,
                    "default_profile_image": false,
                    "listed_count": 20,
                    "description": "",
                    "profile_sidebar_border_color": "C0DEED",
                    "has_extended_profile": false,
                    "id": 3152644679,
                    "profile_use_background_image": true,
                    "location": "",
                    "url": null,
                    "statuses_count": 8426,
                    "profile_image_url_https": "https://pbs.twimg.com/profile_images/593397673236963329/GJr35NIU_normal.jpg",
                    "profile_link_color": "1DA1F2",
                    "id_str": "3152644679",
                    "translator_type": "none",
                    "followers_count": 632,
                    "utc_offset": null,
                    "default_profile": true,
                    "profile_text_color": "333333",
                    "is_translation_enabled": false,
                    "profile_background_tile": false,
                    "favourites_count": 3,
                    "profile_background_color": "C0DEED",
                    "verified": false,
                    "profile_sidebar_fill_color": "DDEEF6",
                    "name": "Detroit News: Nation",
                    "following": false,
                    "profile_background_image_url_https": "https://abs.twimg.com/images/themes/theme1/bg.png",
                    "contributors_enabled": false,
                    "created_at": "Thu Apr 09 20:07:27 +0000 2015",
                    "entities": {
                        "description": {
                            "urls": []
                        }
                    },
                    "time_zone": null
                },
                "contributors": null,
                "metadata": {
                    "result_type": "recent",
                    "iso_language_code": "und"
                },
                "retweet_count": 1,
                "id": 801414560712458240,
                "geo": null,
                "id_str": "801414560712458240",
                "place": null,
                "source": "<a href=\"https://about.twitter.com/products/tweetdeck\" rel=\"nofollow\">TweetDeck</a>",
                "in_reply_to_user_id": null,
                "is_quote_status": false,
                "text": "Report: Trump taps Gov. Nikki Haley for UN ambassador. https://t.co/Xk6P3xNxzt https://t.co/JsNg2kQB7q",
                "retweeted": false,
                "truncated": false,
                "in_reply_to_status_id_str": null,
                "extended_entities": {
                    "media": [
                        {
                            "display_url": "pic.twitter.com/JsNg2kQB7q",
                            "indices": [
                                79,
                                102
                            ],
                            "expanded_url": "https://twitter.com/dn_nation_world/status/801414560712458240/photo/1",
                            "media_url": "http://pbs.twimg.com/media/Cx8ySh6WQAAc0Zo.jpg",
                            "url": "https://t.co/JsNg2kQB7q",
                            "id": 801414552617369600,
                            "sizes": {
                                "thumb": {
                                    "w": 150,
                                    "resize": "crop",
                                    "h": 150
                                },
                                "medium": {
                                    "w": 1200,
                                    "resize": "fit",
                                    "h": 800
                                },
                                "large": {
                                    "w": 2048,
                                    "resize": "fit",
                                    "h": 1365
                                },
                                "small": {
                                    "w": 680,
                                    "resize": "fit",
                                    "h": 453
                                }
                            },
                            "id_str": "801414552617369600",
                            "type": "photo",
                            "media_url_https": "https://pbs.twimg.com/media/Cx8ySh6WQAAc0Zo.jpg"
                        }
                    ]
                },
                "in_reply_to_status_id": null,
                "favorited": false,
                "favorite_count": 0,
                "created_at": "Wed Nov 23 13:18:15 +0000 2016",
                "coordinates": null,
                "possibly_sensitive": false,
                "entities": {
                    "media": [
                        {
                            "display_url": "pic.twitter.com/JsNg2kQB7q",
                            "indices": [
                                79,
                                102
                            ],
                            "expanded_url": "https://twitter.com/dn_nation_world/status/801414560712458240/photo/1",
                            "media_url": "http://pbs.twimg.com/media/Cx8ySh6WQAAc0Zo.jpg",
                            "url": "https://t.co/JsNg2kQB7q",
                            "id": 801414552617369600,
                            "sizes": {
                                "thumb": {
                                    "w": 150,
                                    "resize": "crop",
                                    "h": 150
                                },
                                "medium": {
                                    "w": 1200,
                                    "resize": "fit",
                                    "h": 800
                                },
                                "large": {
                                    "w": 2048,
                                    "resize": "fit",
                                    "h": 1365
                                },
                                "small": {
                                    "w": 680,
                                    "resize": "fit",
                                    "h": 453
                                }
                            },
                            "id_str": "801414552617369600",
                            "type": "photo",
                            "media_url_https": "https://pbs.twimg.com/media/Cx8ySh6WQAAc0Zo.jpg"
                        }
                    ],
                    "user_mentions": [],
                    "urls": [
                        {
                            "display_url": "detne.ws/2fQSNC0",
                            "indices": [
                                55,
                                78
                            ],
                            "expanded_url": "http://detne.ws/2fQSNC0",
                            "url": "https://t.co/Xk6P3xNxzt"
                        }
                    ],
                    "hashtags": [],
                    "symbols": []
                }
            },
            "truncated": false,
            "in_reply_to_status_id_str": null,
            "extended_entities": {
                "media": [
                    {
                        "source_status_id": 801414560712458240,
                        "media_url": "http://pbs.twimg.com/media/Cx8ySh6WQAAc0Zo.jpg",
                        "expanded_url": "https://twitter.com/dn_nation_world/status/801414560712458240/photo/1",
                        "sizes": {
                            "thumb": {
                                "w": 150,
                                "resize": "crop",
                                "h": 150
                            },
                            "medium": {
                                "w": 1200,
                                "resize": "fit",
                                "h": 800
                            },
                            "large": {
                                "w": 2048,
                                "resize": "fit",
                                "h": 1365
                            },
                            "small": {
                                "w": 680,
                                "resize": "fit",
                                "h": 453
                            }
                        },
                        "source_user_id_str": "3152644679",
                        "type": "photo",
                        "media_url_https": "https://pbs.twimg.com/media/Cx8ySh6WQAAc0Zo.jpg",
                        "display_url": "pic.twitter.com/JsNg2kQB7q",
                        "source_status_id_str": "801414560712458240",
                        "indices": [
                            100,
                            123
                        ],
                        "url": "https://t.co/JsNg2kQB7q",
                        "id": 801414552617369600,
                        "id_str": "801414552617369600",
                        "source_user_id": 3152644679
                    }
                ]
            },
            "in_reply_to_status_id": null,
            "favorited": false,
            "favorite_count": 0,
            "created_at": "Wed Nov 23 13:18:23 +0000 2016",
            "coordinates": null,
            "possibly_sensitive": false,
            "entities": {
                "media": [
                    {
                        "source_status_id": 801414560712458240,
                        "media_url": "http://pbs.twimg.com/media/Cx8ySh6WQAAc0Zo.jpg",
                        "expanded_url": "https://twitter.com/dn_nation_world/status/801414560712458240/photo/1",
                        "sizes": {
                            "thumb": {
                                "w": 150,
                                "resize": "crop",
                                "h": 150
                            },
                            "medium": {
                                "w": 1200,
                                "resize": "fit",
                                "h": 800
                            },
                            "large": {
                                "w": 2048,
                                "resize": "fit",
                                "h": 1365
                            },
                            "small": {
                                "w": 680,
                                "resize": "fit",
                                "h": 453
                            }
                        },
                        "source_user_id_str": "3152644679",
                        "type": "photo",
                        "media_url_https": "https://pbs.twimg.com/media/Cx8ySh6WQAAc0Zo.jpg",
                        "display_url": "pic.twitter.com/JsNg2kQB7q",
                        "source_status_id_str": "801414560712458240",
                        "indices": [
                            100,
                            123
                        ],
                        "url": "https://t.co/JsNg2kQB7q",
                        "id": 801414552617369600,
                        "id_str": "801414552617369600",
                        "source_user_id": 3152644679
                    }
                ],
                "user_mentions": [
                    {
                        "name": "Detroit News: Nation",
                        "id_str": "3152644679",
                        "id": 3152644679,
                        "indices": [
                            3,
                            19
                        ],
                        "screen_name": "dn_nation_world"
                    }
                ],
                "urls": [
                    {
                        "display_url": "detne.ws/2fQSNC0",
                        "indices": [
                            76,
                            99
                        ],
                        "expanded_url": "http://detne.ws/2fQSNC0",
                        "url": "https://t.co/Xk6P3xNxzt"
                    }
                ],
                "hashtags": [],
                "symbols": []
            }
        },
        {
            "in_reply_to_user_id_str": null,
            "in_reply_to_screen_name": null,
            "lang": "en",
            "user": {
                "is_translator": false,
                "profile_background_image_url": "http://pbs.twimg.com/profile_background_images/377647659/twitter-detnews4.jpg",
                "friends_count": 2311,
                "profile_banner_url": "https://pbs.twimg.com/profile_banners/16543775/1480021089",
                "lang": "en",
                "screen_name": "detroitnews",
                "follow_request_sent": false,
                "geo_enabled": true,
                "profile_image_url": "http://pbs.twimg.com/profile_images/512551439021768704/yKZZwFHJ_normal.jpeg",
                "protected": false,
                "notifications": false,
                "default_profile_image": false,
                "listed_count": 2945,
                "description": "Detroit's best source for news and information. You can reach The Detroit News at online(at)detroitnews(dot)com. https://t.co/gma4B8adFW",
                "profile_sidebar_border_color": "181A1E",
                "has_extended_profile": false,
                "id": 16543775,
                "profile_use_background_image": false,
                "location": "Detroit,MI USA",
                "url": "https://t.co/gma4B8adFW",
                "statuses_count": 143230,
                "profile_image_url_https": "https://pbs.twimg.com/profile_images/512551439021768704/yKZZwFHJ_normal.jpeg",
                "profile_link_color": "2FC2EF",
                "id_str": "16543775",
                "translator_type": "none",
                "followers_count": 196577,
                "utc_offset": -18000,
                "default_profile": false,
                "profile_text_color": "666666",
                "is_translation_enabled": false,
                "profile_background_tile": false,
                "favourites_count": 913,
                "profile_background_color": "1A1B1F",
                "verified": true,
                "profile_sidebar_fill_color": "252429",
                "name": "The Detroit News",
                "following": false,
                "profile_background_image_url_https": "https://pbs.twimg.com/profile_background_images/377647659/twitter-detnews4.jpg",
                "contributors_enabled": false,
                "created_at": "Wed Oct 01 13:36:49 +0000 2008",
                "entities": {
                    "description": {
                        "urls": [
                            {
                                "display_url": "detroitnews.com",
                                "indices": [
                                    113,
                                    136
                                ],
                                "expanded_url": "http://www.detroitnews.com",
                                "url": "https://t.co/gma4B8adFW"
                            }
                        ]
                    },
                    "url": {
                        "urls": [
                            {
                                "display_url": "detroitnews.com",
                                "indices": [
                                    0,
                                    23
                                ],
                                "expanded_url": "http://www.detroitnews.com",
                                "url": "https://t.co/gma4B8adFW"
                            }
                        ]
                    }
                },
                "time_zone": "Eastern Time (US & Canada)"
            },
            "contributors": null,
            "metadata": {
                "result_type": "recent",
                "iso_language_code": "en"
            },
            "retweet_count": 0,
            "id": 801357123607089152,
            "geo": null,
            "id_str": "801357123607089152",
            "place": null,
            "source": "<a href=\"https://about.twitter.com/products/tweetdeck\" rel=\"nofollow\">TweetDeck</a>",
            "in_reply_to_user_id": null,
            "is_quote_status": false,
            "text": ".@realDonaldTrump signals end to @HillaryClinton investigations https://t.co/GakoTOvg8N https://t.co/EnxjLDYYnY",
            "retweeted": false,
            "truncated": false,
            "in_reply_to_status_id_str": null,
            "extended_entities": {
                "media": [
                    {
                        "display_url": "pic.twitter.com/EnxjLDYYnY",
                        "indices": [
                            88,
                            111
                        ],
                        "expanded_url": "https://twitter.com/detroitnews/status/801357123607089152/photo/1",
                        "media_url": "http://pbs.twimg.com/media/Cx53rx1XgAEeGye.jpg",
                        "url": "https://t.co/EnxjLDYYnY",
                        "id": 801209377713782785,
                        "sizes": {
                            "small": {
                                "w": 534,
                                "resize": "fit",
                                "h": 401
                            },
                            "medium": {
                                "w": 534,
                                "resize": "fit",
                                "h": 401
                            },
                            "large": {
                                "w": 534,
                                "resize": "fit",
                                "h": 401
                            },
                            "thumb": {
                                "w": 150,
                                "resize": "crop",
                                "h": 150
                            }
                        },
                        "id_str": "801209377713782785",
                        "type": "photo",
                        "media_url_https": "https://pbs.twimg.com/media/Cx53rx1XgAEeGye.jpg"
                    }
                ]
            },
            "in_reply_to_status_id": null,
            "favorited": false,
            "favorite_count": 3,
            "created_at": "Wed Nov 23 09:30:01 +0000 2016",
            "coordinates": null,
            "possibly_sensitive": false,
            "entities": {
                "media": [
                    {
                        "display_url": "pic.twitter.com/EnxjLDYYnY",
                        "indices": [
                            88,
                            111
                        ],
                        "expanded_url": "https://twitter.com/detroitnews/status/801357123607089152/photo/1",
                        "media_url": "http://pbs.twimg.com/media/Cx53rx1XgAEeGye.jpg",
                        "url": "https://t.co/EnxjLDYYnY",
                        "id": 801209377713782785,
                        "sizes": {
                            "small": {
                                "w": 534,
                                "resize": "fit",
                                "h": 401
                            },
                            "medium": {
                                "w": 534,
                                "resize": "fit",
                                "h": 401
                            },
                            "large": {
                                "w": 534,
                                "resize": "fit",
                                "h": 401
                            },
                            "thumb": {
                                "w": 150,
                                "resize": "crop",
                                "h": 150
                            }
                        },
                        "id_str": "801209377713782785",
                        "type": "photo",
                        "media_url_https": "https://pbs.twimg.com/media/Cx53rx1XgAEeGye.jpg"
                    }
                ],
                "user_mentions": [
                    {
                        "name": "Donald J. Trump",
                        "id_str": "25073877",
                        "id": 25073877,
                        "indices": [
                            1,
                            17
                        ],
                        "screen_name": "realDonaldTrump"
                    },
                    {
                        "name": "Hillary Clinton",
                        "id_str": "1339835893",
                        "id": 1339835893,
                        "indices": [
                            33,
                            48
                        ],
                        "screen_name": "HillaryClinton"
                    }
                ],
                "urls": [
                    {
                        "display_url": "detne.ws/2fNIoH0",
                        "indices": [
                            64,
                            87
                        ],
                        "expanded_url": "http://detne.ws/2fNIoH0",
                        "url": "https://t.co/GakoTOvg8N"
                    }
                ],
                "hashtags": [],
                "symbols": []
            }
        }
    ],
    "search_metadata": {
        "completed_in": 0.053,
        "refresh_url": "?since_id=801522655098732545&q=Trump%20from%3Adetroitnews%20since%3A2016-11-23%20until%3A2016-11-24%20filter%3Alinks%20-%40detroitnews&include_entities=1",
        "since_id_str": "0",
        "max_id": 801522655098732545,
        "query": "Trump+from%3Adetroitnews+since%3A2016-11-23+until%3A2016-11-24+filter%3Alinks+-%40detroitnews",
        "count": 100,
        "since_id": 0,
        "max_id_str": "801522655098732545"
    }
}