{
    "statuses": [
        {
            "in_reply_to_user_id_str": null,
            "in_reply_to_screen_name": null,
            "lang": "en",
            "user": {
                "is_translator": false,
                "profile_background_image_url": "http://pbs.twimg.com/profile_background_images/657619393/9pyq4ao5jtn1ddn6p3zv.jpeg",
                "friends_count": 2278,
                "profile_banner_url": "https://pbs.twimg.com/profile_banners/14708814/1443623785",
                "lang": "en",
                "screen_name": "hartfordcourant",
                "follow_request_sent": false,
                "geo_enabled": true,
                "profile_image_url": "http://pbs.twimg.com/profile_images/486872619036057600/yJuA5kD3_normal.png",
                "protected": false,
                "notifications": false,
                "default_profile_image": false,
                "listed_count": 1643,
                "description": "Connecticut breaking news, sports and politics from the state's largest newsroom and America's oldest continuously published newspaper.",
                "profile_sidebar_border_color": "FFFFFF",
                "has_extended_profile": false,
                "id": 14708814,
                "profile_use_background_image": true,
                "location": "Hartford, Connecticut",
                "url": "http://t.co/3x1eSPbscs",
                "statuses_count": 83333,
                "profile_image_url_https": "https://pbs.twimg.com/profile_images/486872619036057600/yJuA5kD3_normal.png",
                "profile_link_color": "990000",
                "id_str": "14708814",
                "translator_type": "none",
                "followers_count": 113340,
                "utc_offset": -18000,
                "default_profile": false,
                "profile_text_color": "333333",
                "is_translation_enabled": false,
                "profile_background_tile": false,
                "favourites_count": 1,
                "profile_background_color": "EBEBEB",
                "verified": true,
                "profile_sidebar_fill_color": "F3F3F3",
                "name": "Hartford Courant",
                "following": false,
                "profile_background_image_url_https": "https://pbs.twimg.com/profile_background_images/657619393/9pyq4ao5jtn1ddn6p3zv.jpeg",
                "contributors_enabled": false,
                "created_at": "Fri May 09 02:36:46 +0000 2008",
                "entities": {
                    "description": {
                        "urls": []
                    },
                    "url": {
                        "urls": [
                            {
                                "display_url": "courant.com",
                                "indices": [
                                    0,
                                    22
                                ],
                                "expanded_url": "http://www.courant.com",
                                "url": "http://t.co/3x1eSPbscs"
                            }
                        ]
                    }
                },
                "time_zone": "Eastern Time (US & Canada)"
            },
            "contributors": null,
            "metadata": {
                "result_type": "recent",
                "iso_language_code": "en"
            },
            "retweet_count": 9,
            "id": 801570537516503040,
            "geo": null,
            "id_str": "801570537516503040",
            "place": null,
            "source": "<a href=\"http://www.socialflow.com\" rel=\"nofollow\">SocialFlow</a>",
            "in_reply_to_user_id": null,
            "is_quote_status": false,
            "text": ".@QuinnipiacPoll: Voters want Trump to focus on economy, not Roe V. Wade, border wall https://t.co/ucTjHwnIMe https://t.co/HmSHVGCIC6",
            "retweeted": false,
            "truncated": false,
            "in_reply_to_status_id_str": null,
            "extended_entities": {
                "media": [
                    {
                        "display_url": "pic.twitter.com/HmSHVGCIC6",
                        "indices": [
                            110,
                            133
                        ],
                        "expanded_url": "https://twitter.com/hartfordcourant/status/801570537516503040/photo/1",
                        "media_url": "http://pbs.twimg.com/media/Cx_AJ53WEAAgX1I.jpg",
                        "url": "https://t.co/HmSHVGCIC6",
                        "id": 801570535079546880,
                        "sizes": {
                            "small": {
                                "w": 680,
                                "resize": "fit",
                                "h": 383
                            },
                            "medium": {
                                "w": 750,
                                "resize": "fit",
                                "h": 422
                            },
                            "large": {
                                "w": 750,
                                "resize": "fit",
                                "h": 422
                            },
                            "thumb": {
                                "w": 150,
                                "resize": "crop",
                                "h": 150
                            }
                        },
                        "id_str": "801570535079546880",
                        "type": "photo",
                        "media_url_https": "https://pbs.twimg.com/media/Cx_AJ53WEAAgX1I.jpg"
                    }
                ]
            },
            "in_reply_to_status_id": null,
            "favorited": false,
            "favorite_count": 12,
            "created_at": "Wed Nov 23 23:38:03 +0000 2016",
            "coordinates": null,
            "possibly_sensitive": false,
            "entities": {
                "media": [
                    {
                        "display_url": "pic.twitter.com/HmSHVGCIC6",
                        "indices": [
                            110,
                            133
                        ],
                        "expanded_url": "https://twitter.com/hartfordcourant/status/801570537516503040/photo/1",
                        "media_url": "http://pbs.twimg.com/media/Cx_AJ53WEAAgX1I.jpg",
                        "url": "https://t.co/HmSHVGCIC6",
                        "id": 801570535079546880,
                        "sizes": {
                            "small": {
                                "w": 680,
                                "resize": "fit",
                                "h": 383
                            },
                            "medium": {
                                "w": 750,
                                "resize": "fit",
                                "h": 422
                            },
                            "large": {
                                "w": 750,
                                "resize": "fit",
                                "h": 422
                            },
                            "thumb": {
                                "w": 150,
                                "resize": "crop",
                                "h": 150
                            }
                        },
                        "id_str": "801570535079546880",
                        "type": "photo",
                        "media_url_https": "https://pbs.twimg.com/media/Cx_AJ53WEAAgX1I.jpg"
                    }
                ],
                "user_mentions": [
                    {
                        "name": "Quinnipiac Poll",
                        "id_str": "76707735",
                        "id": 76707735,
                        "indices": [
                            1,
                            16
                        ],
                        "screen_name": "QuinnipiacPoll"
                    }
                ],
                "urls": [
                    {
                        "display_url": "trib.al/iGZ7FX8",
                        "indices": [
                            86,
                            109
                        ],
                        "expanded_url": "http://trib.al/iGZ7FX8",
                        "url": "https://t.co/ucTjHwnIMe"
                    }
                ],
                "hashtags": [],
                "symbols": []
            }
        },
        {
            "in_reply_to_user_id_str": null,
            "in_reply_to_screen_name": null,
            "lang": "en",
            "user": {
                "is_translator": false,
                "profile_background_image_url": "http://pbs.twimg.com/profile_background_images/657619393/9pyq4ao5jtn1ddn6p3zv.jpeg",
                "friends_count": 2278,
                "profile_banner_url": "https://pbs.twimg.com/profile_banners/14708814/1443623785",
                "lang": "en",
                "screen_name": "hartfordcourant",
                "follow_request_sent": false,
                "geo_enabled": true,
                "profile_image_url": "http://pbs.twimg.com/profile_images/486872619036057600/yJuA5kD3_normal.png",
                "protected": false,
                "notifications": false,
                "default_profile_image": false,
                "listed_count": 1643,
                "description": "Connecticut breaking news, sports and politics from the state's largest newsroom and America's oldest continuously published newspaper.",
                "profile_sidebar_border_color": "FFFFFF",
                "has_extended_profile": false,
                "id": 14708814,
                "profile_use_background_image": true,
                "location": "Hartford, Connecticut",
                "url": "http://t.co/3x1eSPbscs",
                "statuses_count": 83333,
                "profile_image_url_https": "https://pbs.twimg.com/profile_images/486872619036057600/yJuA5kD3_normal.png",
                "profile_link_color": "990000",
                "id_str": "14708814",
                "translator_type": "none",
                "followers_count": 113340,
                "utc_offset": -18000,
                "default_profile": false,
                "profile_text_color": "333333",
                "is_translation_enabled": false,
                "profile_background_tile": false,
                "favourites_count": 1,
                "profile_background_color": "EBEBEB",
                "verified": true,
                "profile_sidebar_fill_color": "F3F3F3",
                "name": "Hartford Courant",
                "following": false,
                "profile_background_image_url_https": "https://pbs.twimg.com/profile_background_images/657619393/9pyq4ao5jtn1ddn6p3zv.jpeg",
                "contributors_enabled": false,
                "created_at": "Fri May 09 02:36:46 +0000 2008",
                "entities": {
                    "description": {
                        "urls": []
                    },
                    "url": {
                        "urls": [
                            {
                                "display_url": "courant.com",
                                "indices": [
                                    0,
                                    22
                                ],
                                "expanded_url": "http://www.courant.com",
                                "url": "http://t.co/3x1eSPbscs"
                            }
                        ]
                    }
                },
                "time_zone": "Eastern Time (US & Canada)"
            },
            "contributors": null,
            "metadata": {
                "result_type": "recent",
                "iso_language_code": "en"
            },
            "retweet_count": 4,
            "id": 801511213557547010,
            "geo": null,
            "id_str": "801511213557547010",
            "place": null,
            "source": "<a href=\"http://www.socialflow.com\" rel=\"nofollow\">SocialFlow</a>",
            "in_reply_to_user_id": null,
            "is_quote_status": false,
            "text": "Trump nominates prominent charter school advocate Betsy DeVos as his secretary of education https://t.co/WR1hQndZh9 https://t.co/6bGEYq03f0",
            "retweeted": false,
            "truncated": false,
            "in_reply_to_status_id_str": null,
            "extended_entities": {
                "media": [
                    {
                        "display_url": "pic.twitter.com/6bGEYq03f0",
                        "indices": [
                            116,
                            139
                        ],
                        "expanded_url": "https://twitter.com/hartfordcourant/status/801511213557547010/photo/1",
                        "media_url": "http://pbs.twimg.com/media/Cx-KMvVW8AEwSjD.jpg",
                        "url": "https://t.co/6bGEYq03f0",
                        "id": 801511210164350977,
                        "sizes": {
                            "thumb": {
                                "w": 150,
                                "resize": "crop",
                                "h": 150
                            },
                            "small": {
                                "w": 680,
                                "resize": "fit",
                                "h": 383
                            },
                            "large": {
                                "w": 1280,
                                "resize": "fit",
                                "h": 720
                            },
                            "medium": {
                                "w": 1200,
                                "resize": "fit",
                                "h": 675
                            }
                        },
                        "id_str": "801511210164350977",
                        "type": "photo",
                        "media_url_https": "https://pbs.twimg.com/media/Cx-KMvVW8AEwSjD.jpg"
                    }
                ]
            },
            "in_reply_to_status_id": null,
            "favorited": false,
            "favorite_count": 10,
            "created_at": "Wed Nov 23 19:42:19 +0000 2016",
            "coordinates": null,
            "possibly_sensitive": false,
            "entities": {
                "media": [
                    {
                        "display_url": "pic.twitter.com/6bGEYq03f0",
                        "indices": [
                            116,
                            139
                        ],
                        "expanded_url": "https://twitter.com/hartfordcourant/status/801511213557547010/photo/1",
                        "media_url": "http://pbs.twimg.com/media/Cx-KMvVW8AEwSjD.jpg",
                        "url": "https://t.co/6bGEYq03f0",
                        "id": 801511210164350977,
                        "sizes": {
                            "thumb": {
                                "w": 150,
                                "resize": "crop",
                                "h": 150
                            },
                            "small": {
                                "w": 680,
                                "resize": "fit",
                                "h": 383
                            },
                            "large": {
                                "w": 1280,
                                "resize": "fit",
                                "h": 720
                            },
                            "medium": {
                                "w": 1200,
                                "resize": "fit",
                                "h": 675
                            }
                        },
                        "id_str": "801511210164350977",
                        "type": "photo",
                        "media_url_https": "https://pbs.twimg.com/media/Cx-KMvVW8AEwSjD.jpg"
                    }
                ],
                "user_mentions": [],
                "urls": [
                    {
                        "display_url": "trib.al/9MclxaP",
                        "indices": [
                            92,
                            115
                        ],
                        "expanded_url": "http://trib.al/9MclxaP",
                        "url": "https://t.co/WR1hQndZh9"
                    }
                ],
                "hashtags": [],
                "symbols": []
            }
        },
        {
            "in_reply_to_user_id_str": null,
            "in_reply_to_screen_name": null,
            "lang": "en",
            "user": {
                "is_translator": false,
                "profile_background_image_url": "http://pbs.twimg.com/profile_background_images/657619393/9pyq4ao5jtn1ddn6p3zv.jpeg",
                "friends_count": 2278,
                "profile_banner_url": "https://pbs.twimg.com/profile_banners/14708814/1443623785",
                "lang": "en",
                "screen_name": "hartfordcourant",
                "follow_request_sent": false,
                "geo_enabled": true,
                "profile_image_url": "http://pbs.twimg.com/profile_images/486872619036057600/yJuA5kD3_normal.png",
                "protected": false,
                "notifications": false,
                "default_profile_image": false,
                "listed_count": 1643,
                "description": "Connecticut breaking news, sports and politics from the state's largest newsroom and America's oldest continuously published newspaper.",
                "profile_sidebar_border_color": "FFFFFF",
                "has_extended_profile": false,
                "id": 14708814,
                "profile_use_background_image": true,
                "location": "Hartford, Connecticut",
                "url": "http://t.co/3x1eSPbscs",
                "statuses_count": 83333,
                "profile_image_url_https": "https://pbs.twimg.com/profile_images/486872619036057600/yJuA5kD3_normal.png",
                "profile_link_color": "990000",
                "id_str": "14708814",
                "translator_type": "none",
                "followers_count": 113340,
                "utc_offset": -18000,
                "default_profile": false,
                "profile_text_color": "333333",
                "is_translation_enabled": false,
                "profile_background_tile": false,
                "favourites_count": 1,
                "profile_background_color": "EBEBEB",
                "verified": true,
                "profile_sidebar_fill_color": "F3F3F3",
                "name": "Hartford Courant",
                "following": false,
                "profile_background_image_url_https": "https://pbs.twimg.com/profile_background_images/657619393/9pyq4ao5jtn1ddn6p3zv.jpeg",
                "contributors_enabled": false,
                "created_at": "Fri May 09 02:36:46 +0000 2008",
                "entities": {
                    "description": {
                        "urls": []
                    },
                    "url": {
                        "urls": [
                            {
                                "display_url": "courant.com",
                                "indices": [
                                    0,
                                    22
                                ],
                                "expanded_url": "http://www.courant.com",
                                "url": "http://t.co/3x1eSPbscs"
                            }
                        ]
                    }
                },
                "time_zone": "Eastern Time (US & Canada)"
            },
            "contributors": null,
            "metadata": {
                "result_type": "recent",
                "iso_language_code": "en"
            },
            "retweet_count": 3,
            "id": 801464094029180928,
            "geo": null,
            "id_str": "801464094029180928",
            "place": null,
            "source": "<a href=\"http://www.socialflow.com\" rel=\"nofollow\">SocialFlow</a>",
            "in_reply_to_user_id": null,
            "is_quote_status": false,
            "text": "Two weeks in, Trump begins to back away from campaign talk https://t.co/y2Ze7o3Hvz https://t.co/soFOtIC9B4",
            "retweeted": false,
            "truncated": false,
            "in_reply_to_status_id_str": null,
            "extended_entities": {
                "media": [
                    {
                        "display_url": "pic.twitter.com/soFOtIC9B4",
                        "indices": [
                            83,
                            106
                        ],
                        "expanded_url": "https://twitter.com/hartfordcourant/status/801464094029180928/photo/1",
                        "media_url": "http://pbs.twimg.com/media/Cx9fWFSWgAAY08F.jpg",
                        "url": "https://t.co/soFOtIC9B4",
                        "id": 801464091676147712,
                        "sizes": {
                            "small": {
                                "w": 680,
                                "resize": "fit",
                                "h": 383
                            },
                            "medium": {
                                "w": 1200,
                                "resize": "fit",
                                "h": 675
                            },
                            "large": {
                                "w": 1280,
                                "resize": "fit",
                                "h": 720
                            },
                            "thumb": {
                                "w": 150,
                                "resize": "crop",
                                "h": 150
                            }
                        },
                        "id_str": "801464091676147712",
                        "type": "photo",
                        "media_url_https": "https://pbs.twimg.com/media/Cx9fWFSWgAAY08F.jpg"
                    }
                ]
            },
            "in_reply_to_status_id": null,
            "favorited": false,
            "favorite_count": 3,
            "created_at": "Wed Nov 23 16:35:05 +0000 2016",
            "coordinates": null,
            "possibly_sensitive": false,
            "entities": {
                "media": [
                    {
                        "display_url": "pic.twitter.com/soFOtIC9B4",
                        "indices": [
                            83,
                            106
                        ],
                        "expanded_url": "https://twitter.com/hartfordcourant/status/801464094029180928/photo/1",
                        "media_url": "http://pbs.twimg.com/media/Cx9fWFSWgAAY08F.jpg",
                        "url": "https://t.co/soFOtIC9B4",
                        "id": 801464091676147712,
                        "sizes": {
                            "small": {
                                "w": 680,
                                "resize": "fit",
                                "h": 383
                            },
                            "medium": {
                                "w": 1200,
                                "resize": "fit",
                                "h": 675
                            },
                            "large": {
                                "w": 1280,
                                "resize": "fit",
                                "h": 720
                            },
                            "thumb": {
                                "w": 150,
                                "resize": "crop",
                                "h": 150
                            }
                        },
                        "id_str": "801464091676147712",
                        "type": "photo",
                        "media_url_https": "https://pbs.twimg.com/media/Cx9fWFSWgAAY08F.jpg"
                    }
                ],
                "user_mentions": [],
                "urls": [
                    {
                        "display_url": "trib.al/Ujn8SkC",
                        "indices": [
                            59,
                            82
                        ],
                        "expanded_url": "http://trib.al/Ujn8SkC",
                        "url": "https://t.co/y2Ze7o3Hvz"
                    }
                ],
                "hashtags": [],
                "symbols": []
            }
        },
        {
            "in_reply_to_user_id_str": null,
            "in_reply_to_screen_name": null,
            "lang": "en",
            "user": {
                "is_translator": false,
                "profile_background_image_url": "http://pbs.twimg.com/profile_background_images/657619393/9pyq4ao5jtn1ddn6p3zv.jpeg",
                "friends_count": 2278,
                "profile_banner_url": "https://pbs.twimg.com/profile_banners/14708814/1443623785",
                "lang": "en",
                "screen_name": "hartfordcourant",
                "follow_request_sent": false,
                "geo_enabled": true,
                "profile_image_url": "http://pbs.twimg.com/profile_images/486872619036057600/yJuA5kD3_normal.png",
                "protected": false,
                "notifications": false,
                "default_profile_image": false,
                "listed_count": 1643,
                "description": "Connecticut breaking news, sports and politics from the state's largest newsroom and America's oldest continuously published newspaper.",
                "profile_sidebar_border_color": "FFFFFF",
                "has_extended_profile": false,
                "id": 14708814,
                "profile_use_background_image": true,
                "location": "Hartford, Connecticut",
                "url": "http://t.co/3x1eSPbscs",
                "statuses_count": 83333,
                "profile_image_url_https": "https://pbs.twimg.com/profile_images/486872619036057600/yJuA5kD3_normal.png",
                "profile_link_color": "990000",
                "id_str": "14708814",
                "translator_type": "none",
                "followers_count": 113340,
                "utc_offset": -18000,
                "default_profile": false,
                "profile_text_color": "333333",
                "is_translation_enabled": false,
                "profile_background_tile": false,
                "favourites_count": 1,
                "profile_background_color": "EBEBEB",
                "verified": true,
                "profile_sidebar_fill_color": "F3F3F3",
                "name": "Hartford Courant",
                "following": false,
                "profile_background_image_url_https": "https://pbs.twimg.com/profile_background_images/657619393/9pyq4ao5jtn1ddn6p3zv.jpeg",
                "contributors_enabled": false,
                "created_at": "Fri May 09 02:36:46 +0000 2008",
                "entities": {
                    "description": {
                        "urls": []
                    },
                    "url": {
                        "urls": [
                            {
                                "display_url": "courant.com",
                                "indices": [
                                    0,
                                    22
                                ],
                                "expanded_url": "http://www.courant.com",
                                "url": "http://t.co/3x1eSPbscs"
                            }
                        ]
                    }
                },
                "time_zone": "Eastern Time (US & Canada)"
            },
            "contributors": null,
            "metadata": {
                "result_type": "recent",
                "iso_language_code": "en"
            },
            "retweet_count": 1,
            "id": 801443207599058944,
            "geo": null,
            "id_str": "801443207599058944",
            "place": null,
            "source": "<a href=\"http://www.socialflow.com\" rel=\"nofollow\">SocialFlow</a>",
            "in_reply_to_user_id": null,
            "is_quote_status": false,
            "text": "Donald Trump reportedly offers Ben Carson housing secretary post https://t.co/GdtUf86Nv8 https://t.co/imOx5fGeIj",
            "retweeted": false,
            "truncated": false,
            "in_reply_to_status_id_str": null,
            "extended_entities": {
                "media": [
                    {
                        "display_url": "pic.twitter.com/imOx5fGeIj",
                        "indices": [
                            89,
                            112
                        ],
                        "expanded_url": "https://twitter.com/hartfordcourant/status/801443207599058944/photo/1",
                        "media_url": "http://pbs.twimg.com/media/Cx9MWTOXUAAtJ08.jpg",
                        "url": "https://t.co/imOx5fGeIj",
                        "id": 801443204696592384,
                        "sizes": {
                            "thumb": {
                                "w": 150,
                                "resize": "crop",
                                "h": 150
                            },
                            "small": {
                                "w": 680,
                                "resize": "fit",
                                "h": 383
                            },
                            "large": {
                                "w": 800,
                                "resize": "fit",
                                "h": 450
                            },
                            "medium": {
                                "w": 800,
                                "resize": "fit",
                                "h": 450
                            }
                        },
                        "id_str": "801443204696592384",
                        "type": "photo",
                        "media_url_https": "https://pbs.twimg.com/media/Cx9MWTOXUAAtJ08.jpg"
                    }
                ]
            },
            "in_reply_to_status_id": null,
            "favorited": false,
            "favorite_count": 2,
            "created_at": "Wed Nov 23 15:12:05 +0000 2016",
            "coordinates": null,
            "possibly_sensitive": false,
            "entities": {
                "media": [
                    {
                        "display_url": "pic.twitter.com/imOx5fGeIj",
                        "indices": [
                            89,
                            112
                        ],
                        "expanded_url": "https://twitter.com/hartfordcourant/status/801443207599058944/photo/1",
                        "media_url": "http://pbs.twimg.com/media/Cx9MWTOXUAAtJ08.jpg",
                        "url": "https://t.co/imOx5fGeIj",
                        "id": 801443204696592384,
                        "sizes": {
                            "thumb": {
                                "w": 150,
                                "resize": "crop",
                                "h": 150
                            },
                            "small": {
                                "w": 680,
                                "resize": "fit",
                                "h": 383
                            },
                            "large": {
                                "w": 800,
                                "resize": "fit",
                                "h": 450
                            },
                            "medium": {
                                "w": 800,
                                "resize": "fit",
                                "h": 450
                            }
                        },
                        "id_str": "801443204696592384",
                        "type": "photo",
                        "media_url_https": "https://pbs.twimg.com/media/Cx9MWTOXUAAtJ08.jpg"
                    }
                ],
                "user_mentions": [],
                "urls": [
                    {
                        "display_url": "trib.al/qP5fpnb",
                        "indices": [
                            65,
                            88
                        ],
                        "expanded_url": "http://trib.al/qP5fpnb",
                        "url": "https://t.co/GdtUf86Nv8"
                    }
                ],
                "hashtags": [],
                "symbols": []
            }
        },
        {
            "in_reply_to_user_id_str": null,
            "in_reply_to_screen_name": null,
            "lang": "en",
            "user": {
                "is_translator": false,
                "profile_background_image_url": "http://pbs.twimg.com/profile_background_images/657619393/9pyq4ao5jtn1ddn6p3zv.jpeg",
                "friends_count": 2278,
                "profile_banner_url": "https://pbs.twimg.com/profile_banners/14708814/1443623785",
                "lang": "en",
                "screen_name": "hartfordcourant",
                "follow_request_sent": false,
                "geo_enabled": true,
                "profile_image_url": "http://pbs.twimg.com/profile_images/486872619036057600/yJuA5kD3_normal.png",
                "protected": false,
                "notifications": false,
                "default_profile_image": false,
                "listed_count": 1643,
                "description": "Connecticut breaking news, sports and politics from the state's largest newsroom and America's oldest continuously published newspaper.",
                "profile_sidebar_border_color": "FFFFFF",
                "has_extended_profile": false,
                "id": 14708814,
                "profile_use_background_image": true,
                "location": "Hartford, Connecticut",
                "url": "http://t.co/3x1eSPbscs",
                "statuses_count": 83333,
                "profile_image_url_https": "https://pbs.twimg.com/profile_images/486872619036057600/yJuA5kD3_normal.png",
                "profile_link_color": "990000",
                "id_str": "14708814",
                "translator_type": "none",
                "followers_count": 113340,
                "utc_offset": -18000,
                "default_profile": false,
                "profile_text_color": "333333",
                "is_translation_enabled": false,
                "profile_background_tile": false,
                "favourites_count": 1,
                "profile_background_color": "EBEBEB",
                "verified": true,
                "profile_sidebar_fill_color": "F3F3F3",
                "name": "Hartford Courant",
                "following": false,
                "profile_background_image_url_https": "https://pbs.twimg.com/profile_background_images/657619393/9pyq4ao5jtn1ddn6p3zv.jpeg",
                "contributors_enabled": false,
                "created_at": "Fri May 09 02:36:46 +0000 2008",
                "entities": {
                    "description": {
                        "urls": []
                    },
                    "url": {
                        "urls": [
                            {
                                "display_url": "courant.com",
                                "indices": [
                                    0,
                                    22
                                ],
                                "expanded_url": "http://www.courant.com",
                                "url": "http://t.co/3x1eSPbscs"
                            }
                        ]
                    }
                },
                "time_zone": "Eastern Time (US & Canada)"
            },
            "contributors": null,
            "metadata": {
                "result_type": "recent",
                "iso_language_code": "en"
            },
            "retweet_count": 0,
            "id": 801428146256019456,
            "geo": null,
            "id_str": "801428146256019456",
            "favorite_count": 1,
            "source": "<a href=\"http://www.socialflow.com\" rel=\"nofollow\">SocialFlow</a>",
            "in_reply_to_user_id": null,
            "is_quote_status": false,
            "retweeted": false,
            "truncated": false,
            "in_reply_to_status_id_str": null,
            "text": "Donald Trump taps Gov. Nikki Haley for ambassador to U.N., first woman appointed to a top post during his transition https://t.co/HOocdYgYCx",
            "in_reply_to_status_id": null,
            "favorited": false,
            "place": null,
            "created_at": "Wed Nov 23 14:12:14 +0000 2016",
            "coordinates": null,
            "possibly_sensitive": false,
            "entities": {
                "user_mentions": [],
                "urls": [
                    {
                        "display_url": "trib.al/PKWTCGN",
                        "indices": [
                            117,
                            140
                        ],
                        "expanded_url": "http://trib.al/PKWTCGN",
                        "url": "https://t.co/HOocdYgYCx"
                    }
                ],
                "hashtags": [],
                "symbols": []
            }
        },
        {
            "in_reply_to_user_id_str": null,
            "in_reply_to_screen_name": null,
            "lang": "en",
            "user": {
                "is_translator": false,
                "profile_background_image_url": "http://pbs.twimg.com/profile_background_images/657619393/9pyq4ao5jtn1ddn6p3zv.jpeg",
                "friends_count": 2278,
                "profile_banner_url": "https://pbs.twimg.com/profile_banners/14708814/1443623785",
                "lang": "en",
                "screen_name": "hartfordcourant",
                "follow_request_sent": false,
                "geo_enabled": true,
                "profile_image_url": "http://pbs.twimg.com/profile_images/486872619036057600/yJuA5kD3_normal.png",
                "protected": false,
                "notifications": false,
                "default_profile_image": false,
                "listed_count": 1643,
                "description": "Connecticut breaking news, sports and politics from the state's largest newsroom and America's oldest continuously published newspaper.",
                "profile_sidebar_border_color": "FFFFFF",
                "has_extended_profile": false,
                "id": 14708814,
                "profile_use_background_image": true,
                "location": "Hartford, Connecticut",
                "url": "http://t.co/3x1eSPbscs",
                "statuses_count": 83333,
                "profile_image_url_https": "https://pbs.twimg.com/profile_images/486872619036057600/yJuA5kD3_normal.png",
                "profile_link_color": "990000",
                "id_str": "14708814",
                "translator_type": "none",
                "followers_count": 113340,
                "utc_offset": -18000,
                "default_profile": false,
                "profile_text_color": "333333",
                "is_translation_enabled": false,
                "profile_background_tile": false,
                "favourites_count": 1,
                "profile_background_color": "EBEBEB",
                "verified": true,
                "profile_sidebar_fill_color": "F3F3F3",
                "name": "Hartford Courant",
                "following": false,
                "profile_background_image_url_https": "https://pbs.twimg.com/profile_background_images/657619393/9pyq4ao5jtn1ddn6p3zv.jpeg",
                "contributors_enabled": false,
                "created_at": "Fri May 09 02:36:46 +0000 2008",
                "entities": {
                    "description": {
                        "urls": []
                    },
                    "url": {
                        "urls": [
                            {
                                "display_url": "courant.com",
                                "indices": [
                                    0,
                                    22
                                ],
                                "expanded_url": "http://www.courant.com",
                                "url": "http://t.co/3x1eSPbscs"
                            }
                        ]
                    }
                },
                "time_zone": "Eastern Time (US & Canada)"
            },
            "contributors": null,
            "metadata": {
                "result_type": "recent",
                "iso_language_code": "en"
            },
            "retweet_count": 8,
            "id": 801411881328082944,
            "geo": null,
            "id_str": "801411881328082944",
            "favorite_count": 18,
            "source": "<a href=\"http://www.socialflow.com\" rel=\"nofollow\">SocialFlow</a>",
            "in_reply_to_user_id": null,
            "is_quote_status": false,
            "retweeted": false,
            "truncated": false,
            "in_reply_to_status_id_str": null,
            "text": "Wesleyan declares itself a sanctuary for undocumented immigrants https://t.co/Hceb86lea5",
            "in_reply_to_status_id": null,
            "favorited": false,
            "place": null,
            "created_at": "Wed Nov 23 13:07:36 +0000 2016",
            "coordinates": null,
            "possibly_sensitive": false,
            "entities": {
                "user_mentions": [],
                "urls": [
                    {
                        "display_url": "trib.al/nlnIIFF",
                        "indices": [
                            65,
                            88
                        ],
                        "expanded_url": "http://trib.al/nlnIIFF",
                        "url": "https://t.co/Hceb86lea5"
                    }
                ],
                "hashtags": [],
                "symbols": []
            }
        },
        {
            "in_reply_to_user_id_str": null,
            "in_reply_to_screen_name": null,
            "lang": "en",
            "user": {
                "is_translator": false,
                "profile_background_image_url": "http://pbs.twimg.com/profile_background_images/657619393/9pyq4ao5jtn1ddn6p3zv.jpeg",
                "friends_count": 2278,
                "profile_banner_url": "https://pbs.twimg.com/profile_banners/14708814/1443623785",
                "lang": "en",
                "screen_name": "hartfordcourant",
                "follow_request_sent": false,
                "geo_enabled": true,
                "profile_image_url": "http://pbs.twimg.com/profile_images/486872619036057600/yJuA5kD3_normal.png",
                "protected": false,
                "notifications": false,
                "default_profile_image": false,
                "listed_count": 1643,
                "description": "Connecticut breaking news, sports and politics from the state's largest newsroom and America's oldest continuously published newspaper.",
                "profile_sidebar_border_color": "FFFFFF",
                "has_extended_profile": false,
                "id": 14708814,
                "profile_use_background_image": true,
                "location": "Hartford, Connecticut",
                "url": "http://t.co/3x1eSPbscs",
                "statuses_count": 83333,
                "profile_image_url_https": "https://pbs.twimg.com/profile_images/486872619036057600/yJuA5kD3_normal.png",
                "profile_link_color": "990000",
                "id_str": "14708814",
                "translator_type": "none",
                "followers_count": 113340,
                "utc_offset": -18000,
                "default_profile": false,
                "profile_text_color": "333333",
                "is_translation_enabled": false,
                "profile_background_tile": false,
                "favourites_count": 1,
                "profile_background_color": "EBEBEB",
                "verified": true,
                "profile_sidebar_fill_color": "F3F3F3",
                "name": "Hartford Courant",
                "following": false,
                "profile_background_image_url_https": "https://pbs.twimg.com/profile_background_images/657619393/9pyq4ao5jtn1ddn6p3zv.jpeg",
                "contributors_enabled": false,
                "created_at": "Fri May 09 02:36:46 +0000 2008",
                "entities": {
                    "description": {
                        "urls": []
                    },
                    "url": {
                        "urls": [
                            {
                                "display_url": "courant.com",
                                "indices": [
                                    0,
                                    22
                                ],
                                "expanded_url": "http://www.courant.com",
                                "url": "http://t.co/3x1eSPbscs"
                            }
                        ]
                    }
                },
                "time_zone": "Eastern Time (US & Canada)"
            },
            "contributors": null,
            "metadata": {
                "result_type": "recent",
                "iso_language_code": "en"
            },
            "retweet_count": 0,
            "id": 801220737595912192,
            "geo": null,
            "id_str": "801220737595912192",
            "favorite_count": 0,
            "source": "<a href=\"http://www.socialflow.com\" rel=\"nofollow\">SocialFlow</a>",
            "in_reply_to_user_id": null,
            "is_quote_status": false,
            "retweeted": false,
            "truncated": true,
            "in_reply_to_status_id_str": null,
            "text": "Trump says president 'can't have a conflict of interest,' suggests he could continue to run company\u2026 https://t.co/gMT9oSZxru",
            "in_reply_to_status_id": null,
            "favorited": false,
            "place": null,
            "created_at": "Wed Nov 23 00:28:04 +0000 2016",
            "coordinates": null,
            "possibly_sensitive": false,
            "entities": {
                "user_mentions": [],
                "urls": [
                    {
                        "display_url": "twitter.com/i/web/status/8\u2026",
                        "indices": [
                            101,
                            124
                        ],
                        "expanded_url": "https://twitter.com/i/web/status/801220737595912192",
                        "url": "https://t.co/gMT9oSZxru"
                    }
                ],
                "hashtags": [],
                "symbols": []
            }
        }
    ],
    "search_metadata": {
        "completed_in": 0.039,
        "refresh_url": "?since_id=801570537516503040&q=Trump%20from%3Ahartfordcourant%20since%3A2016-11-23%20until%3A2016-11-24%20filter%3Alinks%20-%40hartfordcourant&include_entities=1",
        "since_id_str": "0",
        "max_id": 801570537516503040,
        "query": "Trump+from%3Ahartfordcourant+since%3A2016-11-23+until%3A2016-11-24+filter%3Alinks+-%40hartfordcourant",
        "count": 100,
        "since_id": 0,
        "max_id_str": "801570537516503040"
    }
}