{
    "statuses": [
        {
            "in_reply_to_user_id_str": null,
            "in_reply_to_screen_name": null,
            "lang": "en",
            "user": {
                "is_translator": false,
                "profile_background_image_url": "http://pbs.twimg.com/profile_background_images/378800000085631847/7f0fc665468aa18cb5f8a9e188dc3234.jpeg",
                "friends_count": 3298,
                "profile_banner_url": "https://pbs.twimg.com/profile_banners/8980312/1360787921",
                "lang": "en",
                "screen_name": "IdahoStatesman",
                "follow_request_sent": false,
                "geo_enabled": false,
                "profile_image_url": "http://pbs.twimg.com/profile_images/716333844366884864/ZO_uXpzm_normal.jpg",
                "protected": false,
                "notifications": false,
                "default_profile_image": false,
                "listed_count": 965,
                "description": "The Idaho Statesman newspaper is your #1 source for news, sports, outdoors, business, traffic, & more for Boise, Meridian, Eagle, Nampa, Idaho.",
                "profile_sidebar_border_color": "FFFFFF",
                "has_extended_profile": false,
                "id": 8980312,
                "profile_use_background_image": true,
                "location": "Boise, Idaho, USA",
                "url": "http://t.co/706zMrpryW",
                "statuses_count": 70484,
                "profile_image_url_https": "https://pbs.twimg.com/profile_images/716333844366884864/ZO_uXpzm_normal.jpg",
                "profile_link_color": "537687",
                "id_str": "8980312",
                "translator_type": "none",
                "followers_count": 57505,
                "utc_offset": -25200,
                "default_profile": false,
                "profile_text_color": "000000",
                "is_translation_enabled": false,
                "profile_background_tile": false,
                "favourites_count": 835,
                "profile_background_color": "344A7D",
                "verified": true,
                "profile_sidebar_fill_color": "D2D9DF",
                "name": "Idaho Statesman",
                "following": false,
                "profile_background_image_url_https": "https://pbs.twimg.com/profile_background_images/378800000085631847/7f0fc665468aa18cb5f8a9e188dc3234.jpeg",
                "contributors_enabled": false,
                "created_at": "Wed Sep 19 18:56:13 +0000 2007",
                "entities": {
                    "description": {
                        "urls": []
                    },
                    "url": {
                        "urls": [
                            {
                                "display_url": "idahostatesman.com",
                                "indices": [
                                    0,
                                    22
                                ],
                                "expanded_url": "http://www.idahostatesman.com",
                                "url": "http://t.co/706zMrpryW"
                            }
                        ]
                    }
                },
                "time_zone": "Mountain Time (US & Canada)"
            },
            "contributors": null,
            "metadata": {
                "result_type": "recent",
                "iso_language_code": "en"
            },
            "retweet_count": 0,
            "id": 801547479166504961,
            "geo": null,
            "id_str": "801547479166504961",
            "favorite_count": 0,
            "source": "<a href=\"http://twitter.com\" rel=\"nofollow\">Twitter Web Client</a>",
            "in_reply_to_user_id": null,
            "is_quote_status": false,
            "retweeted": false,
            "truncated": false,
            "in_reply_to_status_id_str": null,
            "text": "Trump picks charter school advocate Betsy Devos as education secretary https://t.co/molqRdR220",
            "in_reply_to_status_id": null,
            "favorited": false,
            "place": null,
            "created_at": "Wed Nov 23 22:06:25 +0000 2016",
            "coordinates": null,
            "possibly_sensitive": false,
            "entities": {
                "user_mentions": [],
                "urls": [
                    {
                        "display_url": "idahostatesman.com/news/nation-wo\u2026",
                        "indices": [
                            71,
                            94
                        ],
                        "expanded_url": "http://www.idahostatesman.com/news/nation-world/national/article116688698.html",
                        "url": "https://t.co/molqRdR220"
                    }
                ],
                "hashtags": [],
                "symbols": []
            }
        },
        {
            "in_reply_to_user_id_str": null,
            "in_reply_to_screen_name": null,
            "lang": "en",
            "user": {
                "is_translator": false,
                "profile_background_image_url": "http://pbs.twimg.com/profile_background_images/378800000085631847/7f0fc665468aa18cb5f8a9e188dc3234.jpeg",
                "friends_count": 3298,
                "profile_banner_url": "https://pbs.twimg.com/profile_banners/8980312/1360787921",
                "lang": "en",
                "screen_name": "IdahoStatesman",
                "follow_request_sent": false,
                "geo_enabled": false,
                "profile_image_url": "http://pbs.twimg.com/profile_images/716333844366884864/ZO_uXpzm_normal.jpg",
                "protected": false,
                "notifications": false,
                "default_profile_image": false,
                "listed_count": 965,
                "description": "The Idaho Statesman newspaper is your #1 source for news, sports, outdoors, business, traffic, & more for Boise, Meridian, Eagle, Nampa, Idaho.",
                "profile_sidebar_border_color": "FFFFFF",
                "has_extended_profile": false,
                "id": 8980312,
                "profile_use_background_image": true,
                "location": "Boise, Idaho, USA",
                "url": "http://t.co/706zMrpryW",
                "statuses_count": 70484,
                "profile_image_url_https": "https://pbs.twimg.com/profile_images/716333844366884864/ZO_uXpzm_normal.jpg",
                "profile_link_color": "537687",
                "id_str": "8980312",
                "translator_type": "none",
                "followers_count": 57505,
                "utc_offset": -25200,
                "default_profile": false,
                "profile_text_color": "000000",
                "is_translation_enabled": false,
                "profile_background_tile": false,
                "favourites_count": 835,
                "profile_background_color": "344A7D",
                "verified": true,
                "profile_sidebar_fill_color": "D2D9DF",
                "name": "Idaho Statesman",
                "following": false,
                "profile_background_image_url_https": "https://pbs.twimg.com/profile_background_images/378800000085631847/7f0fc665468aa18cb5f8a9e188dc3234.jpeg",
                "contributors_enabled": false,
                "created_at": "Wed Sep 19 18:56:13 +0000 2007",
                "entities": {
                    "description": {
                        "urls": []
                    },
                    "url": {
                        "urls": [
                            {
                                "display_url": "idahostatesman.com",
                                "indices": [
                                    0,
                                    22
                                ],
                                "expanded_url": "http://www.idahostatesman.com",
                                "url": "http://t.co/706zMrpryW"
                            }
                        ]
                    }
                },
                "time_zone": "Mountain Time (US & Canada)"
            },
            "contributors": null,
            "metadata": {
                "result_type": "recent",
                "iso_language_code": "en"
            },
            "retweet_count": 0,
            "id": 801536779606069248,
            "geo": null,
            "id_str": "801536779606069248",
            "favorite_count": 1,
            "source": "<a href=\"http://twitter.com\" rel=\"nofollow\">Twitter Web Client</a>",
            "in_reply_to_user_id": null,
            "is_quote_status": false,
            "retweeted": false,
            "truncated": false,
            "in_reply_to_status_id_str": null,
            "text": "Trump doesn\u2019t need a deportation machine. Obama\u2019s already built it. https://t.co/zzbEtXXJ65",
            "in_reply_to_status_id": null,
            "favorited": false,
            "place": null,
            "created_at": "Wed Nov 23 21:23:54 +0000 2016",
            "coordinates": null,
            "possibly_sensitive": false,
            "entities": {
                "user_mentions": [],
                "urls": [
                    {
                        "display_url": "idahostatesman.com/latest-news/ar\u2026",
                        "indices": [
                            68,
                            91
                        ],
                        "expanded_url": "http://www.idahostatesman.com/latest-news/article116715053.html",
                        "url": "https://t.co/zzbEtXXJ65"
                    }
                ],
                "hashtags": [],
                "symbols": []
            }
        },
        {
            "in_reply_to_user_id_str": "20609518",
            "in_reply_to_screen_name": "DalaiLama",
            "lang": "en",
            "user": {
                "is_translator": false,
                "profile_background_image_url": "http://pbs.twimg.com/profile_background_images/378800000085631847/7f0fc665468aa18cb5f8a9e188dc3234.jpeg",
                "friends_count": 3298,
                "profile_banner_url": "https://pbs.twimg.com/profile_banners/8980312/1360787921",
                "lang": "en",
                "screen_name": "IdahoStatesman",
                "follow_request_sent": false,
                "geo_enabled": false,
                "profile_image_url": "http://pbs.twimg.com/profile_images/716333844366884864/ZO_uXpzm_normal.jpg",
                "protected": false,
                "notifications": false,
                "default_profile_image": false,
                "listed_count": 965,
                "description": "The Idaho Statesman newspaper is your #1 source for news, sports, outdoors, business, traffic, & more for Boise, Meridian, Eagle, Nampa, Idaho.",
                "profile_sidebar_border_color": "FFFFFF",
                "has_extended_profile": false,
                "id": 8980312,
                "profile_use_background_image": true,
                "location": "Boise, Idaho, USA",
                "url": "http://t.co/706zMrpryW",
                "statuses_count": 70484,
                "profile_image_url_https": "https://pbs.twimg.com/profile_images/716333844366884864/ZO_uXpzm_normal.jpg",
                "profile_link_color": "537687",
                "id_str": "8980312",
                "translator_type": "none",
                "followers_count": 57505,
                "utc_offset": -25200,
                "default_profile": false,
                "profile_text_color": "000000",
                "is_translation_enabled": false,
                "profile_background_tile": false,
                "favourites_count": 835,
                "profile_background_color": "344A7D",
                "verified": true,
                "profile_sidebar_fill_color": "D2D9DF",
                "name": "Idaho Statesman",
                "following": false,
                "profile_background_image_url_https": "https://pbs.twimg.com/profile_background_images/378800000085631847/7f0fc665468aa18cb5f8a9e188dc3234.jpeg",
                "contributors_enabled": false,
                "created_at": "Wed Sep 19 18:56:13 +0000 2007",
                "entities": {
                    "description": {
                        "urls": []
                    },
                    "url": {
                        "urls": [
                            {
                                "display_url": "idahostatesman.com",
                                "indices": [
                                    0,
                                    22
                                ],
                                "expanded_url": "http://www.idahostatesman.com",
                                "url": "http://t.co/706zMrpryW"
                            }
                        ]
                    }
                },
                "time_zone": "Mountain Time (US & Canada)"
            },
            "contributors": null,
            "metadata": {
                "result_type": "recent",
                "iso_language_code": "en"
            },
            "retweet_count": 0,
            "id": 801470612355092480,
            "geo": null,
            "id_str": "801470612355092480",
            "place": null,
            "source": "<a href=\"http://www.hootsuite.com\" rel=\"nofollow\">Hootsuite</a>",
            "in_reply_to_user_id": 20609518,
            "is_quote_status": false,
            "text": "@DalaiLama: \u201cI have no worries\u2019 about Trump\u2019s election. https://t.co/WoqTQx9NiR https://t.co/KAiig9VmDt",
            "retweeted": false,
            "truncated": false,
            "in_reply_to_status_id_str": null,
            "extended_entities": {
                "media": [
                    {
                        "display_url": "pic.twitter.com/KAiig9VmDt",
                        "indices": [
                            80,
                            103
                        ],
                        "expanded_url": "https://twitter.com/IdahoStatesman/status/801470612355092480/photo/1",
                        "media_url": "http://pbs.twimg.com/media/Cx9lRdIXcAAeoHm.jpg",
                        "url": "https://t.co/KAiig9VmDt",
                        "id": 801470609247137792,
                        "sizes": {
                            "small": {
                                "w": 529,
                                "resize": "fit",
                                "h": 303
                            },
                            "medium": {
                                "w": 529,
                                "resize": "fit",
                                "h": 303
                            },
                            "large": {
                                "w": 529,
                                "resize": "fit",
                                "h": 303
                            },
                            "thumb": {
                                "w": 150,
                                "resize": "crop",
                                "h": 150
                            }
                        },
                        "id_str": "801470609247137792",
                        "type": "photo",
                        "media_url_https": "https://pbs.twimg.com/media/Cx9lRdIXcAAeoHm.jpg"
                    }
                ]
            },
            "in_reply_to_status_id": null,
            "favorited": false,
            "favorite_count": 1,
            "created_at": "Wed Nov 23 17:00:59 +0000 2016",
            "coordinates": null,
            "possibly_sensitive": false,
            "entities": {
                "media": [
                    {
                        "display_url": "pic.twitter.com/KAiig9VmDt",
                        "indices": [
                            80,
                            103
                        ],
                        "expanded_url": "https://twitter.com/IdahoStatesman/status/801470612355092480/photo/1",
                        "media_url": "http://pbs.twimg.com/media/Cx9lRdIXcAAeoHm.jpg",
                        "url": "https://t.co/KAiig9VmDt",
                        "id": 801470609247137792,
                        "sizes": {
                            "small": {
                                "w": 529,
                                "resize": "fit",
                                "h": 303
                            },
                            "medium": {
                                "w": 529,
                                "resize": "fit",
                                "h": 303
                            },
                            "large": {
                                "w": 529,
                                "resize": "fit",
                                "h": 303
                            },
                            "thumb": {
                                "w": 150,
                                "resize": "crop",
                                "h": 150
                            }
                        },
                        "id_str": "801470609247137792",
                        "type": "photo",
                        "media_url_https": "https://pbs.twimg.com/media/Cx9lRdIXcAAeoHm.jpg"
                    }
                ],
                "user_mentions": [
                    {
                        "name": "Dalai Lama",
                        "id_str": "20609518",
                        "id": 20609518,
                        "indices": [
                            0,
                            10
                        ],
                        "screen_name": "DalaiLama"
                    }
                ],
                "urls": [
                    {
                        "display_url": "ow.ly/PESV306s8Uv",
                        "indices": [
                            56,
                            79
                        ],
                        "expanded_url": "http://ow.ly/PESV306s8Uv",
                        "url": "https://t.co/WoqTQx9NiR"
                    }
                ],
                "hashtags": [],
                "symbols": []
            }
        },
        {
            "in_reply_to_user_id_str": null,
            "in_reply_to_screen_name": null,
            "lang": "en",
            "user": {
                "is_translator": false,
                "profile_background_image_url": "http://pbs.twimg.com/profile_background_images/378800000085631847/7f0fc665468aa18cb5f8a9e188dc3234.jpeg",
                "friends_count": 3298,
                "profile_banner_url": "https://pbs.twimg.com/profile_banners/8980312/1360787921",
                "lang": "en",
                "screen_name": "IdahoStatesman",
                "follow_request_sent": false,
                "geo_enabled": false,
                "profile_image_url": "http://pbs.twimg.com/profile_images/716333844366884864/ZO_uXpzm_normal.jpg",
                "protected": false,
                "notifications": false,
                "default_profile_image": false,
                "listed_count": 965,
                "description": "The Idaho Statesman newspaper is your #1 source for news, sports, outdoors, business, traffic, & more for Boise, Meridian, Eagle, Nampa, Idaho.",
                "profile_sidebar_border_color": "FFFFFF",
                "has_extended_profile": false,
                "id": 8980312,
                "profile_use_background_image": true,
                "location": "Boise, Idaho, USA",
                "url": "http://t.co/706zMrpryW",
                "statuses_count": 70484,
                "profile_image_url_https": "https://pbs.twimg.com/profile_images/716333844366884864/ZO_uXpzm_normal.jpg",
                "profile_link_color": "537687",
                "id_str": "8980312",
                "translator_type": "none",
                "followers_count": 57505,
                "utc_offset": -25200,
                "default_profile": false,
                "profile_text_color": "000000",
                "is_translation_enabled": false,
                "profile_background_tile": false,
                "favourites_count": 835,
                "profile_background_color": "344A7D",
                "verified": true,
                "profile_sidebar_fill_color": "D2D9DF",
                "name": "Idaho Statesman",
                "following": false,
                "profile_background_image_url_https": "https://pbs.twimg.com/profile_background_images/378800000085631847/7f0fc665468aa18cb5f8a9e188dc3234.jpeg",
                "contributors_enabled": false,
                "created_at": "Wed Sep 19 18:56:13 +0000 2007",
                "entities": {
                    "description": {
                        "urls": []
                    },
                    "url": {
                        "urls": [
                            {
                                "display_url": "idahostatesman.com",
                                "indices": [
                                    0,
                                    22
                                ],
                                "expanded_url": "http://www.idahostatesman.com",
                                "url": "http://t.co/706zMrpryW"
                            }
                        ]
                    }
                },
                "time_zone": "Mountain Time (US & Canada)"
            },
            "contributors": null,
            "metadata": {
                "result_type": "recent",
                "iso_language_code": "en"
            },
            "retweet_count": 2,
            "id": 801221226685468673,
            "geo": null,
            "id_str": "801221226685468673",
            "place": null,
            "source": "<a href=\"https://about.twitter.com/products/tweetdeck\" rel=\"nofollow\">TweetDeck</a>",
            "in_reply_to_user_id": null,
            "is_quote_status": false,
            "text": "Michelle Rhee rejects Trump education secretary job\nhttps://t.co/eZTJjsOZdo https://t.co/PvISCkmZRV",
            "retweeted": false,
            "truncated": false,
            "in_reply_to_status_id_str": null,
            "extended_entities": {
                "media": [
                    {
                        "display_url": "pic.twitter.com/PvISCkmZRV",
                        "indices": [
                            76,
                            99
                        ],
                        "expanded_url": "https://twitter.com/IdahoStatesman/status/801221226685468673/photo/1",
                        "media_url": "http://pbs.twimg.com/media/Cx5tP9OVIAQ1UqZ.jpg",
                        "url": "https://t.co/PvISCkmZRV",
                        "id": 801197904618659844,
                        "sizes": {
                            "small": {
                                "w": 680,
                                "resize": "fit",
                                "h": 573
                            },
                            "medium": {
                                "w": 960,
                                "resize": "fit",
                                "h": 809
                            },
                            "large": {
                                "w": 960,
                                "resize": "fit",
                                "h": 809
                            },
                            "thumb": {
                                "w": 150,
                                "resize": "crop",
                                "h": 150
                            }
                        },
                        "id_str": "801197904618659844",
                        "type": "photo",
                        "media_url_https": "https://pbs.twimg.com/media/Cx5tP9OVIAQ1UqZ.jpg"
                    }
                ]
            },
            "in_reply_to_status_id": null,
            "favorited": false,
            "favorite_count": 4,
            "created_at": "Wed Nov 23 00:30:01 +0000 2016",
            "coordinates": null,
            "possibly_sensitive": false,
            "entities": {
                "media": [
                    {
                        "display_url": "pic.twitter.com/PvISCkmZRV",
                        "indices": [
                            76,
                            99
                        ],
                        "expanded_url": "https://twitter.com/IdahoStatesman/status/801221226685468673/photo/1",
                        "media_url": "http://pbs.twimg.com/media/Cx5tP9OVIAQ1UqZ.jpg",
                        "url": "https://t.co/PvISCkmZRV",
                        "id": 801197904618659844,
                        "sizes": {
                            "small": {
                                "w": 680,
                                "resize": "fit",
                                "h": 573
                            },
                            "medium": {
                                "w": 960,
                                "resize": "fit",
                                "h": 809
                            },
                            "large": {
                                "w": 960,
                                "resize": "fit",
                                "h": 809
                            },
                            "thumb": {
                                "w": 150,
                                "resize": "crop",
                                "h": 150
                            }
                        },
                        "id_str": "801197904618659844",
                        "type": "photo",
                        "media_url_https": "https://pbs.twimg.com/media/Cx5tP9OVIAQ1UqZ.jpg"
                    }
                ],
                "user_mentions": [],
                "urls": [
                    {
                        "display_url": "bit.ly/2gjjUUp",
                        "indices": [
                            52,
                            75
                        ],
                        "expanded_url": "http://bit.ly/2gjjUUp",
                        "url": "https://t.co/eZTJjsOZdo"
                    }
                ],
                "hashtags": [],
                "symbols": []
            }
        }
    ],
    "search_metadata": {
        "completed_in": 0.038,
        "refresh_url": "?since_id=801547479166504961&q=Trump%20from%3AIdahoStatesman%20since%3A2016-11-23%20until%3A2016-11-24%20filter%3Alinks%20-%40IdahoStatesman&include_entities=1",
        "since_id_str": "0",
        "max_id": 801547479166504961,
        "query": "Trump+from%3AIdahoStatesman+since%3A2016-11-23+until%3A2016-11-24+filter%3Alinks+-%40IdahoStatesman",
        "count": 100,
        "since_id": 0,
        "max_id_str": "801547479166504961"
    }
}