{
    "statuses": [
        {
            "in_reply_to_user_id_str": null,
            "in_reply_to_screen_name": null,
            "lang": "en",
            "user": {
                "is_translator": false,
                "profile_background_image_url": "http://pbs.twimg.com/profile_background_images/309357173/Star-Twitter-page.jpg",
                "friends_count": 824,
                "profile_banner_url": "https://pbs.twimg.com/profile_banners/14955722/1430340133",
                "lang": "en",
                "screen_name": "KCStar",
                "follow_request_sent": false,
                "geo_enabled": false,
                "profile_image_url": "http://pbs.twimg.com/profile_images/710203133536894977/eYU-xrl7_normal.jpg",
                "protected": false,
                "notifications": false,
                "default_profile_image": false,
                "listed_count": 2488,
                "description": "Breaking the news in Kansas City since 1880.",
                "profile_sidebar_border_color": "C0DEED",
                "has_extended_profile": false,
                "id": 14955722,
                "profile_use_background_image": true,
                "location": "Kansas City, Mo. ",
                "url": "https://t.co/5avXc9kQvj",
                "statuses_count": 141356,
                "profile_image_url_https": "https://pbs.twimg.com/profile_images/710203133536894977/eYU-xrl7_normal.jpg",
                "profile_link_color": "0084B4",
                "id_str": "14955722",
                "translator_type": "none",
                "followers_count": 173242,
                "utc_offset": -21600,
                "default_profile": false,
                "profile_text_color": "333333",
                "is_translation_enabled": false,
                "profile_background_tile": false,
                "favourites_count": 1318,
                "profile_background_color": "C0DEED",
                "verified": true,
                "profile_sidebar_fill_color": "DDEEF6",
                "name": "The Kansas City Star",
                "following": false,
                "profile_background_image_url_https": "https://pbs.twimg.com/profile_background_images/309357173/Star-Twitter-page.jpg",
                "contributors_enabled": false,
                "created_at": "Fri May 30 16:08:18 +0000 2008",
                "entities": {
                    "description": {
                        "urls": []
                    },
                    "url": {
                        "urls": [
                            {
                                "display_url": "kansascity.com",
                                "indices": [
                                    0,
                                    23
                                ],
                                "expanded_url": "http://www.kansascity.com",
                                "url": "https://t.co/5avXc9kQvj"
                            }
                        ]
                    }
                },
                "time_zone": "Central Time (US & Canada)"
            },
            "contributors": null,
            "metadata": {
                "result_type": "recent",
                "iso_language_code": "en"
            },
            "retweet_count": 1,
            "id": 801539326026940417,
            "geo": null,
            "id_str": "801539326026940417",
            "favorite_count": 1,
            "source": "<a href=\"http://www.kansascity.com\" rel=\"nofollow\">KC Star: Breaking News</a>",
            "in_reply_to_user_id": null,
            "is_quote_status": false,
            "retweeted": false,
            "truncated": false,
            "in_reply_to_status_id_str": null,
            "text": "Trump\u2019s financial disclosures obscure his foreign business interests https://t.co/B1bySBiD5r",
            "in_reply_to_status_id": null,
            "favorited": false,
            "place": null,
            "created_at": "Wed Nov 23 21:34:01 +0000 2016",
            "coordinates": null,
            "possibly_sensitive": false,
            "entities": {
                "user_mentions": [],
                "urls": [
                    {
                        "display_url": "kansascity.com/news/politics-\u2026",
                        "indices": [
                            69,
                            92
                        ],
                        "expanded_url": "http://www.kansascity.com/news/politics-government/election/article116310308.html#storylink=twt_staff",
                        "url": "https://t.co/B1bySBiD5r"
                    }
                ],
                "hashtags": [],
                "symbols": []
            }
        },
        {
            "in_reply_to_user_id_str": null,
            "in_reply_to_screen_name": null,
            "lang": "en",
            "user": {
                "is_translator": false,
                "profile_background_image_url": "http://pbs.twimg.com/profile_background_images/309357173/Star-Twitter-page.jpg",
                "friends_count": 824,
                "profile_banner_url": "https://pbs.twimg.com/profile_banners/14955722/1430340133",
                "lang": "en",
                "screen_name": "KCStar",
                "follow_request_sent": false,
                "geo_enabled": false,
                "profile_image_url": "http://pbs.twimg.com/profile_images/710203133536894977/eYU-xrl7_normal.jpg",
                "protected": false,
                "notifications": false,
                "default_profile_image": false,
                "listed_count": 2488,
                "description": "Breaking the news in Kansas City since 1880.",
                "profile_sidebar_border_color": "C0DEED",
                "has_extended_profile": false,
                "id": 14955722,
                "profile_use_background_image": true,
                "location": "Kansas City, Mo. ",
                "url": "https://t.co/5avXc9kQvj",
                "statuses_count": 141356,
                "profile_image_url_https": "https://pbs.twimg.com/profile_images/710203133536894977/eYU-xrl7_normal.jpg",
                "profile_link_color": "0084B4",
                "id_str": "14955722",
                "translator_type": "none",
                "followers_count": 173242,
                "utc_offset": -21600,
                "default_profile": false,
                "profile_text_color": "333333",
                "is_translation_enabled": false,
                "profile_background_tile": false,
                "favourites_count": 1318,
                "profile_background_color": "C0DEED",
                "verified": true,
                "profile_sidebar_fill_color": "DDEEF6",
                "name": "The Kansas City Star",
                "following": false,
                "profile_background_image_url_https": "https://pbs.twimg.com/profile_background_images/309357173/Star-Twitter-page.jpg",
                "contributors_enabled": false,
                "created_at": "Fri May 30 16:08:18 +0000 2008",
                "entities": {
                    "description": {
                        "urls": []
                    },
                    "url": {
                        "urls": [
                            {
                                "display_url": "kansascity.com",
                                "indices": [
                                    0,
                                    23
                                ],
                                "expanded_url": "http://www.kansascity.com",
                                "url": "https://t.co/5avXc9kQvj"
                            }
                        ]
                    }
                },
                "time_zone": "Central Time (US & Canada)"
            },
            "contributors": null,
            "metadata": {
                "result_type": "recent",
                "iso_language_code": "en"
            },
            "retweet_count": 2,
            "id": 801437657398120449,
            "geo": null,
            "id_str": "801437657398120449",
            "favorite_count": 3,
            "source": "<a href=\"http://www.kansascity.com\" rel=\"nofollow\">KC Star: Breaking News</a>",
            "in_reply_to_user_id": null,
            "is_quote_status": false,
            "retweeted": false,
            "truncated": false,
            "in_reply_to_status_id_str": null,
            "text": "Turkey's president slams those who call Trump 'dictator' https://t.co/PlIBFdcOa9",
            "in_reply_to_status_id": null,
            "favorited": false,
            "place": null,
            "created_at": "Wed Nov 23 14:50:02 +0000 2016",
            "coordinates": null,
            "possibly_sensitive": false,
            "entities": {
                "user_mentions": [],
                "urls": [
                    {
                        "display_url": "kansascity.com/news/nation-wo\u2026",
                        "indices": [
                            57,
                            80
                        ],
                        "expanded_url": "http://www.kansascity.com/news/nation-world/world/article116609433.html#storylink=twt_staff",
                        "url": "https://t.co/PlIBFdcOa9"
                    }
                ],
                "hashtags": [],
                "symbols": []
            }
        },
        {
            "in_reply_to_user_id_str": null,
            "in_reply_to_screen_name": null,
            "lang": "en",
            "user": {
                "is_translator": false,
                "profile_background_image_url": "http://pbs.twimg.com/profile_background_images/309357173/Star-Twitter-page.jpg",
                "friends_count": 824,
                "profile_banner_url": "https://pbs.twimg.com/profile_banners/14955722/1430340133",
                "lang": "en",
                "screen_name": "KCStar",
                "follow_request_sent": false,
                "geo_enabled": false,
                "profile_image_url": "http://pbs.twimg.com/profile_images/710203133536894977/eYU-xrl7_normal.jpg",
                "protected": false,
                "notifications": false,
                "default_profile_image": false,
                "listed_count": 2488,
                "description": "Breaking the news in Kansas City since 1880.",
                "profile_sidebar_border_color": "C0DEED",
                "has_extended_profile": false,
                "id": 14955722,
                "profile_use_background_image": true,
                "location": "Kansas City, Mo. ",
                "url": "https://t.co/5avXc9kQvj",
                "statuses_count": 141356,
                "profile_image_url_https": "https://pbs.twimg.com/profile_images/710203133536894977/eYU-xrl7_normal.jpg",
                "profile_link_color": "0084B4",
                "id_str": "14955722",
                "translator_type": "none",
                "followers_count": 173242,
                "utc_offset": -21600,
                "default_profile": false,
                "profile_text_color": "333333",
                "is_translation_enabled": false,
                "profile_background_tile": false,
                "favourites_count": 1318,
                "profile_background_color": "C0DEED",
                "verified": true,
                "profile_sidebar_fill_color": "DDEEF6",
                "name": "The Kansas City Star",
                "following": false,
                "profile_background_image_url_https": "https://pbs.twimg.com/profile_background_images/309357173/Star-Twitter-page.jpg",
                "contributors_enabled": false,
                "created_at": "Fri May 30 16:08:18 +0000 2008",
                "entities": {
                    "description": {
                        "urls": []
                    },
                    "url": {
                        "urls": [
                            {
                                "display_url": "kansascity.com",
                                "indices": [
                                    0,
                                    23
                                ],
                                "expanded_url": "http://www.kansascity.com",
                                "url": "https://t.co/5avXc9kQvj"
                            }
                        ]
                    }
                },
                "time_zone": "Central Time (US & Canada)"
            },
            "contributors": null,
            "metadata": {
                "result_type": "recent",
                "iso_language_code": "en"
            },
            "retweet_count": 1,
            "id": 801412493306433537,
            "geo": null,
            "id_str": "801412493306433537",
            "favorite_count": 0,
            "source": "<a href=\"http://www.kansascity.com\" rel=\"nofollow\">KC Star: Breaking News</a>",
            "in_reply_to_user_id": null,
            "is_quote_status": false,
            "retweeted": false,
            "truncated": false,
            "in_reply_to_status_id_str": null,
            "text": "AP Sources: Trump taps Gov. Nikki Haley for ambassador to UN https://t.co/kgV5flTozJ",
            "in_reply_to_status_id": null,
            "favorited": false,
            "place": null,
            "created_at": "Wed Nov 23 13:10:02 +0000 2016",
            "coordinates": null,
            "possibly_sensitive": false,
            "entities": {
                "user_mentions": [],
                "urls": [
                    {
                        "display_url": "kansascity.com/latest-news/ar\u2026",
                        "indices": [
                            61,
                            84
                        ],
                        "expanded_url": "http://www.kansascity.com/latest-news/article116612578.html#storylink=twt_staff",
                        "url": "https://t.co/kgV5flTozJ"
                    }
                ],
                "hashtags": [],
                "symbols": []
            }
        },
        {
            "in_reply_to_user_id_str": null,
            "in_reply_to_screen_name": null,
            "lang": "en",
            "user": {
                "is_translator": false,
                "profile_background_image_url": "http://pbs.twimg.com/profile_background_images/309357173/Star-Twitter-page.jpg",
                "friends_count": 824,
                "profile_banner_url": "https://pbs.twimg.com/profile_banners/14955722/1430340133",
                "lang": "en",
                "screen_name": "KCStar",
                "follow_request_sent": false,
                "geo_enabled": false,
                "profile_image_url": "http://pbs.twimg.com/profile_images/710203133536894977/eYU-xrl7_normal.jpg",
                "protected": false,
                "notifications": false,
                "default_profile_image": false,
                "listed_count": 2488,
                "description": "Breaking the news in Kansas City since 1880.",
                "profile_sidebar_border_color": "C0DEED",
                "has_extended_profile": false,
                "id": 14955722,
                "profile_use_background_image": true,
                "location": "Kansas City, Mo. ",
                "url": "https://t.co/5avXc9kQvj",
                "statuses_count": 141356,
                "profile_image_url_https": "https://pbs.twimg.com/profile_images/710203133536894977/eYU-xrl7_normal.jpg",
                "profile_link_color": "0084B4",
                "id_str": "14955722",
                "translator_type": "none",
                "followers_count": 173242,
                "utc_offset": -21600,
                "default_profile": false,
                "profile_text_color": "333333",
                "is_translation_enabled": false,
                "profile_background_tile": false,
                "favourites_count": 1318,
                "profile_background_color": "C0DEED",
                "verified": true,
                "profile_sidebar_fill_color": "DDEEF6",
                "name": "The Kansas City Star",
                "following": false,
                "profile_background_image_url_https": "https://pbs.twimg.com/profile_background_images/309357173/Star-Twitter-page.jpg",
                "contributors_enabled": false,
                "created_at": "Fri May 30 16:08:18 +0000 2008",
                "entities": {
                    "description": {
                        "urls": []
                    },
                    "url": {
                        "urls": [
                            {
                                "display_url": "kansascity.com",
                                "indices": [
                                    0,
                                    23
                                ],
                                "expanded_url": "http://www.kansascity.com",
                                "url": "https://t.co/5avXc9kQvj"
                            }
                        ]
                    }
                },
                "time_zone": "Central Time (US & Canada)"
            },
            "contributors": null,
            "metadata": {
                "result_type": "recent",
                "iso_language_code": "en"
            },
            "retweet_count": 3,
            "id": 801279113768161280,
            "geo": null,
            "id_str": "801279113768161280",
            "favorite_count": 4,
            "source": "<a href=\"http://www.kansascity.com\" rel=\"nofollow\">KC Star: Breaking News</a>",
            "in_reply_to_user_id": null,
            "is_quote_status": false,
            "retweeted": false,
            "truncated": false,
            "in_reply_to_status_id_str": null,
            "text": "Dalai Lama: \u201cI have no worries\u2019 about Trump\u2019s election https://t.co/tB1RofYKT3",
            "in_reply_to_status_id": null,
            "favorited": false,
            "place": null,
            "created_at": "Wed Nov 23 04:20:02 +0000 2016",
            "coordinates": null,
            "possibly_sensitive": false,
            "entities": {
                "user_mentions": [],
                "urls": [
                    {
                        "display_url": "kansascity.com/living/religio\u2026",
                        "indices": [
                            55,
                            78
                        ],
                        "expanded_url": "http://www.kansascity.com/living/religion/article116590138.html#storylink=twt_staff",
                        "url": "https://t.co/tB1RofYKT3"
                    }
                ],
                "hashtags": [],
                "symbols": []
            }
        },
        {
            "in_reply_to_user_id_str": null,
            "in_reply_to_screen_name": null,
            "lang": "en",
            "user": {
                "is_translator": false,
                "profile_background_image_url": "http://pbs.twimg.com/profile_background_images/309357173/Star-Twitter-page.jpg",
                "friends_count": 824,
                "profile_banner_url": "https://pbs.twimg.com/profile_banners/14955722/1430340133",
                "lang": "en",
                "screen_name": "KCStar",
                "follow_request_sent": false,
                "geo_enabled": false,
                "profile_image_url": "http://pbs.twimg.com/profile_images/710203133536894977/eYU-xrl7_normal.jpg",
                "protected": false,
                "notifications": false,
                "default_profile_image": false,
                "listed_count": 2488,
                "description": "Breaking the news in Kansas City since 1880.",
                "profile_sidebar_border_color": "C0DEED",
                "has_extended_profile": false,
                "id": 14955722,
                "profile_use_background_image": true,
                "location": "Kansas City, Mo. ",
                "url": "https://t.co/5avXc9kQvj",
                "statuses_count": 141356,
                "profile_image_url_https": "https://pbs.twimg.com/profile_images/710203133536894977/eYU-xrl7_normal.jpg",
                "profile_link_color": "0084B4",
                "id_str": "14955722",
                "translator_type": "none",
                "followers_count": 173242,
                "utc_offset": -21600,
                "default_profile": false,
                "profile_text_color": "333333",
                "is_translation_enabled": false,
                "profile_background_tile": false,
                "favourites_count": 1318,
                "profile_background_color": "C0DEED",
                "verified": true,
                "profile_sidebar_fill_color": "DDEEF6",
                "name": "The Kansas City Star",
                "following": false,
                "profile_background_image_url_https": "https://pbs.twimg.com/profile_background_images/309357173/Star-Twitter-page.jpg",
                "contributors_enabled": false,
                "created_at": "Fri May 30 16:08:18 +0000 2008",
                "entities": {
                    "description": {
                        "urls": []
                    },
                    "url": {
                        "urls": [
                            {
                                "display_url": "kansascity.com",
                                "indices": [
                                    0,
                                    23
                                ],
                                "expanded_url": "http://www.kansascity.com",
                                "url": "https://t.co/5avXc9kQvj"
                            }
                        ]
                    }
                },
                "time_zone": "Central Time (US & Canada)"
            },
            "contributors": null,
            "metadata": {
                "result_type": "recent",
                "iso_language_code": "en"
            },
            "retweet_count": 1,
            "id": 801271564964655104,
            "geo": null,
            "id_str": "801271564964655104",
            "favorite_count": 2,
            "source": "<a href=\"http://www.kansascity.com\" rel=\"nofollow\">KC Star: Breaking News</a>",
            "in_reply_to_user_id": null,
            "is_quote_status": false,
            "retweeted": false,
            "truncated": false,
            "in_reply_to_status_id_str": null,
            "text": "Dalai Lama: \"I have no worries' about Trump's election https://t.co/LK0rjcuZ1k",
            "in_reply_to_status_id": null,
            "favorited": false,
            "place": null,
            "created_at": "Wed Nov 23 03:50:02 +0000 2016",
            "coordinates": null,
            "possibly_sensitive": false,
            "entities": {
                "user_mentions": [],
                "urls": [
                    {
                        "display_url": "kansascity.com/living/religio\u2026",
                        "indices": [
                            55,
                            78
                        ],
                        "expanded_url": "http://www.kansascity.com/living/religion/article116587128.html#storylink=twt_staff",
                        "url": "https://t.co/LK0rjcuZ1k"
                    }
                ],
                "hashtags": [],
                "symbols": []
            }
        }
    ],
    "search_metadata": {
        "completed_in": 0.043,
        "refresh_url": "?since_id=801539326026940417&q=Trump%20from%3AKCStar%20since%3A2016-11-23%20until%3A2016-11-24%20filter%3Alinks%20-%40KCStar&include_entities=1",
        "since_id_str": "0",
        "max_id": 801539326026940417,
        "query": "Trump+from%3AKCStar+since%3A2016-11-23+until%3A2016-11-24+filter%3Alinks+-%40KCStar",
        "count": 100,
        "since_id": 0,
        "max_id_str": "801539326026940417"
    }
}