{
    "statuses": [
        {
            "in_reply_to_user_id_str": null,
            "in_reply_to_screen_name": null,
            "lang": "en",
            "user": {
                "is_translator": false,
                "profile_background_image_url": "http://pbs.twimg.com/profile_background_images/12882124/nwa_twitter_bg.jpg",
                "friends_count": 808,
                "profile_banner_url": "https://pbs.twimg.com/profile_banners/30012029/1440425451",
                "lang": "en",
                "screen_name": "nwademgaz",
                "follow_request_sent": false,
                "geo_enabled": true,
                "profile_image_url": "http://pbs.twimg.com/profile_images/554466657389649920/j6oeZKKI_normal.png",
                "protected": false,
                "notifications": false,
                "default_profile_image": false,
                "listed_count": 305,
                "description": "The Northwest Arkansas Democrat-Gazette features a comprehensive collection of news stories, including breaking and developing at http://t.co/HiHdfAwlk9.",
                "profile_sidebar_border_color": "1B215A",
                "has_extended_profile": false,
                "id": 30012029,
                "profile_use_background_image": false,
                "location": "Northwest Arkansas",
                "url": "http://t.co/Qeu0tKedY5",
                "statuses_count": 10128,
                "profile_image_url_https": "https://pbs.twimg.com/profile_images/554466657389649920/j6oeZKKI_normal.png",
                "profile_link_color": "CC3333",
                "id_str": "30012029",
                "translator_type": "none",
                "followers_count": 15916,
                "utc_offset": -21600,
                "default_profile": false,
                "profile_text_color": "555555",
                "is_translation_enabled": false,
                "profile_background_tile": false,
                "favourites_count": 34,
                "profile_background_color": "FFFFFF",
                "verified": false,
                "profile_sidebar_fill_color": "EEEEEE",
                "name": "NWA Democrat-Gazette",
                "following": false,
                "profile_background_image_url_https": "https://pbs.twimg.com/profile_background_images/12882124/nwa_twitter_bg.jpg",
                "contributors_enabled": false,
                "created_at": "Thu Apr 09 16:11:21 +0000 2009",
                "entities": {
                    "description": {
                        "urls": [
                            {
                                "display_url": "nwadg.com",
                                "indices": [
                                    130,
                                    152
                                ],
                                "expanded_url": "http://nwadg.com",
                                "url": "http://t.co/HiHdfAwlk9"
                            }
                        ]
                    },
                    "url": {
                        "urls": [
                            {
                                "display_url": "nwadg.com",
                                "indices": [
                                    0,
                                    22
                                ],
                                "expanded_url": "http://www.nwadg.com",
                                "url": "http://t.co/Qeu0tKedY5"
                            }
                        ]
                    }
                },
                "time_zone": "Central Time (US & Canada)"
            },
            "contributors": null,
            "metadata": {
                "result_type": "recent",
                "iso_language_code": "en"
            },
            "retweet_count": 0,
            "id": 801499409490083840,
            "geo": null,
            "id_str": "801499409490083840",
            "place": null,
            "source": "<a href=\"http://www.hootsuite.com\" rel=\"nofollow\">Hootsuite</a>",
            "in_reply_to_user_id": null,
            "is_quote_status": false,
            "text": "Trump picks charter school advocate Betsy DeVos as education secretary.\nhttps://t.co/aLFw1DeYIx https://t.co/C9WHIqofsC",
            "retweeted": false,
            "truncated": false,
            "in_reply_to_status_id_str": null,
            "extended_entities": {
                "media": [
                    {
                        "display_url": "pic.twitter.com/C9WHIqofsC",
                        "indices": [
                            96,
                            119
                        ],
                        "expanded_url": "https://twitter.com/nwademgaz/status/801499409490083840/photo/1",
                        "media_url": "http://pbs.twimg.com/media/Cx9_do2WIAAqhQ6.jpg",
                        "url": "https://t.co/C9WHIqofsC",
                        "id": 801499405853532160,
                        "sizes": {
                            "thumb": {
                                "w": 150,
                                "resize": "crop",
                                "h": 150
                            },
                            "small": {
                                "w": 601,
                                "resize": "fit",
                                "h": 392
                            },
                            "large": {
                                "w": 601,
                                "resize": "fit",
                                "h": 392
                            },
                            "medium": {
                                "w": 601,
                                "resize": "fit",
                                "h": 392
                            }
                        },
                        "id_str": "801499405853532160",
                        "type": "photo",
                        "media_url_https": "https://pbs.twimg.com/media/Cx9_do2WIAAqhQ6.jpg"
                    }
                ]
            },
            "in_reply_to_status_id": null,
            "favorited": false,
            "favorite_count": 2,
            "created_at": "Wed Nov 23 18:55:25 +0000 2016",
            "coordinates": null,
            "possibly_sensitive": false,
            "entities": {
                "media": [
                    {
                        "display_url": "pic.twitter.com/C9WHIqofsC",
                        "indices": [
                            96,
                            119
                        ],
                        "expanded_url": "https://twitter.com/nwademgaz/status/801499409490083840/photo/1",
                        "media_url": "http://pbs.twimg.com/media/Cx9_do2WIAAqhQ6.jpg",
                        "url": "https://t.co/C9WHIqofsC",
                        "id": 801499405853532160,
                        "sizes": {
                            "thumb": {
                                "w": 150,
                                "resize": "crop",
                                "h": 150
                            },
                            "small": {
                                "w": 601,
                                "resize": "fit",
                                "h": 392
                            },
                            "large": {
                                "w": 601,
                                "resize": "fit",
                                "h": 392
                            },
                            "medium": {
                                "w": 601,
                                "resize": "fit",
                                "h": 392
                            }
                        },
                        "id_str": "801499405853532160",
                        "type": "photo",
                        "media_url_https": "https://pbs.twimg.com/media/Cx9_do2WIAAqhQ6.jpg"
                    }
                ],
                "user_mentions": [],
                "urls": [
                    {
                        "display_url": "nwadg.com/news/2016/nov/\u2026",
                        "indices": [
                            72,
                            95
                        ],
                        "expanded_url": "http://www.nwadg.com/news/2016/nov/23/trump-picks-charter-school-advocate-education-secr/?latest",
                        "url": "https://t.co/aLFw1DeYIx"
                    }
                ],
                "hashtags": [],
                "symbols": []
            }
        },
        {
            "in_reply_to_user_id_str": null,
            "in_reply_to_screen_name": null,
            "lang": "en",
            "user": {
                "is_translator": false,
                "profile_background_image_url": "http://pbs.twimg.com/profile_background_images/12882124/nwa_twitter_bg.jpg",
                "friends_count": 808,
                "profile_banner_url": "https://pbs.twimg.com/profile_banners/30012029/1440425451",
                "lang": "en",
                "screen_name": "nwademgaz",
                "follow_request_sent": false,
                "geo_enabled": true,
                "profile_image_url": "http://pbs.twimg.com/profile_images/554466657389649920/j6oeZKKI_normal.png",
                "protected": false,
                "notifications": false,
                "default_profile_image": false,
                "listed_count": 305,
                "description": "The Northwest Arkansas Democrat-Gazette features a comprehensive collection of news stories, including breaking and developing at http://t.co/HiHdfAwlk9.",
                "profile_sidebar_border_color": "1B215A",
                "has_extended_profile": false,
                "id": 30012029,
                "profile_use_background_image": false,
                "location": "Northwest Arkansas",
                "url": "http://t.co/Qeu0tKedY5",
                "statuses_count": 10128,
                "profile_image_url_https": "https://pbs.twimg.com/profile_images/554466657389649920/j6oeZKKI_normal.png",
                "profile_link_color": "CC3333",
                "id_str": "30012029",
                "translator_type": "none",
                "followers_count": 15916,
                "utc_offset": -21600,
                "default_profile": false,
                "profile_text_color": "555555",
                "is_translation_enabled": false,
                "profile_background_tile": false,
                "favourites_count": 34,
                "profile_background_color": "FFFFFF",
                "verified": false,
                "profile_sidebar_fill_color": "EEEEEE",
                "name": "NWA Democrat-Gazette",
                "following": false,
                "profile_background_image_url_https": "https://pbs.twimg.com/profile_background_images/12882124/nwa_twitter_bg.jpg",
                "contributors_enabled": false,
                "created_at": "Thu Apr 09 16:11:21 +0000 2009",
                "entities": {
                    "description": {
                        "urls": [
                            {
                                "display_url": "nwadg.com",
                                "indices": [
                                    130,
                                    152
                                ],
                                "expanded_url": "http://nwadg.com",
                                "url": "http://t.co/HiHdfAwlk9"
                            }
                        ]
                    },
                    "url": {
                        "urls": [
                            {
                                "display_url": "nwadg.com",
                                "indices": [
                                    0,
                                    22
                                ],
                                "expanded_url": "http://www.nwadg.com",
                                "url": "http://t.co/Qeu0tKedY5"
                            }
                        ]
                    }
                },
                "time_zone": "Central Time (US & Canada)"
            },
            "contributors": null,
            "metadata": {
                "result_type": "recent",
                "iso_language_code": "en"
            },
            "retweet_count": 0,
            "id": 801438536268390400,
            "geo": null,
            "id_str": "801438536268390400",
            "place": null,
            "source": "<a href=\"http://www.hootsuite.com\" rel=\"nofollow\">Hootsuite</a>",
            "in_reply_to_user_id": null,
            "is_quote_status": false,
            "text": "Trump picks South Carolina Gov. Nikki Haley to be UN ambassador.\nhttps://t.co/ccuH7AR9Md https://t.co/eKF9YpiUkz",
            "retweeted": false,
            "truncated": false,
            "in_reply_to_status_id_str": null,
            "extended_entities": {
                "media": [
                    {
                        "display_url": "pic.twitter.com/eKF9YpiUkz",
                        "indices": [
                            89,
                            112
                        ],
                        "expanded_url": "https://twitter.com/nwademgaz/status/801438536268390400/photo/1",
                        "media_url": "http://pbs.twimg.com/media/Cx9IGYqWQAEFoLn.jpg",
                        "url": "https://t.co/eKF9YpiUkz",
                        "id": 801438533231722497,
                        "sizes": {
                            "thumb": {
                                "w": 150,
                                "resize": "crop",
                                "h": 150
                            },
                            "small": {
                                "w": 597,
                                "resize": "fit",
                                "h": 397
                            },
                            "large": {
                                "w": 597,
                                "resize": "fit",
                                "h": 397
                            },
                            "medium": {
                                "w": 597,
                                "resize": "fit",
                                "h": 397
                            }
                        },
                        "id_str": "801438533231722497",
                        "type": "photo",
                        "media_url_https": "https://pbs.twimg.com/media/Cx9IGYqWQAEFoLn.jpg"
                    }
                ]
            },
            "in_reply_to_status_id": null,
            "favorited": false,
            "favorite_count": 2,
            "created_at": "Wed Nov 23 14:53:31 +0000 2016",
            "coordinates": null,
            "possibly_sensitive": false,
            "entities": {
                "media": [
                    {
                        "display_url": "pic.twitter.com/eKF9YpiUkz",
                        "indices": [
                            89,
                            112
                        ],
                        "expanded_url": "https://twitter.com/nwademgaz/status/801438536268390400/photo/1",
                        "media_url": "http://pbs.twimg.com/media/Cx9IGYqWQAEFoLn.jpg",
                        "url": "https://t.co/eKF9YpiUkz",
                        "id": 801438533231722497,
                        "sizes": {
                            "thumb": {
                                "w": 150,
                                "resize": "crop",
                                "h": 150
                            },
                            "small": {
                                "w": 597,
                                "resize": "fit",
                                "h": 397
                            },
                            "large": {
                                "w": 597,
                                "resize": "fit",
                                "h": 397
                            },
                            "medium": {
                                "w": 597,
                                "resize": "fit",
                                "h": 397
                            }
                        },
                        "id_str": "801438533231722497",
                        "type": "photo",
                        "media_url_https": "https://pbs.twimg.com/media/Cx9IGYqWQAEFoLn.jpg"
                    }
                ],
                "user_mentions": [],
                "urls": [
                    {
                        "display_url": "nwadg.com/news/2016/nov/\u2026",
                        "indices": [
                            65,
                            88
                        ],
                        "expanded_url": "http://www.nwadg.com/news/2016/nov/23/trump-picks-south-carolina-gov-haley-be-un-ambassa/?latest",
                        "url": "https://t.co/ccuH7AR9Md"
                    }
                ],
                "hashtags": [],
                "symbols": []
            }
        }
    ],
    "search_metadata": {
        "completed_in": 0.028,
        "refresh_url": "?since_id=801499409490083840&q=Trump%20from%3Anwademgaz%20since%3A2016-11-23%20until%3A2016-11-24%20filter%3Alinks%20-%40nwademgaz&include_entities=1",
        "since_id_str": "0",
        "max_id": 801499409490083840,
        "query": "Trump+from%3Anwademgaz+since%3A2016-11-23+until%3A2016-11-24+filter%3Alinks+-%40nwademgaz",
        "count": 100,
        "since_id": 0,
        "max_id_str": "801499409490083840"
    }
}