{
    "statuses": [
        {
            "in_reply_to_user_id_str": null,
            "in_reply_to_screen_name": null,
            "lang": "en",
            "user": {
                "is_translator": false,
                "profile_background_image_url": "http://abs.twimg.com/images/themes/theme1/bg.png",
                "friends_count": 10915,
                "profile_banner_url": "https://pbs.twimg.com/profile_banners/15926431/1459964480",
                "lang": "en",
                "screen_name": "PioneerPress",
                "follow_request_sent": false,
                "geo_enabled": true,
                "profile_image_url": "http://pbs.twimg.com/profile_images/781599536925913089/dBlnUX2m_normal.jpg",
                "protected": false,
                "notifications": false,
                "default_profile_image": false,
                "listed_count": 1919,
                "description": "Twin Cities news, sports, politics, entertainment and business from the St. Paul Pioneer Press, Minnesota's first newspaper.",
                "profile_sidebar_border_color": "C0DEED",
                "has_extended_profile": false,
                "id": 15926431,
                "profile_use_background_image": true,
                "location": "St. Paul, Minnesota",
                "url": "http://t.co/yJ5nYDoPOU",
                "statuses_count": 85577,
                "profile_image_url_https": "https://pbs.twimg.com/profile_images/781599536925913089/dBlnUX2m_normal.jpg",
                "profile_link_color": "1DA1F2",
                "id_str": "15926431",
                "translator_type": "none",
                "followers_count": 120571,
                "utc_offset": -21600,
                "default_profile": true,
                "profile_text_color": "333333",
                "is_translation_enabled": false,
                "profile_background_tile": false,
                "favourites_count": 426,
                "profile_background_color": "C0DEED",
                "verified": true,
                "profile_sidebar_fill_color": "DDEEF6",
                "name": "Pioneer Press",
                "following": false,
                "profile_background_image_url_https": "https://abs.twimg.com/images/themes/theme1/bg.png",
                "contributors_enabled": false,
                "created_at": "Thu Aug 21 02:06:57 +0000 2008",
                "entities": {
                    "description": {
                        "urls": []
                    },
                    "url": {
                        "urls": [
                            {
                                "display_url": "twincities.com",
                                "indices": [
                                    0,
                                    22
                                ],
                                "expanded_url": "http://twincities.com",
                                "url": "http://t.co/yJ5nYDoPOU"
                            }
                        ]
                    }
                },
                "time_zone": "Central Time (US & Canada)"
            },
            "contributors": null,
            "metadata": {
                "result_type": "recent",
                "iso_language_code": "en"
            },
            "retweet_count": 1,
            "id": 801336364172189696,
            "geo": null,
            "id_str": "801336364172189696",
            "place": null,
            "source": "<a href=\"https://secure.echoboxapp.com\" rel=\"nofollow\">Echobox Social</a>",
            "in_reply_to_user_id": null,
            "is_quote_status": false,
            "text": "Trump signals end to Clinton investigations https://t.co/0ASo71kwWH https://t.co/sMyU8Bh2pB",
            "retweeted": false,
            "truncated": false,
            "in_reply_to_status_id_str": null,
            "extended_entities": {
                "media": [
                    {
                        "display_url": "pic.twitter.com/sMyU8Bh2pB",
                        "indices": [
                            68,
                            91
                        ],
                        "expanded_url": "https://twitter.com/PioneerPress/status/801336364172189696/photo/1",
                        "media_url": "http://pbs.twimg.com/media/Cx7rLPbXcAAjPFh.jpg",
                        "url": "https://t.co/sMyU8Bh2pB",
                        "id": 801336362070929408,
                        "sizes": {
                            "thumb": {
                                "w": 150,
                                "resize": "crop",
                                "h": 150
                            },
                            "small": {
                                "w": 680,
                                "resize": "fit",
                                "h": 454
                            },
                            "large": {
                                "w": 1024,
                                "resize": "fit",
                                "h": 683
                            },
                            "medium": {
                                "w": 1024,
                                "resize": "fit",
                                "h": 683
                            }
                        },
                        "id_str": "801336362070929408",
                        "type": "photo",
                        "media_url_https": "https://pbs.twimg.com/media/Cx7rLPbXcAAjPFh.jpg"
                    }
                ]
            },
            "in_reply_to_status_id": null,
            "favorited": false,
            "favorite_count": 0,
            "created_at": "Wed Nov 23 08:07:31 +0000 2016",
            "coordinates": null,
            "possibly_sensitive": false,
            "entities": {
                "media": [
                    {
                        "display_url": "pic.twitter.com/sMyU8Bh2pB",
                        "indices": [
                            68,
                            91
                        ],
                        "expanded_url": "https://twitter.com/PioneerPress/status/801336364172189696/photo/1",
                        "media_url": "http://pbs.twimg.com/media/Cx7rLPbXcAAjPFh.jpg",
                        "url": "https://t.co/sMyU8Bh2pB",
                        "id": 801336362070929408,
                        "sizes": {
                            "thumb": {
                                "w": 150,
                                "resize": "crop",
                                "h": 150
                            },
                            "small": {
                                "w": 680,
                                "resize": "fit",
                                "h": 454
                            },
                            "large": {
                                "w": 1024,
                                "resize": "fit",
                                "h": 683
                            },
                            "medium": {
                                "w": 1024,
                                "resize": "fit",
                                "h": 683
                            }
                        },
                        "id_str": "801336362070929408",
                        "type": "photo",
                        "media_url_https": "https://pbs.twimg.com/media/Cx7rLPbXcAAjPFh.jpg"
                    }
                ],
                "user_mentions": [],
                "urls": [
                    {
                        "display_url": "ebx.sh/2gfBuuT",
                        "indices": [
                            44,
                            67
                        ],
                        "expanded_url": "http://ebx.sh/2gfBuuT",
                        "url": "https://t.co/0ASo71kwWH"
                    }
                ],
                "hashtags": [],
                "symbols": []
            }
        }
    ],
    "search_metadata": {
        "completed_in": 0.025,
        "refresh_url": "?since_id=801336364172189696&q=Trump%20from%3APioneerPress%20since%3A2016-11-23%20until%3A2016-11-24%20filter%3Alinks%20-%40PioneerPress&include_entities=1",
        "since_id_str": "0",
        "max_id": 801336364172189696,
        "query": "Trump+from%3APioneerPress+since%3A2016-11-23+until%3A2016-11-24+filter%3Alinks+-%40PioneerPress",
        "count": 100,
        "since_id": 0,
        "max_id_str": "801336364172189696"
    }
}