{
    "statuses": [
        {
            "in_reply_to_user_id_str": null,
            "in_reply_to_screen_name": null,
            "lang": "en",
            "user": {
                "is_translator": false,
                "profile_background_image_url": "http://pbs.twimg.com/profile_background_images/164414760/SABanner-2-1.jpg",
                "friends_count": 73,
                "profile_banner_url": "https://pbs.twimg.com/profile_banners/126424795/1446606044",
                "lang": "en",
                "screen_name": "StarAdvertiser",
                "follow_request_sent": false,
                "geo_enabled": true,
                "profile_image_url": "http://pbs.twimg.com/profile_images/458796544200679426/TIwpuRqm_normal.png",
                "protected": false,
                "notifications": false,
                "default_profile_image": false,
                "listed_count": 1367,
                "description": "The Pulse of Paradise. Breaking news and information from Hawaii's largest news organization.",
                "profile_sidebar_border_color": "C0DEED",
                "has_extended_profile": false,
                "id": 126424795,
                "profile_use_background_image": true,
                "location": "Honolulu, Hawaii",
                "url": "https://t.co/IlUVJyBOsb",
                "statuses_count": 108806,
                "profile_image_url_https": "https://pbs.twimg.com/profile_images/458796544200679426/TIwpuRqm_normal.png",
                "profile_link_color": "2169AD",
                "id_str": "126424795",
                "translator_type": "none",
                "followers_count": 55950,
                "utc_offset": -36000,
                "default_profile": false,
                "profile_text_color": "333333",
                "is_translation_enabled": false,
                "profile_background_tile": false,
                "favourites_count": 8,
                "profile_background_color": "FFFFFF",
                "verified": true,
                "profile_sidebar_fill_color": "DDEEF6",
                "name": "Star-Advertiser",
                "following": false,
                "profile_background_image_url_https": "https://pbs.twimg.com/profile_background_images/164414760/SABanner-2-1.jpg",
                "contributors_enabled": false,
                "created_at": "Thu Mar 25 20:54:58 +0000 2010",
                "entities": {
                    "description": {
                        "urls": []
                    },
                    "url": {
                        "urls": [
                            {
                                "display_url": "staradvertiser.com",
                                "indices": [
                                    0,
                                    23
                                ],
                                "expanded_url": "http://www.staradvertiser.com",
                                "url": "https://t.co/IlUVJyBOsb"
                            }
                        ]
                    }
                },
                "time_zone": "Hawaii"
            },
            "contributors": null,
            "metadata": {
                "result_type": "recent",
                "iso_language_code": "en"
            },
            "retweet_count": 0,
            "id": 801523280784084994,
            "geo": null,
            "id_str": "801523280784084994",
            "place": null,
            "source": "<a href=\"http://www.hootsuite.com\" rel=\"nofollow\">Hootsuite</a>",
            "in_reply_to_user_id": null,
            "is_quote_status": false,
            "text": ".@realDonaldTrump taps S.C. Gov. @nikkihaley, charter school backer DeVos https://t.co/mtPKvvnsEC https://t.co/cIpAQ4BGWh",
            "retweeted": false,
            "truncated": false,
            "in_reply_to_status_id_str": null,
            "extended_entities": {
                "media": [
                    {
                        "display_url": "pic.twitter.com/cIpAQ4BGWh",
                        "indices": [
                            98,
                            121
                        ],
                        "expanded_url": "https://twitter.com/StarAdvertiser/status/801523280784084994/photo/1",
                        "media_url": "http://pbs.twimg.com/media/Cx-VLMZVIAAQ7xI.jpg",
                        "url": "https://t.co/cIpAQ4BGWh",
                        "id": 801523278233804800,
                        "sizes": {
                            "thumb": {
                                "w": 150,
                                "resize": "crop",
                                "h": 150
                            },
                            "small": {
                                "w": 640,
                                "resize": "fit",
                                "h": 400
                            },
                            "large": {
                                "w": 640,
                                "resize": "fit",
                                "h": 400
                            },
                            "medium": {
                                "w": 640,
                                "resize": "fit",
                                "h": 400
                            }
                        },
                        "id_str": "801523278233804800",
                        "type": "photo",
                        "media_url_https": "https://pbs.twimg.com/media/Cx-VLMZVIAAQ7xI.jpg"
                    }
                ]
            },
            "in_reply_to_status_id": null,
            "favorited": false,
            "favorite_count": 1,
            "created_at": "Wed Nov 23 20:30:16 +0000 2016",
            "coordinates": null,
            "possibly_sensitive": false,
            "entities": {
                "media": [
                    {
                        "display_url": "pic.twitter.com/cIpAQ4BGWh",
                        "indices": [
                            98,
                            121
                        ],
                        "expanded_url": "https://twitter.com/StarAdvertiser/status/801523280784084994/photo/1",
                        "media_url": "http://pbs.twimg.com/media/Cx-VLMZVIAAQ7xI.jpg",
                        "url": "https://t.co/cIpAQ4BGWh",
                        "id": 801523278233804800,
                        "sizes": {
                            "thumb": {
                                "w": 150,
                                "resize": "crop",
                                "h": 150
                            },
                            "small": {
                                "w": 640,
                                "resize": "fit",
                                "h": 400
                            },
                            "large": {
                                "w": 640,
                                "resize": "fit",
                                "h": 400
                            },
                            "medium": {
                                "w": 640,
                                "resize": "fit",
                                "h": 400
                            }
                        },
                        "id_str": "801523278233804800",
                        "type": "photo",
                        "media_url_https": "https://pbs.twimg.com/media/Cx-VLMZVIAAQ7xI.jpg"
                    }
                ],
                "user_mentions": [
                    {
                        "name": "Donald J. Trump",
                        "id_str": "25073877",
                        "id": 25073877,
                        "indices": [
                            1,
                            17
                        ],
                        "screen_name": "realDonaldTrump"
                    },
                    {
                        "name": "Nikki Haley",
                        "id_str": "37666984",
                        "id": 37666984,
                        "indices": [
                            33,
                            44
                        ],
                        "screen_name": "nikkihaley"
                    }
                ],
                "urls": [
                    {
                        "display_url": "staradvertiser.com/2016/11/23/bre\u2026",
                        "indices": [
                            74,
                            97
                        ],
                        "expanded_url": "http://www.staradvertiser.com/2016/11/23/breaking-news/trump-taps-s-c-gov-nikki-haley-to-be-ambassador-to-u-n/",
                        "url": "https://t.co/mtPKvvnsEC"
                    }
                ],
                "hashtags": [],
                "symbols": []
            }
        },
        {
            "in_reply_to_user_id_str": null,
            "in_reply_to_screen_name": null,
            "lang": "en",
            "user": {
                "is_translator": false,
                "profile_background_image_url": "http://pbs.twimg.com/profile_background_images/164414760/SABanner-2-1.jpg",
                "friends_count": 73,
                "profile_banner_url": "https://pbs.twimg.com/profile_banners/126424795/1446606044",
                "lang": "en",
                "screen_name": "StarAdvertiser",
                "follow_request_sent": false,
                "geo_enabled": true,
                "profile_image_url": "http://pbs.twimg.com/profile_images/458796544200679426/TIwpuRqm_normal.png",
                "protected": false,
                "notifications": false,
                "default_profile_image": false,
                "listed_count": 1367,
                "description": "The Pulse of Paradise. Breaking news and information from Hawaii's largest news organization.",
                "profile_sidebar_border_color": "C0DEED",
                "has_extended_profile": false,
                "id": 126424795,
                "profile_use_background_image": true,
                "location": "Honolulu, Hawaii",
                "url": "https://t.co/IlUVJyBOsb",
                "statuses_count": 108806,
                "profile_image_url_https": "https://pbs.twimg.com/profile_images/458796544200679426/TIwpuRqm_normal.png",
                "profile_link_color": "2169AD",
                "id_str": "126424795",
                "translator_type": "none",
                "followers_count": 55950,
                "utc_offset": -36000,
                "default_profile": false,
                "profile_text_color": "333333",
                "is_translation_enabled": false,
                "profile_background_tile": false,
                "favourites_count": 8,
                "profile_background_color": "FFFFFF",
                "verified": true,
                "profile_sidebar_fill_color": "DDEEF6",
                "name": "Star-Advertiser",
                "following": false,
                "profile_background_image_url_https": "https://pbs.twimg.com/profile_background_images/164414760/SABanner-2-1.jpg",
                "contributors_enabled": false,
                "created_at": "Thu Mar 25 20:54:58 +0000 2010",
                "entities": {
                    "description": {
                        "urls": []
                    },
                    "url": {
                        "urls": [
                            {
                                "display_url": "staradvertiser.com",
                                "indices": [
                                    0,
                                    23
                                ],
                                "expanded_url": "http://www.staradvertiser.com",
                                "url": "https://t.co/IlUVJyBOsb"
                            }
                        ]
                    }
                },
                "time_zone": "Hawaii"
            },
            "contributors": null,
            "metadata": {
                "result_type": "recent",
                "iso_language_code": "en"
            },
            "retweet_count": 0,
            "id": 801462874602254336,
            "geo": null,
            "id_str": "801462874602254336",
            "place": null,
            "source": "<a href=\"http://twitter.com\" rel=\"nofollow\">Twitter Web Client</a>",
            "in_reply_to_user_id": null,
            "is_quote_status": false,
            "text": ".@realDonaldTrump taps S.C. Gov @nikkihaleyto be ambassador to U.N. https://t.co/mtPKvvF3wa https://t.co/QRfFkM808o",
            "retweeted": false,
            "truncated": false,
            "in_reply_to_status_id_str": null,
            "extended_entities": {
                "media": [
                    {
                        "display_url": "pic.twitter.com/QRfFkM808o",
                        "indices": [
                            92,
                            115
                        ],
                        "expanded_url": "https://twitter.com/StarAdvertiser/status/801462874602254336/photo/1",
                        "media_url": "http://pbs.twimg.com/media/Cx9eBqbVEAAQ_rI.jpg",
                        "url": "https://t.co/QRfFkM808o",
                        "id": 801462641357033472,
                        "sizes": {
                            "thumb": {
                                "w": 150,
                                "resize": "crop",
                                "h": 150
                            },
                            "small": {
                                "w": 640,
                                "resize": "fit",
                                "h": 400
                            },
                            "large": {
                                "w": 640,
                                "resize": "fit",
                                "h": 400
                            },
                            "medium": {
                                "w": 640,
                                "resize": "fit",
                                "h": 400
                            }
                        },
                        "id_str": "801462641357033472",
                        "type": "photo",
                        "media_url_https": "https://pbs.twimg.com/media/Cx9eBqbVEAAQ_rI.jpg"
                    }
                ]
            },
            "in_reply_to_status_id": null,
            "favorited": false,
            "favorite_count": 0,
            "created_at": "Wed Nov 23 16:30:14 +0000 2016",
            "coordinates": null,
            "possibly_sensitive": false,
            "entities": {
                "media": [
                    {
                        "display_url": "pic.twitter.com/QRfFkM808o",
                        "indices": [
                            92,
                            115
                        ],
                        "expanded_url": "https://twitter.com/StarAdvertiser/status/801462874602254336/photo/1",
                        "media_url": "http://pbs.twimg.com/media/Cx9eBqbVEAAQ_rI.jpg",
                        "url": "https://t.co/QRfFkM808o",
                        "id": 801462641357033472,
                        "sizes": {
                            "thumb": {
                                "w": 150,
                                "resize": "crop",
                                "h": 150
                            },
                            "small": {
                                "w": 640,
                                "resize": "fit",
                                "h": 400
                            },
                            "large": {
                                "w": 640,
                                "resize": "fit",
                                "h": 400
                            },
                            "medium": {
                                "w": 640,
                                "resize": "fit",
                                "h": 400
                            }
                        },
                        "id_str": "801462641357033472",
                        "type": "photo",
                        "media_url_https": "https://pbs.twimg.com/media/Cx9eBqbVEAAQ_rI.jpg"
                    }
                ],
                "user_mentions": [
                    {
                        "name": "Donald J. Trump",
                        "id_str": "25073877",
                        "id": 25073877,
                        "indices": [
                            1,
                            17
                        ],
                        "screen_name": "realDonaldTrump"
                    }
                ],
                "urls": [
                    {
                        "display_url": "staradvertiser.com/2016/11/23/bre\u2026",
                        "indices": [
                            68,
                            91
                        ],
                        "expanded_url": "http://www.staradvertiser.com/2016/11/23/breaking-news/trump-taps-s-c-gov-nikki-haley-to-be-ambassador-to-u-n/",
                        "url": "https://t.co/mtPKvvF3wa"
                    }
                ],
                "hashtags": [],
                "symbols": []
            }
        },
        {
            "in_reply_to_user_id_str": null,
            "in_reply_to_screen_name": null,
            "lang": "en",
            "user": {
                "is_translator": false,
                "profile_background_image_url": "http://pbs.twimg.com/profile_background_images/164414760/SABanner-2-1.jpg",
                "friends_count": 73,
                "profile_banner_url": "https://pbs.twimg.com/profile_banners/126424795/1446606044",
                "lang": "en",
                "screen_name": "StarAdvertiser",
                "follow_request_sent": false,
                "geo_enabled": true,
                "profile_image_url": "http://pbs.twimg.com/profile_images/458796544200679426/TIwpuRqm_normal.png",
                "protected": false,
                "notifications": false,
                "default_profile_image": false,
                "listed_count": 1367,
                "description": "The Pulse of Paradise. Breaking news and information from Hawaii's largest news organization.",
                "profile_sidebar_border_color": "C0DEED",
                "has_extended_profile": false,
                "id": 126424795,
                "profile_use_background_image": true,
                "location": "Honolulu, Hawaii",
                "url": "https://t.co/IlUVJyBOsb",
                "statuses_count": 108806,
                "profile_image_url_https": "https://pbs.twimg.com/profile_images/458796544200679426/TIwpuRqm_normal.png",
                "profile_link_color": "2169AD",
                "id_str": "126424795",
                "translator_type": "none",
                "followers_count": 55950,
                "utc_offset": -36000,
                "default_profile": false,
                "profile_text_color": "333333",
                "is_translation_enabled": false,
                "profile_background_tile": false,
                "favourites_count": 8,
                "profile_background_color": "FFFFFF",
                "verified": true,
                "profile_sidebar_fill_color": "DDEEF6",
                "name": "Star-Advertiser",
                "following": false,
                "profile_background_image_url_https": "https://pbs.twimg.com/profile_background_images/164414760/SABanner-2-1.jpg",
                "contributors_enabled": false,
                "created_at": "Thu Mar 25 20:54:58 +0000 2010",
                "entities": {
                    "description": {
                        "urls": []
                    },
                    "url": {
                        "urls": [
                            {
                                "display_url": "staradvertiser.com",
                                "indices": [
                                    0,
                                    23
                                ],
                                "expanded_url": "http://www.staradvertiser.com",
                                "url": "https://t.co/IlUVJyBOsb"
                            }
                        ]
                    }
                },
                "time_zone": "Hawaii"
            },
            "contributors": null,
            "metadata": {
                "result_type": "recent",
                "iso_language_code": "en"
            },
            "retweet_count": 1,
            "id": 801249687634227200,
            "geo": null,
            "id_str": "801249687634227200",
            "place": {
                "country": "United States",
                "name": "Makaha",
                "full_name": "Makaha, HI",
                "id": "c3454beea7e17e9e",
                "country_code": "US",
                "place_type": "city",
                "url": "https://api.twitter.com/1.1/geo/id/c3454beea7e17e9e.json",
                "contained_within": [],
                "bounding_box": {
                    "coordinates": [
                        [
                            [
                                -158.231172,
                                21.45265
                            ],
                            [
                                -158.194091,
                                21.45265
                            ],
                            [
                                -158.194091,
                                21.489361
                            ],
                            [
                                -158.231172,
                                21.489361
                            ]
                        ]
                    ],
                    "type": "Polygon"
                },
                "attributes": {}
            },
            "source": "<a href=\"http://twitter.com\" rel=\"nofollow\">Twitter Web Client</a>",
            "in_reply_to_user_id": null,
            "is_quote_status": false,
            "text": "Trump again disavows alt-right, white supremacists\nhttps://t.co/ZggzYdM6vn https://t.co/FqH4xSRldx",
            "retweeted": false,
            "truncated": false,
            "in_reply_to_status_id_str": null,
            "extended_entities": {
                "media": [
                    {
                        "display_url": "pic.twitter.com/FqH4xSRldx",
                        "indices": [
                            75,
                            98
                        ],
                        "expanded_url": "https://twitter.com/StarAdvertiser/status/801249687634227200/photo/1",
                        "media_url": "http://pbs.twimg.com/media/Cx6cUyXUkAACBwS.jpg",
                        "url": "https://t.co/FqH4xSRldx",
                        "id": 801249664649433088,
                        "sizes": {
                            "small": {
                                "w": 680,
                                "resize": "fit",
                                "h": 425
                            },
                            "medium": {
                                "w": 960,
                                "resize": "fit",
                                "h": 600
                            },
                            "large": {
                                "w": 960,
                                "resize": "fit",
                                "h": 600
                            },
                            "thumb": {
                                "w": 150,
                                "resize": "crop",
                                "h": 150
                            }
                        },
                        "id_str": "801249664649433088",
                        "type": "photo",
                        "media_url_https": "https://pbs.twimg.com/media/Cx6cUyXUkAACBwS.jpg"
                    }
                ]
            },
            "in_reply_to_status_id": null,
            "favorited": false,
            "favorite_count": 0,
            "created_at": "Wed Nov 23 02:23:06 +0000 2016",
            "coordinates": null,
            "possibly_sensitive": false,
            "entities": {
                "media": [
                    {
                        "display_url": "pic.twitter.com/FqH4xSRldx",
                        "indices": [
                            75,
                            98
                        ],
                        "expanded_url": "https://twitter.com/StarAdvertiser/status/801249687634227200/photo/1",
                        "media_url": "http://pbs.twimg.com/media/Cx6cUyXUkAACBwS.jpg",
                        "url": "https://t.co/FqH4xSRldx",
                        "id": 801249664649433088,
                        "sizes": {
                            "small": {
                                "w": 680,
                                "resize": "fit",
                                "h": 425
                            },
                            "medium": {
                                "w": 960,
                                "resize": "fit",
                                "h": 600
                            },
                            "large": {
                                "w": 960,
                                "resize": "fit",
                                "h": 600
                            },
                            "thumb": {
                                "w": 150,
                                "resize": "crop",
                                "h": 150
                            }
                        },
                        "id_str": "801249664649433088",
                        "type": "photo",
                        "media_url_https": "https://pbs.twimg.com/media/Cx6cUyXUkAACBwS.jpg"
                    }
                ],
                "user_mentions": [],
                "urls": [
                    {
                        "display_url": "staradvertiser.com/2016/11/22/bre\u2026",
                        "indices": [
                            51,
                            74
                        ],
                        "expanded_url": "http://www.staradvertiser.com/2016/11/22/breaking-news/trump-again-disavows-alt-right-white-supremacists/",
                        "url": "https://t.co/ZggzYdM6vn"
                    }
                ],
                "hashtags": [],
                "symbols": []
            }
        },
        {
            "in_reply_to_user_id_str": null,
            "in_reply_to_screen_name": null,
            "lang": "en",
            "user": {
                "is_translator": false,
                "profile_background_image_url": "http://pbs.twimg.com/profile_background_images/164414760/SABanner-2-1.jpg",
                "friends_count": 73,
                "profile_banner_url": "https://pbs.twimg.com/profile_banners/126424795/1446606044",
                "lang": "en",
                "screen_name": "StarAdvertiser",
                "follow_request_sent": false,
                "geo_enabled": true,
                "profile_image_url": "http://pbs.twimg.com/profile_images/458796544200679426/TIwpuRqm_normal.png",
                "protected": false,
                "notifications": false,
                "default_profile_image": false,
                "listed_count": 1367,
                "description": "The Pulse of Paradise. Breaking news and information from Hawaii's largest news organization.",
                "profile_sidebar_border_color": "C0DEED",
                "has_extended_profile": false,
                "id": 126424795,
                "profile_use_background_image": true,
                "location": "Honolulu, Hawaii",
                "url": "https://t.co/IlUVJyBOsb",
                "statuses_count": 108806,
                "profile_image_url_https": "https://pbs.twimg.com/profile_images/458796544200679426/TIwpuRqm_normal.png",
                "profile_link_color": "2169AD",
                "id_str": "126424795",
                "translator_type": "none",
                "followers_count": 55950,
                "utc_offset": -36000,
                "default_profile": false,
                "profile_text_color": "333333",
                "is_translation_enabled": false,
                "profile_background_tile": false,
                "favourites_count": 8,
                "profile_background_color": "FFFFFF",
                "verified": true,
                "profile_sidebar_fill_color": "DDEEF6",
                "name": "Star-Advertiser",
                "following": false,
                "profile_background_image_url_https": "https://pbs.twimg.com/profile_background_images/164414760/SABanner-2-1.jpg",
                "contributors_enabled": false,
                "created_at": "Thu Mar 25 20:54:58 +0000 2010",
                "entities": {
                    "description": {
                        "urls": []
                    },
                    "url": {
                        "urls": [
                            {
                                "display_url": "staradvertiser.com",
                                "indices": [
                                    0,
                                    23
                                ],
                                "expanded_url": "http://www.staradvertiser.com",
                                "url": "https://t.co/IlUVJyBOsb"
                            }
                        ]
                    }
                },
                "time_zone": "Hawaii"
            },
            "contributors": null,
            "metadata": {
                "result_type": "recent",
                "iso_language_code": "en"
            },
            "retweet_count": 2,
            "id": 801218599700443136,
            "geo": null,
            "id_str": "801218599700443136",
            "place": null,
            "source": "<a href=\"http://dlvr.it\" rel=\"nofollow\">dlvr.it</a>",
            "in_reply_to_user_id": null,
            "is_quote_status": false,
            "text": "Donor pulls funding for UH arts after Trump protest https://t.co/9BVCz8qmI0 https://t.co/quqzBo2DLt",
            "retweeted": false,
            "truncated": false,
            "in_reply_to_status_id_str": null,
            "extended_entities": {
                "media": [
                    {
                        "display_url": "pic.twitter.com/quqzBo2DLt",
                        "indices": [
                            76,
                            99
                        ],
                        "expanded_url": "https://twitter.com/StarAdvertiser/status/801218599700443136/photo/1",
                        "media_url": "http://pbs.twimg.com/media/Cx6AEZ4VQAAvZyl.jpg",
                        "url": "https://t.co/quqzBo2DLt",
                        "id": 801218596873519104,
                        "sizes": {
                            "thumb": {
                                "w": 150,
                                "resize": "crop",
                                "h": 150
                            },
                            "small": {
                                "w": 640,
                                "resize": "fit",
                                "h": 400
                            },
                            "large": {
                                "w": 640,
                                "resize": "fit",
                                "h": 400
                            },
                            "medium": {
                                "w": 640,
                                "resize": "fit",
                                "h": 400
                            }
                        },
                        "id_str": "801218596873519104",
                        "type": "photo",
                        "media_url_https": "https://pbs.twimg.com/media/Cx6AEZ4VQAAvZyl.jpg"
                    }
                ]
            },
            "in_reply_to_status_id": null,
            "favorited": false,
            "favorite_count": 0,
            "created_at": "Wed Nov 23 00:19:34 +0000 2016",
            "coordinates": null,
            "possibly_sensitive": false,
            "entities": {
                "media": [
                    {
                        "display_url": "pic.twitter.com/quqzBo2DLt",
                        "indices": [
                            76,
                            99
                        ],
                        "expanded_url": "https://twitter.com/StarAdvertiser/status/801218599700443136/photo/1",
                        "media_url": "http://pbs.twimg.com/media/Cx6AEZ4VQAAvZyl.jpg",
                        "url": "https://t.co/quqzBo2DLt",
                        "id": 801218596873519104,
                        "sizes": {
                            "thumb": {
                                "w": 150,
                                "resize": "crop",
                                "h": 150
                            },
                            "small": {
                                "w": 640,
                                "resize": "fit",
                                "h": 400
                            },
                            "large": {
                                "w": 640,
                                "resize": "fit",
                                "h": 400
                            },
                            "medium": {
                                "w": 640,
                                "resize": "fit",
                                "h": 400
                            }
                        },
                        "id_str": "801218596873519104",
                        "type": "photo",
                        "media_url_https": "https://pbs.twimg.com/media/Cx6AEZ4VQAAvZyl.jpg"
                    }
                ],
                "user_mentions": [],
                "urls": [
                    {
                        "display_url": "dlvr.it/Mk6BSv",
                        "indices": [
                            52,
                            75
                        ],
                        "expanded_url": "http://dlvr.it/Mk6BSv",
                        "url": "https://t.co/9BVCz8qmI0"
                    }
                ],
                "hashtags": [],
                "symbols": []
            }
        }
    ],
    "search_metadata": {
        "completed_in": 0.059,
        "refresh_url": "?since_id=801523280784084994&q=Trump%20from%3AStarAdvertiser%20since%3A2016-11-23%20until%3A2016-11-24%20filter%3Alinks%20-%40StarAdvertiser&include_entities=1",
        "since_id_str": "0",
        "max_id": 801523280784084994,
        "query": "Trump+from%3AStarAdvertiser+since%3A2016-11-23+until%3A2016-11-24+filter%3Alinks+-%40StarAdvertiser",
        "count": 100,
        "since_id": 0,
        "max_id_str": "801523280784084994"
    }
}