{
    "statuses": [
        {
            "in_reply_to_user_id_str": null,
            "in_reply_to_screen_name": null,
            "lang": "en",
            "user": {
                "is_translator": false,
                "profile_background_image_url": "http://pbs.twimg.com/profile_background_images/378800000177961119/MxVaJ3fR.jpeg",
                "friends_count": 800,
                "profile_banner_url": "https://pbs.twimg.com/profile_banners/17348525/1480105232",
                "lang": "en",
                "screen_name": "StarTribune",
                "follow_request_sent": false,
                "geo_enabled": false,
                "profile_image_url": "http://pbs.twimg.com/profile_images/427289765734404096/Ip4UAv5q_normal.jpeg",
                "protected": false,
                "notifications": false,
                "default_profile_image": false,
                "listed_count": 3336,
                "description": "Minnesota's top choice for news and more. See https://t.co/DKVw7iC5C9 to follow our journalists. Find customer service at @startribsupport.",
                "profile_sidebar_border_color": "FFFFFF",
                "has_extended_profile": false,
                "id": 17348525,
                "profile_use_background_image": true,
                "location": "Minneapolis, MN ",
                "url": "https://t.co/2perTa45jk",
                "statuses_count": 100964,
                "profile_image_url_https": "https://pbs.twimg.com/profile_images/427289765734404096/Ip4UAv5q_normal.jpeg",
                "profile_link_color": "31661E",
                "id_str": "17348525",
                "translator_type": "regular",
                "followers_count": 251614,
                "utc_offset": -21600,
                "default_profile": false,
                "profile_text_color": "333333",
                "is_translation_enabled": false,
                "profile_background_tile": false,
                "favourites_count": 1213,
                "profile_background_color": "FFFFFF",
                "verified": true,
                "profile_sidebar_fill_color": "E6EDE4",
                "name": "Star Tribune",
                "following": false,
                "profile_background_image_url_https": "https://pbs.twimg.com/profile_background_images/378800000177961119/MxVaJ3fR.jpeg",
                "contributors_enabled": false,
                "created_at": "Wed Nov 12 20:55:38 +0000 2008",
                "entities": {
                    "description": {
                        "urls": [
                            {
                                "display_url": "strib.mn/STtweets",
                                "indices": [
                                    46,
                                    69
                                ],
                                "expanded_url": "http://strib.mn/STtweets",
                                "url": "https://t.co/DKVw7iC5C9"
                            }
                        ]
                    },
                    "url": {
                        "urls": [
                            {
                                "display_url": "startribune.com",
                                "indices": [
                                    0,
                                    23
                                ],
                                "expanded_url": "http://www.startribune.com",
                                "url": "https://t.co/2perTa45jk"
                            }
                        ]
                    }
                },
                "time_zone": "Central Time (US & Canada)"
            },
            "contributors": null,
            "metadata": {
                "result_type": "recent",
                "iso_language_code": "en"
            },
            "retweet_count": 4,
            "id": 801527998990209025,
            "geo": null,
            "id_str": "801527998990209025",
            "place": null,
            "source": "<a href=\"https://about.twitter.com/products/tweetdeck\" rel=\"nofollow\">TweetDeck</a>",
            "in_reply_to_user_id": null,
            "is_quote_status": false,
            "text": "Trump begins backing off campaign vows on Clinton, climate https://t.co/pqpPc9qoDA https://t.co/UwcD4MqEG4",
            "retweeted": false,
            "truncated": false,
            "in_reply_to_status_id_str": null,
            "extended_entities": {
                "media": [
                    {
                        "display_url": "pic.twitter.com/UwcD4MqEG4",
                        "indices": [
                            83,
                            106
                        ],
                        "expanded_url": "https://twitter.com/StarTribune/status/801527998990209025/photo/1",
                        "media_url": "http://pbs.twimg.com/media/Cx-HQ1vVQAAFF3z.jpg",
                        "url": "https://t.co/UwcD4MqEG4",
                        "id": 801507982068498432,
                        "sizes": {
                            "thumb": {
                                "w": 150,
                                "resize": "crop",
                                "h": 150
                            },
                            "small": {
                                "w": 525,
                                "resize": "fit",
                                "h": 350
                            },
                            "large": {
                                "w": 525,
                                "resize": "fit",
                                "h": 350
                            },
                            "medium": {
                                "w": 525,
                                "resize": "fit",
                                "h": 350
                            }
                        },
                        "id_str": "801507982068498432",
                        "type": "photo",
                        "media_url_https": "https://pbs.twimg.com/media/Cx-HQ1vVQAAFF3z.jpg"
                    }
                ]
            },
            "in_reply_to_status_id": null,
            "favorited": false,
            "favorite_count": 4,
            "created_at": "Wed Nov 23 20:49:01 +0000 2016",
            "coordinates": null,
            "possibly_sensitive": false,
            "entities": {
                "media": [
                    {
                        "display_url": "pic.twitter.com/UwcD4MqEG4",
                        "indices": [
                            83,
                            106
                        ],
                        "expanded_url": "https://twitter.com/StarTribune/status/801527998990209025/photo/1",
                        "media_url": "http://pbs.twimg.com/media/Cx-HQ1vVQAAFF3z.jpg",
                        "url": "https://t.co/UwcD4MqEG4",
                        "id": 801507982068498432,
                        "sizes": {
                            "thumb": {
                                "w": 150,
                                "resize": "crop",
                                "h": 150
                            },
                            "small": {
                                "w": 525,
                                "resize": "fit",
                                "h": 350
                            },
                            "large": {
                                "w": 525,
                                "resize": "fit",
                                "h": 350
                            },
                            "medium": {
                                "w": 525,
                                "resize": "fit",
                                "h": 350
                            }
                        },
                        "id_str": "801507982068498432",
                        "type": "photo",
                        "media_url_https": "https://pbs.twimg.com/media/Cx-HQ1vVQAAFF3z.jpg"
                    }
                ],
                "user_mentions": [],
                "urls": [
                    {
                        "display_url": "strib.mn/2gG2xRp",
                        "indices": [
                            59,
                            82
                        ],
                        "expanded_url": "http://strib.mn/2gG2xRp",
                        "url": "https://t.co/pqpPc9qoDA"
                    }
                ],
                "hashtags": [],
                "symbols": []
            }
        },
        {
            "in_reply_to_user_id_str": null,
            "in_reply_to_screen_name": null,
            "lang": "en",
            "user": {
                "is_translator": false,
                "profile_background_image_url": "http://pbs.twimg.com/profile_background_images/378800000177961119/MxVaJ3fR.jpeg",
                "friends_count": 800,
                "profile_banner_url": "https://pbs.twimg.com/profile_banners/17348525/1480105232",
                "lang": "en",
                "screen_name": "StarTribune",
                "follow_request_sent": false,
                "geo_enabled": false,
                "profile_image_url": "http://pbs.twimg.com/profile_images/427289765734404096/Ip4UAv5q_normal.jpeg",
                "protected": false,
                "notifications": false,
                "default_profile_image": false,
                "listed_count": 3336,
                "description": "Minnesota's top choice for news and more. See https://t.co/DKVw7iC5C9 to follow our journalists. Find customer service at @startribsupport.",
                "profile_sidebar_border_color": "FFFFFF",
                "has_extended_profile": false,
                "id": 17348525,
                "profile_use_background_image": true,
                "location": "Minneapolis, MN ",
                "url": "https://t.co/2perTa45jk",
                "statuses_count": 100964,
                "profile_image_url_https": "https://pbs.twimg.com/profile_images/427289765734404096/Ip4UAv5q_normal.jpeg",
                "profile_link_color": "31661E",
                "id_str": "17348525",
                "translator_type": "regular",
                "followers_count": 251614,
                "utc_offset": -21600,
                "default_profile": false,
                "profile_text_color": "333333",
                "is_translation_enabled": false,
                "profile_background_tile": false,
                "favourites_count": 1213,
                "profile_background_color": "FFFFFF",
                "verified": true,
                "profile_sidebar_fill_color": "E6EDE4",
                "name": "Star Tribune",
                "following": false,
                "profile_background_image_url_https": "https://pbs.twimg.com/profile_background_images/378800000177961119/MxVaJ3fR.jpeg",
                "contributors_enabled": false,
                "created_at": "Wed Nov 12 20:55:38 +0000 2008",
                "entities": {
                    "description": {
                        "urls": [
                            {
                                "display_url": "strib.mn/STtweets",
                                "indices": [
                                    46,
                                    69
                                ],
                                "expanded_url": "http://strib.mn/STtweets",
                                "url": "https://t.co/DKVw7iC5C9"
                            }
                        ]
                    },
                    "url": {
                        "urls": [
                            {
                                "display_url": "startribune.com",
                                "indices": [
                                    0,
                                    23
                                ],
                                "expanded_url": "http://www.startribune.com",
                                "url": "https://t.co/2perTa45jk"
                            }
                        ]
                    }
                },
                "time_zone": "Central Time (US & Canada)"
            },
            "contributors": null,
            "metadata": {
                "result_type": "recent",
                "iso_language_code": "en"
            },
            "retweet_count": 1,
            "id": 801514909691318272,
            "geo": null,
            "id_str": "801514909691318272",
            "place": null,
            "source": "<a href=\"https://about.twitter.com/products/tweetdeck\" rel=\"nofollow\">TweetDeck</a>",
            "in_reply_to_user_id": null,
            "is_quote_status": false,
            "text": "Trump taps SC Gov Haley and charter school backer DeVos https://t.co/nGuuA0yGyx https://t.co/fhdccSfXhV",
            "retweeted": false,
            "truncated": false,
            "in_reply_to_status_id_str": null,
            "extended_entities": {
                "media": [
                    {
                        "display_url": "pic.twitter.com/fhdccSfXhV",
                        "indices": [
                            80,
                            103
                        ],
                        "expanded_url": "https://twitter.com/StarTribune/status/801514909691318272/photo/1",
                        "media_url": "http://pbs.twimg.com/media/Cx-C6a7UQAAcOiK.jpg",
                        "url": "https://t.co/fhdccSfXhV",
                        "id": 801503198867374080,
                        "sizes": {
                            "small": {
                                "w": 680,
                                "resize": "fit",
                                "h": 456
                            },
                            "medium": {
                                "w": 1024,
                                "resize": "fit",
                                "h": 686
                            },
                            "large": {
                                "w": 1024,
                                "resize": "fit",
                                "h": 686
                            },
                            "thumb": {
                                "w": 150,
                                "resize": "crop",
                                "h": 150
                            }
                        },
                        "id_str": "801503198867374080",
                        "type": "photo",
                        "media_url_https": "https://pbs.twimg.com/media/Cx-C6a7UQAAcOiK.jpg"
                    }
                ]
            },
            "in_reply_to_status_id": null,
            "favorited": false,
            "favorite_count": 0,
            "created_at": "Wed Nov 23 19:57:00 +0000 2016",
            "coordinates": null,
            "possibly_sensitive": false,
            "entities": {
                "media": [
                    {
                        "display_url": "pic.twitter.com/fhdccSfXhV",
                        "indices": [
                            80,
                            103
                        ],
                        "expanded_url": "https://twitter.com/StarTribune/status/801514909691318272/photo/1",
                        "media_url": "http://pbs.twimg.com/media/Cx-C6a7UQAAcOiK.jpg",
                        "url": "https://t.co/fhdccSfXhV",
                        "id": 801503198867374080,
                        "sizes": {
                            "small": {
                                "w": 680,
                                "resize": "fit",
                                "h": 456
                            },
                            "medium": {
                                "w": 1024,
                                "resize": "fit",
                                "h": 686
                            },
                            "large": {
                                "w": 1024,
                                "resize": "fit",
                                "h": 686
                            },
                            "thumb": {
                                "w": 150,
                                "resize": "crop",
                                "h": 150
                            }
                        },
                        "id_str": "801503198867374080",
                        "type": "photo",
                        "media_url_https": "https://pbs.twimg.com/media/Cx-C6a7UQAAcOiK.jpg"
                    }
                ],
                "user_mentions": [],
                "urls": [
                    {
                        "display_url": "strib.mn/2gliyIV",
                        "indices": [
                            56,
                            79
                        ],
                        "expanded_url": "http://strib.mn/2gliyIV",
                        "url": "https://t.co/nGuuA0yGyx"
                    }
                ],
                "hashtags": [],
                "symbols": []
            }
        },
        {
            "in_reply_to_user_id_str": null,
            "in_reply_to_screen_name": null,
            "lang": "en",
            "user": {
                "is_translator": false,
                "profile_background_image_url": "http://pbs.twimg.com/profile_background_images/378800000177961119/MxVaJ3fR.jpeg",
                "friends_count": 800,
                "profile_banner_url": "https://pbs.twimg.com/profile_banners/17348525/1480105232",
                "lang": "en",
                "screen_name": "StarTribune",
                "follow_request_sent": false,
                "geo_enabled": false,
                "profile_image_url": "http://pbs.twimg.com/profile_images/427289765734404096/Ip4UAv5q_normal.jpeg",
                "protected": false,
                "notifications": false,
                "default_profile_image": false,
                "listed_count": 3336,
                "description": "Minnesota's top choice for news and more. See https://t.co/DKVw7iC5C9 to follow our journalists. Find customer service at @startribsupport.",
                "profile_sidebar_border_color": "FFFFFF",
                "has_extended_profile": false,
                "id": 17348525,
                "profile_use_background_image": true,
                "location": "Minneapolis, MN ",
                "url": "https://t.co/2perTa45jk",
                "statuses_count": 100964,
                "profile_image_url_https": "https://pbs.twimg.com/profile_images/427289765734404096/Ip4UAv5q_normal.jpeg",
                "profile_link_color": "31661E",
                "id_str": "17348525",
                "translator_type": "regular",
                "followers_count": 251614,
                "utc_offset": -21600,
                "default_profile": false,
                "profile_text_color": "333333",
                "is_translation_enabled": false,
                "profile_background_tile": false,
                "favourites_count": 1213,
                "profile_background_color": "FFFFFF",
                "verified": true,
                "profile_sidebar_fill_color": "E6EDE4",
                "name": "Star Tribune",
                "following": false,
                "profile_background_image_url_https": "https://pbs.twimg.com/profile_background_images/378800000177961119/MxVaJ3fR.jpeg",
                "contributors_enabled": false,
                "created_at": "Wed Nov 12 20:55:38 +0000 2008",
                "entities": {
                    "description": {
                        "urls": [
                            {
                                "display_url": "strib.mn/STtweets",
                                "indices": [
                                    46,
                                    69
                                ],
                                "expanded_url": "http://strib.mn/STtweets",
                                "url": "https://t.co/DKVw7iC5C9"
                            }
                        ]
                    },
                    "url": {
                        "urls": [
                            {
                                "display_url": "startribune.com",
                                "indices": [
                                    0,
                                    23
                                ],
                                "expanded_url": "http://www.startribune.com",
                                "url": "https://t.co/2perTa45jk"
                            }
                        ]
                    }
                },
                "time_zone": "Central Time (US & Canada)"
            },
            "contributors": null,
            "metadata": {
                "result_type": "recent",
                "iso_language_code": "en"
            },
            "retweet_count": 2,
            "id": 801392417194778624,
            "geo": null,
            "id_str": "801392417194778624",
            "place": null,
            "source": "<a href=\"https://about.twitter.com/products/tweetdeck\" rel=\"nofollow\">TweetDeck</a>",
            "in_reply_to_user_id": null,
            "is_quote_status": false,
            "text": "Trump taps S.C. Gov. Nikki Haley for ambassador to U.N., sources say. https://t.co/fQN792sRYy https://t.co/N4GEmmAeGO",
            "retweeted": false,
            "truncated": false,
            "in_reply_to_status_id_str": null,
            "extended_entities": {
                "media": [
                    {
                        "display_url": "pic.twitter.com/N4GEmmAeGO",
                        "indices": [
                            94,
                            117
                        ],
                        "expanded_url": "https://twitter.com/StarTribune/status/801392417194778624/photo/1",
                        "media_url": "http://pbs.twimg.com/media/Cx8eDPmUUAAf6OC.jpg",
                        "url": "https://t.co/N4GEmmAeGO",
                        "id": 801392299770925056,
                        "sizes": {
                            "thumb": {
                                "w": 150,
                                "resize": "crop",
                                "h": 150
                            },
                            "small": {
                                "w": 228,
                                "resize": "fit",
                                "h": 180
                            },
                            "large": {
                                "w": 228,
                                "resize": "fit",
                                "h": 180
                            },
                            "medium": {
                                "w": 228,
                                "resize": "fit",
                                "h": 180
                            }
                        },
                        "id_str": "801392299770925056",
                        "type": "photo",
                        "media_url_https": "https://pbs.twimg.com/media/Cx8eDPmUUAAf6OC.jpg"
                    }
                ]
            },
            "in_reply_to_status_id": null,
            "favorited": false,
            "favorite_count": 4,
            "created_at": "Wed Nov 23 11:50:16 +0000 2016",
            "coordinates": null,
            "possibly_sensitive": false,
            "entities": {
                "media": [
                    {
                        "display_url": "pic.twitter.com/N4GEmmAeGO",
                        "indices": [
                            94,
                            117
                        ],
                        "expanded_url": "https://twitter.com/StarTribune/status/801392417194778624/photo/1",
                        "media_url": "http://pbs.twimg.com/media/Cx8eDPmUUAAf6OC.jpg",
                        "url": "https://t.co/N4GEmmAeGO",
                        "id": 801392299770925056,
                        "sizes": {
                            "thumb": {
                                "w": 150,
                                "resize": "crop",
                                "h": 150
                            },
                            "small": {
                                "w": 228,
                                "resize": "fit",
                                "h": 180
                            },
                            "large": {
                                "w": 228,
                                "resize": "fit",
                                "h": 180
                            },
                            "medium": {
                                "w": 228,
                                "resize": "fit",
                                "h": 180
                            }
                        },
                        "id_str": "801392299770925056",
                        "type": "photo",
                        "media_url_https": "https://pbs.twimg.com/media/Cx8eDPmUUAAf6OC.jpg"
                    }
                ],
                "user_mentions": [],
                "urls": [
                    {
                        "display_url": "strib.mn/2fEHJoD",
                        "indices": [
                            70,
                            93
                        ],
                        "expanded_url": "http://strib.mn/2fEHJoD",
                        "url": "https://t.co/fQN792sRYy"
                    }
                ],
                "hashtags": [],
                "symbols": []
            }
        }
    ],
    "search_metadata": {
        "completed_in": 0.04,
        "refresh_url": "?since_id=801527998990209025&q=Trump%20from%3AStarTribune%20since%3A2016-11-23%20until%3A2016-11-24%20filter%3Alinks%20-%40StarTribune&include_entities=1",
        "since_id_str": "0",
        "max_id": 801527998990209025,
        "query": "Trump+from%3AStarTribune+since%3A2016-11-23+until%3A2016-11-24+filter%3Alinks+-%40StarTribune",
        "count": 100,
        "since_id": 0,
        "max_id_str": "801527998990209025"
    }
}