{
    "statuses": [
        {
            "in_reply_to_user_id_str": null,
            "in_reply_to_screen_name": null,
            "lang": "en",
            "user": {
                "is_translator": false,
                "profile_background_image_url": "http://pbs.twimg.com/profile_background_images/120432356/twitter-stltodayMain.jpg",
                "friends_count": 130,
                "profile_banner_url": "https://pbs.twimg.com/profile_banners/6039302/1414685197",
                "lang": "en",
                "screen_name": "stltoday",
                "follow_request_sent": false,
                "geo_enabled": false,
                "profile_image_url": "http://pbs.twimg.com/profile_images/766662678819373056/G64e6PTO_normal.jpg",
                "protected": false,
                "notifications": false,
                "default_profile_image": false,
                "listed_count": 2469,
                "description": "St. Louis Post-Dispatch news, sports, business, features, blogs, photos and video. @Weatherbird is the Twitter ambassador for the P-D.",
                "profile_sidebar_border_color": "000000",
                "has_extended_profile": false,
                "id": 6039302,
                "profile_use_background_image": false,
                "location": "St. Louis, Mo.",
                "url": "http://t.co/Z1ZQ0mDZMD",
                "statuses_count": 114660,
                "profile_image_url_https": "https://pbs.twimg.com/profile_images/766662678819373056/G64e6PTO_normal.jpg",
                "profile_link_color": "990000",
                "id_str": "6039302",
                "translator_type": "none",
                "followers_count": 170405,
                "utc_offset": -21600,
                "default_profile": false,
                "profile_text_color": "000000",
                "is_translation_enabled": false,
                "profile_background_tile": false,
                "favourites_count": 1383,
                "profile_background_color": "990000",
                "verified": true,
                "profile_sidebar_fill_color": "FFFFFF",
                "name": "STLtoday",
                "following": false,
                "profile_background_image_url_https": "https://pbs.twimg.com/profile_background_images/120432356/twitter-stltodayMain.jpg",
                "contributors_enabled": false,
                "created_at": "Mon May 14 17:51:34 +0000 2007",
                "entities": {
                    "description": {
                        "urls": []
                    },
                    "url": {
                        "urls": [
                            {
                                "display_url": "stltoday.com",
                                "indices": [
                                    0,
                                    22
                                ],
                                "expanded_url": "http://www.stltoday.com",
                                "url": "http://t.co/Z1ZQ0mDZMD"
                            }
                        ]
                    }
                },
                "time_zone": "Central Time (US & Canada)"
            },
            "contributors": null,
            "metadata": {
                "result_type": "recent",
                "iso_language_code": "en"
            },
            "retweet_count": 3,
            "id": 801463841183801344,
            "geo": null,
            "id_str": "801463841183801344",
            "favorite_count": 1,
            "source": "<a href=\"http://dlvr.it\" rel=\"nofollow\">dlvr.it</a>",
            "in_reply_to_user_id": null,
            "is_quote_status": false,
            "retweeted": false,
            "truncated": false,
            "in_reply_to_status_id_str": null,
            "text": "5 Trump business ties that pose conflicts https://t.co/Uvojzpk9nE",
            "in_reply_to_status_id": null,
            "favorited": false,
            "place": null,
            "created_at": "Wed Nov 23 16:34:04 +0000 2016",
            "coordinates": null,
            "possibly_sensitive": false,
            "entities": {
                "user_mentions": [],
                "urls": [
                    {
                        "display_url": "stltoday.com/business/local\u2026",
                        "indices": [
                            42,
                            65
                        ],
                        "expanded_url": "http://www.stltoday.com/business/local/trump-business-ties-that-pose-conflicts/article_6d83b991-92eb-5e50-a4fa-1ea049bc6597.html?utm_source=dlvr.it&utm_medium=twitter",
                        "url": "https://t.co/Uvojzpk9nE"
                    }
                ],
                "hashtags": [],
                "symbols": []
            }
        },
        {
            "in_reply_to_user_id_str": null,
            "in_reply_to_screen_name": null,
            "lang": "en",
            "user": {
                "is_translator": false,
                "profile_background_image_url": "http://pbs.twimg.com/profile_background_images/120432356/twitter-stltodayMain.jpg",
                "friends_count": 130,
                "profile_banner_url": "https://pbs.twimg.com/profile_banners/6039302/1414685197",
                "lang": "en",
                "screen_name": "stltoday",
                "follow_request_sent": false,
                "geo_enabled": false,
                "profile_image_url": "http://pbs.twimg.com/profile_images/766662678819373056/G64e6PTO_normal.jpg",
                "protected": false,
                "notifications": false,
                "default_profile_image": false,
                "listed_count": 2469,
                "description": "St. Louis Post-Dispatch news, sports, business, features, blogs, photos and video. @Weatherbird is the Twitter ambassador for the P-D.",
                "profile_sidebar_border_color": "000000",
                "has_extended_profile": false,
                "id": 6039302,
                "profile_use_background_image": false,
                "location": "St. Louis, Mo.",
                "url": "http://t.co/Z1ZQ0mDZMD",
                "statuses_count": 114660,
                "profile_image_url_https": "https://pbs.twimg.com/profile_images/766662678819373056/G64e6PTO_normal.jpg",
                "profile_link_color": "990000",
                "id_str": "6039302",
                "translator_type": "none",
                "followers_count": 170405,
                "utc_offset": -21600,
                "default_profile": false,
                "profile_text_color": "000000",
                "is_translation_enabled": false,
                "profile_background_tile": false,
                "favourites_count": 1383,
                "profile_background_color": "990000",
                "verified": true,
                "profile_sidebar_fill_color": "FFFFFF",
                "name": "STLtoday",
                "following": false,
                "profile_background_image_url_https": "https://pbs.twimg.com/profile_background_images/120432356/twitter-stltodayMain.jpg",
                "contributors_enabled": false,
                "created_at": "Mon May 14 17:51:34 +0000 2007",
                "entities": {
                    "description": {
                        "urls": []
                    },
                    "url": {
                        "urls": [
                            {
                                "display_url": "stltoday.com",
                                "indices": [
                                    0,
                                    22
                                ],
                                "expanded_url": "http://www.stltoday.com",
                                "url": "http://t.co/Z1ZQ0mDZMD"
                            }
                        ]
                    }
                },
                "time_zone": "Central Time (US & Canada)"
            },
            "contributors": null,
            "metadata": {
                "result_type": "recent",
                "iso_language_code": "en"
            },
            "retweet_count": 0,
            "id": 801436787625234432,
            "geo": null,
            "id_str": "801436787625234432",
            "favorite_count": 1,
            "source": "<a href=\"http://dlvr.it\" rel=\"nofollow\">dlvr.it</a>",
            "in_reply_to_user_id": null,
            "is_quote_status": false,
            "retweeted": false,
            "truncated": false,
            "in_reply_to_status_id_str": null,
            "text": "Trump taps SC Gov Nikki Haley to be ambassador to UN https://t.co/2tq7sXIll4",
            "in_reply_to_status_id": null,
            "favorited": false,
            "place": null,
            "created_at": "Wed Nov 23 14:46:34 +0000 2016",
            "coordinates": null,
            "possibly_sensitive": false,
            "entities": {
                "user_mentions": [],
                "urls": [
                    {
                        "display_url": "stltoday.com/news/national/\u2026",
                        "indices": [
                            53,
                            76
                        ],
                        "expanded_url": "http://www.stltoday.com/news/national/govt-and-politics/trump-taps-sc-gov-nikki-haley-to-be-ambassador-to/article_c8f3e9ad-9606-5628-986b-c7b4e85aa640.html?utm_source=dlvr.it&utm_medium=twitter",
                        "url": "https://t.co/2tq7sXIll4"
                    }
                ],
                "hashtags": [],
                "symbols": []
            }
        },
        {
            "in_reply_to_user_id_str": null,
            "in_reply_to_screen_name": null,
            "lang": "en",
            "user": {
                "is_translator": false,
                "profile_background_image_url": "http://pbs.twimg.com/profile_background_images/120432356/twitter-stltodayMain.jpg",
                "friends_count": 130,
                "profile_banner_url": "https://pbs.twimg.com/profile_banners/6039302/1414685197",
                "lang": "en",
                "screen_name": "stltoday",
                "follow_request_sent": false,
                "geo_enabled": false,
                "profile_image_url": "http://pbs.twimg.com/profile_images/766662678819373056/G64e6PTO_normal.jpg",
                "protected": false,
                "notifications": false,
                "default_profile_image": false,
                "listed_count": 2469,
                "description": "St. Louis Post-Dispatch news, sports, business, features, blogs, photos and video. @Weatherbird is the Twitter ambassador for the P-D.",
                "profile_sidebar_border_color": "000000",
                "has_extended_profile": false,
                "id": 6039302,
                "profile_use_background_image": false,
                "location": "St. Louis, Mo.",
                "url": "http://t.co/Z1ZQ0mDZMD",
                "statuses_count": 114660,
                "profile_image_url_https": "https://pbs.twimg.com/profile_images/766662678819373056/G64e6PTO_normal.jpg",
                "profile_link_color": "990000",
                "id_str": "6039302",
                "translator_type": "none",
                "followers_count": 170405,
                "utc_offset": -21600,
                "default_profile": false,
                "profile_text_color": "000000",
                "is_translation_enabled": false,
                "profile_background_tile": false,
                "favourites_count": 1383,
                "profile_background_color": "990000",
                "verified": true,
                "profile_sidebar_fill_color": "FFFFFF",
                "name": "STLtoday",
                "following": false,
                "profile_background_image_url_https": "https://pbs.twimg.com/profile_background_images/120432356/twitter-stltodayMain.jpg",
                "contributors_enabled": false,
                "created_at": "Mon May 14 17:51:34 +0000 2007",
                "entities": {
                    "description": {
                        "urls": []
                    },
                    "url": {
                        "urls": [
                            {
                                "display_url": "stltoday.com",
                                "indices": [
                                    0,
                                    22
                                ],
                                "expanded_url": "http://www.stltoday.com",
                                "url": "http://t.co/Z1ZQ0mDZMD"
                            }
                        ]
                    }
                },
                "time_zone": "Central Time (US & Canada)"
            },
            "contributors": null,
            "metadata": {
                "result_type": "recent",
                "iso_language_code": "en"
            },
            "retweet_count": 1,
            "id": 801282784996171779,
            "geo": null,
            "id_str": "801282784996171779",
            "place": null,
            "source": "<a href=\"http://dlvr.it\" rel=\"nofollow\">dlvr.it</a>",
            "in_reply_to_user_id": null,
            "is_quote_status": false,
            "text": "Trump eases up on talk of seeking prosecution of Clinton https://t.co/5BOZoR3wlF https://t.co/lBmY9d6MiD",
            "retweeted": false,
            "truncated": false,
            "in_reply_to_status_id_str": null,
            "extended_entities": {
                "media": [
                    {
                        "display_url": "pic.twitter.com/lBmY9d6MiD",
                        "indices": [
                            81,
                            104
                        ],
                        "expanded_url": "https://twitter.com/stltoday/status/801282784996171779/photo/1",
                        "media_url": "http://pbs.twimg.com/media/Cx66ce4VIAAadgV.jpg",
                        "url": "https://t.co/lBmY9d6MiD",
                        "id": 801282782206959616,
                        "sizes": {
                            "small": {
                                "w": 680,
                                "resize": "fit",
                                "h": 510
                            },
                            "thumb": {
                                "w": 150,
                                "resize": "crop",
                                "h": 150
                            },
                            "large": {
                                "w": 840,
                                "resize": "fit",
                                "h": 630
                            },
                            "medium": {
                                "w": 840,
                                "resize": "fit",
                                "h": 630
                            }
                        },
                        "id_str": "801282782206959616",
                        "type": "photo",
                        "media_url_https": "https://pbs.twimg.com/media/Cx66ce4VIAAadgV.jpg"
                    }
                ]
            },
            "in_reply_to_status_id": null,
            "favorited": false,
            "favorite_count": 3,
            "created_at": "Wed Nov 23 04:34:37 +0000 2016",
            "coordinates": null,
            "possibly_sensitive": false,
            "entities": {
                "media": [
                    {
                        "display_url": "pic.twitter.com/lBmY9d6MiD",
                        "indices": [
                            81,
                            104
                        ],
                        "expanded_url": "https://twitter.com/stltoday/status/801282784996171779/photo/1",
                        "media_url": "http://pbs.twimg.com/media/Cx66ce4VIAAadgV.jpg",
                        "url": "https://t.co/lBmY9d6MiD",
                        "id": 801282782206959616,
                        "sizes": {
                            "small": {
                                "w": 680,
                                "resize": "fit",
                                "h": 510
                            },
                            "thumb": {
                                "w": 150,
                                "resize": "crop",
                                "h": 150
                            },
                            "large": {
                                "w": 840,
                                "resize": "fit",
                                "h": 630
                            },
                            "medium": {
                                "w": 840,
                                "resize": "fit",
                                "h": 630
                            }
                        },
                        "id_str": "801282782206959616",
                        "type": "photo",
                        "media_url_https": "https://pbs.twimg.com/media/Cx66ce4VIAAadgV.jpg"
                    }
                ],
                "user_mentions": [],
                "urls": [
                    {
                        "display_url": "stltoday.com/news/national/\u2026",
                        "indices": [
                            57,
                            80
                        ],
                        "expanded_url": "http://www.stltoday.com/news/national/trump-eases-up-on-talk-of-seeking-prosecution-of-clinton/article_10effc9a-dbb3-5b6c-baba-4fbcbe9b2576.html?utm_source=dlvr.it&utm_medium=twitter",
                        "url": "https://t.co/5BOZoR3wlF"
                    }
                ],
                "hashtags": [],
                "symbols": []
            }
        }
    ],
    "search_metadata": {
        "completed_in": 0.06,
        "refresh_url": "?since_id=801463841183801344&q=Trump%20from%3Astltoday%20since%3A2016-11-23%20until%3A2016-11-24%20filter%3Alinks%20-%40stltoday&include_entities=1",
        "since_id_str": "0",
        "max_id": 801463841183801344,
        "query": "Trump+from%3Astltoday+since%3A2016-11-23+until%3A2016-11-24+filter%3Alinks+-%40stltoday",
        "count": 100,
        "since_id": 0,
        "max_id_str": "801463841183801344"
    }
}