{
    "statuses": [
        {
            "in_reply_to_user_id_str": null,
            "in_reply_to_screen_name": null,
            "lang": "en",
            "user": {
                "is_translator": false,
                "profile_background_image_url": "http://pbs.twimg.com/profile_background_images/378800000119561429/8f57893c5f014bffec1871f0b76eb7d2.jpeg",
                "friends_count": 14898,
                "profile_banner_url": "https://pbs.twimg.com/profile_banners/12811952/1441736339",
                "lang": "en",
                "screen_name": "Suntimes",
                "follow_request_sent": false,
                "geo_enabled": true,
                "profile_image_url": "http://pbs.twimg.com/profile_images/575531934157119488/9TaaXkIc_normal.jpeg",
                "protected": false,
                "notifications": false,
                "default_profile_image": false,
                "listed_count": 5736,
                "description": "Grab a copy of your new Chicago Sun-Times! More Chicago. More national. More of what matters to you. Tell us what you think: CSTfeedback@suntimes.com",
                "profile_sidebar_border_color": "FFFFFF",
                "has_extended_profile": false,
                "id": 12811952,
                "profile_use_background_image": false,
                "location": "Chicago, IL",
                "url": "http://t.co/XmojOL5kOD",
                "statuses_count": 98429,
                "profile_image_url_https": "https://pbs.twimg.com/profile_images/575531934157119488/9TaaXkIc_normal.jpeg",
                "profile_link_color": "3B94D9",
                "id_str": "12811952",
                "translator_type": "none",
                "followers_count": 329378,
                "utc_offset": -21600,
                "default_profile": false,
                "profile_text_color": "333333",
                "is_translation_enabled": false,
                "profile_background_tile": false,
                "favourites_count": 4468,
                "profile_background_color": "FFFFFF",
                "verified": true,
                "profile_sidebar_fill_color": "EFEFEF",
                "name": "Chicago Sun-Times",
                "following": false,
                "profile_background_image_url_https": "https://pbs.twimg.com/profile_background_images/378800000119561429/8f57893c5f014bffec1871f0b76eb7d2.jpeg",
                "contributors_enabled": false,
                "created_at": "Tue Jan 29 02:38:26 +0000 2008",
                "entities": {
                    "description": {
                        "urls": []
                    },
                    "url": {
                        "urls": [
                            {
                                "display_url": "chicago.suntimes.com",
                                "indices": [
                                    0,
                                    22
                                ],
                                "expanded_url": "http://chicago.suntimes.com",
                                "url": "http://t.co/XmojOL5kOD"
                            }
                        ]
                    }
                },
                "time_zone": "Central Time (US & Canada)"
            },
            "contributors": null,
            "metadata": {
                "result_type": "recent",
                "iso_language_code": "en"
            },
            "retweet_count": 4,
            "id": 801498383261302787,
            "geo": null,
            "id_str": "801498383261302787",
            "place": null,
            "source": "<a href=\"https://about.twitter.com/products/tweetdeck\" rel=\"nofollow\">TweetDeck</a>",
            "in_reply_to_user_id": null,
            "is_quote_status": false,
            "text": "Charter school advocate Betsy DeVos picked as Trump's education secretary. https://t.co/fLvtHU2DPj https://t.co/0S998Cjpax",
            "retweeted": false,
            "truncated": false,
            "in_reply_to_status_id_str": null,
            "extended_entities": {
                "media": [
                    {
                        "display_url": "pic.twitter.com/0S998Cjpax",
                        "indices": [
                            99,
                            122
                        ],
                        "expanded_url": "https://twitter.com/Suntimes/status/801498383261302787/photo/1",
                        "media_url": "http://pbs.twimg.com/media/Cx9-g_pXAAIB0xA.jpg",
                        "url": "https://t.co/0S998Cjpax",
                        "id": 801498364001058818,
                        "sizes": {
                            "small": {
                                "w": 680,
                                "resize": "fit",
                                "h": 414
                            },
                            "medium": {
                                "w": 1200,
                                "resize": "fit",
                                "h": 730
                            },
                            "large": {
                                "w": 2048,
                                "resize": "fit",
                                "h": 1246
                            },
                            "thumb": {
                                "w": 150,
                                "resize": "crop",
                                "h": 150
                            }
                        },
                        "id_str": "801498364001058818",
                        "type": "photo",
                        "media_url_https": "https://pbs.twimg.com/media/Cx9-g_pXAAIB0xA.jpg"
                    }
                ]
            },
            "in_reply_to_status_id": null,
            "favorited": false,
            "favorite_count": 2,
            "created_at": "Wed Nov 23 18:51:20 +0000 2016",
            "coordinates": null,
            "possibly_sensitive": false,
            "entities": {
                "media": [
                    {
                        "display_url": "pic.twitter.com/0S998Cjpax",
                        "indices": [
                            99,
                            122
                        ],
                        "expanded_url": "https://twitter.com/Suntimes/status/801498383261302787/photo/1",
                        "media_url": "http://pbs.twimg.com/media/Cx9-g_pXAAIB0xA.jpg",
                        "url": "https://t.co/0S998Cjpax",
                        "id": 801498364001058818,
                        "sizes": {
                            "small": {
                                "w": 680,
                                "resize": "fit",
                                "h": 414
                            },
                            "medium": {
                                "w": 1200,
                                "resize": "fit",
                                "h": 730
                            },
                            "large": {
                                "w": 2048,
                                "resize": "fit",
                                "h": 1246
                            },
                            "thumb": {
                                "w": 150,
                                "resize": "crop",
                                "h": 150
                            }
                        },
                        "id_str": "801498364001058818",
                        "type": "photo",
                        "media_url_https": "https://pbs.twimg.com/media/Cx9-g_pXAAIB0xA.jpg"
                    }
                ],
                "user_mentions": [],
                "urls": [
                    {
                        "display_url": "bit.ly/2ghN0pu",
                        "indices": [
                            75,
                            98
                        ],
                        "expanded_url": "http://bit.ly/2ghN0pu",
                        "url": "https://t.co/fLvtHU2DPj"
                    }
                ],
                "hashtags": [],
                "symbols": []
            }
        },
        {
            "in_reply_to_user_id_str": null,
            "in_reply_to_screen_name": null,
            "lang": "en",
            "user": {
                "is_translator": false,
                "profile_background_image_url": "http://pbs.twimg.com/profile_background_images/378800000119561429/8f57893c5f014bffec1871f0b76eb7d2.jpeg",
                "friends_count": 14898,
                "profile_banner_url": "https://pbs.twimg.com/profile_banners/12811952/1441736339",
                "lang": "en",
                "screen_name": "Suntimes",
                "follow_request_sent": false,
                "geo_enabled": true,
                "profile_image_url": "http://pbs.twimg.com/profile_images/575531934157119488/9TaaXkIc_normal.jpeg",
                "protected": false,
                "notifications": false,
                "default_profile_image": false,
                "listed_count": 5736,
                "description": "Grab a copy of your new Chicago Sun-Times! More Chicago. More national. More of what matters to you. Tell us what you think: CSTfeedback@suntimes.com",
                "profile_sidebar_border_color": "FFFFFF",
                "has_extended_profile": false,
                "id": 12811952,
                "profile_use_background_image": false,
                "location": "Chicago, IL",
                "url": "http://t.co/XmojOL5kOD",
                "statuses_count": 98429,
                "profile_image_url_https": "https://pbs.twimg.com/profile_images/575531934157119488/9TaaXkIc_normal.jpeg",
                "profile_link_color": "3B94D9",
                "id_str": "12811952",
                "translator_type": "none",
                "followers_count": 329378,
                "utc_offset": -21600,
                "default_profile": false,
                "profile_text_color": "333333",
                "is_translation_enabled": false,
                "profile_background_tile": false,
                "favourites_count": 4468,
                "profile_background_color": "FFFFFF",
                "verified": true,
                "profile_sidebar_fill_color": "EFEFEF",
                "name": "Chicago Sun-Times",
                "following": false,
                "profile_background_image_url_https": "https://pbs.twimg.com/profile_background_images/378800000119561429/8f57893c5f014bffec1871f0b76eb7d2.jpeg",
                "contributors_enabled": false,
                "created_at": "Tue Jan 29 02:38:26 +0000 2008",
                "entities": {
                    "description": {
                        "urls": []
                    },
                    "url": {
                        "urls": [
                            {
                                "display_url": "chicago.suntimes.com",
                                "indices": [
                                    0,
                                    22
                                ],
                                "expanded_url": "http://chicago.suntimes.com",
                                "url": "http://t.co/XmojOL5kOD"
                            }
                        ]
                    }
                },
                "time_zone": "Central Time (US & Canada)"
            },
            "contributors": null,
            "metadata": {
                "result_type": "recent",
                "iso_language_code": "en"
            },
            "retweet_count": 3,
            "id": 801440052589039616,
            "geo": null,
            "id_str": "801440052589039616",
            "favorite_count": 2,
            "source": "<a href=\"https://about.twitter.com/products/tweetdeck\" rel=\"nofollow\">TweetDeck</a>",
            "in_reply_to_user_id": null,
            "is_quote_status": false,
            "retweeted": false,
            "truncated": true,
            "in_reply_to_status_id_str": null,
            "text": "Trump has picked S.C. Gov. Nikki Haley to be ambassador to U.N. - first woman selected for top administration job.\u2026 https://t.co/u2ypjYGSS8",
            "in_reply_to_status_id": null,
            "favorited": false,
            "place": null,
            "created_at": "Wed Nov 23 14:59:33 +0000 2016",
            "coordinates": null,
            "possibly_sensitive": false,
            "entities": {
                "user_mentions": [],
                "urls": [
                    {
                        "display_url": "twitter.com/i/web/status/8\u2026",
                        "indices": [
                            116,
                            139
                        ],
                        "expanded_url": "https://twitter.com/i/web/status/801440052589039616",
                        "url": "https://t.co/u2ypjYGSS8"
                    }
                ],
                "hashtags": [],
                "symbols": []
            }
        },
        {
            "in_reply_to_user_id_str": null,
            "in_reply_to_screen_name": null,
            "lang": "en",
            "user": {
                "is_translator": false,
                "profile_background_image_url": "http://pbs.twimg.com/profile_background_images/378800000119561429/8f57893c5f014bffec1871f0b76eb7d2.jpeg",
                "friends_count": 14898,
                "profile_banner_url": "https://pbs.twimg.com/profile_banners/12811952/1441736339",
                "lang": "en",
                "screen_name": "Suntimes",
                "follow_request_sent": false,
                "geo_enabled": true,
                "profile_image_url": "http://pbs.twimg.com/profile_images/575531934157119488/9TaaXkIc_normal.jpeg",
                "protected": false,
                "notifications": false,
                "default_profile_image": false,
                "listed_count": 5736,
                "description": "Grab a copy of your new Chicago Sun-Times! More Chicago. More national. More of what matters to you. Tell us what you think: CSTfeedback@suntimes.com",
                "profile_sidebar_border_color": "FFFFFF",
                "has_extended_profile": false,
                "id": 12811952,
                "profile_use_background_image": false,
                "location": "Chicago, IL",
                "url": "http://t.co/XmojOL5kOD",
                "statuses_count": 98429,
                "profile_image_url_https": "https://pbs.twimg.com/profile_images/575531934157119488/9TaaXkIc_normal.jpeg",
                "profile_link_color": "3B94D9",
                "id_str": "12811952",
                "translator_type": "none",
                "followers_count": 329378,
                "utc_offset": -21600,
                "default_profile": false,
                "profile_text_color": "333333",
                "is_translation_enabled": false,
                "profile_background_tile": false,
                "favourites_count": 4468,
                "profile_background_color": "FFFFFF",
                "verified": true,
                "profile_sidebar_fill_color": "EFEFEF",
                "name": "Chicago Sun-Times",
                "following": false,
                "profile_background_image_url_https": "https://pbs.twimg.com/profile_background_images/378800000119561429/8f57893c5f014bffec1871f0b76eb7d2.jpeg",
                "contributors_enabled": false,
                "created_at": "Tue Jan 29 02:38:26 +0000 2008",
                "entities": {
                    "description": {
                        "urls": []
                    },
                    "url": {
                        "urls": [
                            {
                                "display_url": "chicago.suntimes.com",
                                "indices": [
                                    0,
                                    22
                                ],
                                "expanded_url": "http://chicago.suntimes.com",
                                "url": "http://t.co/XmojOL5kOD"
                            }
                        ]
                    }
                },
                "time_zone": "Central Time (US & Canada)"
            },
            "contributors": null,
            "metadata": {
                "result_type": "recent",
                "iso_language_code": "en"
            },
            "retweet_count": 0,
            "id": 801221395325812736,
            "geo": null,
            "id_str": "801221395325812736",
            "favorite_count": 1,
            "source": "<a href=\"https://about.twitter.com/products/tweetdeck\" rel=\"nofollow\">TweetDeck</a>",
            "in_reply_to_user_id": null,
            "is_quote_status": false,
            "retweeted": false,
            "truncated": false,
            "in_reply_to_status_id_str": null,
            "text": "Rauner reached out to Trump: 'I called the president-elect.' @mitchdudek reports. https://t.co/vNOkOK6zCf",
            "in_reply_to_status_id": null,
            "favorited": false,
            "place": null,
            "created_at": "Wed Nov 23 00:30:41 +0000 2016",
            "coordinates": null,
            "possibly_sensitive": false,
            "entities": {
                "user_mentions": [
                    {
                        "name": "Mitch Dudek",
                        "id_str": "451696879",
                        "id": 451696879,
                        "indices": [
                            61,
                            72
                        ],
                        "screen_name": "mitchdudek"
                    }
                ],
                "urls": [
                    {
                        "display_url": "bit.ly/2gz71bU",
                        "indices": [
                            82,
                            105
                        ],
                        "expanded_url": "http://bit.ly/2gz71bU",
                        "url": "https://t.co/vNOkOK6zCf"
                    }
                ],
                "hashtags": [],
                "symbols": []
            }
        }
    ],
    "search_metadata": {
        "completed_in": 0.025,
        "refresh_url": "?since_id=801498383261302787&q=Trump%20from%3ASuntimes%20since%3A2016-11-23%20until%3A2016-11-24%20filter%3Alinks%20-%40Suntimes&include_entities=1",
        "since_id_str": "0",
        "max_id": 801498383261302787,
        "query": "Trump+from%3ASuntimes+since%3A2016-11-23+until%3A2016-11-24+filter%3Alinks+-%40Suntimes",
        "count": 100,
        "since_id": 0,
        "max_id_str": "801498383261302787"
    }
}