{
    "statuses": [
        {
            "in_reply_to_user_id_str": null,
            "in_reply_to_screen_name": null,
            "lang": "en",
            "user": {
                "is_translator": false,
                "profile_background_image_url": "http://pbs.twimg.com/profile_background_images/58593191/TR-Building.png",
                "friends_count": 669,
                "profile_banner_url": "https://pbs.twimg.com/profile_banners/24790910/1423247919",
                "lang": "en",
                "screen_name": "TimesRecord",
                "follow_request_sent": false,
                "geo_enabled": true,
                "profile_image_url": "http://pbs.twimg.com/profile_images/2227117596/TRTwitter180x180_normal.jpg",
                "protected": false,
                "notifications": false,
                "default_profile_image": false,
                "listed_count": 265,
                "description": "The local news source for Fort Smith, western Arkansas and eastern Oklahoma since 1884.",
                "profile_sidebar_border_color": "BDDCAD",
                "has_extended_profile": false,
                "id": 24790910,
                "profile_use_background_image": true,
                "location": "Fort Smith, Arkansas",
                "url": "http://t.co/muKqFxtYqb",
                "statuses_count": 73520,
                "profile_image_url_https": "https://pbs.twimg.com/profile_images/2227117596/TRTwitter180x180_normal.jpg",
                "profile_link_color": "DD2E44",
                "id_str": "24790910",
                "translator_type": "none",
                "followers_count": 9974,
                "utc_offset": -21600,
                "default_profile": false,
                "profile_text_color": "333333",
                "is_translation_enabled": false,
                "profile_background_tile": false,
                "favourites_count": 738,
                "profile_background_color": "FAFFFE",
                "verified": false,
                "profile_sidebar_fill_color": "DDFFCC",
                "name": "Times Record",
                "following": false,
                "profile_background_image_url_https": "https://pbs.twimg.com/profile_background_images/58593191/TR-Building.png",
                "contributors_enabled": false,
                "created_at": "Mon Mar 16 23:05:48 +0000 2009",
                "entities": {
                    "description": {
                        "urls": []
                    },
                    "url": {
                        "urls": [
                            {
                                "display_url": "swtimes.com",
                                "indices": [
                                    0,
                                    22
                                ],
                                "expanded_url": "http://www.swtimes.com",
                                "url": "http://t.co/muKqFxtYqb"
                            }
                        ]
                    }
                },
                "time_zone": "Central Time (US & Canada)"
            },
            "contributors": null,
            "metadata": {
                "result_type": "recent",
                "iso_language_code": "en"
            },
            "retweet_count": 0,
            "id": 801568564230651904,
            "geo": null,
            "id_str": "801568564230651904",
            "place": null,
            "source": "<a href=\"http://www.hootsuite.com\" rel=\"nofollow\">Hootsuite</a>",
            "in_reply_to_user_id": null,
            "is_quote_status": false,
            "text": "AP Explains: 5 Trump business ties that pose conflicts   https://t.co/KFdeemOtNZ https://t.co/xjHl3FWmzG",
            "retweeted": false,
            "truncated": false,
            "in_reply_to_status_id_str": null,
            "extended_entities": {
                "media": [
                    {
                        "display_url": "pic.twitter.com/xjHl3FWmzG",
                        "indices": [
                            81,
                            104
                        ],
                        "expanded_url": "https://twitter.com/TimesRecord/status/801568564230651904/photo/1",
                        "media_url": "http://pbs.twimg.com/media/Cx--W_HXUAEo436.jpg",
                        "url": "https://t.co/xjHl3FWmzG",
                        "id": 801568560803958785,
                        "sizes": {
                            "small": {
                                "w": 512,
                                "resize": "fit",
                                "h": 361
                            },
                            "medium": {
                                "w": 512,
                                "resize": "fit",
                                "h": 361
                            },
                            "large": {
                                "w": 512,
                                "resize": "fit",
                                "h": 361
                            },
                            "thumb": {
                                "w": 150,
                                "resize": "crop",
                                "h": 150
                            }
                        },
                        "id_str": "801568560803958785",
                        "type": "photo",
                        "media_url_https": "https://pbs.twimg.com/media/Cx--W_HXUAEo436.jpg"
                    }
                ]
            },
            "in_reply_to_status_id": null,
            "favorited": false,
            "favorite_count": 0,
            "created_at": "Wed Nov 23 23:30:12 +0000 2016",
            "coordinates": null,
            "possibly_sensitive": false,
            "entities": {
                "media": [
                    {
                        "display_url": "pic.twitter.com/xjHl3FWmzG",
                        "indices": [
                            81,
                            104
                        ],
                        "expanded_url": "https://twitter.com/TimesRecord/status/801568564230651904/photo/1",
                        "media_url": "http://pbs.twimg.com/media/Cx--W_HXUAEo436.jpg",
                        "url": "https://t.co/xjHl3FWmzG",
                        "id": 801568560803958785,
                        "sizes": {
                            "small": {
                                "w": 512,
                                "resize": "fit",
                                "h": 361
                            },
                            "medium": {
                                "w": 512,
                                "resize": "fit",
                                "h": 361
                            },
                            "large": {
                                "w": 512,
                                "resize": "fit",
                                "h": 361
                            },
                            "thumb": {
                                "w": 150,
                                "resize": "crop",
                                "h": 150
                            }
                        },
                        "id_str": "801568560803958785",
                        "type": "photo",
                        "media_url_https": "https://pbs.twimg.com/media/Cx--W_HXUAEo436.jpg"
                    }
                ],
                "user_mentions": [],
                "urls": [
                    {
                        "display_url": "ow.ly/ZANR306tnRK",
                        "indices": [
                            57,
                            80
                        ],
                        "expanded_url": "http://ow.ly/ZANR306tnRK",
                        "url": "https://t.co/KFdeemOtNZ"
                    }
                ],
                "hashtags": [],
                "symbols": []
            }
        }
    ],
    "search_metadata": {
        "completed_in": 0.021,
        "refresh_url": "?since_id=801568564230651904&q=Trump%20from%3ATimesRecord%20since%3A2016-11-23%20until%3A2016-11-24%20filter%3Alinks%20-%40TimesRecord&include_entities=1",
        "since_id_str": "0",
        "max_id": 801568564230651904,
        "query": "Trump+from%3ATimesRecord+since%3A2016-11-23+until%3A2016-11-24+filter%3Alinks+-%40TimesRecord",
        "count": 100,
        "since_id": 0,
        "max_id_str": "801568564230651904"
    }
}