{
    "statuses": [],
    "search_metadata": {
        "completed_in": 0.012,
        "refresh_url": "?since_id=803053726403620865&q=Trump%20from%3ATucsonStar%20since%3A2016-11-23%20until%3A2016-11-24%20filter%3Alinks%20-%40TucsonStar&include_entities=1",
        "since_id_str": "0",
        "max_id": 803053726403620865,
        "query": "Trump+from%3ATucsonStar+since%3A2016-11-23+until%3A2016-11-24+filter%3Alinks+-%40TucsonStar",
        "count": 100,
        "since_id": 0,
        "max_id_str": "803053726403620865"
    }
}