{
    "statuses": [
        {
            "place": null,
            "created_at": "Sun Nov 27 15:03:07 +0000 2016",
            "favorite_count": 13,
            "coordinates": null,
            "in_reply_to_status_id_str": null,
            "favorited": false,
            "source": "<a href=\"http://www.socialflow.com\" rel=\"nofollow\">SocialFlow</a>",
            "id": 802890502261587969,
            "in_reply_to_user_id": null,
            "in_reply_to_screen_name": null,
            "in_reply_to_user_id_str": null,
            "truncated": false,
            "in_reply_to_status_id": null,
            "extended_entities": {
                "media": [
                    {
                        "url": "https://t.co/EZQBbc71Ib",
                        "display_url": "pic.twitter.com/EZQBbc71Ib",
                        "media_url_https": "https://pbs.twimg.com/media/CyRwp9oXgAEv4yN.jpg",
                        "id_str": "802890499799613441",
                        "type": "photo",
                        "indices": [
                            97,
                            120
                        ],
                        "sizes": {
                            "thumb": {
                                "w": 150,
                                "resize": "crop",
                                "h": 150
                            },
                            "large": {
                                "w": 634,
                                "resize": "fit",
                                "h": 800
                            },
                            "medium": {
                                "w": 634,
                                "resize": "fit",
                                "h": 800
                            },
                            "small": {
                                "w": 539,
                                "resize": "fit",
                                "h": 680
                            }
                        },
                        "expanded_url": "https://twitter.com/bostonherald/status/802890502261587969/photo/1",
                        "media_url": "http://pbs.twimg.com/media/CyRwp9oXgAEv4yN.jpg",
                        "id": 802890499799613441
                    }
                ]
            },
            "user": {
                "screen_name": "bostonherald",
                "profile_background_image_url_https": "https://pbs.twimg.com/profile_background_images/305255570/BH_Twit_BG.jpg",
                "profile_background_image_url": "http://pbs.twimg.com/profile_background_images/305255570/BH_Twit_BG.jpg",
                "profile_banner_url": "https://pbs.twimg.com/profile_banners/2488541/1400102449",
                "protected": false,
                "is_translation_enabled": false,
                "utc_offset": -18000,
                "created_at": "Tue Mar 27 13:30:45 +0000 2007",
                "geo_enabled": true,
                "profile_background_color": "CCCCCC",
                "url": "http://t.co/rQemlTr9K2",
                "has_extended_profile": false,
                "statuses_count": 186787,
                "notifications": false,
                "id": 2488541,
                "profile_use_background_image": true,
                "id_str": "2488541",
                "translator_type": "none",
                "profile_text_color": "3B3B3B",
                "profile_link_color": "0079AD",
                "location": "Boston, MA",
                "listed_count": 2065,
                "description": "Starting the conversation every day with passionate journalism, watchdog special reports and the best in NE sports, business and features. Live on @HeraldRadio.",
                "entities": {
                    "url": {
                        "urls": [
                            {
                                "url": "http://t.co/rQemlTr9K2",
                                "display_url": "bostonherald.com",
                                "expanded_url": "http://www.bostonherald.com",
                                "indices": [
                                    0,
                                    22
                                ]
                            }
                        ]
                    },
                    "description": {
                        "urls": []
                    }
                },
                "following": false,
                "default_profile_image": false,
                "followers_count": 82184,
                "is_translator": false,
                "profile_image_url_https": "https://pbs.twimg.com/profile_images/738002515841540097/wvPGrVSj_normal.jpg",
                "favourites_count": 363,
                "time_zone": "Eastern Time (US & Canada)",
                "profile_sidebar_border_color": "0079AD",
                "default_profile": false,
                "friends_count": 1146,
                "contributors_enabled": false,
                "profile_image_url": "http://pbs.twimg.com/profile_images/738002515841540097/wvPGrVSj_normal.jpg",
                "profile_background_tile": false,
                "verified": true,
                "profile_sidebar_fill_color": "C3E8F7",
                "follow_request_sent": false,
                "lang": "en",
                "name": "Boston Herald"
            },
            "metadata": {
                "result_type": "recent",
                "iso_language_code": "en"
            },
            "entities": {
                "symbols": [],
                "media": [
                    {
                        "url": "https://t.co/EZQBbc71Ib",
                        "display_url": "pic.twitter.com/EZQBbc71Ib",
                        "media_url_https": "https://pbs.twimg.com/media/CyRwp9oXgAEv4yN.jpg",
                        "id_str": "802890499799613441",
                        "type": "photo",
                        "indices": [
                            97,
                            120
                        ],
                        "sizes": {
                            "thumb": {
                                "w": 150,
                                "resize": "crop",
                                "h": 150
                            },
                            "large": {
                                "w": 634,
                                "resize": "fit",
                                "h": 800
                            },
                            "medium": {
                                "w": 634,
                                "resize": "fit",
                                "h": 800
                            },
                            "small": {
                                "w": 539,
                                "resize": "fit",
                                "h": 680
                            }
                        },
                        "expanded_url": "https://twitter.com/bostonherald/status/802890502261587969/photo/1",
                        "media_url": "http://pbs.twimg.com/media/CyRwp9oXgAEv4yN.jpg",
                        "id": 802890499799613441
                    }
                ],
                "user_mentions": [
                    {
                        "screen_name": "KimberlyEAtkins",
                        "indices": [
                            1,
                            17
                        ],
                        "id": 455585786,
                        "id_str": "455585786",
                        "name": "Kimberly Atkins"
                    }
                ],
                "urls": [
                    {
                        "url": "https://t.co/KrF9WPQe8J",
                        "display_url": "bhne.ws/3awnsUW",
                        "expanded_url": "http://bhne.ws/3awnsUW",
                        "indices": [
                            73,
                            96
                        ]
                    }
                ],
                "hashtags": []
            },
            "geo": null,
            "retweet_count": 9,
            "contributors": null,
            "text": ".@KimberlyEAtkins: Time for Jill Stein, Hillary Clinton to call it quits https://t.co/KrF9WPQe8J https://t.co/EZQBbc71Ib",
            "possibly_sensitive": false,
            "id_str": "802890502261587969",
            "retweeted": false,
            "is_quote_status": false,
            "lang": "en"
        }
    ],
    "search_metadata": {
        "query": "Hillary+OR+Clinton+from%3Abostonherald+since%3A2016-11-27+until%3A2016-11-28+filter%3Alinks+-%40bostonherald",
        "refresh_url": "?since_id=802890502261587969&q=Hillary%20OR%20Clinton%20from%3Abostonherald%20since%3A2016-11-27%20until%3A2016-11-28%20filter%3Alinks%20-%40bostonherald&include_entities=1",
        "max_id_str": "802890502261587969",
        "completed_in": 0.049,
        "since_id": 0,
        "since_id_str": "0",
        "max_id": 802890502261587969,
        "count": 100
    }
}