{
    "statuses": [
        {
            "place": null,
            "created_at": "Sun Nov 27 19:12:08 +0000 2016",
            "favorite_count": 33,
            "coordinates": null,
            "in_reply_to_status_id_str": null,
            "favorited": false,
            "source": "<a href=\"http://www.socialflow.com\" rel=\"nofollow\">SocialFlow</a>",
            "id": 802953169978490880,
            "in_reply_to_user_id": null,
            "in_reply_to_screen_name": null,
            "in_reply_to_user_id_str": null,
            "truncated": false,
            "in_reply_to_status_id": null,
            "extended_entities": {
                "media": [
                    {
                        "url": "https://t.co/OWmxiLtwR6",
                        "display_url": "pic.twitter.com/OWmxiLtwR6",
                        "media_url_https": "https://pbs.twimg.com/media/CySpps9VQAAEpg1.jpg",
                        "id_str": "802953167486926848",
                        "type": "photo",
                        "indices": [
                            89,
                            112
                        ],
                        "sizes": {
                            "thumb": {
                                "w": 150,
                                "resize": "crop",
                                "h": 150
                            },
                            "large": {
                                "w": 960,
                                "resize": "fit",
                                "h": 615
                            },
                            "medium": {
                                "w": 960,
                                "resize": "fit",
                                "h": 615
                            },
                            "small": {
                                "w": 680,
                                "resize": "fit",
                                "h": 436
                            }
                        },
                        "expanded_url": "https://twitter.com/BostonGlobe/status/802953169978490880/photo/1",
                        "media_url": "http://pbs.twimg.com/media/CySpps9VQAAEpg1.jpg",
                        "id": 802953167486926848
                    }
                ]
            },
            "user": {
                "screen_name": "BostonGlobe",
                "profile_background_image_url_https": "https://pbs.twimg.com/profile_background_images/378800000003877254/c79663e95d0e284ce165db703dffd474.jpeg",
                "profile_background_image_url": "http://pbs.twimg.com/profile_background_images/378800000003877254/c79663e95d0e284ce165db703dffd474.jpeg",
                "profile_banner_url": "https://pbs.twimg.com/profile_banners/95431448/1466441870",
                "protected": false,
                "is_translation_enabled": false,
                "utc_offset": -18000,
                "created_at": "Tue Dec 08 14:33:38 +0000 2009",
                "geo_enabled": true,
                "profile_background_color": "EDECE9",
                "url": "http://t.co/g2XphqdJIo",
                "has_extended_profile": false,
                "statuses_count": 206509,
                "notifications": false,
                "id": 95431448,
                "profile_use_background_image": true,
                "id_str": "95431448",
                "translator_type": "regular",
                "profile_text_color": "000000",
                "profile_link_color": "050505",
                "location": "Boston, MA",
                "listed_count": 9209,
                "description": "Boston and New England's leading source for breaking news and analysis, with coverage from across the world. Follow our journalists: https://t.co/KPOiZTQG87",
                "entities": {
                    "url": {
                        "urls": [
                            {
                                "url": "http://t.co/g2XphqdJIo",
                                "display_url": "bostonglobe.com",
                                "expanded_url": "http://bostonglobe.com",
                                "indices": [
                                    0,
                                    22
                                ]
                            }
                        ]
                    },
                    "description": {
                        "urls": [
                            {
                                "url": "https://t.co/KPOiZTQG87",
                                "display_url": "twitter.com/BostonGlobe/li\u2026",
                                "expanded_url": "https://twitter.com/BostonGlobe/lists/globe-journalists",
                                "indices": [
                                    133,
                                    156
                                ]
                            }
                        ]
                    }
                },
                "following": false,
                "default_profile_image": false,
                "followers_count": 562254,
                "is_translator": false,
                "profile_image_url_https": "https://pbs.twimg.com/profile_images/586570157734019072/Qxz1LIIM_normal.png",
                "favourites_count": 228,
                "time_zone": "Eastern Time (US & Canada)",
                "profile_sidebar_border_color": "FFFFFF",
                "default_profile": false,
                "friends_count": 1240,
                "contributors_enabled": false,
                "profile_image_url": "http://pbs.twimg.com/profile_images/586570157734019072/Qxz1LIIM_normal.png",
                "profile_background_tile": false,
                "verified": true,
                "profile_sidebar_fill_color": "FFFFFF",
                "follow_request_sent": false,
                "lang": "en",
                "name": "The Boston Globe"
            },
            "metadata": {
                "result_type": "recent",
                "iso_language_code": "en"
            },
            "entities": {
                "symbols": [],
                "media": [
                    {
                        "url": "https://t.co/OWmxiLtwR6",
                        "display_url": "pic.twitter.com/OWmxiLtwR6",
                        "media_url_https": "https://pbs.twimg.com/media/CySpps9VQAAEpg1.jpg",
                        "id_str": "802953167486926848",
                        "type": "photo",
                        "indices": [
                            89,
                            112
                        ],
                        "sizes": {
                            "thumb": {
                                "w": 150,
                                "resize": "crop",
                                "h": 150
                            },
                            "large": {
                                "w": 960,
                                "resize": "fit",
                                "h": 615
                            },
                            "medium": {
                                "w": 960,
                                "resize": "fit",
                                "h": 615
                            },
                            "small": {
                                "w": 680,
                                "resize": "fit",
                                "h": 436
                            }
                        },
                        "expanded_url": "https://twitter.com/BostonGlobe/status/802953169978490880/photo/1",
                        "media_url": "http://pbs.twimg.com/media/CySpps9VQAAEpg1.jpg",
                        "id": 802953167486926848
                    }
                ],
                "user_mentions": [],
                "urls": [
                    {
                        "url": "https://t.co/1hrFDhG7gy",
                        "display_url": "bos.gl/T5tNBvO",
                        "expanded_url": "http://bos.gl/T5tNBvO",
                        "indices": [
                            65,
                            88
                        ]
                    }
                ],
                "hashtags": []
            },
            "geo": null,
            "retweet_count": 11,
            "contributors": null,
            "text": "Hillary Clinton campaign to participate in recount in Wisconsin: https://t.co/1hrFDhG7gy https://t.co/OWmxiLtwR6",
            "possibly_sensitive": false,
            "id_str": "802953169978490880",
            "retweeted": false,
            "is_quote_status": false,
            "lang": "en"
        },
        {
            "place": null,
            "created_at": "Sun Nov 27 16:35:51 +0000 2016",
            "favorite_count": 9,
            "coordinates": null,
            "in_reply_to_status_id_str": null,
            "favorited": false,
            "source": "<a href=\"http://www.socialflow.com\" rel=\"nofollow\">SocialFlow</a>",
            "id": 802913840165814272,
            "in_reply_to_user_id": null,
            "in_reply_to_screen_name": null,
            "in_reply_to_user_id_str": null,
            "truncated": false,
            "in_reply_to_status_id": null,
            "extended_entities": {
                "media": [
                    {
                        "url": "https://t.co/7uPRZhyhc8",
                        "display_url": "pic.twitter.com/7uPRZhyhc8",
                        "media_url_https": "https://pbs.twimg.com/media/CySF4Z_W8AAfvhZ.jpg",
                        "id_str": "802913837674590208",
                        "type": "photo",
                        "indices": [
                            83,
                            106
                        ],
                        "sizes": {
                            "thumb": {
                                "w": 150,
                                "resize": "crop",
                                "h": 150
                            },
                            "large": {
                                "w": 960,
                                "resize": "fit",
                                "h": 640
                            },
                            "medium": {
                                "w": 960,
                                "resize": "fit",
                                "h": 640
                            },
                            "small": {
                                "w": 680,
                                "resize": "fit",
                                "h": 453
                            }
                        },
                        "expanded_url": "https://twitter.com/BostonGlobe/status/802913840165814272/photo/1",
                        "media_url": "http://pbs.twimg.com/media/CySF4Z_W8AAfvhZ.jpg",
                        "id": 802913837674590208
                    }
                ]
            },
            "user": {
                "screen_name": "BostonGlobe",
                "profile_background_image_url_https": "https://pbs.twimg.com/profile_background_images/378800000003877254/c79663e95d0e284ce165db703dffd474.jpeg",
                "profile_background_image_url": "http://pbs.twimg.com/profile_background_images/378800000003877254/c79663e95d0e284ce165db703dffd474.jpeg",
                "profile_banner_url": "https://pbs.twimg.com/profile_banners/95431448/1466441870",
                "protected": false,
                "is_translation_enabled": false,
                "utc_offset": -18000,
                "created_at": "Tue Dec 08 14:33:38 +0000 2009",
                "geo_enabled": true,
                "profile_background_color": "EDECE9",
                "url": "http://t.co/g2XphqdJIo",
                "has_extended_profile": false,
                "statuses_count": 206509,
                "notifications": false,
                "id": 95431448,
                "profile_use_background_image": true,
                "id_str": "95431448",
                "translator_type": "regular",
                "profile_text_color": "000000",
                "profile_link_color": "050505",
                "location": "Boston, MA",
                "listed_count": 9209,
                "description": "Boston and New England's leading source for breaking news and analysis, with coverage from across the world. Follow our journalists: https://t.co/KPOiZTQG87",
                "entities": {
                    "url": {
                        "urls": [
                            {
                                "url": "http://t.co/g2XphqdJIo",
                                "display_url": "bostonglobe.com",
                                "expanded_url": "http://bostonglobe.com",
                                "indices": [
                                    0,
                                    22
                                ]
                            }
                        ]
                    },
                    "description": {
                        "urls": [
                            {
                                "url": "https://t.co/KPOiZTQG87",
                                "display_url": "twitter.com/BostonGlobe/li\u2026",
                                "expanded_url": "https://twitter.com/BostonGlobe/lists/globe-journalists",
                                "indices": [
                                    133,
                                    156
                                ]
                            }
                        ]
                    }
                },
                "following": false,
                "default_profile_image": false,
                "followers_count": 562254,
                "is_translator": false,
                "profile_image_url_https": "https://pbs.twimg.com/profile_images/586570157734019072/Qxz1LIIM_normal.png",
                "favourites_count": 228,
                "time_zone": "Eastern Time (US & Canada)",
                "profile_sidebar_border_color": "FFFFFF",
                "default_profile": false,
                "friends_count": 1240,
                "contributors_enabled": false,
                "profile_image_url": "http://pbs.twimg.com/profile_images/586570157734019072/Qxz1LIIM_normal.png",
                "profile_background_tile": false,
                "verified": true,
                "profile_sidebar_fill_color": "FFFFFF",
                "follow_request_sent": false,
                "lang": "en",
                "name": "The Boston Globe"
            },
            "metadata": {
                "result_type": "recent",
                "iso_language_code": "en"
            },
            "entities": {
                "symbols": [],
                "media": [
                    {
                        "url": "https://t.co/7uPRZhyhc8",
                        "display_url": "pic.twitter.com/7uPRZhyhc8",
                        "media_url_https": "https://pbs.twimg.com/media/CySF4Z_W8AAfvhZ.jpg",
                        "id_str": "802913837674590208",
                        "type": "photo",
                        "indices": [
                            83,
                            106
                        ],
                        "sizes": {
                            "thumb": {
                                "w": 150,
                                "resize": "crop",
                                "h": 150
                            },
                            "large": {
                                "w": 960,
                                "resize": "fit",
                                "h": 640
                            },
                            "medium": {
                                "w": 960,
                                "resize": "fit",
                                "h": 640
                            },
                            "small": {
                                "w": 680,
                                "resize": "fit",
                                "h": 453
                            }
                        },
                        "expanded_url": "https://twitter.com/BostonGlobe/status/802913840165814272/photo/1",
                        "media_url": "http://pbs.twimg.com/media/CySF4Z_W8AAfvhZ.jpg",
                        "id": 802913837674590208
                    }
                ],
                "user_mentions": [],
                "urls": [
                    {
                        "url": "https://t.co/dWGsSdeWu3",
                        "display_url": "bos.gl/SeDAXlw",
                        "expanded_url": "http://bos.gl/SeDAXlw",
                        "indices": [
                            59,
                            82
                        ]
                    }
                ],
                "hashtags": []
            },
            "geo": null,
            "retweet_count": 4,
            "contributors": null,
            "text": "Trump criticizes recount and Clinton's participation in it https://t.co/dWGsSdeWu3 https://t.co/7uPRZhyhc8",
            "possibly_sensitive": false,
            "id_str": "802913840165814272",
            "retweeted": false,
            "is_quote_status": false,
            "lang": "en"
        },
        {
            "place": null,
            "created_at": "Sun Nov 27 12:59:56 +0000 2016",
            "favorite_count": 7,
            "coordinates": null,
            "in_reply_to_status_id_str": null,
            "favorited": false,
            "source": "<a href=\"http://www.socialflow.com\" rel=\"nofollow\">SocialFlow</a>",
            "id": 802859502118825984,
            "in_reply_to_user_id": null,
            "in_reply_to_screen_name": null,
            "in_reply_to_user_id_str": null,
            "truncated": false,
            "in_reply_to_status_id": null,
            "user": {
                "screen_name": "BostonGlobe",
                "profile_background_image_url_https": "https://pbs.twimg.com/profile_background_images/378800000003877254/c79663e95d0e284ce165db703dffd474.jpeg",
                "profile_background_image_url": "http://pbs.twimg.com/profile_background_images/378800000003877254/c79663e95d0e284ce165db703dffd474.jpeg",
                "profile_banner_url": "https://pbs.twimg.com/profile_banners/95431448/1466441870",
                "protected": false,
                "is_translation_enabled": false,
                "utc_offset": -18000,
                "created_at": "Tue Dec 08 14:33:38 +0000 2009",
                "geo_enabled": true,
                "profile_background_color": "EDECE9",
                "url": "http://t.co/g2XphqdJIo",
                "has_extended_profile": false,
                "statuses_count": 206509,
                "notifications": false,
                "id": 95431448,
                "profile_use_background_image": true,
                "id_str": "95431448",
                "translator_type": "regular",
                "profile_text_color": "000000",
                "profile_link_color": "050505",
                "location": "Boston, MA",
                "listed_count": 9209,
                "description": "Boston and New England's leading source for breaking news and analysis, with coverage from across the world. Follow our journalists: https://t.co/KPOiZTQG87",
                "entities": {
                    "url": {
                        "urls": [
                            {
                                "url": "http://t.co/g2XphqdJIo",
                                "display_url": "bostonglobe.com",
                                "expanded_url": "http://bostonglobe.com",
                                "indices": [
                                    0,
                                    22
                                ]
                            }
                        ]
                    },
                    "description": {
                        "urls": [
                            {
                                "url": "https://t.co/KPOiZTQG87",
                                "display_url": "twitter.com/BostonGlobe/li\u2026",
                                "expanded_url": "https://twitter.com/BostonGlobe/lists/globe-journalists",
                                "indices": [
                                    133,
                                    156
                                ]
                            }
                        ]
                    }
                },
                "following": false,
                "default_profile_image": false,
                "followers_count": 562254,
                "is_translator": false,
                "profile_image_url_https": "https://pbs.twimg.com/profile_images/586570157734019072/Qxz1LIIM_normal.png",
                "favourites_count": 228,
                "time_zone": "Eastern Time (US & Canada)",
                "profile_sidebar_border_color": "FFFFFF",
                "default_profile": false,
                "friends_count": 1240,
                "contributors_enabled": false,
                "profile_image_url": "http://pbs.twimg.com/profile_images/586570157734019072/Qxz1LIIM_normal.png",
                "profile_background_tile": false,
                "verified": true,
                "profile_sidebar_fill_color": "FFFFFF",
                "follow_request_sent": false,
                "lang": "en",
                "name": "The Boston Globe"
            },
            "metadata": {
                "result_type": "recent",
                "iso_language_code": "en"
            },
            "entities": {
                "symbols": [],
                "user_mentions": [],
                "urls": [
                    {
                        "url": "https://t.co/X5abmXRKs9",
                        "display_url": "bos.gl/KhXjsmR",
                        "expanded_url": "http://bos.gl/KhXjsmR",
                        "indices": [
                            68,
                            91
                        ]
                    }
                ],
                "hashtags": []
            },
            "geo": null,
            "retweet_count": 8,
            "contributors": null,
            "text": "Trump on Twitter: \u201cHillary Clinton conceded the election\u201d on Nov. 9 https://t.co/X5abmXRKs9",
            "possibly_sensitive": false,
            "id_str": "802859502118825984",
            "retweeted": false,
            "is_quote_status": false,
            "lang": "en"
        },
        {
            "place": null,
            "created_at": "Sun Nov 27 11:46:03 +0000 2016",
            "favorite_count": 4,
            "coordinates": null,
            "in_reply_to_status_id_str": null,
            "favorited": false,
            "source": "<a href=\"http://www.socialflow.com\" rel=\"nofollow\">SocialFlow</a>",
            "id": 802840907880001536,
            "in_reply_to_user_id": null,
            "in_reply_to_screen_name": null,
            "in_reply_to_user_id_str": null,
            "truncated": true,
            "in_reply_to_status_id": null,
            "user": {
                "screen_name": "BostonGlobe",
                "profile_background_image_url_https": "https://pbs.twimg.com/profile_background_images/378800000003877254/c79663e95d0e284ce165db703dffd474.jpeg",
                "profile_background_image_url": "http://pbs.twimg.com/profile_background_images/378800000003877254/c79663e95d0e284ce165db703dffd474.jpeg",
                "profile_banner_url": "https://pbs.twimg.com/profile_banners/95431448/1466441870",
                "protected": false,
                "is_translation_enabled": false,
                "utc_offset": -18000,
                "created_at": "Tue Dec 08 14:33:38 +0000 2009",
                "geo_enabled": true,
                "profile_background_color": "EDECE9",
                "url": "http://t.co/g2XphqdJIo",
                "has_extended_profile": false,
                "statuses_count": 206509,
                "notifications": false,
                "id": 95431448,
                "profile_use_background_image": true,
                "id_str": "95431448",
                "translator_type": "regular",
                "profile_text_color": "000000",
                "profile_link_color": "050505",
                "location": "Boston, MA",
                "listed_count": 9209,
                "description": "Boston and New England's leading source for breaking news and analysis, with coverage from across the world. Follow our journalists: https://t.co/KPOiZTQG87",
                "entities": {
                    "url": {
                        "urls": [
                            {
                                "url": "http://t.co/g2XphqdJIo",
                                "display_url": "bostonglobe.com",
                                "expanded_url": "http://bostonglobe.com",
                                "indices": [
                                    0,
                                    22
                                ]
                            }
                        ]
                    },
                    "description": {
                        "urls": [
                            {
                                "url": "https://t.co/KPOiZTQG87",
                                "display_url": "twitter.com/BostonGlobe/li\u2026",
                                "expanded_url": "https://twitter.com/BostonGlobe/lists/globe-journalists",
                                "indices": [
                                    133,
                                    156
                                ]
                            }
                        ]
                    }
                },
                "following": false,
                "default_profile_image": false,
                "followers_count": 562254,
                "is_translator": false,
                "profile_image_url_https": "https://pbs.twimg.com/profile_images/586570157734019072/Qxz1LIIM_normal.png",
                "favourites_count": 228,
                "time_zone": "Eastern Time (US & Canada)",
                "profile_sidebar_border_color": "FFFFFF",
                "default_profile": false,
                "friends_count": 1240,
                "contributors_enabled": false,
                "profile_image_url": "http://pbs.twimg.com/profile_images/586570157734019072/Qxz1LIIM_normal.png",
                "profile_background_tile": false,
                "verified": true,
                "profile_sidebar_fill_color": "FFFFFF",
                "follow_request_sent": false,
                "lang": "en",
                "name": "The Boston Globe"
            },
            "metadata": {
                "result_type": "recent",
                "iso_language_code": "en"
            },
            "entities": {
                "symbols": [],
                "user_mentions": [],
                "urls": [
                    {
                        "url": "https://t.co/KNMaoUTiPJ",
                        "display_url": "twitter.com/i/web/status/8\u2026",
                        "expanded_url": "https://twitter.com/i/web/status/802840907880001536",
                        "indices": [
                            117,
                            140
                        ]
                    }
                ],
                "hashtags": []
            },
            "geo": null,
            "retweet_count": 8,
            "contributors": null,
            "text": "Bella English: How do Hillary Clinton supporters deal with the Donald Trump people in their lives? (And vice versa)\u2026 https://t.co/KNMaoUTiPJ",
            "possibly_sensitive": false,
            "id_str": "802840907880001536",
            "retweeted": false,
            "is_quote_status": false,
            "lang": "en"
        }
    ],
    "search_metadata": {
        "query": "Hillary+OR+Clinton+from%3ABostonGlobe+since%3A2016-11-27+until%3A2016-11-28+filter%3Alinks+-%40BostonGlobe",
        "refresh_url": "?since_id=802953169978490880&q=Hillary%20OR%20Clinton%20from%3ABostonGlobe%20since%3A2016-11-27%20until%3A2016-11-28%20filter%3Alinks%20-%40BostonGlobe&include_entities=1",
        "max_id_str": "802953169978490880",
        "completed_in": 0.024,
        "since_id": 0,
        "since_id_str": "0",
        "max_id": 802953169978490880,
        "count": 100
    }
}