{
    "statuses": [
        {
            "place": null,
            "created_at": "Sun Nov 27 02:31:48 +0000 2016",
            "favorite_count": 29,
            "coordinates": null,
            "in_reply_to_status_id_str": null,
            "favorited": false,
            "source": "<a href=\"https://about.twitter.com/products/tweetdeck\" rel=\"nofollow\">TweetDeck</a>",
            "id": 802701428355633152,
            "in_reply_to_user_id": null,
            "in_reply_to_screen_name": null,
            "in_reply_to_user_id_str": null,
            "truncated": true,
            "in_reply_to_status_id": null,
            "user": {
                "screen_name": "chicagotribune",
                "profile_background_image_url_https": "https://pbs.twimg.com/profile_background_images/585532601131110400/8tDplQzV.jpg",
                "profile_background_image_url": "http://pbs.twimg.com/profile_background_images/585532601131110400/8tDplQzV.jpg",
                "profile_banner_url": "https://pbs.twimg.com/profile_banners/7313362/1479647725",
                "protected": false,
                "is_translation_enabled": false,
                "utc_offset": -21600,
                "created_at": "Sat Jul 07 14:10:07 +0000 2007",
                "geo_enabled": false,
                "profile_background_color": "E1E1E1",
                "url": "https://t.co/gaVbUBEf0t",
                "has_extended_profile": false,
                "statuses_count": 112944,
                "notifications": false,
                "id": 7313362,
                "profile_use_background_image": false,
                "id_str": "7313362",
                "translator_type": "regular",
                "profile_text_color": "414141",
                "profile_link_color": "336699",
                "location": "Chicago, IL",
                "listed_count": 10271,
                "description": "Chicago Tribune news, features and so much more live from our newsroom. A part of your life since 1847.",
                "entities": {
                    "url": {
                        "urls": [
                            {
                                "url": "https://t.co/gaVbUBEf0t",
                                "display_url": "chicagotribune.com",
                                "expanded_url": "http://chicagotribune.com",
                                "indices": [
                                    0,
                                    23
                                ]
                            }
                        ]
                    },
                    "description": {
                        "urls": []
                    }
                },
                "following": true,
                "default_profile_image": false,
                "followers_count": 743080,
                "is_translator": false,
                "profile_image_url_https": "https://pbs.twimg.com/profile_images/497063779952099328/kwXnsWCE_normal.jpeg",
                "favourites_count": 300,
                "time_zone": "Central Time (US & Canada)",
                "profile_sidebar_border_color": "FFFFFF",
                "default_profile": false,
                "friends_count": 751,
                "contributors_enabled": false,
                "profile_image_url": "http://pbs.twimg.com/profile_images/497063779952099328/kwXnsWCE_normal.jpeg",
                "profile_background_tile": false,
                "verified": true,
                "profile_sidebar_fill_color": "E8F3F7",
                "follow_request_sent": false,
                "lang": "en",
                "name": "Chicago Tribune"
            },
            "metadata": {
                "result_type": "recent",
                "iso_language_code": "en"
            },
            "entities": {
                "symbols": [],
                "user_mentions": [],
                "urls": [
                    {
                        "url": "https://t.co/jN06qsxcjL",
                        "display_url": "twitter.com/i/web/status/8\u2026",
                        "expanded_url": "https://twitter.com/i/web/status/802701428355633152",
                        "indices": [
                            98,
                            121
                        ]
                    }
                ],
                "hashtags": []
            },
            "geo": null,
            "retweet_count": 16,
            "contributors": null,
            "text": "Can electors vote for Hillary Clinton rather than Donald Trump? How the Electoral College works:\u2026 https://t.co/jN06qsxcjL",
            "possibly_sensitive": false,
            "id_str": "802701428355633152",
            "retweeted": false,
            "is_quote_status": false,
            "lang": "en"
        }
    ],
    "search_metadata": {
        "query": "Hillary+OR+Clinton+from%3Achicagotribune+since%3A2016-11-27+until%3A2016-11-28+filter%3Alinks+-%40chicagotribune",
        "refresh_url": "?since_id=802701428355633152&q=Hillary%20OR%20Clinton%20from%3Achicagotribune%20since%3A2016-11-27%20until%3A2016-11-28%20filter%3Alinks%20-%40chicagotribune&include_entities=1",
        "max_id_str": "802701428355633152",
        "completed_in": 0.022,
        "since_id": 0,
        "since_id_str": "0",
        "max_id": 802701428355633152,
        "count": 100
    }
}