{
    "statuses": [
        {
            "place": null,
            "created_at": "Sun Nov 27 03:05:15 +0000 2016",
            "favorite_count": 4,
            "coordinates": null,
            "in_reply_to_status_id_str": null,
            "favorited": false,
            "source": "<a href=\"http://www.socialnewsdesk.com\" rel=\"nofollow\">SocialNewsDesk</a>",
            "id": 802709845417881600,
            "in_reply_to_user_id": null,
            "in_reply_to_screen_name": null,
            "in_reply_to_user_id_str": null,
            "truncated": false,
            "in_reply_to_status_id": null,
            "extended_entities": {
                "media": [
                    {
                        "url": "https://t.co/sFToAJNsTA",
                        "display_url": "pic.twitter.com/sFToAJNsTA",
                        "media_url_https": "https://pbs.twimg.com/media/CyPMWYiXEAAfOA-.jpg",
                        "id_str": "802709843517837312",
                        "type": "photo",
                        "indices": [
                            95,
                            118
                        ],
                        "sizes": {
                            "thumb": {
                                "w": 150,
                                "resize": "crop",
                                "h": 150
                            },
                            "large": {
                                "w": 620,
                                "resize": "fit",
                                "h": 413
                            },
                            "medium": {
                                "w": 620,
                                "resize": "fit",
                                "h": 413
                            },
                            "small": {
                                "w": 620,
                                "resize": "fit",
                                "h": 413
                            }
                        },
                        "expanded_url": "https://twitter.com/csgazette/status/802709845417881600/photo/1",
                        "media_url": "http://pbs.twimg.com/media/CyPMWYiXEAAfOA-.jpg",
                        "id": 802709843517837312
                    }
                ]
            },
            "user": {
                "screen_name": "csgazette",
                "profile_background_image_url_https": "https://abs.twimg.com/images/themes/theme14/bg.gif",
                "profile_background_image_url": "http://abs.twimg.com/images/themes/theme14/bg.gif",
                "profile_banner_url": "https://pbs.twimg.com/profile_banners/12837932/1432672048",
                "protected": false,
                "is_translation_enabled": false,
                "utc_offset": -25200,
                "created_at": "Tue Jan 29 17:46:48 +0000 2008",
                "geo_enabled": true,
                "profile_background_color": "131516",
                "url": "http://t.co/wQTvR4mDC8",
                "has_extended_profile": false,
                "statuses_count": 124198,
                "notifications": false,
                "id": 12837932,
                "profile_use_background_image": true,
                "id_str": "12837932",
                "translator_type": "none",
                "profile_text_color": "333333",
                "profile_link_color": "009999",
                "location": "Colorado Springs",
                "listed_count": 1048,
                "description": "2014 Pulitzer Prize winner and #Colorado's second-largest newspaper, delivering the news from #COSprings. News tips:  https://t.co/oysvESA2t5",
                "entities": {
                    "url": {
                        "urls": [
                            {
                                "url": "http://t.co/wQTvR4mDC8",
                                "display_url": "gazette.com",
                                "expanded_url": "http://www.gazette.com",
                                "indices": [
                                    0,
                                    22
                                ]
                            }
                        ]
                    },
                    "description": {
                        "urls": [
                            {
                                "url": "https://t.co/oysvESA2t5",
                                "display_url": "gazette.com/newstip",
                                "expanded_url": "http://gazette.com/newstip",
                                "indices": [
                                    118,
                                    141
                                ]
                            }
                        ]
                    }
                },
                "following": false,
                "default_profile_image": false,
                "followers_count": 48456,
                "is_translator": false,
                "profile_image_url_https": "https://pbs.twimg.com/profile_images/704378890030952448/qDdbY0RO_normal.jpg",
                "favourites_count": 466,
                "time_zone": "Mountain Time (US & Canada)",
                "profile_sidebar_border_color": "FFFFFF",
                "default_profile": false,
                "friends_count": 2851,
                "contributors_enabled": false,
                "profile_image_url": "http://pbs.twimg.com/profile_images/704378890030952448/qDdbY0RO_normal.jpg",
                "profile_background_tile": true,
                "verified": true,
                "profile_sidebar_fill_color": "EFEFEF",
                "follow_request_sent": false,
                "lang": "en",
                "name": "The Gazette"
            },
            "metadata": {
                "result_type": "recent",
                "iso_language_code": "en"
            },
            "entities": {
                "symbols": [],
                "media": [
                    {
                        "url": "https://t.co/sFToAJNsTA",
                        "display_url": "pic.twitter.com/sFToAJNsTA",
                        "media_url_https": "https://pbs.twimg.com/media/CyPMWYiXEAAfOA-.jpg",
                        "id_str": "802709843517837312",
                        "type": "photo",
                        "indices": [
                            95,
                            118
                        ],
                        "sizes": {
                            "thumb": {
                                "w": 150,
                                "resize": "crop",
                                "h": 150
                            },
                            "large": {
                                "w": 620,
                                "resize": "fit",
                                "h": 413
                            },
                            "medium": {
                                "w": 620,
                                "resize": "fit",
                                "h": 413
                            },
                            "small": {
                                "w": 620,
                                "resize": "fit",
                                "h": 413
                            }
                        },
                        "expanded_url": "https://twitter.com/csgazette/status/802709845417881600/photo/1",
                        "media_url": "http://pbs.twimg.com/media/CyPMWYiXEAAfOA-.jpg",
                        "id": 802709843517837312
                    }
                ],
                "user_mentions": [],
                "urls": [
                    {
                        "url": "https://t.co/o1L7OThe4l",
                        "display_url": "gazette.com/article/1591032",
                        "expanded_url": "http://gazette.com/article/1591032",
                        "indices": [
                            71,
                            94
                        ]
                    }
                ],
                "hashtags": []
            },
            "geo": null,
            "retweet_count": 4,
            "contributors": null,
            "text": "Clinton campaign decides to participate in ballot recount in Wisconsin https://t.co/o1L7OThe4l https://t.co/sFToAJNsTA",
            "possibly_sensitive": false,
            "id_str": "802709845417881600",
            "retweeted": false,
            "is_quote_status": false,
            "lang": "en"
        }
    ],
    "search_metadata": {
        "query": "Hillary+OR+Clinton+from%3Acsgazette+since%3A2016-11-27+until%3A2016-11-28+filter%3Alinks+-%40csgazette",
        "refresh_url": "?since_id=802709845417881600&q=Hillary%20OR%20Clinton%20from%3Acsgazette%20since%3A2016-11-27%20until%3A2016-11-28%20filter%3Alinks%20-%40csgazette&include_entities=1",
        "max_id_str": "802709845417881600",
        "completed_in": 0.018,
        "since_id": 0,
        "since_id_str": "0",
        "max_id": 802709845417881600,
        "count": 100
    }
}