{
    "statuses": [
        {
            "place": null,
            "created_at": "Sun Nov 27 05:00:01 +0000 2016",
            "favorite_count": 21,
            "coordinates": null,
            "in_reply_to_status_id_str": null,
            "favorited": false,
            "source": "<a href=\"https://about.twitter.com/products/tweetdeck\" rel=\"nofollow\">TweetDeck</a>",
            "id": 802738727072079876,
            "in_reply_to_user_id": null,
            "in_reply_to_screen_name": null,
            "in_reply_to_user_id_str": null,
            "truncated": false,
            "in_reply_to_status_id": null,
            "extended_entities": {
                "media": [
                    {
                        "url": "https://t.co/P35HF2hcmU",
                        "display_url": "pic.twitter.com/P35HF2hcmU",
                        "media_url_https": "https://pbs.twimg.com/media/CyPAKzYUUAAeyqe.jpg",
                        "id_str": "802696450425507840",
                        "type": "photo",
                        "indices": [
                            87,
                            110
                        ],
                        "sizes": {
                            "thumb": {
                                "w": 150,
                                "resize": "crop",
                                "h": 150
                            },
                            "large": {
                                "w": 795,
                                "resize": "fit",
                                "h": 530
                            },
                            "medium": {
                                "w": 795,
                                "resize": "fit",
                                "h": 530
                            },
                            "small": {
                                "w": 680,
                                "resize": "fit",
                                "h": 453
                            }
                        },
                        "expanded_url": "https://twitter.com/denverpost/status/802738727072079876/photo/1",
                        "media_url": "http://pbs.twimg.com/media/CyPAKzYUUAAeyqe.jpg",
                        "id": 802696450425507840
                    }
                ]
            },
            "user": {
                "screen_name": "denverpost",
                "profile_background_image_url_https": "https://pbs.twimg.com/profile_background_images/601920030/usz02cw4o5h6j9wgkdca.jpeg",
                "profile_background_image_url": "http://pbs.twimg.com/profile_background_images/601920030/usz02cw4o5h6j9wgkdca.jpeg",
                "profile_banner_url": "https://pbs.twimg.com/profile_banners/8216772/1398475184",
                "protected": false,
                "is_translation_enabled": false,
                "utc_offset": -25200,
                "created_at": "Thu Aug 16 04:20:09 +0000 2007",
                "geo_enabled": true,
                "profile_background_color": "000000",
                "url": "http://t.co/HvDYiwfHFX",
                "has_extended_profile": true,
                "statuses_count": 143902,
                "notifications": false,
                "id": 8216772,
                "profile_use_background_image": true,
                "id_str": "8216772",
                "translator_type": "regular",
                "profile_text_color": "626262",
                "profile_link_color": "257DDB",
                "location": "Denver, CO",
                "listed_count": 5488,
                "description": "Colorado's source for breaking news and information. Tweets by @francieswidler @kourtneygeers @ericjlubbers @danielpetty. Send tips here or tips@denverpost.com.",
                "entities": {
                    "url": {
                        "urls": [
                            {
                                "url": "http://t.co/HvDYiwfHFX",
                                "display_url": "denverpost.com",
                                "expanded_url": "http://www.denverpost.com/",
                                "indices": [
                                    0,
                                    22
                                ]
                            }
                        ]
                    },
                    "description": {
                        "urls": []
                    }
                },
                "following": false,
                "default_profile_image": false,
                "followers_count": 304608,
                "is_translator": false,
                "profile_image_url_https": "https://pbs.twimg.com/profile_images/696779704150335488/yF8sCXSN_normal.jpg",
                "favourites_count": 1131,
                "time_zone": "Mountain Time (US & Canada)",
                "profile_sidebar_border_color": "000000",
                "default_profile": false,
                "friends_count": 631,
                "contributors_enabled": false,
                "profile_image_url": "http://pbs.twimg.com/profile_images/696779704150335488/yF8sCXSN_normal.jpg",
                "profile_background_tile": false,
                "verified": true,
                "profile_sidebar_fill_color": "003459",
                "follow_request_sent": false,
                "lang": "en",
                "name": "The Denver Post"
            },
            "metadata": {
                "result_type": "recent",
                "iso_language_code": "en"
            },
            "entities": {
                "symbols": [],
                "media": [
                    {
                        "url": "https://t.co/P35HF2hcmU",
                        "display_url": "pic.twitter.com/P35HF2hcmU",
                        "media_url_https": "https://pbs.twimg.com/media/CyPAKzYUUAAeyqe.jpg",
                        "id_str": "802696450425507840",
                        "type": "photo",
                        "indices": [
                            87,
                            110
                        ],
                        "sizes": {
                            "thumb": {
                                "w": 150,
                                "resize": "crop",
                                "h": 150
                            },
                            "large": {
                                "w": 795,
                                "resize": "fit",
                                "h": 530
                            },
                            "medium": {
                                "w": 795,
                                "resize": "fit",
                                "h": 530
                            },
                            "small": {
                                "w": 680,
                                "resize": "fit",
                                "h": 453
                            }
                        },
                        "expanded_url": "https://twitter.com/denverpost/status/802738727072079876/photo/1",
                        "media_url": "http://pbs.twimg.com/media/CyPAKzYUUAAeyqe.jpg",
                        "id": 802696450425507840
                    }
                ],
                "user_mentions": [],
                "urls": [
                    {
                        "url": "https://t.co/BB1vZVxfjG",
                        "display_url": "dpo.st/2gy5f7Y",
                        "expanded_url": "http://dpo.st/2gy5f7Y",
                        "indices": [
                            63,
                            86
                        ]
                    }
                ],
                "hashtags": []
            },
            "geo": null,
            "retweet_count": 3,
            "contributors": null,
            "text": "Hillary Clinton campaign will participate in Wisconsin recount\nhttps://t.co/BB1vZVxfjG https://t.co/P35HF2hcmU",
            "possibly_sensitive": false,
            "id_str": "802738727072079876",
            "retweeted": false,
            "is_quote_status": false,
            "lang": "en"
        }
    ],
    "search_metadata": {
        "query": "Hillary+OR+Clinton+from%3Adenverpost+since%3A2016-11-27+until%3A2016-11-28+filter%3Alinks+-%40denverpost",
        "refresh_url": "?since_id=802738727072079876&q=Hillary%20OR%20Clinton%20from%3Adenverpost%20since%3A2016-11-27%20until%3A2016-11-28%20filter%3Alinks%20-%40denverpost&include_entities=1",
        "max_id_str": "802738727072079876",
        "completed_in": 0.05,
        "since_id": 0,
        "since_id_str": "0",
        "max_id": 802738727072079876,
        "count": 100
    }
}