{
    "statuses": [
        {
            "place": null,
            "created_at": "Sun Nov 27 23:45:04 +0000 2016",
            "favorite_count": 23,
            "coordinates": null,
            "in_reply_to_status_id_str": null,
            "favorited": false,
            "source": "<a href=\"http://www.hootsuite.com\" rel=\"nofollow\">Hootsuite</a>",
            "id": 803021857511374848,
            "in_reply_to_user_id": null,
            "in_reply_to_screen_name": null,
            "in_reply_to_user_id_str": null,
            "truncated": false,
            "in_reply_to_status_id": null,
            "user": {
                "screen_name": "freep",
                "profile_background_image_url_https": "https://pbs.twimg.com/profile_background_images/662745333/ua0fr1vxqje8dgtrwv5x.jpeg",
                "profile_background_image_url": "http://pbs.twimg.com/profile_background_images/662745333/ua0fr1vxqje8dgtrwv5x.jpeg",
                "profile_banner_url": "https://pbs.twimg.com/profile_banners/8795772/1406564135",
                "protected": false,
                "is_translation_enabled": false,
                "utc_offset": -18000,
                "created_at": "Mon Sep 10 21:42:21 +0000 2007",
                "geo_enabled": true,
                "profile_background_color": "496595",
                "url": "http://t.co/QaxDeaxx0H",
                "has_extended_profile": false,
                "statuses_count": 153013,
                "notifications": false,
                "id": 8795772,
                "profile_use_background_image": true,
                "id_str": "8795772",
                "translator_type": "none",
                "profile_text_color": "000000",
                "profile_link_color": "5678A3",
                "location": "Detroit",
                "listed_count": 4178,
                "description": "News from Detroit. w/@aetmanshuschka, @Ash_Detroit @BrianManzullo, @lissa218 and the @Freep web team",
                "entities": {
                    "url": {
                        "urls": [
                            {
                                "url": "http://t.co/QaxDeaxx0H",
                                "display_url": "freep.com",
                                "expanded_url": "http://www.freep.com",
                                "indices": [
                                    0,
                                    22
                                ]
                            }
                        ]
                    },
                    "description": {
                        "urls": []
                    }
                },
                "following": false,
                "default_profile_image": false,
                "followers_count": 312315,
                "is_translator": false,
                "profile_image_url_https": "https://pbs.twimg.com/profile_images/765605644254707712/MxgZ4fRN_normal.jpg",
                "favourites_count": 3974,
                "time_zone": "Eastern Time (US & Canada)",
                "profile_sidebar_border_color": "FFFFFF",
                "default_profile": false,
                "friends_count": 3551,
                "contributors_enabled": false,
                "profile_image_url": "http://pbs.twimg.com/profile_images/765605644254707712/MxgZ4fRN_normal.jpg",
                "profile_background_tile": true,
                "verified": true,
                "profile_sidebar_fill_color": "FFFFFF",
                "follow_request_sent": false,
                "lang": "en",
                "name": "Detroit Free Press"
            },
            "metadata": {
                "result_type": "recent",
                "iso_language_code": "en"
            },
            "entities": {
                "symbols": [],
                "user_mentions": [
                    {
                        "screen_name": "realDonaldTrump",
                        "indices": [
                            18,
                            34
                        ],
                        "id": 25073877,
                        "id_str": "25073877",
                        "name": "Donald J. Trump"
                    }
                ],
                "urls": [
                    {
                        "url": "https://t.co/eYWUELLJAz",
                        "display_url": "on.freep.com/2gwcPlW",
                        "expanded_url": "http://on.freep.com/2gwcPlW",
                        "indices": [
                            62,
                            85
                        ]
                    }
                ],
                "hashtags": []
            },
            "geo": null,
            "retweet_count": 17,
            "contributors": null,
            "text": "Without evidence, @realDonaldTrump makes illegal voting claim https://t.co/eYWUELLJAz",
            "possibly_sensitive": false,
            "id_str": "803021857511374848",
            "retweeted": false,
            "is_quote_status": false,
            "lang": "en"
        },
        {
            "place": null,
            "created_at": "Sun Nov 27 01:30:13 +0000 2016",
            "favorite_count": 20,
            "coordinates": null,
            "in_reply_to_status_id_str": null,
            "favorited": false,
            "source": "<a href=\"http://www.hootsuite.com\" rel=\"nofollow\">Hootsuite</a>",
            "id": 802685928204632065,
            "in_reply_to_user_id": null,
            "in_reply_to_screen_name": null,
            "in_reply_to_user_id_str": null,
            "truncated": false,
            "in_reply_to_status_id": null,
            "user": {
                "screen_name": "freep",
                "profile_background_image_url_https": "https://pbs.twimg.com/profile_background_images/662745333/ua0fr1vxqje8dgtrwv5x.jpeg",
                "profile_background_image_url": "http://pbs.twimg.com/profile_background_images/662745333/ua0fr1vxqje8dgtrwv5x.jpeg",
                "profile_banner_url": "https://pbs.twimg.com/profile_banners/8795772/1406564135",
                "protected": false,
                "is_translation_enabled": false,
                "utc_offset": -18000,
                "created_at": "Mon Sep 10 21:42:21 +0000 2007",
                "geo_enabled": true,
                "profile_background_color": "496595",
                "url": "http://t.co/QaxDeaxx0H",
                "has_extended_profile": false,
                "statuses_count": 153013,
                "notifications": false,
                "id": 8795772,
                "profile_use_background_image": true,
                "id_str": "8795772",
                "translator_type": "none",
                "profile_text_color": "000000",
                "profile_link_color": "5678A3",
                "location": "Detroit",
                "listed_count": 4178,
                "description": "News from Detroit. w/@aetmanshuschka, @Ash_Detroit @BrianManzullo, @lissa218 and the @Freep web team",
                "entities": {
                    "url": {
                        "urls": [
                            {
                                "url": "http://t.co/QaxDeaxx0H",
                                "display_url": "freep.com",
                                "expanded_url": "http://www.freep.com",
                                "indices": [
                                    0,
                                    22
                                ]
                            }
                        ]
                    },
                    "description": {
                        "urls": []
                    }
                },
                "following": false,
                "default_profile_image": false,
                "followers_count": 312315,
                "is_translator": false,
                "profile_image_url_https": "https://pbs.twimg.com/profile_images/765605644254707712/MxgZ4fRN_normal.jpg",
                "favourites_count": 3974,
                "time_zone": "Eastern Time (US & Canada)",
                "profile_sidebar_border_color": "FFFFFF",
                "default_profile": false,
                "friends_count": 3551,
                "contributors_enabled": false,
                "profile_image_url": "http://pbs.twimg.com/profile_images/765605644254707712/MxgZ4fRN_normal.jpg",
                "profile_background_tile": true,
                "verified": true,
                "profile_sidebar_fill_color": "FFFFFF",
                "follow_request_sent": false,
                "lang": "en",
                "name": "Detroit Free Press"
            },
            "metadata": {
                "result_type": "recent",
                "iso_language_code": "en"
            },
            "entities": {
                "symbols": [],
                "user_mentions": [],
                "urls": [
                    {
                        "url": "https://t.co/qc10NTDyMQ",
                        "display_url": "on.freep.com/2gKVZjG",
                        "expanded_url": "http://on.freep.com/2gKVZjG",
                        "indices": [
                            57,
                            80
                        ]
                    }
                ],
                "hashtags": []
            },
            "geo": null,
            "retweet_count": 8,
            "contributors": null,
            "text": "Clinton campaign to participate in Wis. election recount https://t.co/qc10NTDyMQ",
            "possibly_sensitive": false,
            "id_str": "802685928204632065",
            "retweeted": false,
            "is_quote_status": false,
            "lang": "en"
        }
    ],
    "search_metadata": {
        "query": "Hillary+OR+Clinton+from%3Afreep+since%3A2016-11-27+until%3A2016-11-28+filter%3Alinks+-%40freep",
        "refresh_url": "?since_id=803021857511374848&q=Hillary%20OR%20Clinton%20from%3Afreep%20since%3A2016-11-27%20until%3A2016-11-28%20filter%3Alinks%20-%40freep&include_entities=1",
        "max_id_str": "803021857511374848",
        "completed_in": 0.027,
        "since_id": 0,
        "since_id_str": "0",
        "max_id": 803021857511374848,
        "count": 100
    }
}