{
    "search_metadata": {
        "since_id_str": "0",
        "refresh_url": "?since_id=803461562493071360&q=Hillary%20OR%20Clinton%20from%3AGbrValleyWV%20since%3A2016-11-27%20until%3A2016-11-28%20filter%3Alinks%20-%40GbrValleyWV&include_entities=1",
        "query": "Hillary+OR+Clinton+from%3AGbrValleyWV+since%3A2016-11-27+until%3A2016-11-28+filter%3Alinks+-%40GbrValleyWV",
        "max_id_str": "803461562493071360",
        "max_id": 803461562493071360,
        "since_id": 0,
        "count": 100,
        "completed_in": 0.046
    },
    "statuses": []
}