{
    "statuses": [
        {
            "place": null,
            "created_at": "Sun Nov 27 10:05:06 +0000 2016",
            "favorite_count": 0,
            "coordinates": null,
            "in_reply_to_status_id_str": null,
            "favorited": false,
            "source": "<a href=\"http://trueanthem.com/\" rel=\"nofollow\">trueAnthem</a>",
            "id": 802815506310840320,
            "in_reply_to_user_id": null,
            "in_reply_to_screen_name": null,
            "in_reply_to_user_id_str": null,
            "truncated": false,
            "in_reply_to_status_id": null,
            "extended_entities": {
                "media": [
                    {
                        "url": "https://t.co/UeKzCwUPE5",
                        "display_url": "pic.twitter.com/UeKzCwUPE5",
                        "media_url_https": "https://pbs.twimg.com/media/CyQscpNUcAA8bRk.jpg",
                        "id_str": "802815504188469248",
                        "type": "photo",
                        "indices": [
                            73,
                            96
                        ],
                        "sizes": {
                            "thumb": {
                                "w": 150,
                                "resize": "crop",
                                "h": 150
                            },
                            "large": {
                                "w": 940,
                                "resize": "fit",
                                "h": 405
                            },
                            "medium": {
                                "w": 940,
                                "resize": "fit",
                                "h": 405
                            },
                            "small": {
                                "w": 680,
                                "resize": "fit",
                                "h": 293
                            }
                        },
                        "expanded_url": "https://twitter.com/hartfordcourant/status/802815506310840320/photo/1",
                        "media_url": "http://pbs.twimg.com/media/CyQscpNUcAA8bRk.jpg",
                        "id": 802815504188469248
                    }
                ]
            },
            "user": {
                "screen_name": "hartfordcourant",
                "profile_background_image_url_https": "https://pbs.twimg.com/profile_background_images/657619393/9pyq4ao5jtn1ddn6p3zv.jpeg",
                "profile_background_image_url": "http://pbs.twimg.com/profile_background_images/657619393/9pyq4ao5jtn1ddn6p3zv.jpeg",
                "profile_banner_url": "https://pbs.twimg.com/profile_banners/14708814/1443623785",
                "protected": false,
                "is_translation_enabled": false,
                "utc_offset": -18000,
                "created_at": "Fri May 09 02:36:46 +0000 2008",
                "geo_enabled": true,
                "profile_background_color": "EBEBEB",
                "url": "http://t.co/3x1eSPbscs",
                "has_extended_profile": false,
                "statuses_count": 83404,
                "notifications": false,
                "id": 14708814,
                "profile_use_background_image": true,
                "id_str": "14708814",
                "translator_type": "none",
                "profile_text_color": "333333",
                "profile_link_color": "990000",
                "location": "Hartford, Connecticut",
                "listed_count": 1644,
                "description": "Connecticut breaking news, sports and politics from the state's largest newsroom and America's oldest continuously published newspaper.",
                "entities": {
                    "url": {
                        "urls": [
                            {
                                "url": "http://t.co/3x1eSPbscs",
                                "display_url": "courant.com",
                                "expanded_url": "http://www.courant.com",
                                "indices": [
                                    0,
                                    22
                                ]
                            }
                        ]
                    },
                    "description": {
                        "urls": []
                    }
                },
                "following": false,
                "default_profile_image": false,
                "followers_count": 113474,
                "is_translator": false,
                "profile_image_url_https": "https://pbs.twimg.com/profile_images/486872619036057600/yJuA5kD3_normal.png",
                "favourites_count": 1,
                "time_zone": "Eastern Time (US & Canada)",
                "profile_sidebar_border_color": "FFFFFF",
                "default_profile": false,
                "friends_count": 2278,
                "contributors_enabled": false,
                "profile_image_url": "http://pbs.twimg.com/profile_images/486872619036057600/yJuA5kD3_normal.png",
                "profile_background_tile": false,
                "verified": true,
                "profile_sidebar_fill_color": "F3F3F3",
                "follow_request_sent": false,
                "lang": "en",
                "name": "Hartford Courant"
            },
            "metadata": {
                "result_type": "recent",
                "iso_language_code": "en"
            },
            "entities": {
                "symbols": [],
                "media": [
                    {
                        "url": "https://t.co/UeKzCwUPE5",
                        "display_url": "pic.twitter.com/UeKzCwUPE5",
                        "media_url_https": "https://pbs.twimg.com/media/CyQscpNUcAA8bRk.jpg",
                        "id_str": "802815504188469248",
                        "type": "photo",
                        "indices": [
                            73,
                            96
                        ],
                        "sizes": {
                            "thumb": {
                                "w": 150,
                                "resize": "crop",
                                "h": 150
                            },
                            "large": {
                                "w": 940,
                                "resize": "fit",
                                "h": 405
                            },
                            "medium": {
                                "w": 940,
                                "resize": "fit",
                                "h": 405
                            },
                            "small": {
                                "w": 680,
                                "resize": "fit",
                                "h": 293
                            }
                        },
                        "expanded_url": "https://twitter.com/hartfordcourant/status/802815506310840320/photo/1",
                        "media_url": "http://pbs.twimg.com/media/CyQscpNUcAA8bRk.jpg",
                        "id": 802815504188469248
                    }
                ],
                "user_mentions": [],
                "urls": [
                    {
                        "url": "https://t.co/v6mGFAC6nV",
                        "display_url": "cour.at/2guvEWQ",
                        "expanded_url": "http://cour.at/2guvEWQ",
                        "indices": [
                            49,
                            72
                        ]
                    }
                ],
                "hashtags": []
            },
            "geo": null,
            "retweet_count": 1,
            "contributors": null,
            "text": "25 Cars Burglarized, 3 Stolen From Clinton Sites https://t.co/v6mGFAC6nV https://t.co/UeKzCwUPE5",
            "possibly_sensitive": false,
            "id_str": "802815506310840320",
            "retweeted": false,
            "is_quote_status": false,
            "lang": "en"
        }
    ],
    "search_metadata": {
        "query": "Hillary+OR+Clinton+from%3Ahartfordcourant+since%3A2016-11-27+until%3A2016-11-28+filter%3Alinks+-%40hartfordcourant",
        "refresh_url": "?since_id=802815506310840320&q=Hillary%20OR%20Clinton%20from%3Ahartfordcourant%20since%3A2016-11-27%20until%3A2016-11-28%20filter%3Alinks%20-%40hartfordcourant&include_entities=1",
        "max_id_str": "802815506310840320",
        "completed_in": 0.045,
        "since_id": 0,
        "since_id_str": "0",
        "max_id": 802815506310840320,
        "count": 100
    }
}