{
    "statuses": [
        {
            "place": null,
            "created_at": "Sun Nov 27 02:00:00 +0000 2016",
            "favorite_count": 2,
            "coordinates": null,
            "in_reply_to_status_id_str": null,
            "favorited": false,
            "source": "<a href=\"https://about.twitter.com/products/tweetdeck\" rel=\"nofollow\">TweetDeck</a>",
            "id": 802693426445746176,
            "in_reply_to_user_id": null,
            "in_reply_to_screen_name": null,
            "in_reply_to_user_id_str": null,
            "truncated": false,
            "in_reply_to_status_id": null,
            "user": {
                "screen_name": "IdahoStatesman",
                "profile_background_image_url_https": "https://pbs.twimg.com/profile_background_images/378800000085631847/7f0fc665468aa18cb5f8a9e188dc3234.jpeg",
                "profile_background_image_url": "http://pbs.twimg.com/profile_background_images/378800000085631847/7f0fc665468aa18cb5f8a9e188dc3234.jpeg",
                "profile_banner_url": "https://pbs.twimg.com/profile_banners/8980312/1360787921",
                "protected": false,
                "is_translation_enabled": false,
                "utc_offset": -25200,
                "created_at": "Wed Sep 19 18:56:13 +0000 2007",
                "geo_enabled": false,
                "profile_background_color": "344A7D",
                "url": "http://t.co/706zMrpryW",
                "has_extended_profile": false,
                "statuses_count": 70588,
                "notifications": false,
                "id": 8980312,
                "profile_use_background_image": true,
                "id_str": "8980312",
                "translator_type": "none",
                "profile_text_color": "000000",
                "profile_link_color": "537687",
                "location": "Boise, Idaho, USA",
                "listed_count": 963,
                "description": "The Idaho Statesman newspaper is your #1 source for news, sports, outdoors, business, traffic, & more for Boise, Meridian, Eagle, Nampa, Idaho.",
                "entities": {
                    "url": {
                        "urls": [
                            {
                                "url": "http://t.co/706zMrpryW",
                                "display_url": "idahostatesman.com",
                                "expanded_url": "http://www.idahostatesman.com",
                                "indices": [
                                    0,
                                    22
                                ]
                            }
                        ]
                    },
                    "description": {
                        "urls": []
                    }
                },
                "following": false,
                "default_profile_image": false,
                "followers_count": 57570,
                "is_translator": false,
                "profile_image_url_https": "https://pbs.twimg.com/profile_images/716333844366884864/ZO_uXpzm_normal.jpg",
                "favourites_count": 836,
                "time_zone": "Mountain Time (US & Canada)",
                "profile_sidebar_border_color": "FFFFFF",
                "default_profile": false,
                "friends_count": 3302,
                "contributors_enabled": false,
                "profile_image_url": "http://pbs.twimg.com/profile_images/716333844366884864/ZO_uXpzm_normal.jpg",
                "profile_background_tile": false,
                "verified": true,
                "profile_sidebar_fill_color": "D2D9DF",
                "follow_request_sent": false,
                "lang": "en",
                "name": "Idaho Statesman"
            },
            "metadata": {
                "result_type": "recent",
                "iso_language_code": "en"
            },
            "entities": {
                "symbols": [],
                "user_mentions": [],
                "urls": [
                    {
                        "url": "https://t.co/XxYUauX3rs",
                        "display_url": "bit.ly/2fQSHHS",
                        "expanded_url": "http://bit.ly/2fQSHHS",
                        "indices": [
                            93,
                            116
                        ]
                    },
                    {
                        "url": "https://t.co/FY9fhjdbgU",
                        "display_url": "bit.ly/2fQUFYF",
                        "expanded_url": "http://bit.ly/2fQUFYF",
                        "indices": [
                            117,
                            140
                        ]
                    }
                ],
                "hashtags": []
            },
            "geo": null,
            "retweet_count": 1,
            "contributors": null,
            "text": "Clinton campaign will join recount effort in Wisconsin; Trump slams recount push as \u2018a scam\u2019\nhttps://t.co/XxYUauX3rs\nhttps://t.co/FY9fhjdbgU",
            "possibly_sensitive": false,
            "id_str": "802693426445746176",
            "retweeted": false,
            "is_quote_status": false,
            "lang": "en"
        }
    ],
    "search_metadata": {
        "query": "Hillary+OR+Clinton+from%3AIdahoStatesman+since%3A2016-11-27+until%3A2016-11-28+filter%3Alinks+-%40IdahoStatesman",
        "refresh_url": "?since_id=802693426445746176&q=Hillary%20OR%20Clinton%20from%3AIdahoStatesman%20since%3A2016-11-27%20until%3A2016-11-28%20filter%3Alinks%20-%40IdahoStatesman&include_entities=1",
        "max_id_str": "802693426445746176",
        "completed_in": 0.063,
        "since_id": 0,
        "since_id_str": "0",
        "max_id": 802693426445746176,
        "count": 100
    }
}