{
    "search_metadata": {
        "since_id_str": "0",
        "refresh_url": "?since_id=802929169835376641&q=Hillary%20OR%20Clinton%20from%3Ajournalsentinel%20since%3A2016-11-27%20until%3A2016-11-28%20filter%3Alinks%20-%40journalsentinel&include_entities=1",
        "query": "Hillary+OR+Clinton+from%3Ajournalsentinel+since%3A2016-11-27+until%3A2016-11-28+filter%3Alinks+-%40journalsentinel",
        "max_id_str": "802929169835376641",
        "max_id": 802929169835376641,
        "since_id": 0,
        "count": 100,
        "completed_in": 0.026
    },
    "statuses": [
        {
            "entities": {
                "urls": [
                    {
                        "url": "https://t.co/eOb3COVFPk",
                        "indices": [
                            92,
                            115
                        ],
                        "expanded_url": "http://jsonl.in/q83M306yQr3",
                        "display_url": "jsonl.in/q83M306yQr3"
                    }
                ],
                "user_mentions": [
                    {
                        "name": "Hillary Clinton",
                        "indices": [
                            31,
                            46
                        ],
                        "id": 1339835893,
                        "id_str": "1339835893",
                        "screen_name": "HillaryClinton"
                    }
                ],
                "hashtags": [],
                "symbols": []
            },
            "possibly_sensitive": false,
            "place": null,
            "truncated": false,
            "coordinates": null,
            "geo": null,
            "source": "<a href=\"http://www.hootsuite.com\" rel=\"nofollow\">Hootsuite</a>",
            "created_at": "Sun Nov 27 17:36:46 +0000 2016",
            "user": {
                "entities": {
                    "url": {
                        "urls": [
                            {
                                "url": "http://t.co/CmXkbxnW31",
                                "indices": [
                                    0,
                                    22
                                ],
                                "expanded_url": "http://jsonline.com",
                                "display_url": "jsonline.com"
                            }
                        ]
                    },
                    "description": {
                        "urls": []
                    }
                },
                "profile_background_tile": false,
                "friends_count": 2659,
                "statuses_count": 46594,
                "location": "Milwaukee",
                "notifications": false,
                "url": "http://t.co/CmXkbxnW31",
                "translator_type": "none",
                "default_profile": false,
                "profile_image_url": "http://pbs.twimg.com/profile_images/697988327991939075/HjDRg8y3_normal.jpg",
                "geo_enabled": true,
                "profile_sidebar_fill_color": "CCCCCC",
                "contributors_enabled": false,
                "created_at": "Wed Oct 01 13:57:04 +0000 2008",
                "profile_background_image_url_https": "https://pbs.twimg.com/profile_background_images/378800000106252555/409a4be57dc2c8ebfbaf5135c5899cf7.png",
                "has_extended_profile": false,
                "profile_background_image_url": "http://pbs.twimg.com/profile_background_images/378800000106252555/409a4be57dc2c8ebfbaf5135c5899cf7.png",
                "profile_image_url_https": "https://pbs.twimg.com/profile_images/697988327991939075/HjDRg8y3_normal.jpg",
                "utc_offset": -21600,
                "protected": false,
                "followers_count": 47805,
                "screen_name": "journalsentinel",
                "profile_use_background_image": true,
                "profile_text_color": "333333",
                "id": 16544024,
                "is_translator": false,
                "description": "Breaking news, enterprise, investigative and feature reporting on the Milwaukee area and Wisconsin from the Milwaukee Journal Sentinel.",
                "following": false,
                "is_translation_enabled": false,
                "verified": true,
                "id_str": "16544024",
                "listed_count": 1440,
                "default_profile_image": false,
                "name": "Journal Sentinel",
                "profile_background_color": "505050",
                "follow_request_sent": false,
                "profile_sidebar_border_color": "FFFFFF",
                "time_zone": "Central Time (US & Canada)",
                "favourites_count": 213,
                "profile_banner_url": "https://pbs.twimg.com/profile_banners/16544024/1442418045",
                "lang": "en",
                "profile_link_color": "0084B4"
            },
            "lang": "en",
            "text": "Trump unleashes tweet storm on @HillaryClinton over her campaign's decision to join recount https://t.co/eOb3COVFPk",
            "is_quote_status": false,
            "id": 802929169835376641,
            "retweeted": false,
            "id_str": "802929169835376641",
            "in_reply_to_user_id_str": null,
            "favorited": false,
            "retweet_count": 0,
            "in_reply_to_user_id": null,
            "in_reply_to_screen_name": null,
            "in_reply_to_status_id": null,
            "in_reply_to_status_id_str": null,
            "metadata": {
                "iso_language_code": "en",
                "result_type": "recent"
            },
            "favorite_count": 1,
            "contributors": null
        },
        {
            "entities": {
                "urls": [
                    {
                        "url": "https://t.co/IfYeBhBtWQ",
                        "indices": [
                            85,
                            108
                        ],
                        "expanded_url": "http://jsonl.in/GLCC306yIxj",
                        "display_url": "jsonl.in/GLCC306yIxj"
                    }
                ],
                "user_mentions": [
                    {
                        "name": "Hillary Clinton",
                        "indices": [
                            7,
                            22
                        ],
                        "id": 1339835893,
                        "id_str": "1339835893",
                        "screen_name": "HillaryClinton"
                    }
                ],
                "hashtags": [],
                "symbols": []
            },
            "possibly_sensitive": false,
            "place": null,
            "truncated": false,
            "coordinates": null,
            "geo": null,
            "source": "<a href=\"http://www.hootsuite.com\" rel=\"nofollow\">Hootsuite</a>",
            "created_at": "Sun Nov 27 16:15:07 +0000 2016",
            "user": {
                "entities": {
                    "url": {
                        "urls": [
                            {
                                "url": "http://t.co/CmXkbxnW31",
                                "indices": [
                                    0,
                                    22
                                ],
                                "expanded_url": "http://jsonline.com",
                                "display_url": "jsonline.com"
                            }
                        ]
                    },
                    "description": {
                        "urls": []
                    }
                },
                "profile_background_tile": false,
                "friends_count": 2659,
                "statuses_count": 46594,
                "location": "Milwaukee",
                "notifications": false,
                "url": "http://t.co/CmXkbxnW31",
                "translator_type": "none",
                "default_profile": false,
                "profile_image_url": "http://pbs.twimg.com/profile_images/697988327991939075/HjDRg8y3_normal.jpg",
                "geo_enabled": true,
                "profile_sidebar_fill_color": "CCCCCC",
                "contributors_enabled": false,
                "created_at": "Wed Oct 01 13:57:04 +0000 2008",
                "profile_background_image_url_https": "https://pbs.twimg.com/profile_background_images/378800000106252555/409a4be57dc2c8ebfbaf5135c5899cf7.png",
                "has_extended_profile": false,
                "profile_background_image_url": "http://pbs.twimg.com/profile_background_images/378800000106252555/409a4be57dc2c8ebfbaf5135c5899cf7.png",
                "profile_image_url_https": "https://pbs.twimg.com/profile_images/697988327991939075/HjDRg8y3_normal.jpg",
                "utc_offset": -21600,
                "protected": false,
                "followers_count": 47805,
                "screen_name": "journalsentinel",
                "profile_use_background_image": true,
                "profile_text_color": "333333",
                "id": 16544024,
                "is_translator": false,
                "description": "Breaking news, enterprise, investigative and feature reporting on the Milwaukee area and Wisconsin from the Milwaukee Journal Sentinel.",
                "following": false,
                "is_translation_enabled": false,
                "verified": true,
                "id_str": "16544024",
                "listed_count": 1440,
                "default_profile_image": false,
                "name": "Journal Sentinel",
                "profile_background_color": "505050",
                "follow_request_sent": false,
                "profile_sidebar_border_color": "FFFFFF",
                "time_zone": "Central Time (US & Canada)",
                "favourites_count": 213,
                "profile_banner_url": "https://pbs.twimg.com/profile_banners/16544024/1442418045",
                "lang": "en",
                "profile_link_color": "0084B4"
            },
            "lang": "en",
            "text": "ICYMI: @HillaryClinton's presidential campaign will take part in Wisconsin's recount https://t.co/IfYeBhBtWQ",
            "is_quote_status": false,
            "id": 802908623307505665,
            "retweeted": false,
            "id_str": "802908623307505665",
            "in_reply_to_user_id_str": null,
            "favorited": false,
            "retweet_count": 0,
            "in_reply_to_user_id": null,
            "in_reply_to_screen_name": null,
            "in_reply_to_status_id": null,
            "in_reply_to_status_id_str": null,
            "metadata": {
                "iso_language_code": "en",
                "result_type": "recent"
            },
            "favorite_count": 1,
            "contributors": null
        }
    ]
}