{
    "statuses": [],
    "search_metadata": {
        "query": "Hillary+OR+Clinton+from%3Akansasdotcom+since%3A2016-11-27+until%3A2016-11-28+filter%3Alinks+-%40kansasdotcom",
        "refresh_url": "?since_id=803462589636378624&q=Hillary%20OR%20Clinton%20from%3Akansasdotcom%20since%3A2016-11-27%20until%3A2016-11-28%20filter%3Alinks%20-%40kansasdotcom&include_entities=1",
        "max_id_str": "803462589636378624",
        "completed_in": 0.027,
        "since_id": 0,
        "since_id_str": "0",
        "max_id": 803462589636378624,
        "count": 100
    }
}