{
    "statuses": [
        {
            "place": null,
            "created_at": "Sun Nov 27 17:05:12 +0000 2016",
            "favorite_count": 144,
            "coordinates": null,
            "in_reply_to_status_id_str": null,
            "favorited": false,
            "source": "<a href=\"http://www.hootsuite.com\" rel=\"nofollow\">Hootsuite</a>",
            "id": 802921224506638340,
            "in_reply_to_user_id": null,
            "in_reply_to_screen_name": null,
            "in_reply_to_user_id_str": null,
            "truncated": true,
            "in_reply_to_status_id": null,
            "user": {
                "screen_name": "latimes",
                "profile_background_image_url_https": "https://pbs.twimg.com/profile_background_images/596769492/sp4uqn6gr7cwmjefat2j.jpeg",
                "profile_background_image_url": "http://pbs.twimg.com/profile_background_images/596769492/sp4uqn6gr7cwmjefat2j.jpeg",
                "profile_banner_url": "https://pbs.twimg.com/profile_banners/16664681/1402448809",
                "protected": false,
                "is_translation_enabled": false,
                "utc_offset": -28800,
                "created_at": "Thu Oct 09 11:07:42 +0000 2008",
                "geo_enabled": true,
                "profile_background_color": "FFFFFF",
                "url": "http://t.co/JvbZRDfNzf",
                "has_extended_profile": false,
                "statuses_count": 153271,
                "notifications": false,
                "id": 16664681,
                "profile_use_background_image": true,
                "id_str": "16664681",
                "translator_type": "regular",
                "profile_text_color": "615F61",
                "profile_link_color": "009999",
                "location": "Los Angeles, CA",
                "listed_count": 28263,
                "description": "News from Los Angeles and the world. Staffed by http://t.co/zb8HyvYyAJ editors.",
                "entities": {
                    "url": {
                        "urls": [
                            {
                                "url": "http://t.co/JvbZRDfNzf",
                                "display_url": "latimes.com",
                                "expanded_url": "http://latimes.com/",
                                "indices": [
                                    0,
                                    22
                                ]
                            }
                        ]
                    },
                    "description": {
                        "urls": [
                            {
                                "url": "http://t.co/zb8HyvYyAJ",
                                "display_url": "latimes.com",
                                "expanded_url": "http://latimes.com",
                                "indices": [
                                    48,
                                    70
                                ]
                            }
                        ]
                    }
                },
                "following": false,
                "default_profile_image": false,
                "followers_count": 2327061,
                "is_translator": false,
                "profile_image_url_https": "https://pbs.twimg.com/profile_images/546329819919560704/XMWy2Z50_normal.jpeg",
                "favourites_count": 1869,
                "time_zone": "Pacific Time (US & Canada)",
                "profile_sidebar_border_color": "FFFFFF",
                "default_profile": false,
                "friends_count": 10712,
                "contributors_enabled": false,
                "profile_image_url": "http://pbs.twimg.com/profile_images/546329819919560704/XMWy2Z50_normal.jpeg",
                "profile_background_tile": false,
                "verified": true,
                "profile_sidebar_fill_color": "EFEFEF",
                "follow_request_sent": false,
                "lang": "en",
                "name": "Los Angeles Times"
            },
            "metadata": {
                "result_type": "recent",
                "iso_language_code": "en"
            },
            "entities": {
                "symbols": [],
                "user_mentions": [],
                "urls": [
                    {
                        "url": "https://t.co/Xpu3RMJC40",
                        "display_url": "twitter.com/i/web/status/8\u2026",
                        "expanded_url": "https://twitter.com/i/web/status/802921224506638340",
                        "indices": [
                            100,
                            123
                        ]
                    }
                ],
                "hashtags": []
            },
            "geo": null,
            "retweet_count": 119,
            "contributors": null,
            "text": "Can electors vote for Clinton rather than Trump next month? Here's how the Electoral College works\u2026 https://t.co/Xpu3RMJC40",
            "possibly_sensitive": false,
            "id_str": "802921224506638340",
            "retweeted": false,
            "is_quote_status": false,
            "lang": "en"
        }
    ],
    "search_metadata": {
        "query": "Hillary+OR+Clinton+from%3Alatimes+since%3A2016-11-27+until%3A2016-11-28+filter%3Alinks+-%40latimes",
        "refresh_url": "?since_id=802921224506638340&q=Hillary%20OR%20Clinton%20from%3Alatimes%20since%3A2016-11-27%20until%3A2016-11-28%20filter%3Alinks%20-%40latimes&include_entities=1",
        "max_id_str": "802921224506638340",
        "completed_in": 0.034,
        "since_id": 0,
        "since_id_str": "0",
        "max_id": 802921224506638340,
        "count": 100
    }
}