{
    "statuses": [],
    "search_metadata": {
        "query": "Hillary+OR+Clinton+from%3AMidWeekHawaii+since%3A2016-11-27+until%3A2016-11-28+filter%3Alinks+-%40MidWeekHawaii",
        "refresh_url": "?since_id=803462576692662272&q=Hillary%20OR%20Clinton%20from%3AMidWeekHawaii%20since%3A2016-11-27%20until%3A2016-11-28%20filter%3Alinks%20-%40MidWeekHawaii&include_entities=1",
        "max_id_str": "803462576692662272",
        "completed_in": 0.014,
        "since_id": 0,
        "since_id_str": "0",
        "max_id": 803462576692662272,
        "count": 100
    }
}