{
    "search_metadata": {
        "since_id_str": "0",
        "refresh_url": "?since_id=803461549289394178&q=Hillary%20OR%20Clinton%20from%3Anewssentinel%20since%3A2016-11-27%20until%3A2016-11-28%20filter%3Alinks%20-%40newssentinel&include_entities=1",
        "query": "Hillary+OR+Clinton+from%3Anewssentinel+since%3A2016-11-27+until%3A2016-11-28+filter%3Alinks+-%40newssentinel",
        "max_id_str": "803461549289394178",
        "max_id": 803461549289394178,
        "since_id": 0,
        "count": 100,
        "completed_in": 0.03
    },
    "statuses": []
}