{
    "search_metadata": {
        "since_id_str": "0",
        "refresh_url": "?since_id=802979970528190468&q=Hillary%20OR%20Clinton%20from%3Anytimes%20since%3A2016-11-27%20until%3A2016-11-28%20filter%3Alinks%20-%40nytimes&include_entities=1",
        "query": "Hillary+OR+Clinton+from%3Anytimes+since%3A2016-11-27+until%3A2016-11-28+filter%3Alinks+-%40nytimes",
        "max_id_str": "802979970528190468",
        "max_id": 802979970528190468,
        "since_id": 0,
        "count": 100,
        "completed_in": 0.02
    },
    "statuses": [
        {
            "entities": {
                "urls": [
                    {
                        "url": "https://t.co/VbisTkUE3A",
                        "indices": [
                            88,
                            111
                        ],
                        "expanded_url": "http://nyti.ms/2gkW3Dy",
                        "display_url": "nyti.ms/2gkW3Dy"
                    }
                ],
                "user_mentions": [
                    {
                        "name": "NYT Opinion",
                        "indices": [
                            116,
                            127
                        ],
                        "id": 16686144,
                        "id_str": "16686144",
                        "screen_name": "nytopinion"
                    }
                ],
                "hashtags": [],
                "symbols": []
            },
            "possibly_sensitive": false,
            "place": null,
            "truncated": false,
            "coordinates": null,
            "geo": null,
            "source": "<a href=\"http://www.socialflow.com\" rel=\"nofollow\">SocialFlow</a>",
            "created_at": "Sun Nov 27 20:58:38 +0000 2016",
            "user": {
                "entities": {
                    "url": {
                        "urls": [
                            {
                                "url": "http://t.co/ahvuWqicF9",
                                "indices": [
                                    0,
                                    22
                                ],
                                "expanded_url": null
                            }
                        ]
                    },
                    "description": {
                        "urls": []
                    }
                },
                "profile_background_tile": true,
                "friends_count": 969,
                "statuses_count": 257713,
                "location": "New York City",
                "notifications": false,
                "url": "http://t.co/ahvuWqicF9",
                "translator_type": "none",
                "default_profile": false,
                "profile_image_url": "http://pbs.twimg.com/profile_images/758384037589348352/KB3RFwFm_normal.jpg",
                "geo_enabled": false,
                "profile_sidebar_fill_color": "EFEFEF",
                "contributors_enabled": false,
                "created_at": "Fri Mar 02 20:41:42 +0000 2007",
                "profile_background_image_url_https": "https://pbs.twimg.com/profile_background_images/736339684/948f072cc2da4e3a5e9f2ebfb3b1a0e7.png",
                "has_extended_profile": false,
                "profile_background_image_url": "http://pbs.twimg.com/profile_background_images/736339684/948f072cc2da4e3a5e9f2ebfb3b1a0e7.png",
                "profile_image_url_https": "https://pbs.twimg.com/profile_images/758384037589348352/KB3RFwFm_normal.jpg",
                "utc_offset": -18000,
                "protected": false,
                "followers_count": 31825401,
                "screen_name": "nytimes",
                "profile_use_background_image": true,
                "profile_text_color": "333333",
                "id": 807095,
                "is_translator": false,
                "description": "Where the conversation begins. Follow for breaking news, special reports, RTs of our journalists and more from https://t.co/YapuoqX0HS.",
                "following": true,
                "is_translation_enabled": true,
                "verified": true,
                "id_str": "807095",
                "listed_count": 182861,
                "default_profile_image": false,
                "name": "The New York Times",
                "profile_background_color": "131516",
                "follow_request_sent": false,
                "profile_sidebar_border_color": "FFFFFF",
                "time_zone": "Eastern Time (US & Canada)",
                "favourites_count": 13441,
                "profile_banner_url": "https://pbs.twimg.com/profile_banners/807095/1355346050",
                "lang": "en",
                "profile_link_color": "607696"
            },
            "lang": "en",
            "text": "\"Hillary Clinton didn't just win the popular vote. She won it by a substantial margin.\" https://t.co/VbisTkUE3A via @nytopinion",
            "is_quote_status": false,
            "id": 802979970528190468,
            "retweeted": false,
            "id_str": "802979970528190468",
            "in_reply_to_user_id_str": null,
            "favorited": false,
            "retweet_count": 1960,
            "in_reply_to_user_id": null,
            "in_reply_to_screen_name": null,
            "in_reply_to_status_id": null,
            "in_reply_to_status_id_str": null,
            "metadata": {
                "iso_language_code": "en",
                "result_type": "recent"
            },
            "favorite_count": 3266,
            "contributors": null
        },
        {
            "entities": {
                "urls": [
                    {
                        "url": "https://t.co/gwC2qb8i0w",
                        "indices": [
                            112,
                            135
                        ],
                        "expanded_url": "http://nyti.ms/2gv7uv6",
                        "display_url": "nyti.ms/2gv7uv6"
                    }
                ],
                "user_mentions": [],
                "hashtags": [],
                "symbols": []
            },
            "possibly_sensitive": false,
            "place": null,
            "truncated": false,
            "coordinates": null,
            "geo": null,
            "source": "<a href=\"http://www.socialflow.com\" rel=\"nofollow\">SocialFlow</a>",
            "created_at": "Sun Nov 27 16:15:10 +0000 2016",
            "user": {
                "entities": {
                    "url": {
                        "urls": [
                            {
                                "url": "http://t.co/ahvuWqicF9",
                                "indices": [
                                    0,
                                    22
                                ],
                                "expanded_url": null
                            }
                        ]
                    },
                    "description": {
                        "urls": []
                    }
                },
                "profile_background_tile": true,
                "friends_count": 969,
                "statuses_count": 257713,
                "location": "New York City",
                "notifications": false,
                "url": "http://t.co/ahvuWqicF9",
                "translator_type": "none",
                "default_profile": false,
                "profile_image_url": "http://pbs.twimg.com/profile_images/758384037589348352/KB3RFwFm_normal.jpg",
                "geo_enabled": false,
                "profile_sidebar_fill_color": "EFEFEF",
                "contributors_enabled": false,
                "created_at": "Fri Mar 02 20:41:42 +0000 2007",
                "profile_background_image_url_https": "https://pbs.twimg.com/profile_background_images/736339684/948f072cc2da4e3a5e9f2ebfb3b1a0e7.png",
                "has_extended_profile": false,
                "profile_background_image_url": "http://pbs.twimg.com/profile_background_images/736339684/948f072cc2da4e3a5e9f2ebfb3b1a0e7.png",
                "profile_image_url_https": "https://pbs.twimg.com/profile_images/758384037589348352/KB3RFwFm_normal.jpg",
                "utc_offset": -18000,
                "protected": false,
                "followers_count": 31825401,
                "screen_name": "nytimes",
                "profile_use_background_image": true,
                "profile_text_color": "333333",
                "id": 807095,
                "is_translator": false,
                "description": "Where the conversation begins. Follow for breaking news, special reports, RTs of our journalists and more from https://t.co/YapuoqX0HS.",
                "following": true,
                "is_translation_enabled": true,
                "verified": true,
                "id_str": "807095",
                "listed_count": 182861,
                "default_profile_image": false,
                "name": "The New York Times",
                "profile_background_color": "131516",
                "follow_request_sent": false,
                "profile_sidebar_border_color": "FFFFFF",
                "time_zone": "Eastern Time (US & Canada)",
                "favourites_count": 13441,
                "profile_banner_url": "https://pbs.twimg.com/profile_banners/807095/1355346050",
                "lang": "en",
                "profile_link_color": "607696"
            },
            "lang": "en",
            "text": "Hillary Clinton's campaign is joining the push for a ballot recount in Wisconsin and potentially 2 other states https://t.co/gwC2qb8i0w",
            "is_quote_status": false,
            "id": 802908636812980226,
            "retweeted": false,
            "id_str": "802908636812980226",
            "in_reply_to_user_id_str": null,
            "favorited": false,
            "retweet_count": 617,
            "in_reply_to_user_id": null,
            "in_reply_to_screen_name": null,
            "in_reply_to_status_id": null,
            "in_reply_to_status_id_str": null,
            "metadata": {
                "iso_language_code": "en",
                "result_type": "recent"
            },
            "favorite_count": 1389,
            "contributors": null
        },
        {
            "entities": {
                "urls": [
                    {
                        "url": "https://t.co/mXq443L1xI",
                        "indices": [
                            115,
                            138
                        ],
                        "expanded_url": "http://nyti.ms/2gt5Qu1",
                        "display_url": "nyti.ms/2gt5Qu1"
                    }
                ],
                "user_mentions": [],
                "hashtags": [],
                "symbols": []
            },
            "possibly_sensitive": false,
            "place": null,
            "truncated": false,
            "coordinates": null,
            "geo": null,
            "source": "<a href=\"http://www.socialflow.com\" rel=\"nofollow\">SocialFlow</a>",
            "created_at": "Sun Nov 27 13:55:05 +0000 2016",
            "user": {
                "entities": {
                    "url": {
                        "urls": [
                            {
                                "url": "http://t.co/ahvuWqicF9",
                                "indices": [
                                    0,
                                    22
                                ],
                                "expanded_url": null
                            }
                        ]
                    },
                    "description": {
                        "urls": []
                    }
                },
                "profile_background_tile": true,
                "friends_count": 969,
                "statuses_count": 257713,
                "location": "New York City",
                "notifications": false,
                "url": "http://t.co/ahvuWqicF9",
                "translator_type": "none",
                "default_profile": false,
                "profile_image_url": "http://pbs.twimg.com/profile_images/758384037589348352/KB3RFwFm_normal.jpg",
                "geo_enabled": false,
                "profile_sidebar_fill_color": "EFEFEF",
                "contributors_enabled": false,
                "created_at": "Fri Mar 02 20:41:42 +0000 2007",
                "profile_background_image_url_https": "https://pbs.twimg.com/profile_background_images/736339684/948f072cc2da4e3a5e9f2ebfb3b1a0e7.png",
                "has_extended_profile": false,
                "profile_background_image_url": "http://pbs.twimg.com/profile_background_images/736339684/948f072cc2da4e3a5e9f2ebfb3b1a0e7.png",
                "profile_image_url_https": "https://pbs.twimg.com/profile_images/758384037589348352/KB3RFwFm_normal.jpg",
                "utc_offset": -18000,
                "protected": false,
                "followers_count": 31825401,
                "screen_name": "nytimes",
                "profile_use_background_image": true,
                "profile_text_color": "333333",
                "id": 807095,
                "is_translator": false,
                "description": "Where the conversation begins. Follow for breaking news, special reports, RTs of our journalists and more from https://t.co/YapuoqX0HS.",
                "following": true,
                "is_translation_enabled": true,
                "verified": true,
                "id_str": "807095",
                "listed_count": 182861,
                "default_profile_image": false,
                "name": "The New York Times",
                "profile_background_color": "131516",
                "follow_request_sent": false,
                "profile_sidebar_border_color": "FFFFFF",
                "time_zone": "Eastern Time (US & Canada)",
                "favourites_count": 13441,
                "profile_banner_url": "https://pbs.twimg.com/profile_banners/807095/1355346050",
                "lang": "en",
                "profile_link_color": "607696"
            },
            "lang": "en",
            "text": "Inside a fake news factory: \"I did not write to make Trump win. I just wanted to get viewers and make some money.\" https://t.co/mXq443L1xI",
            "is_quote_status": false,
            "id": 802873383591481344,
            "retweeted": false,
            "id_str": "802873383591481344",
            "in_reply_to_user_id_str": null,
            "favorited": false,
            "retweet_count": 550,
            "in_reply_to_user_id": null,
            "in_reply_to_screen_name": null,
            "in_reply_to_status_id": null,
            "in_reply_to_status_id_str": null,
            "metadata": {
                "iso_language_code": "en",
                "result_type": "recent"
            },
            "favorite_count": 474,
            "contributors": null
        },
        {
            "entities": {
                "urls": [
                    {
                        "url": "https://t.co/c08dqGOyM0",
                        "indices": [
                            97,
                            120
                        ],
                        "expanded_url": "http://nyti.ms/2fQCmTl",
                        "display_url": "nyti.ms/2fQCmTl"
                    }
                ],
                "user_mentions": [],
                "hashtags": [],
                "symbols": []
            },
            "possibly_sensitive": false,
            "place": null,
            "truncated": false,
            "coordinates": null,
            "geo": null,
            "source": "<a href=\"http://www.socialflow.com\" rel=\"nofollow\">SocialFlow</a>",
            "created_at": "Sun Nov 27 00:46:05 +0000 2016",
            "user": {
                "entities": {
                    "url": {
                        "urls": [
                            {
                                "url": "http://t.co/ahvuWqicF9",
                                "indices": [
                                    0,
                                    22
                                ],
                                "expanded_url": null
                            }
                        ]
                    },
                    "description": {
                        "urls": []
                    }
                },
                "profile_background_tile": true,
                "friends_count": 969,
                "statuses_count": 257713,
                "location": "New York City",
                "notifications": false,
                "url": "http://t.co/ahvuWqicF9",
                "translator_type": "none",
                "default_profile": false,
                "profile_image_url": "http://pbs.twimg.com/profile_images/758384037589348352/KB3RFwFm_normal.jpg",
                "geo_enabled": false,
                "profile_sidebar_fill_color": "EFEFEF",
                "contributors_enabled": false,
                "created_at": "Fri Mar 02 20:41:42 +0000 2007",
                "profile_background_image_url_https": "https://pbs.twimg.com/profile_background_images/736339684/948f072cc2da4e3a5e9f2ebfb3b1a0e7.png",
                "has_extended_profile": false,
                "profile_background_image_url": "http://pbs.twimg.com/profile_background_images/736339684/948f072cc2da4e3a5e9f2ebfb3b1a0e7.png",
                "profile_image_url_https": "https://pbs.twimg.com/profile_images/758384037589348352/KB3RFwFm_normal.jpg",
                "utc_offset": -18000,
                "protected": false,
                "followers_count": 31825401,
                "screen_name": "nytimes",
                "profile_use_background_image": true,
                "profile_text_color": "333333",
                "id": 807095,
                "is_translator": false,
                "description": "Where the conversation begins. Follow for breaking news, special reports, RTs of our journalists and more from https://t.co/YapuoqX0HS.",
                "following": true,
                "is_translation_enabled": true,
                "verified": true,
                "id_str": "807095",
                "listed_count": 182861,
                "default_profile_image": false,
                "name": "The New York Times",
                "profile_background_color": "131516",
                "follow_request_sent": false,
                "profile_sidebar_border_color": "FFFFFF",
                "time_zone": "Eastern Time (US & Canada)",
                "favourites_count": 13441,
                "profile_banner_url": "https://pbs.twimg.com/profile_banners/807095/1355346050",
                "lang": "en",
                "profile_link_color": "607696"
            },
            "lang": "en",
            "text": "The Hillary Clinton campaign will join Jill Stein's push for a recount in Wisconsin, lawyer says https://t.co/c08dqGOyM0",
            "is_quote_status": false,
            "id": 802674823042310144,
            "retweeted": false,
            "id_str": "802674823042310144",
            "in_reply_to_user_id_str": null,
            "favorited": false,
            "retweet_count": 620,
            "in_reply_to_user_id": null,
            "in_reply_to_screen_name": null,
            "in_reply_to_status_id": null,
            "in_reply_to_status_id_str": null,
            "metadata": {
                "iso_language_code": "en",
                "result_type": "recent"
            },
            "favorite_count": 1534,
            "contributors": null
        },
        {
            "entities": {
                "urls": [
                    {
                        "url": "https://t.co/DEld8GdYmk",
                        "indices": [
                            115,
                            138
                        ],
                        "expanded_url": "http://nyti.ms/2gxt8fV",
                        "display_url": "nyti.ms/2gxt8fV"
                    }
                ],
                "user_mentions": [],
                "hashtags": [],
                "symbols": []
            },
            "possibly_sensitive": false,
            "place": null,
            "truncated": false,
            "coordinates": null,
            "geo": null,
            "source": "<a href=\"http://www.socialflow.com\" rel=\"nofollow\">SocialFlow</a>",
            "created_at": "Sun Nov 27 00:30:18 +0000 2016",
            "user": {
                "entities": {
                    "url": {
                        "urls": [
                            {
                                "url": "http://t.co/ahvuWqicF9",
                                "indices": [
                                    0,
                                    22
                                ],
                                "expanded_url": null
                            }
                        ]
                    },
                    "description": {
                        "urls": []
                    }
                },
                "profile_background_tile": true,
                "friends_count": 969,
                "statuses_count": 257713,
                "location": "New York City",
                "notifications": false,
                "url": "http://t.co/ahvuWqicF9",
                "translator_type": "none",
                "default_profile": false,
                "profile_image_url": "http://pbs.twimg.com/profile_images/758384037589348352/KB3RFwFm_normal.jpg",
                "geo_enabled": false,
                "profile_sidebar_fill_color": "EFEFEF",
                "contributors_enabled": false,
                "created_at": "Fri Mar 02 20:41:42 +0000 2007",
                "profile_background_image_url_https": "https://pbs.twimg.com/profile_background_images/736339684/948f072cc2da4e3a5e9f2ebfb3b1a0e7.png",
                "has_extended_profile": false,
                "profile_background_image_url": "http://pbs.twimg.com/profile_background_images/736339684/948f072cc2da4e3a5e9f2ebfb3b1a0e7.png",
                "profile_image_url_https": "https://pbs.twimg.com/profile_images/758384037589348352/KB3RFwFm_normal.jpg",
                "utc_offset": -18000,
                "protected": false,
                "followers_count": 31825401,
                "screen_name": "nytimes",
                "profile_use_background_image": true,
                "profile_text_color": "333333",
                "id": 807095,
                "is_translator": false,
                "description": "Where the conversation begins. Follow for breaking news, special reports, RTs of our journalists and more from https://t.co/YapuoqX0HS.",
                "following": true,
                "is_translation_enabled": true,
                "verified": true,
                "id_str": "807095",
                "listed_count": 182861,
                "default_profile_image": false,
                "name": "The New York Times",
                "profile_background_color": "131516",
                "follow_request_sent": false,
                "profile_sidebar_border_color": "FFFFFF",
                "time_zone": "Eastern Time (US & Canada)",
                "favourites_count": 13441,
                "profile_banner_url": "https://pbs.twimg.com/profile_banners/807095/1355346050",
                "lang": "en",
                "profile_link_color": "607696"
            },
            "lang": "en",
            "text": "Inside a fake news factory: \"I did not write to make Trump win. I just wanted to get viewers and make some money.\" https://t.co/DEld8GdYmk",
            "is_quote_status": false,
            "id": 802670850847686656,
            "retweeted": false,
            "id_str": "802670850847686656",
            "in_reply_to_user_id_str": null,
            "favorited": false,
            "retweet_count": 498,
            "in_reply_to_user_id": null,
            "in_reply_to_screen_name": null,
            "in_reply_to_status_id": null,
            "in_reply_to_status_id_str": null,
            "metadata": {
                "iso_language_code": "en",
                "result_type": "recent"
            },
            "favorite_count": 476,
            "contributors": null
        }
    ]
}