{
    "statuses": [
        {
            "place": null,
            "created_at": "Sun Nov 27 13:31:33 +0000 2016",
            "favorite_count": 5,
            "coordinates": null,
            "in_reply_to_status_id_str": null,
            "favorited": false,
            "source": "<a href=\"http://www.socialflow.com\" rel=\"nofollow\">SocialFlow</a>",
            "id": 802867459787264000,
            "in_reply_to_user_id": null,
            "in_reply_to_screen_name": null,
            "in_reply_to_user_id_str": null,
            "truncated": false,
            "in_reply_to_status_id": null,
            "extended_entities": {
                "media": [
                    {
                        "url": "https://t.co/4UdeJ7vGC3",
                        "display_url": "pic.twitter.com/4UdeJ7vGC3",
                        "media_url_https": "https://pbs.twimg.com/media/CyRbsrtUsAAI6G8.jpg",
                        "id_str": "802867456783986688",
                        "type": "photo",
                        "indices": [
                            105,
                            128
                        ],
                        "sizes": {
                            "thumb": {
                                "w": 150,
                                "resize": "crop",
                                "h": 150
                            },
                            "large": {
                                "w": 600,
                                "resize": "fit",
                                "h": 400
                            },
                            "medium": {
                                "w": 600,
                                "resize": "fit",
                                "h": 400
                            },
                            "small": {
                                "w": 600,
                                "resize": "fit",
                                "h": 400
                            }
                        },
                        "expanded_url": "https://twitter.com/orlandosentinel/status/802867459787264000/photo/1",
                        "media_url": "http://pbs.twimg.com/media/CyRbsrtUsAAI6G8.jpg",
                        "id": 802867456783986688
                    }
                ]
            },
            "user": {
                "screen_name": "orlandosentinel",
                "profile_background_image_url_https": "https://pbs.twimg.com/profile_background_images/378800000167425621/KsGhbXdn.jpeg",
                "profile_background_image_url": "http://pbs.twimg.com/profile_background_images/378800000167425621/KsGhbXdn.jpeg",
                "profile_banner_url": "https://pbs.twimg.com/profile_banners/1429761/1429874320",
                "protected": false,
                "is_translation_enabled": false,
                "utc_offset": -18000,
                "created_at": "Sun Mar 18 18:02:20 +0000 2007",
                "geo_enabled": true,
                "profile_background_color": "F9ED2E",
                "url": "http://t.co/4aB05T4abC",
                "has_extended_profile": false,
                "statuses_count": 114615,
                "notifications": false,
                "id": 1429761,
                "profile_use_background_image": false,
                "id_str": "1429761",
                "translator_type": "none",
                "profile_text_color": "333333",
                "profile_link_color": "00B5CC",
                "location": "Orlando, FL",
                "listed_count": 3104,
                "description": "The Orlando Sentinel is the most comprehensive news source of the Central Florida region.",
                "entities": {
                    "url": {
                        "urls": [
                            {
                                "url": "http://t.co/4aB05T4abC",
                                "display_url": "orlandosentinel.com",
                                "expanded_url": "http://www.orlandosentinel.com",
                                "indices": [
                                    0,
                                    22
                                ]
                            }
                        ]
                    },
                    "description": {
                        "urls": []
                    }
                },
                "following": false,
                "default_profile_image": false,
                "followers_count": 214516,
                "is_translator": false,
                "profile_image_url_https": "https://pbs.twimg.com/profile_images/511895715086225409/gkbtKjFU_normal.png",
                "favourites_count": 669,
                "time_zone": "Eastern Time (US & Canada)",
                "profile_sidebar_border_color": "FFFFFF",
                "default_profile": false,
                "friends_count": 584,
                "contributors_enabled": false,
                "profile_image_url": "http://pbs.twimg.com/profile_images/511895715086225409/gkbtKjFU_normal.png",
                "profile_background_tile": false,
                "verified": true,
                "profile_sidebar_fill_color": "A0C5C7",
                "follow_request_sent": false,
                "lang": "en",
                "name": "Orlando Sentinel"
            },
            "metadata": {
                "result_type": "recent",
                "iso_language_code": "en"
            },
            "entities": {
                "symbols": [],
                "media": [
                    {
                        "url": "https://t.co/4UdeJ7vGC3",
                        "display_url": "pic.twitter.com/4UdeJ7vGC3",
                        "media_url_https": "https://pbs.twimg.com/media/CyRbsrtUsAAI6G8.jpg",
                        "id_str": "802867456783986688",
                        "type": "photo",
                        "indices": [
                            105,
                            128
                        ],
                        "sizes": {
                            "thumb": {
                                "w": 150,
                                "resize": "crop",
                                "h": 150
                            },
                            "large": {
                                "w": 600,
                                "resize": "fit",
                                "h": 400
                            },
                            "medium": {
                                "w": 600,
                                "resize": "fit",
                                "h": 400
                            },
                            "small": {
                                "w": 600,
                                "resize": "fit",
                                "h": 400
                            }
                        },
                        "expanded_url": "https://twitter.com/orlandosentinel/status/802867459787264000/photo/1",
                        "media_url": "http://pbs.twimg.com/media/CyRbsrtUsAAI6G8.jpg",
                        "id": 802867456783986688
                    }
                ],
                "user_mentions": [],
                "urls": [
                    {
                        "url": "https://t.co/kzVCCBkffP",
                        "display_url": "thesent.nl/2gLRrtn",
                        "expanded_url": "http://thesent.nl/2gLRrtn",
                        "indices": [
                            81,
                            104
                        ]
                    }
                ],
                "hashtags": []
            },
            "geo": null,
            "retweet_count": 2,
            "contributors": null,
            "text": "Can electors vote for Clinton rather than Trump? How the Electoral College works https://t.co/kzVCCBkffP https://t.co/4UdeJ7vGC3",
            "possibly_sensitive": false,
            "id_str": "802867459787264000",
            "retweeted": false,
            "is_quote_status": false,
            "lang": "en"
        },
        {
            "place": null,
            "created_at": "Sun Nov 27 01:02:04 +0000 2016",
            "favorite_count": 11,
            "coordinates": null,
            "in_reply_to_status_id_str": null,
            "favorited": false,
            "source": "<a href=\"http://www.socialflow.com\" rel=\"nofollow\">SocialFlow</a>",
            "id": 802678846222987265,
            "in_reply_to_user_id": null,
            "in_reply_to_screen_name": null,
            "in_reply_to_user_id_str": null,
            "truncated": false,
            "in_reply_to_status_id": null,
            "extended_entities": {
                "media": [
                    {
                        "url": "https://t.co/7xTGtL49mj",
                        "display_url": "pic.twitter.com/7xTGtL49mj",
                        "media_url_https": "https://pbs.twimg.com/media/CyOwJ9ZWIAAx9gy.jpg",
                        "id_str": "802678843748261888",
                        "type": "photo",
                        "indices": [
                            79,
                            102
                        ],
                        "sizes": {
                            "thumb": {
                                "w": 150,
                                "resize": "crop",
                                "h": 150
                            },
                            "large": {
                                "w": 2048,
                                "resize": "fit",
                                "h": 1365
                            },
                            "medium": {
                                "w": 1200,
                                "resize": "fit",
                                "h": 800
                            },
                            "small": {
                                "w": 680,
                                "resize": "fit",
                                "h": 453
                            }
                        },
                        "expanded_url": "https://twitter.com/orlandosentinel/status/802678846222987265/photo/1",
                        "media_url": "http://pbs.twimg.com/media/CyOwJ9ZWIAAx9gy.jpg",
                        "id": 802678843748261888
                    }
                ]
            },
            "user": {
                "screen_name": "orlandosentinel",
                "profile_background_image_url_https": "https://pbs.twimg.com/profile_background_images/378800000167425621/KsGhbXdn.jpeg",
                "profile_background_image_url": "http://pbs.twimg.com/profile_background_images/378800000167425621/KsGhbXdn.jpeg",
                "profile_banner_url": "https://pbs.twimg.com/profile_banners/1429761/1429874320",
                "protected": false,
                "is_translation_enabled": false,
                "utc_offset": -18000,
                "created_at": "Sun Mar 18 18:02:20 +0000 2007",
                "geo_enabled": true,
                "profile_background_color": "F9ED2E",
                "url": "http://t.co/4aB05T4abC",
                "has_extended_profile": false,
                "statuses_count": 114615,
                "notifications": false,
                "id": 1429761,
                "profile_use_background_image": false,
                "id_str": "1429761",
                "translator_type": "none",
                "profile_text_color": "333333",
                "profile_link_color": "00B5CC",
                "location": "Orlando, FL",
                "listed_count": 3104,
                "description": "The Orlando Sentinel is the most comprehensive news source of the Central Florida region.",
                "entities": {
                    "url": {
                        "urls": [
                            {
                                "url": "http://t.co/4aB05T4abC",
                                "display_url": "orlandosentinel.com",
                                "expanded_url": "http://www.orlandosentinel.com",
                                "indices": [
                                    0,
                                    22
                                ]
                            }
                        ]
                    },
                    "description": {
                        "urls": []
                    }
                },
                "following": false,
                "default_profile_image": false,
                "followers_count": 214516,
                "is_translator": false,
                "profile_image_url_https": "https://pbs.twimg.com/profile_images/511895715086225409/gkbtKjFU_normal.png",
                "favourites_count": 669,
                "time_zone": "Eastern Time (US & Canada)",
                "profile_sidebar_border_color": "FFFFFF",
                "default_profile": false,
                "friends_count": 584,
                "contributors_enabled": false,
                "profile_image_url": "http://pbs.twimg.com/profile_images/511895715086225409/gkbtKjFU_normal.png",
                "profile_background_tile": false,
                "verified": true,
                "profile_sidebar_fill_color": "A0C5C7",
                "follow_request_sent": false,
                "lang": "en",
                "name": "Orlando Sentinel"
            },
            "metadata": {
                "result_type": "recent",
                "iso_language_code": "en"
            },
            "entities": {
                "symbols": [],
                "media": [
                    {
                        "url": "https://t.co/7xTGtL49mj",
                        "display_url": "pic.twitter.com/7xTGtL49mj",
                        "media_url_https": "https://pbs.twimg.com/media/CyOwJ9ZWIAAx9gy.jpg",
                        "id_str": "802678843748261888",
                        "type": "photo",
                        "indices": [
                            79,
                            102
                        ],
                        "sizes": {
                            "thumb": {
                                "w": 150,
                                "resize": "crop",
                                "h": 150
                            },
                            "large": {
                                "w": 2048,
                                "resize": "fit",
                                "h": 1365
                            },
                            "medium": {
                                "w": 1200,
                                "resize": "fit",
                                "h": 800
                            },
                            "small": {
                                "w": 680,
                                "resize": "fit",
                                "h": 453
                            }
                        },
                        "expanded_url": "https://twitter.com/orlandosentinel/status/802678846222987265/photo/1",
                        "media_url": "http://pbs.twimg.com/media/CyOwJ9ZWIAAx9gy.jpg",
                        "id": 802678843748261888
                    }
                ],
                "user_mentions": [],
                "urls": [
                    {
                        "url": "https://t.co/W2ZgKaDb24",
                        "display_url": "thesent.nl/2gKikOD",
                        "expanded_url": "http://thesent.nl/2gKikOD",
                        "indices": [
                            55,
                            78
                        ]
                    }
                ],
                "hashtags": []
            },
            "geo": null,
            "retweet_count": 6,
            "contributors": null,
            "text": "Clinton campaign will participate in Wisconsin recount\nhttps://t.co/W2ZgKaDb24 https://t.co/7xTGtL49mj",
            "possibly_sensitive": false,
            "id_str": "802678846222987265",
            "retweeted": false,
            "is_quote_status": false,
            "lang": "en"
        }
    ],
    "search_metadata": {
        "query": "Hillary+OR+Clinton+from%3Aorlandosentinel+since%3A2016-11-27+until%3A2016-11-28+filter%3Alinks+-%40orlandosentinel",
        "refresh_url": "?since_id=802867459787264000&q=Hillary%20OR%20Clinton%20from%3Aorlandosentinel%20since%3A2016-11-27%20until%3A2016-11-28%20filter%3Alinks%20-%40orlandosentinel&include_entities=1",
        "max_id_str": "802867459787264000",
        "completed_in": 0.022,
        "since_id": 0,
        "since_id_str": "0",
        "max_id": 802867459787264000,
        "count": 100
    }
}