{
    "statuses": [],
    "search_metadata": {
        "query": "Hillary+OR+Clinton+from%3APortlandPhoenix+since%3A2016-11-27+until%3A2016-11-28+filter%3Alinks+-%40PortlandPhoenix",
        "refresh_url": "?since_id=803462596426756096&q=Hillary%20OR%20Clinton%20from%3APortlandPhoenix%20since%3A2016-11-27%20until%3A2016-11-28%20filter%3Alinks%20-%40PortlandPhoenix&include_entities=1",
        "max_id_str": "803462596426756096",
        "completed_in": 0.031,
        "since_id": 0,
        "since_id_str": "0",
        "max_id": 803462596426756096,
        "count": 100
    }
}