{
    "search_metadata": {
        "since_id_str": "0",
        "refresh_url": "?since_id=802885486075322373&q=Hillary%20OR%20Clinton%20from%3Aprojo%20since%3A2016-11-27%20until%3A2016-11-28%20filter%3Alinks%20-%40projo&include_entities=1",
        "query": "Hillary+OR+Clinton+from%3Aprojo+since%3A2016-11-27+until%3A2016-11-28+filter%3Alinks+-%40projo",
        "max_id_str": "802885486075322373",
        "max_id": 802885486075322373,
        "since_id": 0,
        "count": 100,
        "completed_in": 0.031
    },
    "statuses": [
        {
            "entities": {
                "urls": [
                    {
                        "url": "https://t.co/bVQcyEUl7j",
                        "indices": [
                            60,
                            83
                        ],
                        "expanded_url": "http://buff.ly/2fT07KC",
                        "display_url": "buff.ly/2fT07KC"
                    }
                ],
                "user_mentions": [],
                "hashtags": [],
                "symbols": [],
                "media": [
                    {
                        "indices": [
                            84,
                            107
                        ],
                        "id": 802885484196208640,
                        "media_url": "http://pbs.twimg.com/media/CyRsGBDVIAAJ0Ak.jpg",
                        "media_url_https": "https://pbs.twimg.com/media/CyRsGBDVIAAJ0Ak.jpg",
                        "url": "https://t.co/KI8qzmDILe",
                        "sizes": {
                            "small": {
                                "resize": "fit",
                                "w": 680,
                                "h": 436
                            },
                            "medium": {
                                "resize": "fit",
                                "w": 1024,
                                "h": 656
                            },
                            "large": {
                                "resize": "fit",
                                "w": 1024,
                                "h": 656
                            },
                            "thumb": {
                                "resize": "crop",
                                "w": 150,
                                "h": 150
                            }
                        },
                        "type": "photo",
                        "id_str": "802885484196208640",
                        "expanded_url": "https://twitter.com/projo/status/802885486075322373/photo/1",
                        "display_url": "pic.twitter.com/KI8qzmDILe"
                    }
                ]
            },
            "possibly_sensitive": false,
            "place": null,
            "truncated": false,
            "coordinates": null,
            "geo": null,
            "source": "<a href=\"http://bufferapp.com\" rel=\"nofollow\">Buffer</a>",
            "created_at": "Sun Nov 27 14:43:11 +0000 2016",
            "retweet_count": 0,
            "user": {
                "entities": {
                    "url": {
                        "urls": [
                            {
                                "url": "http://t.co/NV7zLtAwcw",
                                "indices": [
                                    0,
                                    22
                                ],
                                "expanded_url": "http://www.providencejournal.com/twitter",
                                "display_url": "providencejournal.com/twitter"
                            }
                        ]
                    },
                    "description": {
                        "urls": [
                            {
                                "url": "http://t.co/LHII5QLj",
                                "indices": [
                                    71,
                                    91
                                ],
                                "expanded_url": "http://providencejournal.com",
                                "display_url": "providencejournal.com"
                            }
                        ]
                    }
                },
                "profile_background_tile": true,
                "friends_count": 1413,
                "statuses_count": 90511,
                "location": "Providence, RI",
                "notifications": false,
                "url": "http://t.co/NV7zLtAwcw",
                "translator_type": "none",
                "default_profile": false,
                "profile_image_url": "http://pbs.twimg.com/profile_images/2103901539/pjlogo512_normal.png",
                "geo_enabled": true,
                "profile_sidebar_fill_color": "FFFFC5",
                "contributors_enabled": false,
                "created_at": "Thu Apr 10 19:04:30 +0000 2008",
                "profile_background_image_url_https": "https://pbs.twimg.com/profile_background_images/665502128/fde33890ef10fdfa19a4137551d42969.jpeg",
                "has_extended_profile": false,
                "profile_background_image_url": "http://pbs.twimg.com/profile_background_images/665502128/fde33890ef10fdfa19a4137551d42969.jpeg",
                "profile_image_url_https": "https://pbs.twimg.com/profile_images/2103901539/pjlogo512_normal.png",
                "utc_offset": -18000,
                "protected": false,
                "followers_count": 81645,
                "screen_name": "projo",
                "profile_use_background_image": true,
                "profile_text_color": "384182",
                "id": 14354091,
                "is_translator": false,
                "description": "Top breaking news, tweets of special interest to Rhode Islanders, from http://t.co/LHII5QLj",
                "following": false,
                "is_translation_enabled": false,
                "verified": true,
                "id_str": "14354091",
                "listed_count": 1059,
                "default_profile_image": false,
                "name": "Providence Journal",
                "profile_background_color": "0E3D71",
                "follow_request_sent": false,
                "profile_sidebar_border_color": "000000",
                "time_zone": "Eastern Time (US & Canada)",
                "favourites_count": 612,
                "profile_banner_url": "https://pbs.twimg.com/profile_banners/14354091/1441139908",
                "lang": "en",
                "profile_link_color": "0000FF"
            },
            "lang": "en",
            "text": "Clinton campaign will participate in Stein's state recounts https://t.co/bVQcyEUl7j https://t.co/KI8qzmDILe",
            "is_quote_status": false,
            "id": 802885486075322373,
            "retweeted": false,
            "id_str": "802885486075322373",
            "in_reply_to_user_id_str": null,
            "favorited": false,
            "extended_entities": {
                "media": [
                    {
                        "indices": [
                            84,
                            107
                        ],
                        "id": 802885484196208640,
                        "media_url": "http://pbs.twimg.com/media/CyRsGBDVIAAJ0Ak.jpg",
                        "media_url_https": "https://pbs.twimg.com/media/CyRsGBDVIAAJ0Ak.jpg",
                        "url": "https://t.co/KI8qzmDILe",
                        "sizes": {
                            "small": {
                                "resize": "fit",
                                "w": 680,
                                "h": 436
                            },
                            "medium": {
                                "resize": "fit",
                                "w": 1024,
                                "h": 656
                            },
                            "large": {
                                "resize": "fit",
                                "w": 1024,
                                "h": 656
                            },
                            "thumb": {
                                "resize": "crop",
                                "w": 150,
                                "h": 150
                            }
                        },
                        "type": "photo",
                        "id_str": "802885484196208640",
                        "expanded_url": "https://twitter.com/projo/status/802885486075322373/photo/1",
                        "display_url": "pic.twitter.com/KI8qzmDILe"
                    }
                ]
            },
            "in_reply_to_user_id": null,
            "in_reply_to_screen_name": null,
            "in_reply_to_status_id": null,
            "in_reply_to_status_id_str": null,
            "metadata": {
                "iso_language_code": "en",
                "result_type": "recent"
            },
            "favorite_count": 2,
            "contributors": null
        }
    ]
}