{
    "statuses": [
        {
            "place": null,
            "created_at": "Sun Nov 27 19:01:01 +0000 2016",
            "favorite_count": 8,
            "coordinates": null,
            "in_reply_to_status_id_str": null,
            "favorited": false,
            "source": "<a href=\"https://about.twitter.com/products/tweetdeck\" rel=\"nofollow\">TweetDeck</a>",
            "id": 802950370620276736,
            "in_reply_to_user_id": null,
            "in_reply_to_screen_name": null,
            "in_reply_to_user_id_str": null,
            "truncated": false,
            "in_reply_to_status_id": null,
            "extended_entities": {
                "media": [
                    {
                        "url": "https://t.co/mNdDc1fvAe",
                        "display_url": "pic.twitter.com/mNdDc1fvAe",
                        "media_url_https": "https://pbs.twimg.com/media/CyPGdBgXcAAHdEq.jpg",
                        "id_str": "802703360524775424",
                        "type": "photo",
                        "indices": [
                            81,
                            104
                        ],
                        "sizes": {
                            "thumb": {
                                "w": 150,
                                "resize": "crop",
                                "h": 150
                            },
                            "large": {
                                "w": 1200,
                                "resize": "fit",
                                "h": 630
                            },
                            "medium": {
                                "w": 1200,
                                "resize": "fit",
                                "h": 630
                            },
                            "small": {
                                "w": 680,
                                "resize": "fit",
                                "h": 357
                            }
                        },
                        "expanded_url": "https://twitter.com/StarTribune/status/802950370620276736/photo/1",
                        "media_url": "http://pbs.twimg.com/media/CyPGdBgXcAAHdEq.jpg",
                        "id": 802703360524775424
                    }
                ]
            },
            "user": {
                "screen_name": "StarTribune",
                "profile_background_image_url_https": "https://pbs.twimg.com/profile_background_images/378800000177961119/MxVaJ3fR.jpeg",
                "profile_background_image_url": "http://pbs.twimg.com/profile_background_images/378800000177961119/MxVaJ3fR.jpeg",
                "profile_banner_url": "https://pbs.twimg.com/profile_banners/17348525/1480105232",
                "protected": false,
                "is_translation_enabled": false,
                "utc_offset": -21600,
                "created_at": "Wed Nov 12 20:55:38 +0000 2008",
                "geo_enabled": false,
                "profile_background_color": "FFFFFF",
                "url": "https://t.co/2perTa45jk",
                "has_extended_profile": false,
                "statuses_count": 101047,
                "notifications": false,
                "id": 17348525,
                "profile_use_background_image": true,
                "id_str": "17348525",
                "translator_type": "regular",
                "profile_text_color": "333333",
                "profile_link_color": "31661E",
                "location": "Minneapolis, MN ",
                "listed_count": 3337,
                "description": "Minnesota's top choice for news and more. See https://t.co/DKVw7iC5C9 to follow our journalists. Find customer service at @startribsupport.",
                "entities": {
                    "url": {
                        "urls": [
                            {
                                "url": "https://t.co/2perTa45jk",
                                "display_url": "startribune.com",
                                "expanded_url": "http://www.startribune.com",
                                "indices": [
                                    0,
                                    23
                                ]
                            }
                        ]
                    },
                    "description": {
                        "urls": [
                            {
                                "url": "https://t.co/DKVw7iC5C9",
                                "display_url": "strib.mn/STtweets",
                                "expanded_url": "http://strib.mn/STtweets",
                                "indices": [
                                    46,
                                    69
                                ]
                            }
                        ]
                    }
                },
                "following": false,
                "default_profile_image": false,
                "followers_count": 252026,
                "is_translator": false,
                "profile_image_url_https": "https://pbs.twimg.com/profile_images/427289765734404096/Ip4UAv5q_normal.jpeg",
                "favourites_count": 1212,
                "time_zone": "Central Time (US & Canada)",
                "profile_sidebar_border_color": "FFFFFF",
                "default_profile": false,
                "friends_count": 801,
                "contributors_enabled": false,
                "profile_image_url": "http://pbs.twimg.com/profile_images/427289765734404096/Ip4UAv5q_normal.jpeg",
                "profile_background_tile": false,
                "verified": true,
                "profile_sidebar_fill_color": "E6EDE4",
                "follow_request_sent": false,
                "lang": "en",
                "name": "Star Tribune"
            },
            "metadata": {
                "result_type": "recent",
                "iso_language_code": "en"
            },
            "entities": {
                "symbols": [],
                "media": [
                    {
                        "url": "https://t.co/mNdDc1fvAe",
                        "display_url": "pic.twitter.com/mNdDc1fvAe",
                        "media_url_https": "https://pbs.twimg.com/media/CyPGdBgXcAAHdEq.jpg",
                        "id_str": "802703360524775424",
                        "type": "photo",
                        "indices": [
                            81,
                            104
                        ],
                        "sizes": {
                            "thumb": {
                                "w": 150,
                                "resize": "crop",
                                "h": 150
                            },
                            "large": {
                                "w": 1200,
                                "resize": "fit",
                                "h": 630
                            },
                            "medium": {
                                "w": 1200,
                                "resize": "fit",
                                "h": 630
                            },
                            "small": {
                                "w": 680,
                                "resize": "fit",
                                "h": 357
                            }
                        },
                        "expanded_url": "https://twitter.com/StarTribune/status/802950370620276736/photo/1",
                        "media_url": "http://pbs.twimg.com/media/CyPGdBgXcAAHdEq.jpg",
                        "id": 802703360524775424
                    }
                ],
                "user_mentions": [],
                "urls": [
                    {
                        "url": "https://t.co/I7mjqPaDnL",
                        "display_url": "strib.mn/2ginaPy",
                        "expanded_url": "http://strib.mn/2ginaPy",
                        "indices": [
                            57,
                            80
                        ]
                    }
                ],
                "hashtags": []
            },
            "geo": null,
            "retweet_count": 1,
            "contributors": null,
            "text": "Clinton campaign will take part in recount in Wisconsin. https://t.co/I7mjqPaDnL https://t.co/mNdDc1fvAe",
            "possibly_sensitive": false,
            "id_str": "802950370620276736",
            "retweeted": false,
            "is_quote_status": false,
            "lang": "en"
        },
        {
            "place": null,
            "created_at": "Sun Nov 27 02:07:39 +0000 2016",
            "favorite_count": 12,
            "coordinates": null,
            "in_reply_to_status_id_str": null,
            "favorited": false,
            "source": "<a href=\"http://bufferapp.com\" rel=\"nofollow\">Buffer</a>",
            "id": 802695348946894848,
            "in_reply_to_user_id": null,
            "in_reply_to_screen_name": null,
            "in_reply_to_user_id_str": null,
            "truncated": false,
            "in_reply_to_status_id": null,
            "extended_entities": {
                "media": [
                    {
                        "url": "https://t.co/Qf47Yh7BMp",
                        "display_url": "pic.twitter.com/Qf47Yh7BMp",
                        "media_url_https": "https://pbs.twimg.com/media/CyO_Kf_XUAAfv-_.jpg",
                        "id_str": "802695345708945408",
                        "type": "photo",
                        "indices": [
                            81,
                            104
                        ],
                        "sizes": {
                            "thumb": {
                                "w": 150,
                                "resize": "crop",
                                "h": 150
                            },
                            "large": {
                                "w": 1200,
                                "resize": "fit",
                                "h": 630
                            },
                            "medium": {
                                "w": 1200,
                                "resize": "fit",
                                "h": 630
                            },
                            "small": {
                                "w": 680,
                                "resize": "fit",
                                "h": 357
                            }
                        },
                        "expanded_url": "https://twitter.com/StarTribune/status/802695348946894848/photo/1",
                        "media_url": "http://pbs.twimg.com/media/CyO_Kf_XUAAfv-_.jpg",
                        "id": 802695345708945408
                    }
                ]
            },
            "user": {
                "screen_name": "StarTribune",
                "profile_background_image_url_https": "https://pbs.twimg.com/profile_background_images/378800000177961119/MxVaJ3fR.jpeg",
                "profile_background_image_url": "http://pbs.twimg.com/profile_background_images/378800000177961119/MxVaJ3fR.jpeg",
                "profile_banner_url": "https://pbs.twimg.com/profile_banners/17348525/1480105232",
                "protected": false,
                "is_translation_enabled": false,
                "utc_offset": -21600,
                "created_at": "Wed Nov 12 20:55:38 +0000 2008",
                "geo_enabled": false,
                "profile_background_color": "FFFFFF",
                "url": "https://t.co/2perTa45jk",
                "has_extended_profile": false,
                "statuses_count": 101047,
                "notifications": false,
                "id": 17348525,
                "profile_use_background_image": true,
                "id_str": "17348525",
                "translator_type": "regular",
                "profile_text_color": "333333",
                "profile_link_color": "31661E",
                "location": "Minneapolis, MN ",
                "listed_count": 3337,
                "description": "Minnesota's top choice for news and more. See https://t.co/DKVw7iC5C9 to follow our journalists. Find customer service at @startribsupport.",
                "entities": {
                    "url": {
                        "urls": [
                            {
                                "url": "https://t.co/2perTa45jk",
                                "display_url": "startribune.com",
                                "expanded_url": "http://www.startribune.com",
                                "indices": [
                                    0,
                                    23
                                ]
                            }
                        ]
                    },
                    "description": {
                        "urls": [
                            {
                                "url": "https://t.co/DKVw7iC5C9",
                                "display_url": "strib.mn/STtweets",
                                "expanded_url": "http://strib.mn/STtweets",
                                "indices": [
                                    46,
                                    69
                                ]
                            }
                        ]
                    }
                },
                "following": false,
                "default_profile_image": false,
                "followers_count": 252026,
                "is_translator": false,
                "profile_image_url_https": "https://pbs.twimg.com/profile_images/427289765734404096/Ip4UAv5q_normal.jpeg",
                "favourites_count": 1212,
                "time_zone": "Central Time (US & Canada)",
                "profile_sidebar_border_color": "FFFFFF",
                "default_profile": false,
                "friends_count": 801,
                "contributors_enabled": false,
                "profile_image_url": "http://pbs.twimg.com/profile_images/427289765734404096/Ip4UAv5q_normal.jpeg",
                "profile_background_tile": false,
                "verified": true,
                "profile_sidebar_fill_color": "E6EDE4",
                "follow_request_sent": false,
                "lang": "en",
                "name": "Star Tribune"
            },
            "metadata": {
                "result_type": "recent",
                "iso_language_code": "en"
            },
            "entities": {
                "symbols": [],
                "media": [
                    {
                        "url": "https://t.co/Qf47Yh7BMp",
                        "display_url": "pic.twitter.com/Qf47Yh7BMp",
                        "media_url_https": "https://pbs.twimg.com/media/CyO_Kf_XUAAfv-_.jpg",
                        "id_str": "802695345708945408",
                        "type": "photo",
                        "indices": [
                            81,
                            104
                        ],
                        "sizes": {
                            "thumb": {
                                "w": 150,
                                "resize": "crop",
                                "h": 150
                            },
                            "large": {
                                "w": 1200,
                                "resize": "fit",
                                "h": 630
                            },
                            "medium": {
                                "w": 1200,
                                "resize": "fit",
                                "h": 630
                            },
                            "small": {
                                "w": 680,
                                "resize": "fit",
                                "h": 357
                            }
                        },
                        "expanded_url": "https://twitter.com/StarTribune/status/802695348946894848/photo/1",
                        "media_url": "http://pbs.twimg.com/media/CyO_Kf_XUAAfv-_.jpg",
                        "id": 802695345708945408
                    }
                ],
                "user_mentions": [],
                "urls": [
                    {
                        "url": "https://t.co/I7mjqPaDnL",
                        "display_url": "strib.mn/2ginaPy",
                        "expanded_url": "http://strib.mn/2ginaPy",
                        "indices": [
                            57,
                            80
                        ]
                    }
                ],
                "hashtags": []
            },
            "geo": null,
            "retweet_count": 3,
            "contributors": null,
            "text": "Clinton campaign will take part in recount in Wisconsin. https://t.co/I7mjqPaDnL https://t.co/Qf47Yh7BMp",
            "possibly_sensitive": false,
            "id_str": "802695348946894848",
            "retweeted": false,
            "is_quote_status": false,
            "lang": "en"
        }
    ],
    "search_metadata": {
        "query": "Hillary+OR+Clinton+from%3AStarTribune+since%3A2016-11-27+until%3A2016-11-28+filter%3Alinks+-%40StarTribune",
        "refresh_url": "?since_id=802950370620276736&q=Hillary%20OR%20Clinton%20from%3AStarTribune%20since%3A2016-11-27%20until%3A2016-11-28%20filter%3Alinks%20-%40StarTribune&include_entities=1",
        "max_id_str": "802950370620276736",
        "completed_in": 0.023,
        "since_id": 0,
        "since_id_str": "0",
        "max_id": 802950370620276736,
        "count": 100
    }
}