{
    "statuses": [
        {
            "place": null,
            "created_at": "Sun Nov 27 16:35:03 +0000 2016",
            "favorite_count": 1,
            "coordinates": null,
            "in_reply_to_status_id_str": null,
            "favorited": false,
            "source": "<a href=\"http://dlvr.it\" rel=\"nofollow\">dlvr.it</a>",
            "id": 802913640613429250,
            "in_reply_to_user_id": null,
            "in_reply_to_screen_name": null,
            "in_reply_to_user_id_str": null,
            "truncated": false,
            "in_reply_to_status_id": null,
            "extended_entities": {
                "media": [
                    {
                        "url": "https://t.co/vqj6WULERz",
                        "display_url": "pic.twitter.com/vqj6WULERz",
                        "media_url_https": "https://pbs.twimg.com/media/CySFsycVQAITTv6.jpg",
                        "id_str": "802913638080135170",
                        "type": "photo",
                        "indices": [
                            81,
                            104
                        ],
                        "sizes": {
                            "thumb": {
                                "w": 150,
                                "resize": "crop",
                                "h": 150
                            },
                            "large": {
                                "w": 640,
                                "resize": "fit",
                                "h": 482
                            },
                            "medium": {
                                "w": 640,
                                "resize": "fit",
                                "h": 482
                            },
                            "small": {
                                "w": 640,
                                "resize": "fit",
                                "h": 482
                            }
                        },
                        "expanded_url": "https://twitter.com/StarAdvertiser/status/802913640613429250/photo/1",
                        "media_url": "http://pbs.twimg.com/media/CySFsycVQAITTv6.jpg",
                        "id": 802913638080135170
                    }
                ]
            },
            "user": {
                "screen_name": "StarAdvertiser",
                "profile_background_image_url_https": "https://pbs.twimg.com/profile_background_images/164414760/SABanner-2-1.jpg",
                "profile_background_image_url": "http://pbs.twimg.com/profile_background_images/164414760/SABanner-2-1.jpg",
                "profile_banner_url": "https://pbs.twimg.com/profile_banners/126424795/1446606044",
                "protected": false,
                "is_translation_enabled": false,
                "utc_offset": -36000,
                "created_at": "Thu Mar 25 20:54:58 +0000 2010",
                "geo_enabled": true,
                "profile_background_color": "FFFFFF",
                "url": "https://t.co/IlUVJyBOsb",
                "has_extended_profile": false,
                "statuses_count": 108848,
                "notifications": false,
                "id": 126424795,
                "profile_use_background_image": true,
                "id_str": "126424795",
                "translator_type": "none",
                "profile_text_color": "333333",
                "profile_link_color": "2169AD",
                "location": "Honolulu, Hawaii",
                "listed_count": 1364,
                "description": "The Pulse of Paradise. Breaking news and information from Hawaii's largest news organization.",
                "entities": {
                    "url": {
                        "urls": [
                            {
                                "url": "https://t.co/IlUVJyBOsb",
                                "display_url": "staradvertiser.com",
                                "expanded_url": "http://www.staradvertiser.com",
                                "indices": [
                                    0,
                                    23
                                ]
                            }
                        ]
                    },
                    "description": {
                        "urls": []
                    }
                },
                "following": false,
                "default_profile_image": false,
                "followers_count": 55998,
                "is_translator": false,
                "profile_image_url_https": "https://pbs.twimg.com/profile_images/458796544200679426/TIwpuRqm_normal.png",
                "favourites_count": 8,
                "time_zone": "Hawaii",
                "profile_sidebar_border_color": "C0DEED",
                "default_profile": false,
                "friends_count": 73,
                "contributors_enabled": false,
                "profile_image_url": "http://pbs.twimg.com/profile_images/458796544200679426/TIwpuRqm_normal.png",
                "profile_background_tile": false,
                "verified": true,
                "profile_sidebar_fill_color": "DDEEF6",
                "follow_request_sent": false,
                "lang": "en",
                "name": "Star-Advertiser"
            },
            "metadata": {
                "result_type": "recent",
                "iso_language_code": "en"
            },
            "entities": {
                "symbols": [],
                "media": [
                    {
                        "url": "https://t.co/vqj6WULERz",
                        "display_url": "pic.twitter.com/vqj6WULERz",
                        "media_url_https": "https://pbs.twimg.com/media/CySFsycVQAITTv6.jpg",
                        "id_str": "802913638080135170",
                        "type": "photo",
                        "indices": [
                            81,
                            104
                        ],
                        "sizes": {
                            "thumb": {
                                "w": 150,
                                "resize": "crop",
                                "h": 150
                            },
                            "large": {
                                "w": 640,
                                "resize": "fit",
                                "h": 482
                            },
                            "medium": {
                                "w": 640,
                                "resize": "fit",
                                "h": 482
                            },
                            "small": {
                                "w": 640,
                                "resize": "fit",
                                "h": 482
                            }
                        },
                        "expanded_url": "https://twitter.com/StarAdvertiser/status/802913640613429250/photo/1",
                        "media_url": "http://pbs.twimg.com/media/CySFsycVQAITTv6.jpg",
                        "id": 802913638080135170
                    }
                ],
                "user_mentions": [],
                "urls": [
                    {
                        "url": "https://t.co/mXHYmrzqhX",
                        "display_url": "dlvr.it/MlnMDv",
                        "expanded_url": "http://dlvr.it/MlnMDv",
                        "indices": [
                            57,
                            80
                        ]
                    }
                ],
                "hashtags": []
            },
            "geo": null,
            "retweet_count": 0,
            "contributors": null,
            "text": "Trump calls it \u2018sad\u2019 that Clinton joining recount effort https://t.co/mXHYmrzqhX https://t.co/vqj6WULERz",
            "possibly_sensitive": false,
            "id_str": "802913640613429250",
            "retweeted": false,
            "is_quote_status": false,
            "lang": "en"
        }
    ],
    "search_metadata": {
        "query": "Hillary+OR+Clinton+from%3AStarAdvertiser+since%3A2016-11-27+until%3A2016-11-28+filter%3Alinks+-%40StarAdvertiser",
        "refresh_url": "?since_id=802913640613429250&q=Hillary%20OR%20Clinton%20from%3AStarAdvertiser%20since%3A2016-11-27%20until%3A2016-11-28%20filter%3Alinks%20-%40StarAdvertiser&include_entities=1",
        "max_id_str": "802913640613429250",
        "completed_in": 0.044,
        "since_id": 0,
        "since_id_str": "0",
        "max_id": 802913640613429250,
        "count": 100
    }
}