{
    "search_metadata": {
        "since_id_str": "0",
        "refresh_url": "?since_id=802872526187692032&q=Hillary%20OR%20Clinton%20from%3Astarledger%20since%3A2016-11-27%20until%3A2016-11-28%20filter%3Alinks%20-%40starledger&include_entities=1",
        "query": "Hillary+OR+Clinton+from%3Astarledger+since%3A2016-11-27+until%3A2016-11-28+filter%3Alinks+-%40starledger",
        "max_id_str": "802872526187692032",
        "max_id": 802872526187692032,
        "since_id": 0,
        "count": 100,
        "completed_in": 0.03
    },
    "statuses": [
        {
            "entities": {
                "urls": [
                    {
                        "url": "https://t.co/pehTz9xtTV",
                        "indices": [
                            53,
                            76
                        ],
                        "expanded_url": "http://nj-ne.ws/pVKziA0",
                        "display_url": "nj-ne.ws/pVKziA0"
                    }
                ],
                "user_mentions": [],
                "hashtags": [],
                "symbols": []
            },
            "possibly_sensitive": false,
            "place": null,
            "truncated": false,
            "coordinates": null,
            "geo": null,
            "source": "<a href=\"http://www.socialflow.com\" rel=\"nofollow\">SocialFlow</a>",
            "created_at": "Sun Nov 27 13:51:41 +0000 2016",
            "user": {
                "entities": {
                    "url": {
                        "urls": [
                            {
                                "url": "https://t.co/tmvIsMaj8v",
                                "indices": [
                                    0,
                                    23
                                ],
                                "expanded_url": "http://www.nj.com/starledger",
                                "display_url": "nj.com/starledger"
                            }
                        ]
                    },
                    "description": {
                        "urls": []
                    }
                },
                "profile_background_tile": false,
                "friends_count": 232,
                "statuses_count": 79520,
                "location": "New Jersey",
                "notifications": false,
                "url": "https://t.co/tmvIsMaj8v",
                "translator_type": "none",
                "default_profile": false,
                "profile_image_url": "http://pbs.twimg.com/profile_images/1935042354/Twitter-Star-Ledger-Avatar-Logo_normal.gif",
                "geo_enabled": true,
                "profile_sidebar_fill_color": "E0FF92",
                "contributors_enabled": false,
                "created_at": "Sat Jan 05 15:39:06 +0000 2008",
                "profile_background_image_url_https": "https://pbs.twimg.com/profile_background_images/378800000085036560/b45d55a7136817ee9cc2b624da9754ee.png",
                "has_extended_profile": false,
                "profile_background_image_url": "http://pbs.twimg.com/profile_background_images/378800000085036560/b45d55a7136817ee9cc2b624da9754ee.png",
                "profile_image_url_https": "https://pbs.twimg.com/profile_images/1935042354/Twitter-Star-Ledger-Avatar-Logo_normal.gif",
                "utc_offset": -18000,
                "protected": false,
                "followers_count": 174119,
                "screen_name": "starledger",
                "profile_use_background_image": true,
                "profile_text_color": "000000",
                "id": 11877492,
                "is_translator": false,
                "description": "Real-time news from The Star-Ledger, New Jersey's largest daily newspaper.",
                "following": false,
                "is_translation_enabled": false,
                "verified": true,
                "id_str": "11877492",
                "listed_count": 1677,
                "default_profile_image": false,
                "name": "The Star-Ledger",
                "profile_background_color": "9AE4E8",
                "follow_request_sent": false,
                "profile_sidebar_border_color": "FFFFFF",
                "time_zone": "Eastern Time (US & Canada)",
                "favourites_count": 63,
                "profile_banner_url": "https://pbs.twimg.com/profile_banners/11877492/1398785594",
                "lang": "en",
                "profile_link_color": "3F67A3"
            },
            "lang": "en",
            "text": "Hillary Clinton joins recount effort in three states https://t.co/pehTz9xtTV",
            "is_quote_status": false,
            "id": 802872526187692032,
            "retweeted": false,
            "id_str": "802872526187692032",
            "in_reply_to_user_id_str": null,
            "favorited": false,
            "retweet_count": 8,
            "in_reply_to_user_id": null,
            "in_reply_to_screen_name": null,
            "in_reply_to_status_id": null,
            "in_reply_to_status_id_str": null,
            "metadata": {
                "iso_language_code": "en",
                "result_type": "recent"
            },
            "favorite_count": 7,
            "contributors": null
        }
    ]
}