{
    "statuses": [
        {
            "place": null,
            "created_at": "Sun Nov 27 16:00:14 +0000 2016",
            "favorite_count": 2,
            "coordinates": null,
            "in_reply_to_status_id_str": null,
            "favorited": false,
            "source": "<a href=\"https://about.twitter.com/products/tweetdeck\" rel=\"nofollow\">TweetDeck</a>",
            "id": 802904876623740928,
            "in_reply_to_user_id": null,
            "in_reply_to_screen_name": null,
            "in_reply_to_user_id_str": null,
            "truncated": false,
            "in_reply_to_status_id": null,
            "extended_entities": {
                "media": [
                    {
                        "url": "https://t.co/ybksIpA9cp",
                        "display_url": "pic.twitter.com/ybksIpA9cp",
                        "media_url_https": "https://pbs.twimg.com/media/CyR9q9gXEAAS3ni.jpg",
                        "id_str": "802904810597060608",
                        "type": "photo",
                        "indices": [
                            86,
                            109
                        ],
                        "sizes": {
                            "thumb": {
                                "w": 150,
                                "resize": "crop",
                                "h": 150
                            },
                            "large": {
                                "w": 1024,
                                "resize": "fit",
                                "h": 683
                            },
                            "medium": {
                                "w": 1024,
                                "resize": "fit",
                                "h": 683
                            },
                            "small": {
                                "w": 680,
                                "resize": "fit",
                                "h": 454
                            }
                        },
                        "expanded_url": "https://twitter.com/Suntimes/status/802904876623740928/photo/1",
                        "media_url": "http://pbs.twimg.com/media/CyR9q9gXEAAS3ni.jpg",
                        "id": 802904810597060608
                    }
                ]
            },
            "user": {
                "screen_name": "Suntimes",
                "profile_background_image_url_https": "https://pbs.twimg.com/profile_background_images/378800000119561429/8f57893c5f014bffec1871f0b76eb7d2.jpeg",
                "profile_background_image_url": "http://pbs.twimg.com/profile_background_images/378800000119561429/8f57893c5f014bffec1871f0b76eb7d2.jpeg",
                "profile_banner_url": "https://pbs.twimg.com/profile_banners/12811952/1441736339",
                "protected": false,
                "is_translation_enabled": false,
                "utc_offset": -21600,
                "created_at": "Tue Jan 29 02:38:26 +0000 2008",
                "geo_enabled": true,
                "profile_background_color": "FFFFFF",
                "url": "http://t.co/XmojOL5kOD",
                "has_extended_profile": false,
                "statuses_count": 98456,
                "notifications": false,
                "id": 12811952,
                "profile_use_background_image": false,
                "id_str": "12811952",
                "translator_type": "none",
                "profile_text_color": "333333",
                "profile_link_color": "3B94D9",
                "location": "Chicago, IL",
                "listed_count": 5739,
                "description": "Grab a copy of your new Chicago Sun-Times! More Chicago. More national. More of what matters to you. Tell us what you think: CSTfeedback@suntimes.com",
                "entities": {
                    "url": {
                        "urls": [
                            {
                                "url": "http://t.co/XmojOL5kOD",
                                "display_url": "chicago.suntimes.com",
                                "expanded_url": "http://chicago.suntimes.com",
                                "indices": [
                                    0,
                                    22
                                ]
                            }
                        ]
                    },
                    "description": {
                        "urls": []
                    }
                },
                "following": false,
                "default_profile_image": false,
                "followers_count": 329782,
                "is_translator": false,
                "profile_image_url_https": "https://pbs.twimg.com/profile_images/575531934157119488/9TaaXkIc_normal.jpeg",
                "favourites_count": 4468,
                "time_zone": "Central Time (US & Canada)",
                "profile_sidebar_border_color": "FFFFFF",
                "default_profile": false,
                "friends_count": 14896,
                "contributors_enabled": false,
                "profile_image_url": "http://pbs.twimg.com/profile_images/575531934157119488/9TaaXkIc_normal.jpeg",
                "profile_background_tile": false,
                "verified": true,
                "profile_sidebar_fill_color": "EFEFEF",
                "follow_request_sent": false,
                "lang": "en",
                "name": "Chicago Sun-Times"
            },
            "metadata": {
                "result_type": "recent",
                "iso_language_code": "en"
            },
            "entities": {
                "symbols": [],
                "media": [
                    {
                        "url": "https://t.co/ybksIpA9cp",
                        "display_url": "pic.twitter.com/ybksIpA9cp",
                        "media_url_https": "https://pbs.twimg.com/media/CyR9q9gXEAAS3ni.jpg",
                        "id_str": "802904810597060608",
                        "type": "photo",
                        "indices": [
                            86,
                            109
                        ],
                        "sizes": {
                            "thumb": {
                                "w": 150,
                                "resize": "crop",
                                "h": 150
                            },
                            "large": {
                                "w": 1024,
                                "resize": "fit",
                                "h": 683
                            },
                            "medium": {
                                "w": 1024,
                                "resize": "fit",
                                "h": 683
                            },
                            "small": {
                                "w": 680,
                                "resize": "fit",
                                "h": 454
                            }
                        },
                        "expanded_url": "https://twitter.com/Suntimes/status/802904876623740928/photo/1",
                        "media_url": "http://pbs.twimg.com/media/CyR9q9gXEAAS3ni.jpg",
                        "id": 802904810597060608
                    }
                ],
                "user_mentions": [],
                "urls": [
                    {
                        "url": "https://t.co/M8xpBB761F",
                        "display_url": "bit.ly/2g6UP11",
                        "expanded_url": "http://bit.ly/2g6UP11",
                        "indices": [
                            62,
                            85
                        ]
                    }
                ],
                "hashtags": []
            },
            "geo": null,
            "retweet_count": 1,
            "contributors": null,
            "text": "Donald Trump aide says Hillary Clinton shouldn't join recount https://t.co/M8xpBB761F https://t.co/ybksIpA9cp",
            "possibly_sensitive": false,
            "id_str": "802904876623740928",
            "retweeted": false,
            "is_quote_status": false,
            "lang": "en"
        }
    ],
    "search_metadata": {
        "query": "Hillary+OR+Clinton+from%3ASuntimes+since%3A2016-11-27+until%3A2016-11-28+filter%3Alinks+-%40Suntimes",
        "refresh_url": "?since_id=802904876623740928&q=Hillary%20OR%20Clinton%20from%3ASuntimes%20since%3A2016-11-27%20until%3A2016-11-28%20filter%3Alinks%20-%40Suntimes&include_entities=1",
        "max_id_str": "802904876623740928",
        "completed_in": 0.02,
        "since_id": 0,
        "since_id_str": "0",
        "max_id": 802904876623740928,
        "count": 100
    }
}