{
    "search_metadata": {
        "since_id_str": "0",
        "refresh_url": "?since_id=803461524979204096&q=Hillary%20OR%20Clinton%20from%3Atheforum%20since%3A2016-11-27%20until%3A2016-11-28%20filter%3Alinks%20-%40theforum&include_entities=1",
        "query": "Hillary+OR+Clinton+from%3Atheforum+since%3A2016-11-27+until%3A2016-11-28+filter%3Alinks+-%40theforum",
        "max_id_str": "803461524979204096",
        "max_id": 803461524979204096,
        "since_id": 0,
        "count": 100,
        "completed_in": 0.014
    },
    "statuses": []
}