{
    "search_metadata": {
        "since_id_str": "0",
        "refresh_url": "?since_id=803461534135369728&q=Hillary%20OR%20Clinton%20from%3ATheOklahoman%20since%3A2016-11-27%20until%3A2016-11-28%20filter%3Alinks%20-%40TheOklahoman&include_entities=1",
        "query": "Hillary+OR+Clinton+from%3ATheOklahoman+since%3A2016-11-27+until%3A2016-11-28+filter%3Alinks+-%40TheOklahoman",
        "max_id_str": "803461534135369728",
        "max_id": 803461534135369728,
        "since_id": 0,
        "count": 100,
        "completed_in": 0.014
    },
    "statuses": []
}