{
    "search_metadata": {
        "since_id_str": "0",
        "refresh_url": "?since_id=802998328757624832&q=Hillary%20OR%20Clinton%20from%3AUSATODAY%20since%3A2016-11-27%20until%3A2016-11-28%20filter%3Alinks%20-%40USATODAY&include_entities=1",
        "query": "Hillary+OR+Clinton+from%3AUSATODAY+since%3A2016-11-27+until%3A2016-11-28+filter%3Alinks+-%40USATODAY",
        "max_id_str": "802998328757624832",
        "max_id": 802998328757624832,
        "since_id": 0,
        "count": 100,
        "completed_in": 0.026
    },
    "statuses": [
        {
            "entities": {
                "urls": [
                    {
                        "url": "https://t.co/KebOoYXZrM",
                        "indices": [
                            73,
                            96
                        ],
                        "expanded_url": "http://usat.ly/2glejfZ",
                        "display_url": "usat.ly/2glejfZ"
                    }
                ],
                "user_mentions": [],
                "hashtags": [],
                "symbols": [],
                "media": [
                    {
                        "indices": [
                            97,
                            120
                        ],
                        "id": 802998325087588353,
                        "media_url": "http://pbs.twimg.com/media/CyTSuOIUUAEy1aE.jpg",
                        "media_url_https": "https://pbs.twimg.com/media/CyTSuOIUUAEy1aE.jpg",
                        "url": "https://t.co/Z3nL9adb4Z",
                        "sizes": {
                            "small": {
                                "resize": "fit",
                                "w": 680,
                                "h": 357
                            },
                            "medium": {
                                "resize": "fit",
                                "w": 1200,
                                "h": 630
                            },
                            "large": {
                                "resize": "fit",
                                "w": 1200,
                                "h": 630
                            },
                            "thumb": {
                                "resize": "crop",
                                "w": 150,
                                "h": 150
                            }
                        },
                        "type": "photo",
                        "id_str": "802998325087588353",
                        "expanded_url": "https://twitter.com/USATODAY/status/802998328757624832/photo/1",
                        "display_url": "pic.twitter.com/Z3nL9adb4Z"
                    }
                ]
            },
            "possibly_sensitive": false,
            "place": null,
            "truncated": false,
            "coordinates": null,
            "geo": null,
            "source": "<a href=\"http://dlvr.it\" rel=\"nofollow\">dlvr.it</a>",
            "created_at": "Sun Nov 27 22:11:35 +0000 2016",
            "retweet_count": 31,
            "user": {
                "entities": {
                    "url": {
                        "urls": [
                            {
                                "url": "http://t.co/7xDl0vVHSt",
                                "indices": [
                                    0,
                                    22
                                ],
                                "expanded_url": "http://www.usatoday.com",
                                "display_url": "usatoday.com"
                            }
                        ]
                    },
                    "description": {
                        "urls": []
                    }
                },
                "profile_background_tile": false,
                "friends_count": 933,
                "statuses_count": 185164,
                "location": "USA TODAY HQ, McLean, Va.",
                "notifications": false,
                "url": "http://t.co/7xDl0vVHSt",
                "translator_type": "regular",
                "default_profile": false,
                "profile_image_url": "http://pbs.twimg.com/profile_images/761954996808286209/S15RXwx6_normal.jpg",
                "geo_enabled": false,
                "profile_sidebar_fill_color": "FFFFFF",
                "contributors_enabled": false,
                "created_at": "Wed Aug 06 19:55:31 +0000 2008",
                "profile_background_image_url_https": "https://pbs.twimg.com/profile_background_images/378800000089862470/7aa9f896147a89917aa047e30ab6ebc2.jpeg",
                "has_extended_profile": false,
                "profile_background_image_url": "http://pbs.twimg.com/profile_background_images/378800000089862470/7aa9f896147a89917aa047e30ab6ebc2.jpeg",
                "profile_image_url_https": "https://pbs.twimg.com/profile_images/761954996808286209/S15RXwx6_normal.jpg",
                "utc_offset": -18000,
                "protected": false,
                "followers_count": 2832603,
                "screen_name": "USATODAY",
                "profile_use_background_image": false,
                "profile_text_color": "000000",
                "id": 15754281,
                "is_translator": false,
                "description": "The latest news and most interesting stories from USA TODAY. News that's meant to be shared.",
                "following": false,
                "is_translation_enabled": false,
                "verified": true,
                "id_str": "15754281",
                "listed_count": 30002,
                "default_profile_image": false,
                "name": "USA TODAY",
                "profile_background_color": "0092D0",
                "follow_request_sent": false,
                "profile_sidebar_border_color": "FFFFFF",
                "time_zone": "Eastern Time (US & Canada)",
                "favourites_count": 1715,
                "profile_banner_url": "https://pbs.twimg.com/profile_banners/15754281/1453833768",
                "lang": "en",
                "profile_link_color": "0000FF"
            },
            "lang": "en",
            "text": "Trump: I would have won popular vote too with different kind of campaign https://t.co/KebOoYXZrM https://t.co/Z3nL9adb4Z",
            "is_quote_status": false,
            "id": 802998328757624832,
            "retweeted": false,
            "id_str": "802998328757624832",
            "in_reply_to_user_id_str": null,
            "favorited": false,
            "extended_entities": {
                "media": [
                    {
                        "indices": [
                            97,
                            120
                        ],
                        "id": 802998325087588353,
                        "media_url": "http://pbs.twimg.com/media/CyTSuOIUUAEy1aE.jpg",
                        "media_url_https": "https://pbs.twimg.com/media/CyTSuOIUUAEy1aE.jpg",
                        "url": "https://t.co/Z3nL9adb4Z",
                        "sizes": {
                            "small": {
                                "resize": "fit",
                                "w": 680,
                                "h": 357
                            },
                            "medium": {
                                "resize": "fit",
                                "w": 1200,
                                "h": 630
                            },
                            "large": {
                                "resize": "fit",
                                "w": 1200,
                                "h": 630
                            },
                            "thumb": {
                                "resize": "crop",
                                "w": 150,
                                "h": 150
                            }
                        },
                        "type": "photo",
                        "id_str": "802998325087588353",
                        "expanded_url": "https://twitter.com/USATODAY/status/802998328757624832/photo/1",
                        "display_url": "pic.twitter.com/Z3nL9adb4Z"
                    }
                ]
            },
            "in_reply_to_user_id": null,
            "in_reply_to_screen_name": null,
            "in_reply_to_status_id": null,
            "in_reply_to_status_id_str": null,
            "metadata": {
                "iso_language_code": "en",
                "result_type": "recent"
            },
            "favorite_count": 73,
            "contributors": null
        },
        {
            "entities": {
                "urls": [
                    {
                        "url": "https://t.co/REiXbmPZqE",
                        "indices": [
                            106,
                            129
                        ],
                        "expanded_url": "http://usat.ly/2gwgbBO",
                        "display_url": "usat.ly/2gwgbBO"
                    }
                ],
                "user_mentions": [],
                "hashtags": [],
                "symbols": []
            },
            "possibly_sensitive": false,
            "place": null,
            "truncated": false,
            "coordinates": null,
            "geo": null,
            "source": "<a href=\"http://www.hootsuite.com\" rel=\"nofollow\">Hootsuite</a>",
            "created_at": "Sun Nov 27 21:28:11 +0000 2016",
            "user": {
                "entities": {
                    "url": {
                        "urls": [
                            {
                                "url": "http://t.co/7xDl0vVHSt",
                                "indices": [
                                    0,
                                    22
                                ],
                                "expanded_url": "http://www.usatoday.com",
                                "display_url": "usatoday.com"
                            }
                        ]
                    },
                    "description": {
                        "urls": []
                    }
                },
                "profile_background_tile": false,
                "friends_count": 933,
                "statuses_count": 185164,
                "location": "USA TODAY HQ, McLean, Va.",
                "notifications": false,
                "url": "http://t.co/7xDl0vVHSt",
                "translator_type": "regular",
                "default_profile": false,
                "profile_image_url": "http://pbs.twimg.com/profile_images/761954996808286209/S15RXwx6_normal.jpg",
                "geo_enabled": false,
                "profile_sidebar_fill_color": "FFFFFF",
                "contributors_enabled": false,
                "created_at": "Wed Aug 06 19:55:31 +0000 2008",
                "profile_background_image_url_https": "https://pbs.twimg.com/profile_background_images/378800000089862470/7aa9f896147a89917aa047e30ab6ebc2.jpeg",
                "has_extended_profile": false,
                "profile_background_image_url": "http://pbs.twimg.com/profile_background_images/378800000089862470/7aa9f896147a89917aa047e30ab6ebc2.jpeg",
                "profile_image_url_https": "https://pbs.twimg.com/profile_images/761954996808286209/S15RXwx6_normal.jpg",
                "utc_offset": -18000,
                "protected": false,
                "followers_count": 2832603,
                "screen_name": "USATODAY",
                "profile_use_background_image": false,
                "profile_text_color": "000000",
                "id": 15754281,
                "is_translator": false,
                "description": "The latest news and most interesting stories from USA TODAY. News that's meant to be shared.",
                "following": false,
                "is_translation_enabled": false,
                "verified": true,
                "id_str": "15754281",
                "listed_count": 30002,
                "default_profile_image": false,
                "name": "USA TODAY",
                "profile_background_color": "0092D0",
                "follow_request_sent": false,
                "profile_sidebar_border_color": "FFFFFF",
                "time_zone": "Eastern Time (US & Canada)",
                "favourites_count": 1715,
                "profile_banner_url": "https://pbs.twimg.com/profile_banners/15754281/1453833768",
                "lang": "en",
                "profile_link_color": "0000FF"
            },
            "lang": "en",
            "text": "Donald Trump doesn't sound too happy about all those stories on how Hillary Clinton won the popular vote. https://t.co/REiXbmPZqE",
            "is_quote_status": false,
            "id": 802987408765530112,
            "retweeted": false,
            "id_str": "802987408765530112",
            "in_reply_to_user_id_str": null,
            "favorited": false,
            "retweet_count": 174,
            "in_reply_to_user_id": null,
            "in_reply_to_screen_name": null,
            "in_reply_to_status_id": null,
            "in_reply_to_status_id_str": null,
            "metadata": {
                "iso_language_code": "en",
                "result_type": "recent"
            },
            "favorite_count": 313,
            "contributors": null
        },
        {
            "entities": {
                "urls": [
                    {
                        "url": "https://t.co/SrrbtHnk9d",
                        "indices": [
                            58,
                            81
                        ],
                        "expanded_url": "http://usat.ly/2gv593x",
                        "display_url": "usat.ly/2gv593x"
                    }
                ],
                "user_mentions": [],
                "hashtags": [],
                "symbols": [],
                "media": [
                    {
                        "indices": [
                            82,
                            105
                        ],
                        "id": 802897664257818624,
                        "media_url": "http://pbs.twimg.com/media/CyR3K_UUAAALmRn.jpg",
                        "media_url_https": "https://pbs.twimg.com/media/CyR3K_UUAAALmRn.jpg",
                        "url": "https://t.co/ver5AVe1TM",
                        "sizes": {
                            "small": {
                                "resize": "fit",
                                "w": 680,
                                "h": 357
                            },
                            "medium": {
                                "resize": "fit",
                                "w": 1200,
                                "h": 630
                            },
                            "large": {
                                "resize": "fit",
                                "w": 1200,
                                "h": 630
                            },
                            "thumb": {
                                "resize": "crop",
                                "w": 150,
                                "h": 150
                            }
                        },
                        "type": "photo",
                        "id_str": "802897664257818624",
                        "expanded_url": "https://twitter.com/USATODAY/status/802897667827245056/photo/1",
                        "display_url": "pic.twitter.com/ver5AVe1TM"
                    }
                ]
            },
            "possibly_sensitive": false,
            "place": null,
            "truncated": false,
            "coordinates": null,
            "geo": null,
            "source": "<a href=\"http://dlvr.it\" rel=\"nofollow\">dlvr.it</a>",
            "created_at": "Sun Nov 27 15:31:35 +0000 2016",
            "retweet_count": 40,
            "user": {
                "entities": {
                    "url": {
                        "urls": [
                            {
                                "url": "http://t.co/7xDl0vVHSt",
                                "indices": [
                                    0,
                                    22
                                ],
                                "expanded_url": "http://www.usatoday.com",
                                "display_url": "usatoday.com"
                            }
                        ]
                    },
                    "description": {
                        "urls": []
                    }
                },
                "profile_background_tile": false,
                "friends_count": 933,
                "statuses_count": 185164,
                "location": "USA TODAY HQ, McLean, Va.",
                "notifications": false,
                "url": "http://t.co/7xDl0vVHSt",
                "translator_type": "regular",
                "default_profile": false,
                "profile_image_url": "http://pbs.twimg.com/profile_images/761954996808286209/S15RXwx6_normal.jpg",
                "geo_enabled": false,
                "profile_sidebar_fill_color": "FFFFFF",
                "contributors_enabled": false,
                "created_at": "Wed Aug 06 19:55:31 +0000 2008",
                "profile_background_image_url_https": "https://pbs.twimg.com/profile_background_images/378800000089862470/7aa9f896147a89917aa047e30ab6ebc2.jpeg",
                "has_extended_profile": false,
                "profile_background_image_url": "http://pbs.twimg.com/profile_background_images/378800000089862470/7aa9f896147a89917aa047e30ab6ebc2.jpeg",
                "profile_image_url_https": "https://pbs.twimg.com/profile_images/761954996808286209/S15RXwx6_normal.jpg",
                "utc_offset": -18000,
                "protected": false,
                "followers_count": 2832603,
                "screen_name": "USATODAY",
                "profile_use_background_image": false,
                "profile_text_color": "000000",
                "id": 15754281,
                "is_translator": false,
                "description": "The latest news and most interesting stories from USA TODAY. News that's meant to be shared.",
                "following": false,
                "is_translation_enabled": false,
                "verified": true,
                "id_str": "15754281",
                "listed_count": 30002,
                "default_profile_image": false,
                "name": "USA TODAY",
                "profile_background_color": "0092D0",
                "follow_request_sent": false,
                "profile_sidebar_border_color": "FFFFFF",
                "time_zone": "Eastern Time (US & Canada)",
                "favourites_count": 1715,
                "profile_banner_url": "https://pbs.twimg.com/profile_banners/15754281/1453833768",
                "lang": "en",
                "profile_link_color": "0000FF"
            },
            "lang": "en",
            "text": "Trump attacks Clinton team over Wisconsin recount request https://t.co/SrrbtHnk9d https://t.co/ver5AVe1TM",
            "is_quote_status": false,
            "id": 802897667827245056,
            "retweeted": false,
            "id_str": "802897667827245056",
            "in_reply_to_user_id_str": null,
            "favorited": false,
            "extended_entities": {
                "media": [
                    {
                        "indices": [
                            82,
                            105
                        ],
                        "id": 802897664257818624,
                        "media_url": "http://pbs.twimg.com/media/CyR3K_UUAAALmRn.jpg",
                        "media_url_https": "https://pbs.twimg.com/media/CyR3K_UUAAALmRn.jpg",
                        "url": "https://t.co/ver5AVe1TM",
                        "sizes": {
                            "small": {
                                "resize": "fit",
                                "w": 680,
                                "h": 357
                            },
                            "medium": {
                                "resize": "fit",
                                "w": 1200,
                                "h": 630
                            },
                            "large": {
                                "resize": "fit",
                                "w": 1200,
                                "h": 630
                            },
                            "thumb": {
                                "resize": "crop",
                                "w": 150,
                                "h": 150
                            }
                        },
                        "type": "photo",
                        "id_str": "802897664257818624",
                        "expanded_url": "https://twitter.com/USATODAY/status/802897667827245056/photo/1",
                        "display_url": "pic.twitter.com/ver5AVe1TM"
                    }
                ]
            },
            "in_reply_to_user_id": null,
            "in_reply_to_screen_name": null,
            "in_reply_to_status_id": null,
            "in_reply_to_status_id_str": null,
            "metadata": {
                "iso_language_code": "en",
                "result_type": "recent"
            },
            "favorite_count": 76,
            "contributors": null
        },
        {
            "entities": {
                "urls": [],
                "user_mentions": [
                    {
                        "name": "Linda Dono",
                        "indices": [
                            3,
                            13
                        ],
                        "id": 292213945,
                        "id_str": "292213945",
                        "screen_name": "LindaDono"
                    },
                    {
                        "name": "varvel",
                        "indices": [
                            115,
                            122
                        ],
                        "id": 17346120,
                        "id_str": "17346120",
                        "screen_name": "varvel"
                    }
                ],
                "hashtags": [
                    {
                        "indices": [
                            21,
                            36
                        ],
                        "text": "HillaryClinton"
                    }
                ],
                "symbols": []
            },
            "place": null,
            "coordinates": null,
            "truncated": false,
            "retweeted_status": {
                "entities": {
                    "urls": [
                        {
                            "url": "https://t.co/uFwmlfRJxl",
                            "indices": [
                                115,
                                138
                            ],
                            "expanded_url": "https://twitter.com/i/web/status/802872220150284288",
                            "display_url": "twitter.com/i/web/status/8\u2026"
                        }
                    ],
                    "user_mentions": [
                        {
                            "name": "varvel",
                            "indices": [
                                100,
                                107
                            ],
                            "id": 17346120,
                            "id_str": "17346120",
                            "screen_name": "varvel"
                        }
                    ],
                    "hashtags": [
                        {
                            "indices": [
                                6,
                                21
                            ],
                            "text": "HillaryClinton"
                        }
                    ],
                    "symbols": []
                },
                "possibly_sensitive": false,
                "place": null,
                "truncated": true,
                "coordinates": null,
                "geo": null,
                "source": "<a href=\"https://about.twitter.com/products/tweetdeck\" rel=\"nofollow\">TweetDeck</a>",
                "created_at": "Sun Nov 27 13:50:28 +0000 2016",
                "user": {
                    "entities": {
                        "url": {
                            "urls": [
                                {
                                    "url": "http://t.co/MJDILSSGWL",
                                    "indices": [
                                        0,
                                        22
                                    ],
                                    "expanded_url": "http://www.usatoday.com",
                                    "display_url": "usatoday.com"
                                }
                            ]
                        },
                        "description": {
                            "urls": [
                                {
                                    "url": "https://t.co/ESSJvZj8Hq",
                                    "indices": [
                                        25,
                                        48
                                    ],
                                    "expanded_url": "http://usatoday.com",
                                    "display_url": "usatoday.com"
                                }
                            ]
                        }
                    },
                    "profile_background_tile": false,
                    "friends_count": 194,
                    "statuses_count": 3205,
                    "location": "suburban Washington, D.C.",
                    "notifications": false,
                    "url": "http://t.co/MJDILSSGWL",
                    "translator_type": "regular",
                    "default_profile": true,
                    "profile_image_url": "http://pbs.twimg.com/profile_images/3700867329/e56e2555957e9229a12c2735d7db3651_normal.jpeg",
                    "geo_enabled": false,
                    "profile_sidebar_fill_color": "DDEEF6",
                    "contributors_enabled": false,
                    "created_at": "Tue May 03 08:53:31 +0000 2011",
                    "profile_background_image_url_https": "https://abs.twimg.com/images/themes/theme1/bg.png",
                    "has_extended_profile": false,
                    "profile_background_image_url": "http://abs.twimg.com/images/themes/theme1/bg.png",
                    "profile_image_url_https": "https://pbs.twimg.com/profile_images/3700867329/e56e2555957e9229a12c2735d7db3651_normal.jpeg",
                    "utc_offset": null,
                    "protected": false,
                    "followers_count": 2724,
                    "screen_name": "LindaDono",
                    "profile_use_background_image": true,
                    "profile_text_color": "333333",
                    "id": 292213945,
                    "is_translator": false,
                    "description": "I share great stories on https://t.co/ESSJvZj8Hq from Gannett newspaper & TV reporters. I also have an affection for editorial cartoons and rescued dogs & cats.",
                    "following": false,
                    "is_translation_enabled": false,
                    "verified": false,
                    "id_str": "292213945",
                    "listed_count": 61,
                    "default_profile_image": false,
                    "name": "Linda Dono",
                    "profile_background_color": "C0DEED",
                    "follow_request_sent": false,
                    "profile_sidebar_border_color": "C0DEED",
                    "time_zone": null,
                    "favourites_count": 20,
                    "profile_banner_url": "https://pbs.twimg.com/profile_banners/292213945/1378154673",
                    "lang": "en",
                    "profile_link_color": "1DA1F2"
                },
                "lang": "en",
                "text": "Since #HillaryClinton won't be president, do foreign govts. want Clinton Foundation donations back? @varvel asks,\u2026 https://t.co/uFwmlfRJxl",
                "is_quote_status": false,
                "id": 802872220150284288,
                "retweeted": false,
                "id_str": "802872220150284288",
                "in_reply_to_user_id_str": null,
                "favorited": false,
                "retweet_count": 69,
                "in_reply_to_user_id": null,
                "in_reply_to_screen_name": null,
                "in_reply_to_status_id": null,
                "in_reply_to_status_id_str": null,
                "metadata": {
                    "iso_language_code": "en",
                    "result_type": "recent"
                },
                "favorite_count": 92,
                "contributors": null
            },
            "geo": null,
            "source": "<a href=\"https://about.twitter.com/products/tweetdeck\" rel=\"nofollow\">TweetDeck</a>",
            "created_at": "Sun Nov 27 14:03:22 +0000 2016",
            "user": {
                "entities": {
                    "url": {
                        "urls": [
                            {
                                "url": "http://t.co/7xDl0vVHSt",
                                "indices": [
                                    0,
                                    22
                                ],
                                "expanded_url": "http://www.usatoday.com",
                                "display_url": "usatoday.com"
                            }
                        ]
                    },
                    "description": {
                        "urls": []
                    }
                },
                "profile_background_tile": false,
                "friends_count": 933,
                "statuses_count": 185164,
                "location": "USA TODAY HQ, McLean, Va.",
                "notifications": false,
                "url": "http://t.co/7xDl0vVHSt",
                "translator_type": "regular",
                "default_profile": false,
                "profile_image_url": "http://pbs.twimg.com/profile_images/761954996808286209/S15RXwx6_normal.jpg",
                "geo_enabled": false,
                "profile_sidebar_fill_color": "FFFFFF",
                "contributors_enabled": false,
                "created_at": "Wed Aug 06 19:55:31 +0000 2008",
                "profile_background_image_url_https": "https://pbs.twimg.com/profile_background_images/378800000089862470/7aa9f896147a89917aa047e30ab6ebc2.jpeg",
                "has_extended_profile": false,
                "profile_background_image_url": "http://pbs.twimg.com/profile_background_images/378800000089862470/7aa9f896147a89917aa047e30ab6ebc2.jpeg",
                "profile_image_url_https": "https://pbs.twimg.com/profile_images/761954996808286209/S15RXwx6_normal.jpg",
                "utc_offset": -18000,
                "protected": false,
                "followers_count": 2832603,
                "screen_name": "USATODAY",
                "profile_use_background_image": false,
                "profile_text_color": "000000",
                "id": 15754281,
                "is_translator": false,
                "description": "The latest news and most interesting stories from USA TODAY. News that's meant to be shared.",
                "following": false,
                "is_translation_enabled": false,
                "verified": true,
                "id_str": "15754281",
                "listed_count": 30002,
                "default_profile_image": false,
                "name": "USA TODAY",
                "profile_background_color": "0092D0",
                "follow_request_sent": false,
                "profile_sidebar_border_color": "FFFFFF",
                "time_zone": "Eastern Time (US & Canada)",
                "favourites_count": 1715,
                "profile_banner_url": "https://pbs.twimg.com/profile_banners/15754281/1453833768",
                "lang": "en",
                "profile_link_color": "0000FF"
            },
            "lang": "en",
            "text": "RT @LindaDono: Since #HillaryClinton won't be president, do foreign govts. want Clinton Foundation donations back? @varvel asks, https://t.\u2026",
            "is_quote_status": false,
            "id": 802875465249804288,
            "retweeted": false,
            "id_str": "802875465249804288",
            "in_reply_to_user_id_str": null,
            "favorited": false,
            "retweet_count": 69,
            "in_reply_to_user_id": null,
            "in_reply_to_screen_name": null,
            "in_reply_to_status_id": null,
            "in_reply_to_status_id_str": null,
            "metadata": {
                "iso_language_code": "en",
                "result_type": "recent"
            },
            "favorite_count": 0,
            "contributors": null
        }
    ]
}