{
    "search_metadata": {
        "since_id_str": "0",
        "refresh_url": "?since_id=803461563386466304&q=Hillary%20OR%20Clinton%20from%3AWiStateJournal%20since%3A2016-11-27%20until%3A2016-11-28%20filter%3Alinks%20-%40WiStateJournal&include_entities=1",
        "query": "Hillary+OR+Clinton+from%3AWiStateJournal+since%3A2016-11-27+until%3A2016-11-28+filter%3Alinks+-%40WiStateJournal",
        "max_id_str": "803461563386466304",
        "max_id": 803461563386466304,
        "since_id": 0,
        "count": 100,
        "completed_in": 0.015
    },
    "statuses": []
}