{
    "search_metadata": {
        "since_id_str": "0",
        "refresh_url": "?since_id=802680824663412736&q=Hillary%20OR%20Clinton%20from%3AWSJ%20since%3A2016-11-27%20until%3A2016-11-28%20filter%3Alinks%20-%40WSJ&include_entities=1",
        "query": "Hillary+OR+Clinton+from%3AWSJ+since%3A2016-11-27+until%3A2016-11-28+filter%3Alinks+-%40WSJ",
        "max_id_str": "802680824663412736",
        "max_id": 802680824663412736,
        "since_id": 0,
        "count": 100,
        "completed_in": 0.046
    },
    "statuses": [
        {
            "entities": {
                "urls": [
                    {
                        "url": "https://t.co/a9khSedaOT",
                        "indices": [
                            79,
                            102
                        ],
                        "expanded_url": "http://on.wsj.com/2gtu9nT",
                        "display_url": "on.wsj.com/2gtu9nT"
                    }
                ],
                "user_mentions": [],
                "hashtags": [],
                "symbols": []
            },
            "possibly_sensitive": false,
            "place": null,
            "truncated": false,
            "coordinates": null,
            "geo": null,
            "source": "<a href=\"http://www.socialflow.com\" rel=\"nofollow\">SocialFlow</a>",
            "created_at": "Sun Nov 27 01:09:56 +0000 2016",
            "user": {
                "entities": {
                    "url": {
                        "urls": [
                            {
                                "url": "https://t.co/GhhR6PLfem",
                                "indices": [
                                    0,
                                    23
                                ],
                                "expanded_url": "http://wsj.com",
                                "display_url": "wsj.com"
                            }
                        ]
                    },
                    "description": {
                        "urls": []
                    }
                },
                "profile_background_tile": false,
                "friends_count": 1075,
                "statuses_count": 180071,
                "location": "New York, NY",
                "notifications": false,
                "url": "https://t.co/GhhR6PLfem",
                "translator_type": "regular",
                "default_profile": false,
                "profile_image_url": "http://pbs.twimg.com/profile_images/685113343204585473/jV72Zljq_normal.jpg",
                "geo_enabled": true,
                "profile_sidebar_fill_color": "EFEFEF",
                "contributors_enabled": false,
                "created_at": "Sun Apr 01 06:22:13 +0000 2007",
                "profile_background_image_url_https": "https://pbs.twimg.com/profile_background_images/378800000026078008/c07ad7d60f01c3a836dd701fc3f71233.jpeg",
                "has_extended_profile": false,
                "profile_background_image_url": "http://pbs.twimg.com/profile_background_images/378800000026078008/c07ad7d60f01c3a836dd701fc3f71233.jpeg",
                "profile_image_url_https": "https://pbs.twimg.com/profile_images/685113343204585473/jV72Zljq_normal.jpg",
                "utc_offset": -18000,
                "protected": false,
                "followers_count": 12296629,
                "screen_name": "WSJ",
                "profile_use_background_image": false,
                "profile_text_color": "333333",
                "id": 3108351,
                "is_translator": false,
                "description": "Breaking news and features from the WSJ.",
                "following": true,
                "is_translation_enabled": true,
                "verified": true,
                "id_str": "3108351",
                "listed_count": 102425,
                "default_profile_image": false,
                "name": "Wall Street Journal",
                "profile_background_color": "EDF2F5",
                "follow_request_sent": false,
                "profile_sidebar_border_color": "FFFFFF",
                "time_zone": "Eastern Time (US & Canada)",
                "favourites_count": 1299,
                "profile_banner_url": "https://pbs.twimg.com/profile_banners/3108351/1462483236",
                "lang": "en",
                "profile_link_color": "1164B8"
            },
            "lang": "en",
            "text": "Clinton campaign plans to participate in recount effort launched by Jill Stein https://t.co/a9khSedaOT",
            "is_quote_status": false,
            "id": 802680824663412736,
            "retweeted": false,
            "id_str": "802680824663412736",
            "in_reply_to_user_id_str": null,
            "favorited": false,
            "retweet_count": 149,
            "in_reply_to_user_id": null,
            "in_reply_to_screen_name": null,
            "in_reply_to_status_id": null,
            "in_reply_to_status_id_str": null,
            "metadata": {
                "iso_language_code": "en",
                "result_type": "recent"
            },
            "favorite_count": 264,
            "contributors": null
        }
    ]
}